p_val,avg_log2FC,pct.1,pct.2,p_val_adj,cluster,gene
3.947573258809072e-159,4.512974255621094,0.994,0.269,1.4448512884567084e-154,0,VCAN
4.794082836266331e-155,3.8144641481341273,0.995,0.16,1.7546822589018398e-150,0,PLXDC2
2.0843904645544173e-145,4.479815802887862,0.901,0.057,7.629077539315623e-141,0,CSF3R
2.0543555492952354e-143,2.324201648215692,1,0.819,7.519146745975491e-139,0,NEAT1
5.583145594427291e-143,3.8878105689401323,0.968,0.117,2.0434871190163326e-138,0,LRMDA
4.484119644928037e-139,3.5627016119727206,0.988,0.343,1.641232631240111e-134,0,NAMPT
9.594010521574811e-139,2.4545300458067034,0.998,0.567,3.5115037910015967e-134,0,ARHGAP26
1.8101102030505225e-136,3.4548504065666608,0.939,0.126,6.625184354185217e-132,0,DMXL2
2.249305213920801e-135,3.5902374895601206,0.946,0.112,8.232682013471523e-131,0,IRAK3
2.6847495543722743e-135,3.9869295816445134,0.929,0.165,9.826451843957961e-131,0,ACSL1
3.2216054850297422e-133,3.787488463978688,0.885,0.085,1.179139823575736e-128,0,CLEC7A
5.174299590881996e-133,3.843665015613798,0.899,0.086,1.8938453932587196e-128,0,WDFY3
1.0921106925604971e-132,3.392662738029813,0.916,0.134,3.9972343458406755e-128,0,FCN1
1.1771700952146246e-132,4.057501041905729,0.911,0.098,4.3085602654950475e-128,0,TLR2
6.000034233490591e-132,3.7577962621815395,0.914,0.107,2.196072529799891e-127,0,RBM47
9.850987818009558e-129,2.611342856580812,0.978,0.327,3.6055600512696782e-124,0,GAB2
4.981755820607671e-127,1.895498279925162,0.999,0.843,1.8233724479006135e-122,0,DPYD
2.0585282764227877e-126,3.0454412155581503,0.953,0.128,7.534419344535046e-122,0,SLC8A1
2.975069609982598e-124,2.285614866429648,0.992,0.54,1.0889052279497307e-119,0,QKI
8.675936626131282e-123,2.907500122786216,0.947,0.277,3.1754795645303105e-118,0,PTPRE
4.468873609476861e-120,3.829255074695703,0.815,0.07,1.635652429804626e-115,0,SLC11A1
2.967297608977442e-116,3.262139238312476,0.849,0.124,1.0860605978618335e-111,0,KYNU
3.130377325417792e-116,2.506045090168315,0.955,0.246,1.1457494048761661e-111,0,SYK
5.382167998168801e-116,3.2165075928895814,0.871,0.145,1.9699273090097628e-111,0,LRRK2
7.489087292227485e-116,2.6579754838275274,0.959,0.36,2.741080839828182e-111,0,SAT1
6.285277427796735e-114,2.7254570294457223,0.927,0.213,2.300474391347883e-109,0,RNF130
7.663229624543647e-113,3.1520357479718353,0.902,0.121,2.8048186748792202e-108,0,MCTP1
3.633853352717552e-111,2.8641575083773727,0.893,0.175,1.3300266656281513e-106,0,CYBB
8.55856863790776e-111,2.608001177088899,0.908,0.205,3.1325217071606197e-106,0,FAM49A
7.95167629210704e-110,4.217039413970352,0.794,0.083,2.9103930396740977e-105,0,CD36
1.403802169728316e-107,2.055058424867884,0.987,0.632,5.13805632142261e-103,0,SRGN
2.6814489811240126e-107,3.1673297514062533,0.79,0.116,9.814371415812e-103,0,KIF13A
4.905122548388689e-106,2.2454437718213556,0.973,0.452,1.795323903935744e-101,0,ZSWIM6
7.384032626119848e-106,2.661403828365457,0.905,0.17,2.7026297814861255e-101,0,TBXAS1
3.3786619800511797e-105,2.3216221518672473,0.948,0.355,1.2366240713185323e-100,0,NUMB
3.8558652247013355e-105,3.32773695046458,0.816,0.091,1.4112852308929358e-100,0,FGD4
8.044534391738514e-104,2.695593016626065,0.832,0.152,2.9443800327202135e-99,0,RAB31
1.3984359669804134e-103,2.194676558947239,0.924,0.21,5.118415482745011e-99,0,GRK3
1.7408098632513978e-103,2.503291622298848,0.879,0.171,6.371538180486441e-99,0,EVI5
3.0585689726635606e-103,3.044882883837012,0.85,0.134,1.1194668296845898e-98,0,MAML3
6.622590487620553e-103,3.172588591065566,0.837,0.107,2.4239343443739986e-98,0,EMILIN2
2.80205310424021e-102,2.030476308610149,0.972,0.539,1.0255794566829593e-97,0,VMP1
3.3457929682538276e-102,4.582748544202741,0.719,0.043,1.2245936843105834e-97,0,CREB5
6.167685270844922e-100,2.0666995926995773,0.995,0.545,2.2574344859819497e-95,0,ZEB2
7.058527923885703e-97,1.5750671596090462,0.995,0.77,2.5834918054214064e-92,0,PICALM
1.674001865980316e-96,2.581883656664145,0.844,0.21,6.127014229674554e-92,0,C9orf72
9.580211035613021e-95,1.9923225202359238,0.959,0.386,3.506453041144722e-90,0,SBF2
5.348599112834474e-94,3.107303983225459,0.73,0.104,1.9576407612885457e-89,0,NCF2
6.201096329844988e-94,3.9876849956774043,0.745,0.071,2.269663267686564e-89,0,TMEM170B
1.150137831462729e-93,3.84554440556426,0.648,0.05,4.2096194769367346e-89,0,TNFAIP2
3.800384266887963e-93,2.3016260190377498,0.875,0.151,1.3909786455236634e-88,0,DOCK5
1.0530573025621634e-92,2.117000919998236,0.969,0.618,3.8542950331077745e-88,0,HIF1A
2.9123272071290148e-92,3.449707271828804,0.691,0.08,1.0659408810812907e-87,0,CLEC12A
5.638539618952831e-92,2.8516625799145765,0.826,0.143,2.063761885932926e-87,0,GAS7
1.2467082540582057e-91,2.8934498669247235,0.921,0.412,4.563076880678438e-87,0,LYZ
1.1460804697855472e-90,4.308197497944818,0.689,0.039,4.194769127462082e-86,0,GLT1D1
1.4043845700693091e-89,2.768483310874184,0.81,0.223,5.1401879649106783e-85,0,ADAMTSL4-AS1
3.926206160939313e-89,2.3845547096209216,0.873,0.265,1.437030716965398e-84,0,APLP2
5.6353051932927295e-89,2.843501527164186,0.752,0.11,2.062578053797072e-84,0,HCK
7.923612733163592e-89,3.0622888967187696,0.739,0.111,2.9001214964652065e-84,0,ENTPD1
1.5603736124812653e-88,2.016866226672395,0.892,0.232,5.711123459042679e-84,0,MARCH1
1.0347107726828228e-87,2.641913640560443,0.968,0.529,3.7871448990963995e-83,0,JARID2
2.018971843951543e-87,2.031574948853683,0.964,0.475,7.389638846047043e-83,0,TET2
2.2379540550570045e-87,4.120564518043128,0.602,0.042,8.191135636914142e-83,0,NLRP3
5.443568622064611e-87,2.018557036342883,0.938,0.433,1.9924005513618685e-82,0,DENND1A
1.4643184065799496e-86,3.0531321283920385,0.698,0.105,5.359551799923274e-82,0,RNF144B
1.899707705205319e-86,2.0254021009097416,0.918,0.4,6.953120171821988e-82,0,PSAP
7.681741992244986e-86,2.84145893098228,0.818,0.186,2.8115943865815873e-81,0,FOS
3.125854635561358e-85,4.014637255034233,0.683,0.073,1.1440940551618127e-80,0,PID1
8.298142382902264e-85,1.7743212036600278,0.944,0.563,3.037203093566058e-80,0,CTSS
1.0506242872833538e-84,2.592318627418325,0.789,0.156,3.8453899538858034e-80,0,TYMP
2.362287902490941e-84,2.2590499125114443,0.823,0.206,8.646209951907094e-80,0,CCDC88A
8.015245289636678e-84,2.439053801986971,0.787,0.159,2.93365992845992e-79,0,SULF2
4.229710968711039e-83,2.9830079638249023,0.68,0.106,1.5481165116579274e-78,0,PLSCR1
7.783750919411663e-81,1.4897229773959868,0.989,0.709,2.8489306740138624e-76,0,LRRFIP1
2.740685669137525e-80,1.735496263429267,0.944,0.528,1.0031183617610256e-75,0,FTH1
5.590451785541254e-80,4.021226501941964,0.629,0.057,2.0461612580259545e-75,0,PLAUR
6.751615587182735e-80,1.8870235694070616,0.821,0.209,2.471158821064753e-75,0,MEF2C
1.3771917019913525e-79,3.3922963657796483,0.651,0.067,5.04065934845855e-75,0,LRP1
1.9012924597874776e-79,1.684655267404502,0.966,0.534,6.958920532068146e-75,0,ETV6
1.4046718753615461e-78,2.2216416697194985,0.808,0.191,5.141239531010795e-74,0,SESTD1
7.082324908930093e-78,2.312448659718451,0.788,0.209,2.5922017399175034e-73,0,IFNGR2
1.0107117442029785e-77,1.2730654892958753,0.996,0.805,3.699306054957322e-73,0,MED13L
4.497469645771696e-77,2.0258080165658434,0.84,0.28,1.6461188650488985e-72,0,DUSP1
8.76222858849945e-77,2.8093769000086644,0.731,0.132,3.207063285676683e-72,0,STX11
1.865865974444813e-76,1.5809320836437526,0.964,0.482,6.82925605306546e-72,0,GNAQ
1.998209468988576e-76,2.5980967066113783,0.732,0.135,7.313646477445086e-72,0,FGR
5.2018773737777346e-76,2.6693380075146136,0.798,0.274,1.9039391375763886e-71,0,AHR
7.364504661065713e-76,2.3148528051445707,0.973,0.635,2.6954823509966615e-71,0,ATP2B1
1.1775170257559795e-75,3.7910936464355323,0.597,0.045,4.3098300659694606e-71,0,CSF2RA
2.135584272513641e-75,1.2543254859737463,0.993,0.417,7.816451995827177e-71,0,LYN
4.2842291301298186e-75,2.540480498299303,0.749,0.162,1.5680707039188148e-70,0,CPNE8
4.887621275629022e-75,1.6907773805608615,0.934,0.406,1.7889182630929785e-70,0,MYO1F
6.628728270657128e-75,1.2385466796887887,0.987,0.786,2.4261808343432154e-70,0,DOCK8
1.0040033272282047e-74,1.9970284375471086,0.861,0.308,3.674752577987952e-70,0,PLCB1
1.5928450359700651e-74,2.6436778009473083,0.674,0.125,5.829972116154036e-70,0,MICAL2
3.588694887915646e-74,1.9717451848180438,0.897,0.419,1.3134982159260057e-69,0,FBXL5
3.7984727828444595e-74,3.6598870004737876,0.542,0.049,1.3902790232489007e-69,0,CLMN
1.5968718092277127e-73,2.7222985668482726,0.694,0.098,5.844710508954352e-69,0,SPI1
2.160679638684854e-72,2.28453969427265,0.786,0.234,7.908303545550434e-68,0,IL17RA
4.1271912910732616e-72,3.1769982651700897,0.638,0.071,1.5105932844457243e-67,0,ADGRE2
6.758270979958383e-72,2.6003371704868155,0.743,0.181,2.473594761374568e-67,0,MIR181A1HG
8.728909251160544e-72,2.1275159774484322,0.8,0.266,3.194868075017271e-67,0,SPTLC2
1.2823866278985943e-71,2.6075262036242566,0.743,0.196,4.693663296771645e-67,0,MXD1
1.3465778523722577e-71,4.023174444417672,0.618,0.047,4.9286095974677005e-67,0,RIN2
3.210579674806179e-71,1.6084126189053418,0.953,0.512,1.1751042667758095e-66,0,MEF2A
4.737825463591906e-71,2.165495179707871,0.784,0.216,1.7340914979292734e-66,0,DENND5A
5.980863722718533e-71,2.4333649656979004,0.682,0.134,2.1890559311522103e-66,0,STK3
7.389669363467916e-71,3.1560946601902864,0.666,0.083,2.704692883722892e-66,0,TNS3
1.822702897243365e-70,1.6215444763312261,0.961,0.547,6.67127487420044e-66,0,FNDC3B
2.932453909060138e-70,2.936242633959174,0.625,0.101,1.0733074552551012e-65,0,CEBPD
3.1026459651591367e-69,1.999144026742602,0.85,0.336,1.1355994497078956e-64,0,FOXO3
5.317151557966706e-69,2.5305097795011253,0.687,0.133,1.946130641731394e-64,0,CPPED1
9.865257727484033e-69,1.5963846844185008,0.872,0.275,3.610782980836431e-64,0,UBE2E2
2.2788861386113843e-68,2.388895717015525,0.658,0.136,8.340951155931527e-64,0,IL15
6.3303056454028336e-68,1.7019375377098223,0.833,0.316,2.316955169273891e-63,0,MANBA
6.382162397230011e-68,2.572691624550968,0.676,0.143,2.3359352590101563e-63,0,MNDA
7.049749162759495e-68,2.7929933361913455,0.689,0.123,2.580278691061603e-63,0,SLC43A2
1.8428273770487653e-67,2.3549080801456843,0.745,0.216,6.744932482736186e-63,0,PLEK
2.2171195652092135e-67,2.2951038169234668,0.646,0.142,8.114879320622242e-63,0,ZMIZ1
2.3807247529203346e-67,1.8807427955502953,0.903,0.375,8.713690668163717e-63,0,PRKAG2
3.263213192493821e-67,1.8434855692264145,0.92,0.458,1.1943686605846635e-62,0,ATG7
5.89157052881785e-67,1.3296430025408368,0.983,0.783,2.1563737292526214e-62,0,STK17B
1.0207307293170074e-66,1.2851156532222845,0.967,0.638,3.735976542373179e-62,0,ACAP2
4.850592580396034e-66,2.2123805347149283,0.786,0.243,1.7753653903507525e-61,0,CEP170
1.1885161477588818e-65,1.7485734789901606,0.921,0.437,4.350087952412283e-61,0,CUX1
1.1931404854477898e-65,5.165539686887123,0.494,0.016,4.367013490787455e-61,0,VCAN-AS1
4.489764388428975e-65,1.808866874578899,0.908,0.485,1.6432986638088893e-60,0,AGFG1
3.064801546259072e-64,2.9974626505066895,0.639,0.089,1.121748013946283e-59,0,MAP3K20
3.506506635692072e-64,2.944363692332563,0.633,0.078,1.2834164937296554e-59,0,CD86
4.041215605986506e-64,3.3342454333525726,0.557,0.054,1.4791253239471213e-59,0,RTN1
9.356142082878487e-64,4.228008192314882,0.521,0.028,3.424441563754355e-59,0,SIRPA
1.6026452572394384e-63,1.7486573343273362,0.799,0.275,5.865841906022069e-59,0,NOTCH2
3.697827832495797e-63,1.7891012201179735,0.852,0.398,1.3534419649717868e-58,0,MCL1
5.271151887199706e-63,2.303231545998891,0.634,0.14,1.929294302233964e-58,0,JAML
5.530773066573047e-63,4.169817082138808,0.49,0.031,2.024318250096401e-58,0,SGMS2
6.385328195701542e-63,2.476933600633681,0.635,0.112,2.337093972908721e-58,0,IFI30
7.464480361930758e-63,1.4868613712978784,0.966,0.483,2.7320744572702766e-58,0,AOAH
8.044887547496264e-63,2.7943953359979217,0.616,0.099,2.9445092912591076e-58,0,CPVL
1.4464235366961289e-62,3.855781488298219,0.524,0.04,5.294054786661501e-58,0,CD300E
2.5292251661473566e-62,4.434077770367315,0.484,0.027,9.25721703061594e-58,0,AQP9
5.41778382895632e-62,2.474716889901031,0.63,0.113,1.9829630592363025e-57,0,ITGAX
6.413510586913089e-62,3.738108334061976,0.581,0.053,2.3474090099160598e-57,0,MS4A6A
1.1691114125460458e-61,2.1703087544950943,0.711,0.197,4.279064681059782e-57,0,AC022217.3
1.302304108194754e-61,2.5336669445592923,0.631,0.131,4.766563266403619e-57,0,RNF24
1.628847263314109e-61,1.7816457302735489,0.803,0.347,5.96174386845597e-57,0,BAZ2B
1.8515505573508002e-61,1.6092357975327503,0.787,0.265,6.776860194959664e-57,0,COTL1
2.6637408552567314e-61,2.4391623936427953,0.687,0.181,9.749557904325163e-57,0,AP003086.1
3.52402340921691e-61,2.426635978142369,0.703,0.183,1.2898278080074812e-56,0,CD58
4.097290130064779e-61,1.8212170312105032,0.693,0.214,1.4996491605050098e-56,0,PLXNC1
4.2975410274241e-61,2.680667701849618,0.612,0.106,1.5729429914474946e-56,0,ZFHX3
4.6858865640960466e-61,4.551073670145377,0.471,0.026,1.715081341324794e-56,0,ANPEP
4.7067689957874926e-61,2.4983650194808398,0.635,0.125,1.7227245201481802e-56,0,RASSF2
5.6769785004974516e-61,1.7170045551600273,0.886,0.439,2.0778309009670724e-56,0,TRPS1
6.263411081388619e-61,2.112863838143306,0.77,0.264,2.2924710898990486e-56,0,CPEB4
9.030816789491428e-61,2.5533498900625142,0.583,0.092,3.3053692531217574e-56,0,CHST15
1.2967006530821875e-60,1.499496319548762,0.787,0.294,4.746054060346115e-56,0,FRY
1.9482174311909343e-60,1.7630726939024572,0.738,0.256,7.130670619901938e-56,0,TET3
2.155378043838431e-60,1.4594199006142123,0.964,0.546,7.888899178253041e-56,0,SLCO3A1
4.411760685256609e-60,2.5326859249364797,0.687,0.17,1.6147485284107715e-55,0,TMTC2
7.704373808365618e-60,2.2497982120272475,0.699,0.179,2.8198778575998998e-55,0,TOM1
8.851649883144008e-60,2.5847558646643023,0.607,0.119,3.2397923737295387e-55,0,TNFSF13B
1.426157698522054e-59,2.688602685364335,0.617,0.107,5.21987979236057e-55,0,SLC22A15
2.0868681671519323e-59,3.4252848571121985,0.566,0.062,7.638146178592788e-55,0,ETS2
2.8039020225773494e-59,1.3904351787018077,0.935,0.57,1.0262561792835356e-54,0,DIAPH2
4.484054223505976e-59,2.5339047603073026,0.639,0.163,1.6412086863454225e-54,0,RGS2
1.1466287969900362e-58,1.8251724932599174,0.858,0.4,4.196776059863231e-54,0,PTK2B
1.1520907832131359e-58,1.8690196365632041,0.813,0.269,4.2167674756383984e-54,0,ATP11A
1.504320634426044e-58,1.460178812230253,0.84,0.403,5.505963954062764e-54,0,WDFY2
1.513891884649879e-58,1.6284221064021247,0.9,0.46,5.540995687007022e-54,0,CSGALNACT2
2.721864861416517e-58,4.248468440942709,0.507,0.045,9.962297579270594e-54,0,DOCK4
3.0697674575912526e-58,0.9841622575317972,0.991,0.834,1.1235655871529743e-53,0,ZFAND3
3.40627973343506e-58,3.6094835101836455,0.516,0.046,1.2467324452345665e-53,0,SHTN1
5.330059940351945e-57,1.8475442800288646,0.816,0.289,1.9508552387682152e-52,0,IFNGR1
5.946414896284844e-57,1.8114125658944509,0.836,0.328,2.176447316189216e-52,0,H2AFY
6.428284528402696e-57,2.2045851114041124,0.719,0.178,2.3528164202406707e-52,0,ASAH1
8.494181058638403e-57,2.692178734637774,0.637,0.121,3.108955209272242e-52,0,BCL6
1.1603075530522667e-56,1.4851950390379673,0.924,0.467,4.246841674926601e-52,0,BACH1
1.1774138464670155e-56,4.677747284977525,0.429,0.016,4.309452419453923e-52,0,FCAR
1.897938501184585e-56,2.257880694564361,0.587,0.142,6.9466447081857e-52,0,RILPL2
2.421291481492702e-56,2.068333315223565,0.81,0.356,8.86216895141144e-52,0,SAMSN1
4.919103560038412e-56,2.5576712429567787,0.592,0.124,1.8004410940096594e-51,0,TLE3
5.091123240271865e-56,1.6075367255997417,0.912,0.477,1.8634020171719053e-51,0,ASAP1
6.229571939100394e-56,2.615419550025433,0.531,0.084,2.280085625430135e-51,0,MPEG1
7.334917186035859e-56,0.9809582744067677,0.968,0.631,2.6846530392609845e-51,0,SIPA1L1
3.030188767937066e-55,2.5622460923190267,0.642,0.161,1.1090793909526456e-50,0,RIPK2
4.729086100068776e-55,3.0801354547727087,0.535,0.088,1.7308928034861726e-50,0,FRMD4B
5.006059307955347e-55,3.329254209941341,0.594,0.087,1.8322677673047367e-50,0,ATP2B1-AS1
5.308407766598609e-55,2.508935646310337,0.573,0.074,1.942930326652757e-50,0,DAPK1
6.992972120681559e-55,1.8087416673791026,0.632,0.179,2.5594977258906574e-50,0,ZNF516
1.595415705168635e-54,1.1687494281605222,0.973,0.701,5.839381022487721e-50,0,AGTPBP1
1.6922201229256014e-54,2.094366524118932,0.726,0.219,6.193694871919993e-50,0,HDAC9
1.8020529846705453e-54,1.412411660871288,0.81,0.387,6.595694129192663e-50,0,HIPK3
2.6534366123142656e-54,1.8053432717916487,0.701,0.247,9.711843344731444e-50,0,SLC49A4
2.6620993812514895e-54,2.9058000378243642,0.553,0.074,9.743549945318577e-50,0,EPB41L3
3.895388633777115e-54,1.474838224537109,0.835,0.373,1.4257511938487618e-49,0,RBPJ
4.245379445389262e-54,1.574195557457182,0.803,0.298,1.5538513308069238e-49,0,TNFRSF1B
5.151545081345561e-54,1.5053327032173947,0.913,0.482,1.8855170152232887e-49,0,LYST
6.142661519635385e-54,2.758232958233915,0.581,0.107,2.248275542801747e-49,0,UBE2D1
1.1673040544238255e-53,2.0643787381038097,0.679,0.181,4.272449569596644e-49,0,ACER3
3.290978186996926e-53,1.1656880090404986,0.907,0.494,1.2045309262227448e-48,0,CMIP
3.97611506849955e-53,2.2614073420128795,0.6,0.144,1.4552978762215203e-48,0,AP1S2
4.102758900366616e-53,2.6064277085859002,0.573,0.106,1.5016507851231853e-48,0,CORO1C
5.328527594259636e-53,2.0689522554796387,0.678,0.178,1.9502943847749695e-48,0,SRGAP2
6.683219762999224e-53,1.787814412562839,0.819,0.347,2.4461252654553462e-48,0,JAK2
7.6000557508355615e-53,2.38124153352882,0.576,0.138,2.7816964053633237e-48,0,SLC25A37
8.487160211684333e-53,2.9829758535624893,0.587,0.096,3.1063855090785824e-48,0,NFIL3
4.245482630708909e-52,1.4046697809909636,0.92,0.529,1.5538890976657678e-47,0,FAR1
1.2133358517004649e-51,3.212873917237018,0.506,0.067,4.440930550808872e-47,0,AC020656.1
1.656489850035634e-51,3.338502671646021,0.455,0.048,6.062918500115425e-47,0,AC020916.1
1.7719448829506957e-51,3.8866646988399784,0.433,0.033,6.485495466087842e-47,0,SIRPB2
2.3964798461558803e-51,1.5248953066143316,0.859,0.422,8.771355884915137e-47,0,IQSEC1
4.139700528954588e-51,4.517306440496885,0.485,0.019,1.5151717906026688e-46,0,TREM1
4.4079903905909084e-51,2.5327752470079226,0.538,0.113,1.6133685628601784e-46,0,RASGEF1B
8.992695030754905e-51,2.4092929732295385,0.551,0.103,3.291416308206603e-46,0,PILRA
1.9773986333680812e-50,3.316140683116707,0.422,0.043,7.237476737990514e-46,0,CD14
4.414325979509181e-50,2.9301295002294765,0.524,0.067,1.6156874517601555e-45,0,PRAM1
6.008894097425504e-50,2.6988545995752733,0.444,0.062,2.199315328598709e-45,0,LPCAT2
7.626512107272052e-50,3.5227610686378985,0.474,0.045,2.7913796963826437e-45,0,SLC24A4
2.0632583674872164e-49,3.2796943802185967,0.452,0.035,7.551731950839961e-45,0,TFEC
4.3273779401873316e-49,0.9326203741261523,0.988,0.865,1.5838635998879653e-44,0,USP15
7.687599107208382e-49,3.4303375706188293,0.453,0.043,2.81373814922934e-44,0,TLR4
9.760966595935619e-49,3.4239311078441172,0.43,0.043,3.5726113837783956e-44,0,SLC2A9
1.0941814802588681e-48,4.196389575101372,0.432,0.032,4.0048136358954834e-44,0,DYSF
4.41106123569546e-48,3.019579877376318,0.499,0.062,1.6144925228768953e-43,0,TIMP2
1.7694788550980726e-47,2.9426751954523755,0.562,0.089,6.4764695575444555e-43,0,GLUL
1.972629228275844e-47,2.0440786470143433,0.534,0.107,7.220020238412416e-43,0,ST6GALNAC3
2.3939820714642195e-47,1.5755988418459521,0.736,0.275,8.76221377976619e-43,0,USP32
2.4689909205702807e-47,1.8620323698524759,0.752,0.279,9.036753668379284e-43,0,MAP2K1
2.537356437495454e-47,3.734231129783181,0.428,0.031,9.286978296877112e-43,0,CD93
3.1975362892928e-47,1.3484434310696563,0.839,0.372,1.1703302572440577e-42,0,PELI2
3.362505047523943e-47,2.367436391775724,0.676,0.236,1.2307104724442383e-42,0,MEGF9
3.600548723309409e-47,1.663650414147099,0.782,0.308,1.3178368382184768e-42,0,DISC1
4.513177482837236e-47,3.4804700706219673,0.445,0.044,1.651868090493257e-42,0,FLVCR2
5.731392047651031e-47,1.8120030914727265,0.658,0.214,2.097746803360754e-42,0,SKAP2
7.177408176515069e-47,3.5920031503856253,0.413,0.034,2.6270031666862803e-42,0,OSCAR
8.123570696846855e-47,2.608397206572229,0.448,0.07,2.9733081107529176e-42,0,LRRK1
8.831176930214944e-47,1.1976887724429217,0.94,0.641,3.2322990682279716e-42,0,RNF149
8.949775019933694e-47,1.8966287061828835,0.636,0.169,3.2757071550459316e-42,0,DENND3
1.0505072430799357e-46,1.9286450772466348,0.668,0.197,3.844961560396873e-42,0,BMP2K
1.106516375900791e-46,4.629902301826116,0.403,0.015,4.049960587434485e-42,0,LINC00937
2.5121913151631073e-46,1.0582368403519138,0.983,0.803,9.194871432628489e-42,0,USP3
2.6030703265245156e-46,3.2046352787686874,0.44,0.061,9.52749770211238e-42,0,PLBD1
3.0434545302066558e-46,2.7622577336788092,0.511,0.087,1.113934792600938e-41,0,GCA
4.699093252589341e-46,3.8694462600422246,0.38,0.028,1.7199151213802246e-41,0,CCR1
5.459347534478643e-46,1.9373463209093953,0.57,0.143,1.9981757910945282e-41,0,IL6R
7.636944169085044e-46,3.333679335493448,0.507,0.064,2.795197935326817e-41,0,MAFB
8.512451885144453e-46,1.1603876972526108,0.943,0.599,3.1156425144817213e-41,0,MAP3K1
2.1416178098172426e-45,2.2961769661603864,0.533,0.118,7.83853534571209e-41,0,MFSD1
4.0821381210356383e-45,1.2494072312367817,0.846,0.444,1.494103373680254e-40,0,NT5C2
1.254215303810678e-44,1.808349095428488,0.788,0.343,4.590553433477463e-40,0,RABGEF1
1.2706316358685176e-44,3.710261281292458,0.487,0.05,4.6506388504423616e-40,0,JDP2
1.2857491583306525e-44,1.273858237845564,0.912,0.546,4.705970494406021e-40,0,SPIDR
1.458604510848202e-44,1.6913622381493036,0.731,0.263,5.338638370155504e-40,0,VSIR
1.6164812972285126e-44,1.723643330167089,0.775,0.298,5.916483195986079e-40,0,RCOR1
3.102606957140753e-44,4.662392037463947,0.364,0.016,1.135585172383087e-39,0,LIN7A
5.069778335557167e-44,1.8665098136103717,0.647,0.215,1.8555895685972787e-39,0,ANXA2
5.204809747260575e-44,3.488705053541123,0.381,0.033,1.905012415594843e-39,0,FPR1
5.989462836009016e-44,1.208153200829245,0.812,0.383,2.19220329260766e-39,0,RIN3
6.277612992555776e-44,1.3460419284265353,0.714,0.207,2.2976691314053396e-39,0,CTBP2
6.745157156513201e-44,1.7008231009082575,0.769,0.35,2.4687949708553964e-39,0,S100A9
9.041296080469842e-44,2.459072093066986,0.6,0.116,3.309204778412767e-39,0,ALOX5
9.34473606964955e-44,2.582707701477647,0.442,0.098,3.420266848852432e-39,0,IL1RAP
9.82514171962015e-44,3.8126320691821274,0.365,0.029,3.5961001207981714e-39,0,GASK1B
1.2346447103366912e-43,1.7662118514452194,0.584,0.176,4.5189231043033233e-39,0,IPMK
1.442655486610401e-43,2.1652616812159113,0.564,0.132,5.280263346542729e-39,0,GLIPR2
1.8079686560409106e-43,3.8173543278600075,0.38,0.027,6.617346077975337e-39,0,PTAFR
3.0425917861023254e-43,1.3298280420975077,0.922,0.532,1.1136190196313121e-38,0,GRB2
3.054835467233466e-43,0.794294058710695,0.746,0.262,1.1181003293621208e-38,0,TRIO
3.5603668222904897e-43,1.5938216778382555,0.872,0.463,1.3031298606265422e-38,0,MYO9B
4.266308385291302e-43,2.1569464240101675,0.533,0.126,1.5615115321004694e-38,0,NAIP
6.961531260023686e-43,3.1426035346159136,0.377,0.038,2.5479900564812694e-38,0,IL13RA1
1.0700859734540508e-42,2.9747584275183248,0.481,0.072,3.916621671439171e-38,0,QSOX1
1.1938336491602844e-42,1.5796260689143922,0.587,0.185,4.369550539291557e-38,0,KCNQ1
2.4822368689891168e-42,2.248223396388862,0.567,0.144,9.085235164187067e-38,0,CHSY1
5.834150178913358e-42,4.107850781756184,0.335,0.018,2.135357306984078e-37,0,SLC22A4
8.160948907129459e-42,0.5528794025830859,0.999,0.996,2.986988909498453e-37,0,MTRNR2L12
1.227550100819459e-41,1.5334146609935584,0.677,0.194,4.4929561240093025e-37,0,PECAM1
2.345148353351405e-41,1.4329482083679692,0.939,0.662,8.583477488101477e-37,0,GPCPD1
3.822687565472717e-41,2.380085603898472,0.485,0.097,1.3991418758386691e-36,0,SPECC1
3.907050302412325e-41,1.8863461581553183,0.594,0.163,1.4300194811859351e-36,0,FGL2
4.3321341690650156e-41,3.1683861602293195,0.458,0.055,1.5856044272194863e-36,0,C5AR1
5.049772517443103e-41,1.9469466268563762,0.503,0.13,1.84826723910935e-36,0,SLC6A6
5.554049685185434e-41,3.8965110907998177,0.355,0.025,2.032837725274721e-36,0,RAB20
6.119275518678987e-41,2.1840487676829916,0.597,0.141,2.239716032591696e-36,0,CTSB
6.344999477122106e-41,1.6052483004759144,0.668,0.234,2.322333258621462e-36,0,KIF1B
7.745933508379306e-41,2.11205495733418,0.5,0.116,2.8350891234019097e-36,0,CHKA
1.3405114652958348e-40,2.7660414087980367,0.404,0.056,4.906406014129285e-36,0,KCTD12
1.3559270857476472e-40,3.3763720669870523,0.447,0.055,4.962828726544963e-36,0,SGK1
1.3674746082925673e-40,1.4518524661801213,0.651,0.248,5.005093813811626e-36,0,ZNF106
1.3882329302209824e-40,0.8377585345350664,0.955,0.739,5.081071347901818e-36,0,ROCK1
2.0111576019815793e-40,1.80155161623327,0.608,0.18,7.361037939012778e-36,0,C20orf194
2.1524544575803055e-40,1.6985928588594317,0.472,0.111,7.878198560189676e-36,0,TBC1D8
2.9962897877579515e-40,1.8883866879978397,0.646,0.189,1.0966720252172879e-35,0,ARRB2
3.247628884104896e-40,1.0882869520221672,0.82,0.437,1.188664647871233e-35,0,CERT1
4.92557361741364e-40,0.8907587303556093,0.984,0.801,1.8028091997095664e-35,0,DOCK2
5.1542770524488885e-40,2.492940628011029,0.46,0.075,1.8865169439668177e-35,0,RXRA
5.37695226567151e-40,1.4992009714408485,0.67,0.258,1.9680182987584294e-35,0,KIAA0232
5.6161411617670464e-40,3.0029667506626994,0.425,0.055,2.0555638266183568e-35,0,ATP6V0A1
5.879872806324412e-40,3.9969286164799724,0.318,0.018,2.152092245842798e-35,0,NLRP12
6.422096903957784e-40,2.1340660723890807,0.465,0.109,2.3505516878175886e-35,0,ATP6V1B2
6.879509087057706e-40,1.398993152949473,0.712,0.29,2.5179691209539907e-35,0,UBE2W
7.150018251613376e-40,2.171280308465498,0.514,0.118,2.6169781802730115e-35,0,LACTB
7.555860067630071e-40,2.2666376100160717,0.513,0.131,2.7655203433532823e-35,0,DSE
7.917648867403626e-40,1.3785905051631206,0.735,0.294,2.8979386619584014e-35,0,POU2F2
1.0192805293859252e-39,1.0667847563857442,0.931,0.619,3.730668665605425e-35,0,CD55
1.0696530949263443e-39,1.939581602495824,0.534,0.14,3.915037292739913e-35,0,ZNF710
1.7716575364625068e-39,1.9504883294125617,0.622,0.149,6.484443749206421e-35,0,WARS
2.4513022154259968e-39,1.9902634946922095,0.542,0.138,8.972011238680691e-35,0,ZNF438
3.1983095965469996e-39,0.6130812820760907,0.999,0.995,1.1706132954321674e-34,0,MT-CO1
3.554124365007522e-39,1.2399301883207212,0.755,0.308,1.300845058836403e-34,0,PTPN12
3.706966933306227e-39,1.980787028831517,0.466,0.111,1.3567869672594123e-34,0,SNX30
3.9760631069905086e-39,2.149526247992642,0.478,0.102,1.4552788577895961e-34,0,MARCKS
5.571685284412388e-39,1.1962399102199943,0.732,0.326,2.039292530947778e-34,0,ANTXR2
5.629556460772666e-39,1.877087407923688,0.76,0.282,2.0604739602074036e-34,0,NRIP1
9.388516484035605e-39,1.6657085954372763,0.542,0.153,3.4362909183218717e-34,0,SH3BP2
9.804763020391651e-39,1.806960033756273,0.611,0.223,3.5886413130935485e-34,0,NABP1
1.144534262899713e-38,1.6456269930227276,0.743,0.359,4.18910985563924e-34,0,SLC2A3
1.487681953261312e-38,0.8036851077536316,0.97,0.789,5.445064717131728e-34,0,COP1
1.6524197423842798e-38,2.640571215946256,0.36,0.051,6.0480214991007025e-34,0,PLXNB2
1.747117764601548e-38,2.2362049261796337,0.546,0.119,6.394625730218126e-34,0,CTNNA1
1.7523724686043013e-38,1.3229763370007157,0.73,0.321,6.413858472338603e-34,0,HLA-DRA
1.9678779867568846e-38,1.9590590017641445,0.637,0.194,7.202630219328873e-34,0,PFKFB3
3.4052960483430795e-38,1.436432413521231,0.541,0.16,1.2463724066540505e-33,0,CST3
5.075422082986962e-38,3.5568798068145515,0.358,0.032,1.857655236594058e-33,0,PLA2G4A
7.311250871496817e-38,1.6333026563689375,0.68,0.231,2.6759909314765498e-33,0,RHOQ
8.188531867731922e-38,1.31375570933821,0.863,0.468,2.9970845489085607e-33,0,RTN4
1.0146944845830461e-37,1.320549282174298,0.517,0.116,3.713883283022407e-33,0,ZNF804A
1.0321172049530952e-37,2.2879768924856743,0.428,0.084,3.777652181848824e-33,0,GRN
1.376477940292992e-37,4.142428816511801,0.34,0.022,5.0380469092663805e-33,0,AC084871.1
2.252712510976455e-37,1.9324946643611383,0.723,0.336,8.245153061424923e-33,0,ATP13A3
2.5128194572277493e-37,2.6489493237295125,0.502,0.088,9.197170495399285e-33,0,ADAM9
2.643026778244456e-37,1.8943742329988877,0.497,0.106,9.673742311052533e-33,0,TBC1D9
3.002763177871532e-37,4.160165774415895,0.292,0.017,1.0990413507327595e-32,0,LPAR1
4.393682823459868e-37,3.932699604145211,0.321,0.019,1.6081318502145462e-32,0,NIBAN2
4.6137991080575485e-37,2.3574178954116483,0.4,0.061,1.6886966115401433e-32,0,LILRB2
4.909733677917196e-37,2.74968643545709,0.37,0.05,1.797011623454473e-32,0,ADAP2
6.214553450621145e-37,3.617981608350246,0.319,0.027,2.2745887084618454e-32,0,F13A1
6.35306546789347e-37,3.086923044657698,0.462,0.06,2.3252854919036888e-32,0,HRH2
6.706656107146356e-37,2.4948507502029766,0.485,0.091,2.4547032017766376e-32,0,PLAGL1
7.078739023906047e-37,0.9768407703494288,0.888,0.55,2.5908892701398525e-32,0,IQGAP1
8.458995395082314e-37,1.1962560880259443,0.863,0.526,3.096076904554078e-32,0,DLEU2
9.142610234936111e-37,5.153070761077519,0.29,0.014,3.346286772088966e-32,0,SDC2
9.287966337940451e-37,1.4301449627755454,0.748,0.303,3.3994885593495847e-32,0,PSEN1
1.1177332690288517e-36,2.8772635735869625,0.393,0.054,4.0910155379725e-32,0,P2RX1
1.57559300355331e-36,4.372605752712671,0.295,0.017,5.76682795230547e-32,0,PRLR
1.7146443375106993e-36,3.9533781020135565,0.28,0.018,6.27576973972291e-32,0,ALDH1A2
2.0121559508762507e-36,1.2401501386119893,0.743,0.343,7.364691995802165e-32,0,CAPZA2
5.0622850550279156e-36,1.2282097597146144,0.731,0.358,1.8528469529907674e-31,0,RREB1
6.370713362092952e-36,1.719915490316108,0.536,0.156,2.3317447976596416e-31,0,ARRB1
6.453905460033243e-36,1.7009050734850217,0.592,0.22,2.3621939374267676e-31,0,S100A8
6.487774322894338e-36,2.4936753691254205,0.38,0.072,2.3745902799225565e-31,0,LGALS3
1.1320793403567903e-35,1.2598431967203014,0.78,0.374,4.143523593639888e-31,0,UBE2R2
1.2121374212378006e-35,1.8954023565948523,0.495,0.14,4.436544175472474e-31,0,BID
1.2128042028165227e-35,1.4242990871218206,0.626,0.237,4.438984662728755e-31,0,AGO4
1.678283793868584e-35,4.322476080486575,0.334,0.021,6.142686513938404e-31,0,AL034397.3
1.7487693811898743e-35,2.166517926483359,0.456,0.105,6.400670812093059e-31,0,AC007952.4
2.0655125008354142e-35,1.8390164854073752,0.642,0.256,7.5599823043076995e-31,0,IVNS1ABP
2.4394144511446666e-35,1.8710959573214039,0.486,0.108,8.928500832634593e-31,0,SERPINA1
2.528089889930359e-35,3.780817912247062,0.296,0.02,9.253061806134106e-31,0,CDA
2.99446525368238e-35,2.8955071933071674,0.431,0.067,1.096004227500288e-30,0,DUSP6
3.32925171769397e-35,1.0963142973829656,0.789,0.426,1.2185394211931699e-30,0,RNF13
4.094398700088127e-35,1.7850986663416126,0.557,0.157,1.4985908682192553e-30,0,E2F3
4.500833198364189e-35,3.209023607066402,0.34,0.036,1.6473499589332767e-30,0,NOD2
4.786994816085766e-35,4.707444322737884,0.283,0.011,1.7520879726355513e-30,0,CYP27A1
4.835773683863481e-35,1.0181578050893834,0.879,0.538,1.769941526030873e-30,0,FNIP1
5.721761679479963e-35,1.3935292653247804,0.651,0.273,2.0942219923064614e-30,0,CCDC69
8.247103499663736e-35,0.8906558816537421,0.582,0.159,3.018522351911924e-30,0,TCF7L2
8.27107969203333e-35,2.334782541127752,0.403,0.076,3.027297878081119e-30,0,GNB4
9.19163387699145e-35,1.207314369734267,0.671,0.289,3.364229915317641e-30,0,CD83
1.3105265416572867e-34,1.3214924980688285,0.777,0.364,4.7966581951198354e-30,0,MTMR3
1.3169214291980045e-34,1.8751691163213668,0.542,0.15,4.820064123007616e-30,0,PITPNA
1.8365814312127643e-34,3.3619318022655698,0.384,0.038,6.72207169638184e-30,0,IGF2BP2
1.8473979195554512e-34,2.652303204687298,0.311,0.044,6.761661125364907e-30,0,PLD1
1.8675204934744093e-34,1.4224523057532055,0.58,0.252,6.835311758165685e-30,0,LINC00278
1.9053115627396475e-34,0.7746144425974371,0.956,0.724,6.973630850783383e-30,0,FAM49B
2.789577769330006e-34,3.5605214797208755,0.326,0.029,1.0210133593524755e-29,0,ARHGEF11
2.823319153361358e-34,1.2764627970028264,0.788,0.414,1.0333630433217905e-29,0,MAPK14
2.9229947685813313e-34,0.9073599649937161,0.974,0.81,1.0698453152484531e-29,0,JMJD1C
3.783308348040095e-34,2.9063430826453627,0.366,0.048,1.3847286884661552e-29,0,CNTLN
4.025751897383722e-34,1.6662449697920942,0.481,0.15,1.4734654519614162e-29,0,ANXA5
4.106990984064459e-34,1.5455848622364168,0.747,0.333,1.5031997700774324e-29,0,UBAP1
5.2116762547428376e-34,2.839848912780157,0.374,0.056,1.907525625998426e-29,0,DGKG
6.824550443194388e-34,3.025320736564552,0.383,0.055,2.497853707713578e-29,0,EEPD1
8.273745735944354e-34,3.0191486613942367,0.375,0.044,3.0282736768129934e-29,0,LILRB3
8.314691904111608e-34,1.8210168595216767,0.497,0.143,3.0432603838238894e-29,0,ZFYVE16
1.0706055335272192e-33,2.5790351871822503,0.405,0.068,3.918523313262975e-29,0,CR1
1.1209496848682806e-33,4.469612715892716,0.356,0.021,4.102787941586394e-29,0,LUCAT1
1.433468079852146e-33,1.3494181035229031,0.784,0.357,5.24663651906684e-29,0,KLHL2
1.6610266630404554e-33,1.238117690633501,0.886,0.577,6.079523689394371e-29,0,TOP1
2.107584573207945e-33,1.1003400698099264,0.915,0.607,7.7139702963984e-29,0,PIK3R5
2.4232754340387595e-33,4.121779378887183,0.284,0.018,8.869430416125264e-29,0,MITF
3.17159830492953e-33,2.6692741980561063,0.367,0.056,1.1608366955872572e-28,0,CYFIP1
3.6614125270003354e-33,2.872266799976235,0.334,0.044,1.3401135990073927e-28,0,FGD6
4.46743214937544e-33,1.4563374849555437,0.522,0.182,1.6351248409929048e-28,0,PLEKHO1
4.586070846266198e-33,1.4974821030955126,0.656,0.257,1.6785477904418911e-28,0,MICU1
5.419148901628161e-33,1.0708165708935065,0.769,0.415,1.983462689484923e-28,0,TUT7
5.6805548812899406e-33,2.799841993226512,0.356,0.048,2.0791398921009312e-28,0,RGS18
6.151680701247765e-33,2.7032380348647735,0.383,0.053,2.2515766534636948e-28,0,TTYH3
8.468666192446499e-33,1.6689834203526184,0.551,0.189,3.0996165130973433e-28,0,UPP1
9.011259437353901e-33,4.711592259512005,0.31,0.025,3.2982110666659016e-28,0,NRG1
1.264664553045443e-32,3.7259408951020143,0.289,0.021,4.628798730601626e-28,0,NDST1
1.301206983179737e-32,1.9979451724188668,0.446,0.109,4.762547679136155e-28,0,HEXB
1.4039796939867645e-32,2.2969619892661517,0.452,0.086,5.138706077960957e-28,0,LATS2
1.4301019649294862e-32,1.7911518988047281,0.541,0.178,5.234316201838412e-28,0,CDC42EP3
1.6679507854633401e-32,3.1265917801149943,0.297,0.035,6.104866669874371e-28,0,NPL
2.0946675344058484e-32,1.8723475859144898,0.403,0.123,7.666692642678846e-28,0,ASPH
3.197169602237053e-32,0.7237452076492854,0.952,0.752,1.1701960461147838e-27,0,CHST11
3.3894909073467803e-32,1.3658430815400702,0.707,0.292,1.2405875669979951e-27,0,CYB5R4
3.5415817274392997e-32,2.8699319291809604,0.363,0.048,1.2962543280600581e-27,0,S100Z
3.928902012572936e-32,3.16408002731181,0.293,0.034,1.4380174256218203e-27,0,HK2
3.9351178689639697e-32,0.8852833245051772,0.901,0.622,1.4402924912195026e-27,0,AHNAK
4.485300495791455e-32,0.9373442538476802,0.953,0.706,1.6416648344646306e-27,0,FBXW7
5.811199815654116e-32,1.3721217770244456,0.525,0.192,2.126957244527563e-27,0,RUFY3
5.824771461011054e-32,1.385741192012081,0.824,0.554,2.131924602444656e-27,0,CTNNB1
9.801073038132641e-32,1.8662744537191602,0.523,0.142,3.587290742686928e-27,0,OSBPL11
1.0797378825946347e-31,1.884627589655386,0.462,0.12,3.9519486240846225e-27,0,TMEM164
1.3122858837324575e-31,1.622872302999027,0.509,0.164,4.803097563049168e-27,0,GPD2
1.431682630667561e-31,2.680085450233258,0.382,0.061,5.24010159650634e-27,0,FCGR2A
1.5343157539136747e-31,1.8505193812213923,0.425,0.109,5.615749090899441e-27,0,ITPRID2
1.5884873484156791e-31,0.9478527613406482,0.83,0.46,5.8140225439362275e-27,0,SNX29
1.6593204666058428e-31,3.113836456726135,0.327,0.039,6.073278839824045e-27,0,ALDH2
1.7114104395428082e-31,1.0849256299659755,0.702,0.353,6.263933349770632e-27,0,TSC22D2
1.7362599515868626e-31,3.8057937108496263,0.298,0.022,6.3548850488030756e-27,0,RUSC2
2.216760839967637e-31,1.6711029576305494,0.496,0.155,8.113566350365549e-27,0,TRIM25
2.780092955935571e-31,1.3166334947943032,0.72,0.334,1.0175418228019784e-26,0,LRRFIP2
2.8662174198011997e-31,3.624549932453367,0.267,0.022,1.0490642378214371e-26,0,DACH1
3.4033953203105587e-31,2.5997328016076695,0.292,0.046,1.2456767211868676e-26,0,SCO2
4.639034223758464e-31,3.0512466807294913,0.319,0.037,1.6979329162378353e-26,0,SORT1
4.748707320344242e-31,1.7802721045327339,0.476,0.129,1.738074366319196e-26,0,ARAP1
5.523722512574801e-31,2.3687828722793163,0.436,0.083,2.021737676827503e-26,0,CAMKK2
6.052835137467784e-31,1.9776718720605984,0.543,0.146,2.2153981886645837e-26,0,RTN3
8.270990978391013e-31,1.8111917882883497,0.539,0.167,3.0272654080008943e-26,0,FOSL2
1.0538431379077515e-30,3.236496915507443,0.309,0.033,3.857171269056161e-26,0,SLC8A1-AS1
1.3180442339935523e-30,3.036144736527552,0.307,0.034,4.824173700839801e-26,0,NFAM1
1.738585678073391e-30,3.5168451181658,0.326,0.026,6.363397440316418e-26,0,MS4A4E
1.8382323053364134e-30,2.3325770002104256,0.44,0.098,6.728114060761806e-26,0,RRP12
1.8971986570458363e-30,1.2573761258871634,0.709,0.326,6.943936804653466e-26,0,ABHD2
1.9322673021529113e-30,2.1255942353912403,0.359,0.078,7.072291552609871e-26,0,SCPEP1
2.1074918410026596e-30,3.3468559502418502,0.299,0.027,7.713630887253834e-26,0,ARHGEF10L
2.1535056782714663e-30,1.4429973983562832,0.753,0.353,7.882046133041394e-26,0,RAB11FIP1
2.6787567331539585e-30,1.3150354449962525,0.638,0.277,9.804517519016804e-26,0,USP4
5.806753211006578e-30,1.1283984553596742,0.807,0.482,2.1253297427605174e-25,0,VIM
8.346432511150656e-30,3.0682674337855183,0.367,0.053,3.0548777634062514e-25,0,RFX2
9.34193883338498e-30,2.014594121516605,0.449,0.129,3.4192430324072366e-25,0,LIMK2
1.70527672788529e-29,2.045139783922013,0.571,0.178,6.24148335173295e-25,0,TEX14
1.766486031779954e-29,2.346504533312614,0.422,0.081,6.46551552491781e-25,0,RELT
2.140512545940445e-29,0.7414548050439285,0.865,0.509,7.8344899693966225e-25,0,CD74
2.210969561724688e-29,0.857335673954468,0.9,0.626,8.092369692868531e-25,0,KDM2A
2.221776522254503e-29,1.6451165973172348,0.417,0.122,8.131924249103706e-25,0,CD302
3.0537016474220243e-29,1.7564227113227402,0.452,0.136,1.1176853399729352e-24,0,SLC16A3
3.198949405722331e-29,1.7651932141261595,0.498,0.136,1.1708474719884303e-24,0,THEMIS2
3.54195564578518e-29,1.485612120338068,0.47,0.162,1.2963911859138338e-24,0,PXK
3.943078629775162e-29,2.5813917747884965,0.342,0.048,1.443206209284007e-24,0,AC090559.1
4.0303774360599245e-29,1.803527689238917,0.458,0.115,1.475158445372293e-24,0,KDM1B
4.13851956755162e-29,1.3887102331930121,0.586,0.227,1.5147395469195685e-24,0,SLC36A4
5.693633788841808e-29,1.6463189856936506,0.653,0.252,2.0839269030539903e-24,0,ZFAND5
6.71912402839836e-29,0.6551724607937097,0.97,0.794,2.459266585634084e-24,0,SIK3
7.769323240499827e-29,2.043064032883734,0.448,0.099,2.843649999255342e-24,0,NACC2
8.349877883212586e-29,3.3627123400141588,0.302,0.031,3.0561388040346388e-24,0,KLF4
8.449484830098261e-29,1.511053121179389,0.408,0.136,3.0925959426642643e-24,0,SRGAP2C
9.111179975744907e-29,2.7348927429993797,0.352,0.052,3.334782982922393e-24,0,TGFBI
1.0236911196303009e-28,3.2080609895588306,0.311,0.033,3.746811866958864e-24,0,APOBEC3A
1.3170975002564182e-28,1.1933032405459827,0.797,0.459,4.820708560688516e-24,0,SCLT1
1.324176698504229e-28,1.1190228399306008,0.802,0.457,4.846619134195328e-24,0,NFKBIZ
1.3533159694466935e-28,1.180716368833425,0.616,0.259,4.9532717797718425e-24,0,SLC25A13
1.4144283670513144e-28,1.0814739002912388,0.849,0.498,5.176949266244516e-24,0,KDM7A
1.6249206615626782e-28,1.8563728949229192,0.618,0.257,5.947372113385558e-24,0,IRS2
1.6926708981597829e-28,1.9045147487547085,0.445,0.112,6.195344754354621e-24,0,RP2
1.6997301445700843e-28,2.554989774833522,0.344,0.054,6.221182302140966e-24,0,ITSN1
2.0261061063775283e-28,3.464704909111603,0.271,0.025,7.415750959952392e-24,0,KCNE1
2.4656858358500563e-28,1.1170937666536758,0.647,0.305,9.024656727794791e-24,0,SGK3
2.6590048485882777e-28,2.4787446821197063,0.324,0.054,9.732223646317955e-24,0,CD68
2.9271931127236685e-28,2.103924577543914,0.366,0.084,1.0713819511879899e-23,0,KLF10
3.0888085886380247e-28,1.136680117368353,0.7,0.317,1.1305348315274034e-23,0,PIK3CB
3.201604187191591e-28,1.2391852511225718,0.748,0.366,1.1718191485539942e-23,0,MAP3K3
3.234243023742567e-28,1.7070455649802256,0.485,0.133,1.183765289120017e-23,0,PAK1
3.5175312529412636e-28,0.9719228222579297,0.847,0.545,1.2874516138890319e-23,0,PHF21A
3.5334792096132363e-28,2.7114022254291528,0.325,0.048,1.2932887255105406e-23,0,TBC1D2
3.551543333360853e-28,1.3111413864496106,0.503,0.179,1.2999003754434059e-23,0,APP
3.638928931288618e-28,2.7003986447372066,0.304,0.046,1.331884378140947e-23,0,CCDC200
3.749142243542674e-28,2.3822445357191064,0.465,0.099,1.3722235525590543e-23,0,NCF1
3.974557761842507e-28,1.5411316470792256,0.485,0.155,1.454727886411976e-23,0,SNX27
4.186140376045482e-28,3.275819532794907,0.302,0.028,1.532169239036407e-23,0,TSHZ3
5.101080131700096e-28,1.471906325665638,0.518,0.183,1.8670463390035522e-23,0,CTSD
6.518434604943783e-28,3.631443645464783,0.289,0.024,2.3858122497554738e-23,0,PYGL
7.122683318917244e-28,3.0361291273146085,0.31,0.036,2.6069733215569005e-23,0,PDGFC
9.274088618116206e-28,3.2939835826110766,0.305,0.031,3.3944091751167124e-23,0,AL138720.1
9.978245322333939e-28,1.1468365774074911,0.599,0.243,3.652137570427445e-23,0,ABR
1.0081187944915915e-27,1.5907198837107273,0.557,0.19,3.689815599718674e-23,0,MIDN
1.0597736255887707e-27,0.9067164025378636,0.896,0.575,3.8788774470174595e-23,0,TANK
1.3789483402456477e-27,1.3700471338830158,0.677,0.279,5.047088820133095e-23,0,EXT1
1.424605747385255e-27,1.701168595575992,0.437,0.13,5.214199496004772e-23,0,TNFRSF10B
1.5638117207755449e-27,3.4565283654167023,0.311,0.027,5.723707279210571e-23,0,DOK3
1.7862003927501114e-27,1.1034889926928018,0.598,0.262,6.537672057504683e-23,0,TBK1
1.815423389142019e-27,2.154211887672279,0.362,0.075,6.644631146598704e-23,0,ARID3A
1.838020236445702e-27,1.1649281028832312,0.685,0.323,6.727337867414913e-23,0,SLC12A6
2.0644526140888943e-27,1.1491424221316917,0.68,0.292,7.556103012826762e-23,0,HLA-DRB1
2.713930728060131e-27,1.2069084151245315,0.514,0.191,9.933257857772886e-23,0,PIK3AP1
2.9506601563128066e-27,2.8094621055988624,0.366,0.057,1.0799711238120504e-22,0,BCL2A1
3.311744107725502e-27,0.9181506239598467,0.897,0.622,1.212131460868611e-22,0,TLE4
3.583058904992462e-27,1.4831030163707706,0.474,0.162,1.311435389816291e-22,0,TNRC18
3.8178359382851525e-27,0.9282486977655315,0.803,0.46,1.3973661317717487e-22,0,RIC1
4.8478549672250736e-27,1.5363472314494684,0.623,0.242,1.7743633965540492e-22,0,NCOR2
5.4868715516382774e-27,1.7198366930466955,0.506,0.153,2.0082498566151259e-22,0,PSTPIP2
6.1203063726867924e-27,3.572923242125858,0.295,0.027,2.240093335467093e-22,0,B3GNT5
6.318553805726003e-27,2.584899158671676,0.33,0.057,2.312653878433774e-22,0,PHACTR1
8.299438092556224e-27,1.0727855277634273,0.775,0.41,3.037677336256503e-22,0,HOOK3
8.685441086181372e-27,1.5495509696404008,0.56,0.195,3.178958291953244e-22,0,DPYD-AS1
1.0152805655459106e-26,3.307583399806519,0.294,0.03,3.7160283979545875e-22,0,TUBB6
1.0324118963303685e-26,1.6487003977639858,0.387,0.119,3.7787307817587817e-22,0,CHMP4B
1.3460812659836424e-26,1.662180800917489,0.547,0.219,4.926792041626729e-22,0,HIF1A-AS3
1.3609744843354023e-26,1.1425738650992057,0.79,0.406,4.981302710116006e-22,0,CPQ
1.3837610046856058e-26,1.0169957535497973,0.811,0.456,5.064703653249786e-22,0,SHOC2
1.4596807840662387e-26,2.0071033032262307,0.378,0.088,5.342577637760841e-22,0,ARHGAP31
1.75890394718206e-26,1.5066089842649955,0.437,0.103,6.437764337081057e-22,0,ATP8B4
1.9065532025897414e-26,4.208805926742368,0.263,0.016,6.978175376798712e-22,0,FAM198B-AS1
2.1452010246494104e-26,2.919647260663877,0.321,0.042,7.851650270319307e-22,0,GK
3.011073550026568e-26,0.9746382242029539,0.913,0.587,1.1020830300452241e-21,0,LCP1
3.0436128350204837e-26,0.7403416928587162,0.745,0.438,1.1139927337458473e-21,0,PREX1
3.129724442706212e-26,1.6776124980908964,0.482,0.161,1.1455104432749006e-21,0,HLA-DQB1
4.0474540627241945e-26,1.4428225726047628,0.636,0.268,1.4814086614976824e-21,0,ATP1B3
4.331666667713081e-26,1.6149837332695034,0.466,0.149,1.5854333170496648e-21,0,ALPK1
5.41085093366656e-26,4.986482636064813,0.256,0.018,1.9804255502312976e-21,0,CXCL8
6.297887335435686e-26,1.812101029998001,0.438,0.119,2.3050897436428154e-21,0,CEBPB
6.407534652621925e-26,1.4617691875687504,0.531,0.176,2.345221758206151e-21,0,TENT5A
6.653930740392903e-26,4.381415865629086,0.259,0.012,2.4354051902912064e-21,0,CCDC149
7.496385992209016e-26,0.6958660489180397,0.841,0.531,2.7437522370084218e-21,0,LAPTM5
7.518829355907371e-26,0.5765201796786452,0.98,0.858,2.7519667325556566e-21,0,KMT2C
7.703892938971502e-26,2.206887968371768,0.317,0.067,2.8197018545929596e-21,0,EAF1
7.741291749223228e-26,3.9000364702874037,0.283,0.019,2.833390193133194e-21,0,ST3GAL6
7.964607753201701e-26,0.8773970338057738,0.697,0.369,2.9151260837493547e-21,0,WASHC4
9.518987523546258e-26,1.6523269874233046,0.435,0.134,3.484044623493166e-21,0,STK40
1.0078377744806535e-25,1.8839801122842161,0.381,0.101,3.68878703837664e-21,0,HAVCR2
1.784216745159915e-25,1.007624880213294,0.716,0.398,6.530411708959805e-21,0,YTHDF3
1.936395984188586e-25,2.207923068190931,0.35,0.072,7.087402941728644e-21,0,SFXN5
2.0006426176321494e-25,3.4197203862182866,0.308,0.029,7.32255204479543e-21,0,LDLRAD3
2.197979514947971e-25,1.090750067905045,0.677,0.36,8.044824822661069e-21,0,ST8SIA4
3.017469274206319e-25,2.244770810671139,0.303,0.058,1.1044239290522548e-20,0,TPD52L2
3.0590199488689185e-25,0.8624528725851675,0.891,0.63,1.1196318914855128e-20,0,CSNK1A1
3.7057439612247124e-25,0.8234289873970083,0.537,0.207,1.356339347247857e-20,0,PPM1L
4.1012724219137725e-25,1.5840237646532245,0.365,0.099,1.5011067191446598e-20,0,ITGAM
5.006436323021582e-25,1.6804850759875385,0.474,0.142,1.8324057585891293e-20,0,KSR1
5.0488771311751535e-25,0.7154460180732092,0.969,0.827,1.847939518781418e-20,0,ELF1
6.008603022888549e-25,0.8440620036457906,0.777,0.387,2.1992087924074378e-20,0,CERS6
7.153284351372507e-25,1.4366485010237144,0.454,0.158,2.6181736054458516e-20,0,SNX10
8.771927951375411e-25,1.8714099204858403,0.427,0.113,3.210613349482914e-20,0,PGS1
9.073266250331181e-25,0.9200607200889854,0.853,0.582,3.320906180283716e-20,0,PTEN
9.468495282575827e-25,2.5042757057258656,0.346,0.057,3.4655639583755783e-20,0,PGD
1.0163081540493127e-24,2.5353969335260813,0.319,0.051,3.7197894746358897e-20,0,INSR
1.0946066496152878e-24,1.103066332183529,0.672,0.343,4.006369798256915e-20,0,MIS18BP1
1.271970858582315e-24,0.778101414646654,0.902,0.641,4.655540539497131e-20,0,STK10
1.4541595883587423e-24,1.3156027958096277,0.411,0.152,5.3223695093518325e-20,0,LAPTM4A
1.606927626173589e-24,1.364531062221388,0.503,0.184,5.881515804557953e-20,0,DNAJC5
1.7501926284064285e-24,0.7120375252283418,0.451,0.145,6.405880039230368e-20,0,WDFY4
1.7705822647509593e-24,0.7508208008424442,0.871,0.584,6.480508147214985e-20,0,ELF2
1.947114622807883e-24,1.5874858523423705,0.525,0.19,7.126634230939133e-20,0,CPEB2
2.089709200675577e-24,0.9311296827282035,0.625,0.304,7.64854464539268e-20,0,PACSIN2
2.5162018943162934e-24,1.093683779038314,0.702,0.358,9.209550553387066e-20,0,RAB10
2.9733060204882153e-24,0.9753218921200593,0.534,0.255,1.0882597365588917e-19,0,ATP2A2
3.403053807098261e-24,0.7890994722859548,0.832,0.541,1.2455517239360346e-19,0,DIAPH1
3.991046013889838e-24,0.9298718612902892,0.81,0.521,1.4607627515438198e-19,0,KLF6
4.724920003052527e-24,1.0268009181051485,0.699,0.365,1.7293679703172554e-19,0,FMNL1
4.761825114376206e-24,0.8806525365922118,0.709,0.396,1.7428756101128354e-19,0,TMEM165
4.951959369758061e-24,0.8296685312209042,0.611,0.314,1.812466648925148e-19,0,LPGAT1
6.691534894257432e-24,1.8379352505110302,0.342,0.09,2.4491686866471627e-19,0,RCBTB2
8.399741701106449e-24,1.5726639512000415,0.404,0.123,3.0743894600219715e-19,0,S100A11
8.4661861011090245e-24,2.1508475431020964,0.336,0.079,3.098708774866914e-19,0,ABHD5
1.0677149913846899e-23,1.0870402697668897,0.616,0.281,3.9079436399671033e-19,0,MBD2
1.0701386582888199e-23,1.3385462350870145,0.479,0.186,3.91681450320291e-19,0,ANKRD13D
1.0799023880822953e-23,2.5246695468205074,0.278,0.042,3.952550730620009e-19,0,RASSF4
1.1519320991109627e-23,2.0901567194912554,0.332,0.072,4.2161866759560345e-19,0,PRKCD
1.157951299427482e-23,1.9906867499911258,0.426,0.11,4.2382175510345265e-19,0,PHC2
1.3993497719550785e-23,1.320274490692798,0.523,0.211,5.121760100332783e-19,0,PLEKHB2
1.424672238973355e-23,1.6230905920730418,0.337,0.089,5.214442861866377e-19,0,CLIC4
1.6644438663130164e-23,0.7613558693415634,0.869,0.577,6.092030995092271e-19,0,REL
1.6708682755773734e-23,1.6531710829785347,0.415,0.124,6.115544975440744e-19,0,MAN2B1
1.8243162169974078e-23,2.0557865946782625,0.442,0.131,6.677179785832212e-19,0,ABCA1
1.9234288744492754e-23,1.5239308800739189,0.343,0.105,7.039942023371793e-19,0,KDM6B
3.162244760635419e-23,1.8844844875268745,0.356,0.082,1.1574132048401697e-18,0,VAV2
3.4141980024824805e-23,0.7228710277456103,0.857,0.557,1.2496306108886126e-18,0,PTPRJ
3.618068187048141e-23,1.220803687940329,0.504,0.195,1.32424913714149e-18,0,SYNJ1
4.250422341592754e-23,3.3471662253101706,0.322,0.033,1.555697081246364e-18,0,TRIB1
5.481201423174506e-23,1.0321697874500713,0.81,0.479,2.006174532896101e-18,0,PPP1CB
6.766705293086185e-23,1.3164474121202128,0.643,0.291,2.4766818043224747e-18,0,HPCAL1
7.057199982900422e-23,1.0580145294033327,0.723,0.368,2.5830057657413834e-18,0,SUSD6
7.700762303880744e-23,1.0311120681461388,0.494,0.184,2.8185560108433913e-18,0,TYROBP
8.602695324843173e-23,0.9005666570042294,0.804,0.496,3.1486725158458498e-18,0,RAB7A
9.73185847702383e-23,2.065302439562559,0.33,0.06,3.561957521175492e-18,0,MYOF
1.2277661587236096e-22,2.3177946297708076,0.322,0.065,4.4937469175442834e-18,0,TBC1D12
1.4002510947600416e-22,2.1013668580211142,0.346,0.074,5.125059031931228e-18,0,CTSZ
1.4144919574567167e-22,3.0805919842613276,0.274,0.033,5.177182013487329e-18,0,EGR1
1.5646704740885392e-22,0.8948560272170665,0.663,0.326,5.726850402211463e-18,0,LCORL
1.5743494429189949e-22,0.6920464291442596,0.93,0.742,5.7622763960278134e-18,0,CCNL1
1.600310089864379e-22,1.5702376674470904,0.332,0.102,5.857294959912614e-18,0,TALDO1
1.8329617099805947e-22,1.268578639731775,0.548,0.238,6.708823154699975e-18,0,AKIRIN2
2.1778441399530226e-22,2.0039725119153275,0.262,0.059,7.971127336642059e-18,0,CARD19
2.1852303472073328e-22,2.145564064927438,0.329,0.069,7.998161593813558e-18,0,MOB3B
2.3464745522932104e-22,1.0794563710801834,0.65,0.299,8.58833150884838e-18,0,SVIL
2.355810135672786e-22,1.703050173920197,0.605,0.314,8.622500677575965e-18,0,ANXA1
2.3701361115013033e-22,1.3498299934524653,0.419,0.124,8.67493518170592e-18,0,FCER1G
2.5617178584481345e-22,1.2825346870942425,0.458,0.181,9.376143533706017e-18,0,STK38L
3.1634065177856796e-22,1.9852393074983912,0.328,0.076,1.1578384195747366e-17,0,MYADM
3.291347583406529e-22,1.1188131650454292,0.618,0.29,1.2046661290026237e-17,0,LIMS1
4.190154761185837e-22,1.5942920915816527,0.477,0.153,1.533638544141628e-17,0,TKT
4.2094392334706883e-22,1.1834498468396282,0.382,0.131,1.5406968538426067e-17,0,AIF1
4.906148526154475e-22,1.761495530922849,0.296,0.077,1.7956994220577993e-17,0,NADK
5.227637789567652e-22,2.078261721551593,0.285,0.057,1.913367707359656e-17,0,KIAA0513
5.941165371721381e-22,1.0434943689872165,0.665,0.383,2.1745259377037426e-17,0,SMAD3
6.243552165079669e-22,0.9853684193625902,0.847,0.523,2.2852025279408098e-17,0,RAB1A
6.499915034475241e-22,1.078547448781461,0.655,0.325,2.3790339017682832e-17,0,ARL8B
6.680346159711499e-22,1.085015425458505,0.418,0.168,2.4450734979160056e-17,0,DAPP1
6.782809718673516e-22,0.7838296105693445,0.729,0.414,2.4825761851316935e-17,0,HIPK2
7.1319413778607595e-22,2.0486593357338547,0.294,0.065,2.6103618637108165e-17,0,AC012447.1
8.063062574517244e-22,1.006848335118302,0.658,0.34,2.9511615328990567e-17,0,BNIP2
8.072345619484867e-22,1.7498292527671744,0.353,0.096,2.9545592201876564e-17,0,NFKBID
1.2345228891541006e-21,1.2158462750808392,0.618,0.292,4.5184772265929234e-17,0,ACSL4
1.2771357688327858e-21,0.6949881080411306,0.881,0.623,4.6744446275048796e-17,0,FBXO11
1.2948365436439597e-21,2.94615677517539,0.286,0.044,4.7392312333912567e-17,0,GPAT3
1.3277012303269275e-21,1.1849943230864899,0.641,0.283,4.859519273119587e-17,0,SPOPL
1.933034263000663e-21,1.2899267180804648,0.326,0.094,7.075098706008726e-17,0,FMN1
2.2933945365955896e-21,1.1285895541991346,0.661,0.327,8.394053343393518e-17,0,TTC7A
2.352457668963152e-21,2.014757743298649,0.256,0.054,8.610230314172033e-17,0,SPIRE1
2.3819136455513764e-21,1.9319702521204818,0.457,0.114,8.718042134082592e-17,0,SRGAP2B
2.700675480169168e-21,1.0107770196044283,0.72,0.359,9.884742324967171e-17,0,MRTFA
2.736334770610288e-21,1.0376567507381822,0.696,0.358,1.0015258893910714e-16,0,ADAM17
2.7981024912115535e-21,1.7487640139250107,0.309,0.081,1.0241334928083407e-16,0,DRAM1
2.9682946041666358e-21,1.5564522732340884,0.402,0.129,1.0864255080710304e-16,0,ARHGEF2
3.1175523541891853e-21,1.0215629923165708,0.743,0.4,1.1410553371567837e-16,0,NEDD9
3.841902420166662e-21,1.2170366171278455,0.71,0.352,1.4061747048052e-16,0,SDCBP
4.548724076116209e-21,1.5033632062723552,0.405,0.14,1.6648784990992938e-16,0,FAM102B
4.6865527510527856e-21,2.0794787372489454,0.335,0.072,1.71532517241283e-16,0,CRYBG3
4.99105663964113e-21,0.81614210554857,0.596,0.329,1.82677664067505e-16,0,TBC1D23
5.8136857401681905e-21,1.0568413001334567,0.463,0.194,2.1278671177589595e-16,0,ANKS1A
5.89508550835848e-21,1.372915476942443,0.562,0.232,2.1576602469142873e-16,0,CPD
6.1672884143851954e-21,0.9759904723351411,0.563,0.287,2.2572892325491254e-16,0,RAB27A
6.2505889994066755e-21,0.8335551303183696,0.772,0.452,2.287778079672837e-16,0,TPM3
6.802179207987568e-21,1.8436966741908554,0.427,0.116,2.48966561191553e-16,0,FKBP15
6.94279052098427e-21,1.9243380113184438,0.304,0.072,2.5411307585854527e-16,0,P2RX7
7.681916234871323e-21,0.681639398045268,0.793,0.47,2.811658161125253e-16,0,JAZF1
8.063558000166421e-21,0.6994391872393193,0.559,0.277,2.9513428636409117e-16,0,STX7
1.0341754995215732e-20,1.5068379001383045,0.406,0.133,3.7851857457989104e-16,0,MGAT1
1.0637793933408579e-20,1.9366631866151782,0.35,0.08,3.893538957566874e-16,0,ACVR1B
1.1620198926438006e-20,2.466726578728472,0.296,0.049,4.2531090090655746e-16,0,NCKAP5L
1.5508256455729853e-20,1.7188220168147494,0.406,0.113,5.676176945361684e-16,0,ZDHHC7
1.779303532739845e-20,1.0136126092582234,0.611,0.293,6.512428860181108e-16,0,ADPGK
1.812221692342668e-20,0.9289191594616227,0.545,0.22,6.6329126161434e-16,0,PCSK5
2.074515533815906e-20,1.0055095291826088,0.536,0.247,7.592934305319597e-16,0,CBL
2.221484198230669e-20,1.2765914439025656,0.482,0.189,8.130854313944071e-16,0,ZFP36
2.2397521605922612e-20,1.102037343799537,0.645,0.371,8.197716882983735e-16,0,ZFP36L1
2.34195984408886e-20,0.883258920947473,0.876,0.603,8.571807225349637e-16,0,ZDHHC20
2.6490679276687793e-20,1.9284080601964455,0.43,0.11,9.6958535220605e-16,0,SLC66A2
3.58346632498056e-20,1.5473186420803937,0.393,0.133,1.3115845096061348e-15,0,GABARAPL1
3.689232947996771e-20,1.9574961476011798,0.347,0.082,1.3502961512962982e-15,0,MAPKAPK3
4.02666481617483e-20,1.6972824507509616,0.293,0.081,1.4737995893681495e-15,0,GSTO1
4.862388208578019e-20,0.8125559598343941,0.568,0.301,1.779682708221641e-15,0,SAMD8
6.299442848619048e-20,1.1490980979822725,0.612,0.284,2.3056590770230577e-15,0,ETF1
6.743109148678498e-20,1.0314296132924796,0.722,0.371,2.468045379507817e-15,0,NCKAP1L
7.047388916424334e-20,1.1344509778045893,0.79,0.47,2.5794148173004704e-15,0,SPAG9
7.411427874300499e-20,2.1000804885170044,0.322,0.066,2.7126567162727257e-15,0,PPM1F
8.315708821286255e-20,1.7087609906161012,0.333,0.091,3.043632585678982e-15,0,MTHFR
9.560968745658662e-20,2.0873482558538257,0.266,0.054,3.499410170598527e-15,0,SPATA6
1.005399239827045e-19,0.6478930517309069,0.897,0.66,3.679861757690967e-15,0,USP25
1.096697995396497e-19,1.2596045803205898,0.289,0.099,4.014024332950718e-15,0,MBOAT1
1.4395156122507104e-19,1.719402205945884,0.361,0.103,5.268771092398825e-15,0,SLC16A6
1.4877885803524118e-19,1.179307974652506,0.52,0.246,5.445454982947862e-15,0,TPM4
1.6151445436442385e-19,1.5731319710072948,0.401,0.109,5.911590544192278e-15,0,ACTN1
1.8565579547400584e-19,0.9248781591893211,0.587,0.276,6.795187770144088e-15,0,ANO6
1.8910249671520907e-19,1.5491572835782026,0.305,0.087,6.9213404822733674e-15,0,CDH23
1.9337928982256325e-19,1.2797953306878753,0.348,0.129,7.077875386795637e-15,0,PAPSS1
2.0648381005473038e-19,2.299928947449907,0.252,0.045,7.557513931813187e-15,0,SOX4
2.1804817202296315e-19,0.9379153941517165,0.732,0.395,7.980781144212474e-15,0,UBE2E1
2.251068145805932e-19,2.717760002340654,0.272,0.041,8.239134520464291e-15,0,UGGT2
3.161945129760346e-19,1.6359241940452192,0.365,0.115,1.1573035369435842e-14,0,P2RX4
3.478361899850965e-19,1.685439884162097,0.302,0.083,1.2731152389644516e-14,0,NBPF14
3.684755461985159e-19,1.182470114639989,0.402,0.154,1.348657346641188e-14,0,ITPK1
4.051654488222399e-19,0.9983035731926495,0.718,0.407,1.4829460592342803e-14,0,B4GALT1
4.2152331795137804e-19,0.9129965299165125,0.715,0.35,1.5428174960338387e-14,0,RAPGEF2
4.503264127169937e-19,1.087914747977767,0.506,0.224,1.6482397031854686e-14,0,TIAM1
4.573517414915724e-19,2.251229003726531,0.329,0.07,1.6739531090333042e-14,0,TMEM104
4.719083965461573e-19,2.6385039321364725,0.257,0.04,1.72723192219859e-14,0,NHSL1
5.263428131405128e-19,1.8994215342971403,0.34,0.083,1.926467330375591e-14,0,CHP1
5.694265566069962e-19,2.0985289085924412,0.341,0.075,2.0841581398372667e-14,0,BASP1
5.714024997808029e-19,1.651187842668866,0.284,0.062,2.0913902894477166e-14,0,MS4A7
5.85788409022181e-19,1.3495661376351265,0.421,0.147,2.1440441558620845e-14,0,VASP
6.444392261528073e-19,0.9336972707880276,0.825,0.537,2.3587120116418898e-14,0,PELI1
6.798487428314112e-19,1.12135730734171,0.504,0.217,2.4883143836372482e-14,0,SH2B3
6.980679715567775e-19,1.6195324558485988,0.298,0.086,2.554998582694961e-14,0,HEATR3
7.183837358890638e-19,0.9149804093936611,0.704,0.455,2.6293563117275625e-14,0,NFKBIA
7.5907680172092315e-19,1.2516350755829833,0.569,0.25,2.7782970019787507e-14,0,RELL1
8.040218018264595e-19,0.8333211596071399,0.671,0.386,2.9428001968650245e-14,0,WSB1
1.009976057200839e-18,1.4676233101200635,0.554,0.214,3.696613366960791e-14,0,PKM
1.14519639044567e-18,1.6032648583109184,0.281,0.081,4.191533308670197e-14,0,NAGK
1.2149207739645802e-18,0.9676191163338469,0.544,0.273,4.44673152478776e-14,0,TMED5
1.4554171263875781e-18,1.4498691853596626,0.388,0.129,5.3269722242911745e-14,0,ATP6V0D1
1.4669048089867761e-18,1.1780721367273443,0.599,0.288,5.369018291372499e-14,0,DDX60L
1.48628288881686e-18,1.747173694860074,0.294,0.08,5.4399440013585895e-14,0,GCNT2
1.5803302006151935e-18,1.1303478154456814,0.586,0.273,5.784166567271669e-14,0,SOAT1
1.884549083036503e-18,0.9378349502159915,0.451,0.207,6.897638098821904e-14,0,MLXIP
2.418448328185084e-18,1.3644815954047111,0.378,0.135,8.851762725990227e-14,0,LTA4H
2.972641625656423e-18,0.9239672939693647,0.592,0.296,1.0880165614065074e-13,0,FAM91A1
3.1633454315763252e-18,0.9134868650093578,0.349,0.159,1.1578160614112508e-13,0,KLHDC10
3.1803085808155935e-18,1.2909456758043316,0.493,0.187,1.1640247436643153e-13,0,ADA2
3.4196784739765573e-18,1.4465741411206285,0.47,0.164,1.2516365182601598e-13,0,OGFRL1
3.694338637433087e-18,1.364593408583565,0.457,0.16,1.3521648846868842e-13,0,ATP6V1A
3.722286473358444e-18,1.9290281303199286,0.266,0.061,1.362394072113924e-13,0,NEK6
4.343928252830821e-18,0.8847458553662622,0.788,0.489,1.589921179818609e-13,0,CAB39
4.911374978513306e-18,1.707554574527073,0.262,0.087,1.797612355885655e-13,0,IFI44L
5.628115556619508e-18,1.5464048989669368,0.283,0.072,2.059946574878306e-13,0,PLXND1
6.215817417517617e-18,2.166649021943673,0.281,0.056,2.275051332985623e-13,0,PRKACA
6.265717685586509e-18,1.3777653638971876,0.462,0.163,2.293315330101518e-13,0,XRCC4
7.183283300193747e-18,1.1989756428022147,0.452,0.181,2.629153520703913e-13,0,RHOT1
7.846442250120766e-18,1.2383818592610996,0.291,0.105,2.871876327966702e-13,0,DHRS7B
8.632174378018908e-18,0.8371837144682092,0.521,0.265,3.159462144098701e-13,0,ERGIC1
8.849981788309538e-18,1.222249919398915,0.396,0.151,3.2391818343391737e-13,0,NCOA4
9.116775761781439e-18,0.6543547861076644,0.61,0.314,3.3368310965696244e-13,0,MTSS1
9.399310248575245e-18,0.5843601535705021,0.776,0.522,3.4402415440810254e-13,0,SETX
9.620852067363248e-18,0.5704441910872102,0.44,0.242,3.5213280651756227e-13,0,WASL
9.689679043116488e-18,1.441821185727574,0.425,0.144,3.5465194265710657e-13,0,ATG16L2
1.0877937383434e-17,0.6780575019331327,0.74,0.448,3.9814338617106785e-13,0,MYO5A
1.1328200677017015e-17,1.0528863960809027,0.584,0.269,4.1462347297949977e-13,0,GALNT7
1.4884222986366215e-17,1.460268437767428,0.332,0.101,5.447774455239899e-13,0,HLA-DRB5
1.5155109819555887e-17,1.7037096267261567,0.278,0.074,5.54692174505565e-13,0,DAGLB
1.5179093930241165e-17,0.9653939161143688,0.636,0.399,5.555700169407569e-13,0,STAT1
1.7498766398318757e-17,1.1199471058285932,0.628,0.277,6.404723489448648e-13,0,KLF7
1.7824603412418068e-17,1.0284650946601965,0.421,0.182,6.523983094979137e-13,0,TUBGCP2
2.0528633683445115e-17,0.9823620565005647,0.667,0.38,7.513685214477747e-13,0,GNA13
2.0858189031879955e-17,0.7504656742297662,0.809,0.516,7.634305767558382e-13,0,TBL1X
2.2326019771516872e-17,1.3676804105618046,0.289,0.09,8.17154649657289e-13,0,HLA-DMB
2.5107228638560214e-17,1.7654685197971043,0.266,0.067,9.189496753999425e-13,0,MLKL
2.599812803830519e-17,1.4440378844051114,0.376,0.127,9.515574843300082e-13,0,ARHGAP21
2.860781444868532e-17,0.9533520903790946,0.471,0.216,1.0470746166363313e-12,0,PDLIM5
2.870601789691014e-17,0.8427323718536439,0.642,0.344,1.0506689610448082e-12,0,SMURF1
3.088219801492948e-17,1.4199313497236472,0.299,0.12,1.130319329544434e-12,0,IFI44
3.1115940751641e-17,1.042133579195439,0.637,0.298,1.138874547450812e-12,0,CMTM6
3.2650946707338455e-17,0.9609928377935714,0.413,0.18,1.1950573004352947e-12,0,SERTAD2
3.3264624687091465e-17,0.9277967254618643,0.679,0.401,1.2175185281722346e-12,0,PARP14
3.384435109228147e-17,1.4114135173048115,0.327,0.114,1.2387370943285942e-12,0,PIGX
4.7822800855643467e-17,0.9122430313243953,0.549,0.277,1.7503623341174066e-12,0,MFSD14B
6.632088620691816e-17,0.8086656782304132,0.382,0.185,2.4274107560594115e-12,0,SIL1
7.817859657252174e-17,1.378728136376882,0.328,0.109,2.8614148131508683e-12,0,NFIC
8.662274192287306e-17,1.118895329028938,0.577,0.268,3.170478977119077e-12,0,MAP4K3
8.93950076400757e-17,0.9755405153692973,0.587,0.277,3.2719466746344105e-12,0,VCL
9.054334303879237e-17,1.3956877715275875,0.335,0.117,3.3139768985628397e-12,0,CBX6
9.182350650757411e-17,1.3078705607626055,0.426,0.159,3.36083216168372e-12,0,PLEKHM2
9.285059414208657e-17,1.5006703786304656,0.286,0.088,3.3984245961945106e-12,0,DPYSL2
1.0454833572211056e-16,0.7692512410298913,0.631,0.362,3.826573635764969e-12,0,MAN1A1
1.1454605903325466e-16,1.0333698782216125,0.403,0.169,4.192500306676154e-12,0,CPEB3
1.2263768665162445e-16,1.0664616756780396,0.446,0.179,4.4886619691361064e-12,0,SUSD1
1.3515045463161897e-16,1.1473741177831185,0.603,0.329,4.946641789971886e-12,0,SLA
1.6289880502047776e-16,0.5995581541005504,0.693,0.43,5.962259162554506e-12,0,AFTPH
1.6351558032261243e-16,0.6848194570459997,0.421,0.226,5.984833755387937e-12,0,SAP30BP
1.6914551536642445e-16,0.6050622952184241,0.659,0.412,6.1908950079265016e-12,0,HTT
1.7055168485755265e-16,0.8616180528882686,0.575,0.3,6.242362217471284e-12,0,BNIP3L
2.0806868357852842e-16,1.2838723666073788,0.387,0.135,7.615521887657719e-12,0,CTNND1
2.402626523296108e-16,1.1566570728582155,0.352,0.138,8.793853337916084e-12,0,MGRN1
2.4104299566678687e-16,1.156415037350392,0.616,0.269,8.822414684400066e-12,0,UHRF1BP1L
2.6672758161031354e-16,0.8081959205912657,0.398,0.191,9.762496214519086e-12,0,PPP4R1
2.959736859567578e-16,1.025623934507004,0.454,0.189,1.0832932879703293e-11,0,ARSB
3.2504101536661435e-16,1.1707623641735285,0.318,0.117,1.1896826203433451e-11,0,YBX3
3.45325302853963e-16,0.992977369135877,0.518,0.251,1.2639251409757901e-11,0,LRRC8D
3.6560988663513354e-16,1.0659111729462218,0.606,0.286,1.3381687460732523e-11,0,TRIM38
3.799464410509884e-16,0.9617515838124145,0.39,0.169,1.3906419688907225e-11,0,FEZ2
4.412660013643901e-16,0.7280174558125861,0.668,0.385,1.615077691593804e-11,0,RAF1
4.431051233672144e-16,1.3192722309511913,0.387,0.136,1.6218090620363416e-11,0,EHBP1L1
4.498511807239361e-16,1.8532289226791234,0.267,0.064,1.6465003065676783e-11,0,FCGRT
4.866159978412992e-16,1.283391779492942,0.371,0.141,1.7810632136989392e-11,0,PI4K2A
5.528248202483214e-16,1.0369505750561705,0.318,0.134,2.023394124590881e-11,0,ULK1
6.585965949320102e-16,0.6952562445141695,0.865,0.607,2.4105293971106503e-11,0,ACTR3
6.710539323699376e-16,1.478297703389658,0.341,0.112,2.4561244978672083e-11,0,ELL
7.299475852401918e-16,0.7051129632245308,0.667,0.378,2.671681156737626e-11,0,WWP2
8.418731922686192e-16,1.7831057217723854,0.264,0.069,3.0813400710223736e-11,0,UNC93B1
9.220883047353504e-16,0.8017401211564618,0.618,0.329,3.374935404161856e-11,0,SNTB1
9.297783333406757e-16,0.7929332842778724,0.573,0.297,3.403081677860207e-11,0,CDK19
9.590413232845976e-16,1.341183037216878,0.42,0.173,3.5101871473539557e-11,0,ZBTB43
1.2712957230292422e-15,1.4390579911689736,0.38,0.129,4.653069475859329e-11,0,MAP2K3
1.4583686214400754e-15,1.162969040176682,0.303,0.114,5.33777499133282e-11,0,FERMT3
1.9109304046618193e-15,0.5258851886616736,0.939,0.768,6.994196374102725e-11,0,PIAS1
1.9811958941474893e-15,1.266861547901974,0.281,0.085,7.251375092169226e-11,0,MYO1E
2.2300755188174377e-15,1.7473859070372009,0.283,0.073,8.162299406423703e-11,0,TLR1
2.2797176575153855e-15,0.6183178358230568,0.6,0.349,8.343994598272063e-11,0,IL10RA
2.4354013794482958e-15,1.3498255423392225,0.472,0.184,8.913812588918708e-11,0,BIN3
2.635014292008003e-15,0.8405043174350505,0.571,0.298,9.644415810178492e-11,0,ANP32A
2.6351066819163657e-15,1.068035442000784,0.503,0.219,9.64475396648209e-11,0,NPTN
2.961894162097592e-15,0.6976921745505045,0.617,0.319,1.0840828822693396e-10,0,TRAK1
3.171797370970034e-15,1.2893788142400178,0.34,0.115,1.1609095557487421e-10,0,FCHO2
3.3979770422723645e-15,0.9289828946681526,0.401,0.179,1.243693577242108e-10,0,MCU
3.920489533633588e-15,1.0383607419549847,0.416,0.179,1.4349383742052296e-10,0,GDAP2
3.933541134687471e-15,1.8766927091776555,0.287,0.066,1.4397153907069611e-10,0,LAT2
3.993511925678797e-15,0.8511637061426791,0.408,0.198,1.4616652999176965e-10,0,TM9SF4
4.302529799099056e-15,1.5203819682604856,0.29,0.089,1.5747689317682456e-10,0,PARVB
5.141773112090121e-15,1.5669227644349817,0.323,0.115,1.8819403767561051e-10,0,FAR2
5.307552032924262e-15,1.7763774840434499,0.333,0.098,1.9426171195706091e-10,0,TMCC3
5.6675674188782946e-15,0.7053151557863101,0.347,0.169,2.0743863509836447e-10,0,ATRN
5.994947994581019e-15,0.9415330576321237,0.589,0.292,2.1942109154965988e-10,0,UIMC1
6.0043592418516425e-15,1.361375439265164,0.355,0.116,2.1976555261101198e-10,0,GNS
6.204556133307928e-15,1.526209643111569,0.27,0.082,2.2709295903520346e-10,0,WIPI1
6.8624994438744366e-15,1.582040221726277,0.29,0.082,2.5117434214524827e-10,0,SH3TC1
6.870694387399416e-15,0.524746920948653,0.847,0.572,2.5147428527320604e-10,0,ADAM10
7.166067494993061e-15,0.9465597260824128,0.482,0.23,2.62285236384241e-10,0,B4GALT5
9.15007256442383e-15,1.6337729191621704,0.271,0.08,3.349018059304766e-10,0,DOT1L
9.171186538677796e-15,0.7552219720811779,0.434,0.219,3.35674598502146e-10,0,OS9
9.261355331331716e-15,0.8986706778314308,0.505,0.243,3.3897486648207215e-10,0,KDM4B
1.034408273672659e-14,1.2908776345882096,0.29,0.1,3.7860377224692995e-10,0,PPP1R15A
1.1070514505156654e-14,1.2273651400366674,0.405,0.157,4.0519190140323866e-10,0,CYTH4
1.1860997583149636e-14,1.4231320434586057,0.3,0.105,4.341243725408598e-10,0,ANKDD1A
1.2747324072375457e-14,0.9548711256222914,0.626,0.298,4.665648083730141e-10,0,RPS6KC1
1.3808077343234348e-14,1.0425514291041007,0.363,0.146,5.053894388397204e-10,0,HSPBAP1
1.5816404004689614e-14,1.24916380480473,0.262,0.096,5.788962029756446e-10,0,DIPK2A
1.699315366889895e-14,1.3825173391181553,0.268,0.094,6.219664174353704e-10,0,ST3GAL2
1.756035259362367e-14,0.7489087320318488,0.82,0.488,6.4272646527922e-10,0,EIF4G3
1.8557920327359464e-14,1.2033645460408615,0.396,0.153,6.792384419016838e-10,0,MOB3A
2.0762422512582566e-14,1.1754445588967464,0.424,0.173,7.599254263830345e-10,0,SEC24D
2.3775927909647395e-14,1.2095746874398718,0.295,0.102,8.702227374210043e-10,0,HIP1
2.5295223329110118e-14,1.328433974724899,0.369,0.14,9.258304690687595e-10,0,MINK1
2.796933682711554e-14,0.814911130278396,0.526,0.302,1.0237056972092558e-9,0,MAPKAPK2
3.082377752256235e-14,0.8387472618173725,0.66,0.373,1.1281810811033046e-9,0,KDM3B
3.249039001703934e-14,0.5340153434759789,0.725,0.502,1.189180765013657e-9,0,EIF5
3.3279708010524806e-14,0.6999968551538872,0.58,0.316,1.2180705928932183e-9,0,SNX2
3.646265018063631e-14,0.6364417971161078,0.617,0.37,1.3345694592614695e-9,0,KPNA4
3.710424586458299e-14,0.6555181767771114,0.896,0.666,1.3580525028896019e-9,0,MAP3K2
3.800526371429409e-14,0.7344655723913401,0.679,0.385,1.391030657206878e-9,0,CLIP1
5.029669031322528e-14,1.6337581875587888,0.356,0.14,1.8409091621543586e-9,0,AL512603.2
5.832589567149452e-14,0.9940970091154384,0.401,0.177,2.134786107472371e-9,0,MARK2
6.671336856617185e-14,0.7875017609071373,0.321,0.149,2.441776002890456e-9,0,CD4
7.144307255249089e-14,0.9052303294749429,0.518,0.261,2.614887898493719e-9,0,GNAI3
7.340541666391692e-14,0.9826475734235501,0.671,0.353,2.6867116553160233e-9,0,SLC39A11
7.372368027986438e-14,0.9084928986119347,0.571,0.289,2.698360421923316e-9,0,HM13
8.128136245675635e-14,0.6327879111796664,0.915,0.661,2.974979147279739e-9,0,TAOK3
1.0351704886629605e-13,1.2758356110540807,0.31,0.12,3.788827505555302e-9,0,CKLF
1.055655749016462e-13,0.6962527157023672,0.41,0.204,3.8638056069751525e-9,0,FAM168A
1.1025065777371948e-13,1.3428808404620407,0.354,0.129,4.035284325175907e-9,0,ANO10
1.1734234813082506e-13,1.3983495193695241,0.444,0.148,4.294847283936328e-9,0,FNIP2
1.1886794144067137e-13,1.0459702825627049,0.349,0.142,4.350685524670013e-9,0,SYNE3
1.2371659734994663e-13,1.055087133290036,0.389,0.16,4.528151179605397e-9,0,STXBP2
1.346091151323851e-13,1.0660967905184604,0.467,0.235,4.926828222960427e-9,0,OXSR1
1.4767854519672831e-13,0.982565129999173,0.557,0.258,5.405182432745453e-9,0,RAC1
1.4947841447202615e-13,0.8486388204562209,0.336,0.154,5.471059448090629e-9,0,SELENOO
1.6633159031484884e-13,1.21186507564019,0.287,0.113,6.0879025371137826e-9,0,KIAA1958
1.7018863952679925e-13,0.7079378304030123,0.38,0.197,6.229074395320379e-9,0,GLIPR1
1.7610967549214566e-13,0.9013206498950328,0.436,0.224,6.445790232688023e-9,0,S100A10
1.7633703730548852e-13,0.7243134562261206,0.598,0.34,6.454111902418185e-9,0,GIT2
1.8326228359199896e-13,1.5964360336024392,0.3,0.084,6.707582841750753e-9,0,PLIN3
1.853433320604138e-13,1.2763563565598401,0.304,0.106,6.783751296743205e-9,0,MYO15B
1.8607582660922638e-13,1.6831909116108705,0.28,0.076,6.810561329724295e-9,0,AC253572.2
2.0854542729064607e-13,1.6655727769706024,0.286,0.085,7.632971184264937e-9,0,FOSB
2.0953797546223773e-13,1.723501671249331,0.29,0.078,7.669299439893363e-9,0,ELF4
2.90890647881227e-13,0.7102912278368322,0.271,0.132,1.064688860310079e-8,0,QSER1
3.040530354891926e-13,1.4723142026035363,0.251,0.08,1.1128645151939937e-8,0,ITGA5
3.142086049702449e-13,0.8743902238271615,0.503,0.257,1.1500349150515934e-8,0,MTMR14
3.2889066950341993e-13,0.6202032513862299,0.787,0.558,1.2037727394494672e-8,0,NFAT5
3.369038606460261e-13,0.77425814399538,0.375,0.221,1.23310182035052e-8,0,ZBTB16
3.429237497317253e-13,1.124977321709555,0.453,0.23,1.2551352163930878e-8,0,MX2
3.5554151341025767e-13,0.9525016830040971,0.313,0.137,1.301317493232884e-8,0,KLHL8
3.7497470997574326e-13,0.5206991953995816,0.883,0.664,1.3724449359822179e-8,0,CAST
4.00488128639722e-13,0.5964637154858938,0.824,0.602,1.4658265996342465e-8,0,CD53
4.0583353571253703e-13,0.5539946640366513,0.794,0.534,1.4853913240614569e-8,0,SOS2
5.027192518552764e-13,1.0445439984615377,0.407,0.183,1.840002733715497e-8,0,UBE2J1
5.754044554043878e-13,0.8024554165287129,0.519,0.279,2.1060378472255996e-8,0,TP53BP2
5.949626496252962e-13,1.007606647177457,0.471,0.209,2.1776227938935465e-8,0,STX12
6.025304988453512e-13,1.0669440663002352,0.515,0.22,2.2053218788238702e-8,0,PPFIA1
6.213525894349634e-13,0.8164334559931251,0.756,0.459,2.2742126125909095e-8,0,TACC1
6.246528859286359e-13,0.6935356702483593,0.689,0.414,2.2862920277874004e-8,0,OSBPL9
6.26776682257359e-13,1.3274131076623772,0.305,0.105,2.2940653347301596e-8,0,SH2D3C
6.601474314493882e-13,0.5500063163201345,0.381,0.146,2.4162056138479057e-8,0,GAB1
6.873446834092264e-13,1.4508012992187764,0.316,0.101,2.5157502757461095e-8,0,TMEM127
7.000348137874308e-13,0.8086353264751232,0.5,0.249,2.5621974219433756e-8,0,MAP3K8
7.074751684870328e-13,0.8989861993178647,0.412,0.214,2.5894298641793885e-8,0,IRF2BP2
7.123415730826292e-13,0.595755273370347,0.596,0.38,2.6072413916397312e-8,0,FBXO34
7.925526636920099e-13,0.9226440163373579,0.435,0.204,2.9008220043791254e-8,0,AP3S2
8.056390116866453e-13,0.800934377267337,0.449,0.235,2.9487193466742904e-8,0,AZIN1
8.333723668118123e-13,1.25842408329954,0.418,0.155,3.0502261997679145e-8,0,TRIM8
9.90103105804214e-13,0.9432126774781668,0.627,0.312,3.6238763775540036e-8,0,DCTN4
1.1295996453220256e-12,1.5023683617231673,0.258,0.081,4.1344476618431456e-8,0,FLOT1
1.1646789635243623e-12,0.6773577335349151,0.527,0.29,4.262841474395518e-8,0,GARS-DT
1.241945732759471e-12,1.109849501063768,0.329,0.131,4.54564557647294e-8,0,GNG5
1.2592401651410917e-12,1.2570421582879914,0.297,0.111,4.60894492843291e-8,0,WDR74
1.261179208145704e-12,0.6624328555731052,0.651,0.395,4.616042019734091e-8,0,IFNAR2
1.2660935731105532e-12,1.586052883088743,0.336,0.095,4.6340290869419356e-8,0,SLC44A1
1.3257549038266384e-12,0.882070376567514,0.428,0.207,4.8523955234958794e-8,0,NAPG
1.3861660399858763e-12,0.6504902057756232,0.721,0.453,5.073506322952306e-8,0,RYBP
1.467046680158644e-12,0.9312579405494187,0.32,0.142,5.369537554048653e-8,0,CNPY3
1.6158191201163963e-12,0.6803186017232572,0.332,0.17,5.914059561538022e-8,0,EIF4G1
1.7524463923832513e-12,0.6603946053349621,0.733,0.465,6.414129040761938e-8,0,PTPN2
1.7539383629189247e-12,1.2784372614610915,0.259,0.081,6.419589802119556e-8,0,CIITA
1.8428901627047528e-12,0.8645308022063656,0.53,0.259,6.745162284515666e-8,0,POLK
2.0548176797556728e-12,0.5008871855114012,0.863,0.649,7.520838189673738e-8,0,SP3
2.174230011704044e-12,0.5279598709579103,0.86,0.609,7.957899265837972e-8,0,SAMHD1
2.2855075620906557e-12,0.735400433678607,0.493,0.26,8.365186228008009e-8,0,AC009093.2
2.3225318281747015e-12,0.6669005198266303,0.596,0.341,8.500698744302225e-8,0,ECPAS
2.3472853545629394e-12,0.5338007568794313,0.574,0.36,8.591299126235815e-8,0,DEK
2.5003784318416333e-12,0.9312043045992753,0.403,0.176,9.151635098383562e-8,0,RRBP1
2.8169150638112615e-12,0.7132733789155977,0.519,0.289,1.0310190825055597e-7,0,NSMAF
2.901114760420968e-12,0.5861484454516643,0.675,0.43,1.0618370134616784e-7,0,SUMF1
3.2222557012891997e-12,1.8559046411853921,0.275,0.064,1.17937780922886e-7,0,CKAP4
3.5980590585312678e-12,1.0786467413028988,0.389,0.13,1.3169255960130292e-7,0,DNMBP
3.7382415643327945e-12,1.332194929858292,0.281,0.103,1.368233794961446e-7,0,AC103591.3
3.8255424914587706e-12,0.8899879815386207,0.544,0.259,1.4001868072988245e-7,0,SEC14L1
3.928471213093058e-12,1.2160044036329063,0.304,0.114,1.4378597487041902e-7,0,CTDSP1
4.101616915751449e-12,0.6931611537112529,0.479,0.237,1.501232807334188e-7,0,GALNT2
4.134092493495604e-12,0.7279112929047497,0.603,0.318,1.5131191935443262e-7,0,CACUL1
4.282504494753317e-12,0.9268301586428608,0.362,0.159,1.5674394701246616e-7,0,PLEC
4.542520828845341e-12,0.55298227054217175,0.481,0.277,1.6626080485656833e-7,0,DNAJC7
4.735511308742608e-12,1.3956958447295906,0.405,0.153,1.7332444941128821e-7,0,CPB2-AS1
5.455822510195843e-12,0.9518593511457161,0.328,0.143,1.9968855969567806e-7,0,CRK
5.479898969567979e-12,0.501073654063863,0.758,0.551,2.005697821851576e-7,0,CCNY
5.505014204166076e-12,0.5500467851235815,0.642,0.402,2.0148902488668255e-7,0,CLTC
5.687630417309523e-12,1.0865550214478321,0.301,0.12,2.0817296090394587e-7,0,PTPN18
5.818567006491148e-12,0.7154121408668954,0.406,0.214,2.129653710045825e-7,0,ZMYM6
6.009809032381048e-12,1.6177039352663067,0.289,0.084,2.1996502039417874e-7,0,SH3GL1
6.869087853277939e-12,1.1237253771838709,0.413,0.175,2.5141548451782585e-7,0,APAF1
7.008325079661409e-12,0.6911671496715704,0.476,0.291,2.565117062406872e-7,0,SH3BP5
7.111742062233975e-12,0.6205312641766456,0.508,0.289,2.602968712198257e-7,0,PER1
7.524426230591245e-12,0.9507235754125684,0.375,0.169,2.7540152446587015e-7,0,SPAST
8.270817139561649e-12,0.9973211926464373,0.368,0.165,3.027201781250959e-7,0,RCC2
9.120219734843477e-12,0.800575347626785,0.351,0.179,3.3380916251500606e-7,0,CASP4
9.55506480514508e-12,0.6881294865100316,0.762,0.493,3.4972492693311507e-7,0,EP300
1.0304168921733412e-11,1.2194502199630894,0.348,0.144,3.771428867043646e-7,0,ALCAM
1.0479461246741779e-11,0.646721779706692,0.552,0.323,3.8355876109199586e-7,0,ERICH1
1.0631940688821635e-11,0.7756935501223242,0.356,0.175,3.8913966115156065e-7,0,LONRF1
1.0675446998354209e-11,0.7466634037554822,0.412,0.214,3.907320355867624e-7,0,TBC1D14
1.0718044123353065e-11,0.7027150617881176,0.333,0.167,3.9229113295884554e-7,0,ARNT
1.0835502011852813e-11,2.1111712002643,0.252,0.065,3.965902091358248e-7,0,NOCT
1.0902518392293419e-11,0.5191381790593597,0.506,0.305,3.9904307567633145e-7,0,KPNA3
1.2955786446616105e-11,0.8161029094976928,0.751,0.454,4.7419473973259607e-7,0,LCP2
1.4811323902509214e-11,0.7506420710181974,0.441,0.232,5.421092661557397e-7,0,KCTD20
1.5838262532854598e-11,1.1877074352789274,0.294,0.112,5.796962469650112e-7,0,MKNK1
1.6441444135113808e-11,0.9601331274511646,0.343,0.141,6.017732967893005e-7,0,NFIA
1.7035754910016697e-11,1.215621417400163,0.345,0.13,6.235256654615211e-7,0,ADIPOR1
1.7668482184784845e-11,0.6100037448361746,0.775,0.508,6.466841164453101e-7,0,RB1
1.8154583707168838e-11,0.6709351097642019,0.524,0.289,6.644759182660867e-7,0,GPATCH2L
1.9654787415155744e-11,1.0610285701660547,0.395,0.166,7.193848741821154e-7,0,IL10RB
2.0531756271866665e-11,0.7445914240328773,0.303,0.148,7.514828113065918e-7,0,ABHD12
2.3049529461538713e-11,0.8148703532769809,0.419,0.204,8.436358278217785e-7,0,GBE1
2.3814966374560145e-11,0.5700015593553321,0.56,0.357,8.716515842752758e-7,0,USP12
2.8197820933689608e-11,0.5212765805580987,0.515,0.307,1.0320684439939733e-6,0,KCNAB2
3.282596569988114e-11,0.5518591538548585,0.679,0.445,1.2014631705813495e-6,0,RIOK3
3.652761040307117e-11,0.5171081906654775,0.88,0.679,1.336947068362808e-6,0,ZFAND6
4.322585026243058e-11,0.9123268575060368,0.397,0.191,1.5821093454552217e-6,0,TCOF1
4.473672688711147e-11,0.6531202369262772,0.438,0.24,1.637408940795167e-6,0,STXBP3
4.535098309417126e-11,0.5223920771473445,0.488,0.296,1.6598913322297622e-6,0,PGK1
4.6639750896447875e-11,0.8737772761807715,0.424,0.199,1.7070615225608886e-6,0,TMEM154
4.6696944256595275e-11,0.9534631437970054,0.269,0.115,1.7091548567356437e-6,0,WDR41
5.480275228743161e-11,0.9696890008434703,0.305,0.133,2.0058355364722845e-6,0,GUSB
5.5191315367014004e-11,0.7928466253010757,0.447,0.224,2.0200573337480797e-6,0,HADHB
5.770807696209225e-11,1.6184632093535318,0.38,0.133,2.1121733248895384e-6,0,EHD4
5.923343538653537e-11,1.096091818981247,0.428,0.194,2.1680029685825812e-6,0,CROCC
6.697564978584495e-11,0.852485258507041,0.482,0.248,2.451375757811711e-6,0,RHEB
7.002214007054949e-11,1.0008001969202458,0.457,0.22,2.562880348722182e-6,0,MEF2D
7.26471246047379e-11,0.8259338909825378,0.371,0.181,2.658957407658012e-6,0,STAT6
7.375432151936172e-11,0.7418496645378763,0.614,0.35,2.6994819219301583e-6,0,HDAC4
8.120536755694239e-11,0.7996996900914112,0.59,0.337,2.9721976579516483e-6,0,FOXN2
8.136148081403541e-11,0.6647256126299084,0.712,0.444,2.9779115592745103e-6,0,NFE2L2
8.626204177240636e-11,0.6353736359549562,0.418,0.229,3.157276990911845e-6,0,LIMD1
8.832210520992053e-11,1.2247420391005996,0.901,0.688,3.2326773727883014e-6,0,MTRNR2L8
8.976164654525064e-11,0.5286054670170368,0.748,0.491,3.285366025202719e-6,0,ATF6
9.04931483081811e-11,0.8700184050096047,0.31,0.151,3.3121397212277367e-6,0,UBXN2B
9.146558427687231e-11,0.9029030590014671,0.32,0.141,3.3477318501178035e-6,0,OGFR
1.0060717266254025e-10,0.7123260145608348,0.904,0.786,3.6823231266216355e-6,0,CD44
1.0297446439024561e-10,0.5115706275166927,0.881,0.701,3.76896837114738e-6,0,UBE2D3
1.1054537855105603e-10,0.6315281697330858,0.391,0.209,4.046071400347202e-6,0,LGALS8
1.1821785900482222e-10,0.881705375079067,0.377,0.171,4.326891857435498e-6,0,CALCOCO2
1.2821567837844242e-10,0.6211681422560149,0.329,0.196,4.6928220443293706e-6,0,XAF1
1.4991958042069413e-10,0.880424615965701,0.358,0.162,5.487206562977826e-6,0,ITPRIP
1.5376034914292614e-10,1.009696985693197,0.29,0.12,5.62778253898024e-6,0,SP1
1.544256213160627e-10,0.9000009888594248,0.484,0.237,5.65213216578921e-6,0,HK1
1.6428162108814685e-10,0.5020249519373443,0.829,0.607,6.012871613447263e-6,0,RAB2A
1.662045448976806e-10,1.041905016799448,0.352,0.155,6.083252547800007e-6,0,STAT2
1.7237509790523517e-10,0.933252356319086,0.328,0.143,6.309100958429512e-6,0,TNK2
1.9009575037462122e-10,0.8704370459804996,0.565,0.335,6.9576945594615116e-6,0,PNPLA8
1.9730797133062958e-10,0.7599480429307153,0.458,0.232,7.221669058672373e-6,0,GRK2
2.0053866385581597e-10,0.5127065527971357,0.37,0.205,7.339915635786721e-6,0,AHCYL2
2.0551205331289245e-10,0.7635020367688549,0.696,0.411,7.521946663305177e-6,0,IGF2R
2.0593135965301967e-10,0.9749719887135353,0.348,0.153,7.537293694660173e-6,0,ZNF592
2.0994317619398233e-10,0.6220152209326204,0.435,0.233,7.684130191875948e-6,0,MYO1G
2.6134729416822133e-10,1.2412183516943964,0.26,0.088,9.56557231385107e-6,0,TPCN1
2.621418925958881e-10,0.7556932717108337,0.642,0.355,9.594655410902102e-6,0,DNAJC3
2.68437897218522e-10,0.7417876835808462,0.305,0.149,9.825095476095124e-6,0,RPGR
2.7539577486720096e-10,0.61784012806305455,0.616,0.381,1.0079760755914422e-5,0,GATAD2A
3.132442227663807e-10,0.907847413331073,0.303,0.141,1.14650517974723e-5,0,LAP3
3.1649458262472803e-10,1.1725280311338548,0.259,0.095,1.1584018218647671e-5,0,AC011933.4
3.372311034965342e-10,0.9382244070849307,0.383,0.169,1.2342995619076649e-5,0,PLEKHM1
3.4399445352935757e-10,0.7109623497311975,0.522,0.276,1.2590540993628016e-5,0,AGPAT3
3.461803086650281e-10,0.8923632078180053,0.282,0.124,1.2670545477448694e-5,0,TPP1
4.4124247225008136e-10,1.2597330127943844,0.272,0.096,1.6149915726825227e-5,0,TCIRG1
4.4413951080379205e-10,0.7766474211560013,0.351,0.17,1.6255950234929594e-5,0,METTL9
5.119180839223713e-10,0.7281634926463004,0.374,0.188,1.8736713789642713e-5,0,PHLPP1
6.185460992873013e-10,0.7065838748963803,0.296,0.147,2.2639405780014514e-5,0,PDPK1
6.360422817328356e-10,0.6292472437067402,0.494,0.268,2.3279783553703514e-5,0,BTBD7
6.366073862792631e-10,0.9302790723320278,0.339,0.148,2.330046694520731e-5,0,SKIL
6.502702753735516e-10,1.2030882928123663,0.291,0.105,2.3800542348947364e-5,0,LFNG
6.81170432788138e-10,0.5659494978326749,0.263,0.141,2.4931519010478637e-5,0,SLC25A24
7.333610526107561e-10,1.1888143784548375,0.524,0.318,2.6841747886606285e-5,0,SOD2
7.805196551925891e-10,0.7473014034845457,0.283,0.135,2.856779989970395e-5,0,LAMP2
7.921197597133399e-10,1.1777295522561402,0.284,0.105,2.8992375325267952e-5,0,CLCN7
8.131924590870537e-10,0.971615327023983,0.251,0.106,2.9763657195045254e-5,0,NUP50-DT
8.224131707536844e-10,0.9859817507238218,0.272,0.114,3.0101144462755603e-5,0,HEATR5A
8.350474998636017e-10,1.4285541000864859,0.29,0.094,3.056357354250769e-5,0,RIT1
8.926046314482566e-10,0.6016353624062735,0.616,0.368,3.267022211563764e-5,0,ZBTB7A
8.991185776160492e-10,1.0622860072745155,0.287,0.114,3.2908639059325014e-5,0,CWC25
9.433623038755067e-10,0.9839735584138902,0.252,0.106,3.452800368414742e-5,0,SNX18
9.70317724867566e-10,0.6915252904111645,0.625,0.352,3.551459904787778e-5,0,ARMH3
9.75432995413469e-10,0.7973588933759477,0.422,0.215,3.570182306512838e-5,0,CTNNBL1
1.0703061553537998e-9,0.9770379933976606,0.336,0.144,3.917427559210442e-5,0,DAP
1.0989476496958654e-9,0.7388930610037128,0.591,0.337,4.022258292651837e-5,0,TXNDC11
1.1783680852109885e-9,0.8865933069460722,0.528,0.264,4.312945028680739e-5,0,MTMR10
1.1895487945024546e-9,0.5608842794587939,0.505,0.293,4.353867542758434e-5,0,UBE2E3
1.210001478158237e-9,0.638052416003514,0.284,0.152,4.428726410206963e-5,0,ATF7
1.2553590799529729e-9,0.6141734833386416,0.795,0.595,4.594739768535876e-5,0,FKBP5
1.3475432994983333e-9,0.7685599863845127,0.564,0.312,4.9321432304938494e-5,0,MTMR6
1.3906382168127689e-9,1.3364699177936714,0.285,0.1,5.089874937356415e-5,0,MTF1
1.4232143811959546e-9,0.6946975852901066,0.531,0.296,5.209106956615314e-5,0,RLIM
1.7193782879807437e-9,0.6169578904502485,0.735,0.474,6.29309647183832e-5,0,EIF4A1
1.856536908498272e-9,0.5860589464278153,0.472,0.228,6.795110738794526e-5,0,GNA12
2.6812234022218115e-9,0.6570298150525606,0.434,0.268,9.813545774472053e-5,0,IFRD1
2.803697623269798e-9,1.0715429611097698,0.312,0.123,1.0261813670929788e-4,0,RAP2B
3.2119450890071886e-9,0.7753927553864228,0.293,0.14,1.1756040220275211e-4,0,ZDHHC3
3.4007574561039367e-9,0.6568378198565699,0.568,0.32,1.244711236508602e-4,0,SMG7
3.630084047237179e-9,1.1516992958011012,0.271,0.101,1.32864706212928e-4,0,ATP6V0B
3.6405426604127856e-9,0.8246763240773265,0.323,0.143,1.3324750191376838e-4,0,RHBDF2
4.032103821280063e-9,1.108916162617155,0.412,0.176,1.4757903196267158e-4,0,SASH3
4.62694032646465e-9,0.6939079781871365,0.367,0.181,1.6935064288893265e-4,0,FAM135A
5.253762412817295e-9,0.5416704588255989,0.594,0.378,1.922929580715258e-4,0,SH3GLB1
5.3789997990735475e-09,0.7346499059889073,0.44,0.225,1.9687677164589092e-4,0,ATXN3
5.5842966782083e-9,0.5551369399362613,0.276,0.147,2.0439084271910198e-4,0,PCGF3
5.695191115057433e-9,0.6439496929351893,0.549,0.314,2.084496900022171e-4,0,ARF1
5.807723118687e-9,0.6493746015771275,0.468,0.23,2.125684738670629e-4,0,ENTPD1-AS1
5.842496836703793e-9,1.1221644705705724,0.356,0.143,2.1384122672019553e-4,0,DHX57
6.276873325439707e-9,0.5923888724644185,0.436,0.246,2.297398405844187e-4,0,RELB
7.0900609643888255e-9,0.5067503654201955,0.671,0.451,2.595033213575954e-4,0,DDX3X
7.115322184432772e-9,0.7601832171596685,0.438,0.222,2.604279072724239e-4,0,AREL1
7.577335837299485e-9,0.9584497258453659,0.267,0.113,2.7733806898099845e-4,0,AP2A1
8.030198662294029e-9,0.7929307896275353,0.562,0.307,2.9391330123862376e-4,0,SLC23A2
8.06903013899818e-9,0.5186121447725458,0.31,0.172,2.953345721174724e-4,0,CCDC144A
8.08910980816572e-9,0.9316760685097061,0.39,0.197,2.960695080886735e-4,0,MAP1LC3B
8.967408590825215e-9,1.1754701687911797,0.288,0.116,3.282161218327937e-4,0,LINC00910
9.104654043965679e-9,0.8230508853599358,0.27,0.129,3.3323944266318783e-4,0,TNFSF10
9.911086255141047e-9,0.5926727728957316,0.362,0.199,3.6275566802441745e-4,0,NAAA
1.0011761330353923e-8,1.0854054455596716,0.25,0.106,3.664404764522839e-4,0,SMS
1.0977544817978964e-8,0.8988064573195125,0.261,0.107,4.0178911788284807e-4,0,GRAMD1B
1.1912608080499096e-8,0.6595355097160994,0.415,0.22,4.360133683543474e-4,0,YPEL2
1.2246053687844748e-8,0.7030461655538223,0.627,0.404,4.4821781102880563e-4,0,MPP7
1.2286785179394367e-8,1.241295419141958,0.253,0.089,4.497086243510132e-4,0,RNPEP
1.2640333077203054e-8,0.7595056239214939,0.393,0.2,4.62648830958709e-4,0,CLASRP
1.325753203615718e-8,0.9202786430097567,0.569,0.331,4.852389300553889e-4,0,ACSL3
1.436830711159673e-8,0.5385464015389512,0.253,0.11,5.258944085915519e-4,0,IRF8
1.4703695365618303e-8,0.5430864092458909,0.45,0.259,5.381699540769955e-4,0,ARPC5
1.6089310633514125e-8,0.7238108423063727,0.34,0.169,5.888848584972505e-4,0,PARVG
1.7692892702013625e-8,1.1361635880495646,0.277,0.108,6.475775657864007e-4,0,AGO1
1.8281151106214936e-8,0.5350957980141331,0.418,0.236,6.691084116385729e-4,0,YY1AP1
2.1869263585160618e-8,0.8810041525797847,0.419,0.249,8.004369164804637e-4,0,TUBA1A
2.4545947686963602e-8,0.773862435207969,0.268,0.131,8.984062312905548e-4,0,FIG4
2.4974397902845672e-8,0.6042844383680417,0.334,0.177,9.140879376420544e-4,0,NUP93
2.6151121958402307e-8,1.0782695678024736,0.373,0.157,9.571572147994828e-4,0,SSH1
2.6502680790257503e-8,1.0790431467487613,0.25,0.098,9.700246196042148e-4,0,ACOT9
2.8723322785529903e-8,0.7470545781858627,0.461,0.241,0.00105130233727318,0,DHRSX
2.988909849577177e-8,1.0287693912068847,0.357,0.154,0.0010939708940437426,0,SAMD4B
3.71021611179282e-8,0.6724149467044797,0.34,0.18,0.0013579761990772901,0,EVI2B
4.5799386151891526e-8,0.8933882559656898,0.33,0.172,0.0016763033325453817,0,GCH1
4.793434908937047e-8,0.7315442839624828,0.379,0.201,0.0017544451110200487,0,OTULINL
4.863462357046128e-8,1.028523370555428,0.256,0.104,0.0017800758573024533,0,GPAT4
4.866182350621493e-8,0.6643619843861308,0.655,0.419,0.0017810714021509726,0,ST3GAL1
5.282096731954488e-8,0.78810616324598,0.414,0.212,0.0019333002248626621,0,NBN
5.3975265722980446e-8,0.5562641809593105,0.452,0.259,0.0019755487007268075,0,NCOA6
5.720334627262201e-8,0.7957288714154043,0.273,0.128,0.002093699676924238,0,TIGAR
5.76037453609453e-8,0.7733880691246172,0.295,0.141,0.002108354683955959,0,SUFU
6.137462893363753e-8,0.9815945107606119,0.292,0.128,0.002246372793600067,0,NMD3
7.32616319656735e-8,0.8492528867829772,0.731,0.479,0.002681448991575616,0,VAPA
7.882157360664815e-8,0.5004567589067651,0.485,0.297,0.002884948415576929,0,PSMD12
9.82320085551582e-8,0.5540532914860476,0.275,0.162,0.0035953897451273453,0,ATG4B
1.0320729754980223e-7,0.5442538387586723,0.372,0.21,0.0037774902976203113,0,TFCP2
1.0487112805461479e-7,0.5043636362676175,0.359,0.203,0.003838388157926956,0,ODR4
1.101545127341001e-7,0.5300741094081446,0.479,0.313,0.004031765320580798,0,MDM2
1.1251393204829336e-7,0.8179424636649095,0.296,0.131,0.004118122426899585,0,MOB1B
1.1347799701251627e-7,0.5565449573798571,0.406,0.234,0.004153408168655108,0,AC023424.3
1.2888644820035698e-7,0.5656958017816633,0.288,0.151,0.004717372890581266,0,BRI3
1.3086998179900315e-7,1.063573727981543,0.407,0.186,0.004789972203825314,0,TMEM167A
1.318239940109506e-7,0.9470198787015431,0.395,0.182,0.0048248900047948035,0,RTF2
1.3241448622848023e-7,0.732077664056433,0.361,0.182,0.004846502610448605,0,RNF11
1.3636489433092167e-7,0.5531537766588961,0.549,0.373,0.004991091497406064,0,SQSTM1
1.4523935563099104e-7,0.5114078932056283,0.488,0.368,0.005315905655449903,0,PDE4B
1.459638610135449e-7,0.7878868230763123,0.367,0.178,0.005342423276956757,0,ZNF267
1.570517663686875e-7,0.8589232346983592,0.327,0.148,0.005748251700860331,0,PTTG1IP
1.63614459823164e-7,0.5439617930324522,0.606,0.372,0.0059884528439876255,0,GNAI2
1.7470295148190458e-7,0.7772530680791149,0.295,0.141,0.006394302727189189,0,GGA1
1.8555562840968098e-7,0.5033474601935831,0.593,0.373,0.006791521555422734,0,SPEN
1.862285924648271e-7,1.081739072876918,0.302,0.124,0.006816152712805137,0,MAT2A
1.908905348062619e-7,0.805651470609396,0.291,0.136,0.006986784464443992,0,DERA
2.0185448769156452e-7,0.8696054106889451,0.279,0.126,0.007388076103998953,0,NUDT3
2.038010989793444e-7,0.6784688761549238,0.302,0.153,0.007459324023742984,0,NAPA
2.0461490514993434e-7,1.2535758748063215,0.264,0.101,0.007489110143392747,0,CD82
2.487627512111274e-7,0.6485202636756116,0.381,0.209,0.009104965457078474,0,ECE1
2.5434250038962727e-7,0.7142078143882653,0.378,0.187,0.009309189856760748,0,SETD3
2.783551307903236e-7,0.6981100541206338,0.28,0.146,0.010188076142056635,0,TXNRD1
2.9379622330126713e-7,0.6125649887672197,0.364,0.2,0.010753235569049679,0,BLOC1S6
3.4527828045192483e-7,0.6661771502092992,0.36,0.185,0.012637530342820901,0,PLAA
3.535962737604576e-7,0.8672765136318247,0.288,0.13,0.012941977215906508,0,MAP7D1
3.8371294313783695e-7,0.565949230502969,0.348,0.191,0.01404427743178797,0,ATG3
5.311147433680539e-7,0.6214209758621806,0.596,0.365,0.01943933072201414,0,RNF138
5.898636284144448e-7,0.6641027127468286,0.37,0.201,0.021589598663597095,0,ARFGAP3
7.623049324479102e-7,1.308059371831269,0.273,0.086,0.02790112283252596,0,METRNL
8.410538261686112e-7,0.6934479042166565,0.261,0.143,0.030783411091597337,0,NDRG1
8.533986059567858e-7,0.6520508589515875,0.331,0.167,0.03123524237662432,0,BCL2L11
8.876396284158776e-7,0.7118859832437487,0.416,0.258,0.03248849803964953,0,EPSTI1
1.090276676755068e-6,0.6127973276170517,0.526,0.327,0.03990521664591225,0,SLC38A2
1.1537375497325975e-6,0.7231884888869377,0.341,0.176,0.0422279480577628,0,PCMT1
1.180787554016988e-6,0.7321713191200271,0.528,0.286,0.04321800526457578,0,WDR37
1.210519173263302e-6,0.5202151353380916,0.491,0.297,0.044306212260610114,0,CAPN2
1.2343454253152944e-6,0.646927438918057,0.406,0.222,0.04517827691196509,0,PAFAH1B2
1.3665964785960938e-6,0.5278655997352037,0.424,0.231,0.05001879771309563,0,ADIPOR2
1.5623837233261574e-6,0.5960946480166509,0.367,0.205,0.05718480665746069,0,DNAJC13
1.6302895618687835e-6,0.8244683706986975,0.422,0.207,0.059670228253959345,0,ARF4
1.6875754637147548e-6,0.6404490015055797,0.302,0.151,0.06176694954742374,0,CPT1A
1.7809237510016698e-6,0.5432152644820549,0.755,0.525,0.06518359021041212,0,BTAF1
2.013333238853273e-6,0.5327667358187592,0.385,0.215,0.07369000987526865,0,DYNC1LI2
2.1167706434739693e-6,0.8155081338647683,0.356,0.166,0.07747592232179075,0,RDX
2.162195034889744e-6,0.9624127743543525,0.284,0.127,0.07913850047199952,0,AZI2
2.38650944222966e-6,0.9395184284396269,0.308,0.134,0.08734863209504778,0,ZNF124
2.5406246257519215e-6,0.6517960047747949,0.278,0.142,0.09298940192714608,0,XPNPEP1
3.1221401553965006e-6,0.5051000719077902,0.264,0.148,0.11427345182766732,0,KIAA0100
3.3409881121026184e-6,0.541529356821334,0.884,0.704,0.12228350589106794,0,CYTIP
3.568324076224134e-6,0.6005513306178789,0.314,0.176,0.13060422951387954,0,VAV1
3.744834388387822e-6,0.5250510664764996,0.399,0.233,0.13706468344938266,0,SLK
4.028544932391638e-6,0.7135192241699824,0.316,0.159,0.14744877307046633,0,KMT2D
4.149908250605596e-6,0.5562174712754084,0.338,0.19,0.15189079188041543,0,WASHC2C
5.22132969892144e-6,0.5595022524628604,0.519,0.307,0.19110588831022363,0,WDFY1
5.9309929744121855e-6,0.6558556763081675,0.262,0.138,0.2170802738564604,0,FAM228B
6.045642684319613e-6,0.7281892274920261,0.492,0.264,0.22127656788878217,0,MAPK6
7.806835293607668e-6,0.5662279546901012,0.466,0.266,0.28573797858133426,0,SDCCAG8
7.974272779354087e-6,0.6337674082554324,0.328,0.168,0.29186635799713895,0,GPR107
8.515301604428671e-6,0.7130898732196331,0.689,0.489,0.3116685540236938,0,AHCTF1
8.854315949706934e-6,0.7055243113248676,0.295,0.145,0.3240768180752235,0,EIF4EBP2
8.884437200555324e-6,0.7440774960929557,0.366,0.186,0.3251792859775254,0,PIK3CG
9.637312350428665e-6,0.507841278785722,0.492,0.302,0.35273526933803956,0,ZNFX1
1.0277181776443126e-5,0.9123702523656742,0.394,0.19,0.37615513019959484,0,SERPINB1
1.0667455109470334e-5,0.557462681246262,0.357,0.205,0.3904395244617237,0,NFYC
1.5464249051755035e-5,0.8248705741766985,0.325,0.155,0.566006979543286,0,GPR132
1.5703177516656545e-5,0.521937173922922,0.58,0.388,0.5747520002871462,0,ATP1A1
1.6578780510356328e-5,0.6823930439363484,0.254,0.122,0.606799945459552,0,HLA-DMA
1.7026447605365335e-5,0.6239850161510889,0.35,0.201,0.6231850088039766,0,ARID3B
2.0573210112607154e-5,0.6021437869866155,0.425,0.238,0.7530000633315345,0,UBN1
2.138048959890308e-5,0.7070513036925807,0.264,0.158,0.7825472998094517,0,MX1
2.6550318126307257e-5,0.6792156484132716,0.324,0.159,0.9717681937409719,0,ARSG
2.869801323309712e-5,0.505481348326176,0.315,0.178,1,0,PCYT1A
3.269890068086862e-5,0.637279972877131,0.325,0.164,1,0,AP1B1
3.400734356063053e-5,0.5440178729841991,0.267,0.142,1,0,PTPN6
3.6208205485736516e-5,0.5484586682240739,0.37,0.202,1,0,PEAK1
3.825919347244785e-5,0.5107931881454512,0.456,0.274,1,0,PPP4R2
4.898674157466997e-5,0.5131756185846531,0.288,0.168,1,0,P4HA1
5.165333123612291e-5,0.5006876776950024,0.358,0.209,1,0,ZNF518A
5.237944531089153e-5,0.8740524807408305,0.267,0.117,1,0,PPT1
6.920706819344447e-5,0.7106359713464983,0.38,0.238,1,0,TFRC
8.025169394902997e-5,0.5150221625400455,0.319,0.178,1,0,AP3S1
8.594593534752932e-5,0.6053318952845804,0.342,0.183,1,0,ELMSAN1
1.2329013497117578e-4,0.6190668165844752,0.281,0.151,1,0,MIOS
1.2766025471452067e-4,0.5287856982277246,0.405,0.232,1,0,TRAPPC11
1.4106544116792674e-4,0.5745886649647118,0.449,0.263,1,0,ZFX
1.7522154511609016e-4,0.5044457107232581,0.485,0.283,1,0,TUBGCP3
1.8091881389855805e-4,0.6654811424750846,0.263,0.131,1,0,SLC11A2
1.8392734508122918e-4,0.5727156085103207,0.277,0.152,1,0,PARP9
1.9408057920567985e-4,0.5040957761243903,0.554,0.326,1,0,KIF13B
1.9903521935369585e-4,0.6939715562265394,0.289,0.136,1,0,SETD7
2.582814800042073e-4,0.5755098432439003,0.357,0.192,1,0,KANSL1L
2.7462829483709036e-4,0.5398835665699995,0.568,0.353,1,0,ERP44
3.002134229378277e-4,0.5635711453857786,0.543,0.355,1,0,NDEL1
5.386680481922341e-4,0.5382915327677404,0.327,0.183,1,0,UHRF1BP1
5.716123500892552e-4,0.5143934218990537,0.431,0.252,1,0,GABARAP
0.0012379653162585152,0.5550696221466624,0.408,0.228,1,0,MSRA
0.0014289872641033475,0.572385991557302,0.362,0.204,1,0,ATP6AP2
0.0018804287250705463,0.5397518301032381,0.29,0.156,1,0,HMGXB4
0.0029169467736876674,0.5374234570809722,0.317,0.176,1,0,EFTUD2
0.003252439085373187,0.5136872094368933,0.257,0.14,1,0,GLB1
0.004070768919133069,0.5299565125021084,0.313,0.177,1,0,HSD17B11
0.005607688224435715,0.525483300970697,0.382,0.225,1,0,C16orf72
9.808124809679902e-131,3.2390924256616973,0.926,0.211,3.5898717615909405e-126,1,CCL5
1.3585360951331184e-76,1.9639753326075402,0.906,0.468,4.972377961796727e-72,1,SYNE1
1.3681926772918875e-69,1.3679603967741198,0.988,0.594,5.007722018156038e-65,1,PRKCH
3.704946086903687e-67,2.2342471567584474,0.754,0.207,1.3560473172676184e-62,1,TGFBR3
7.1898808391369505e-65,2.446097117134694,0.761,0.213,2.6315682859325155e-60,1,NKG7
3.218471091450923e-64,2.218715033209861,0.638,0.17,1.1779926041819524e-59,1,SAMD3
1.7406543480844168e-61,2.6397622722636536,0.651,0.133,6.370968979423774e-57,1,PPP2R2B
6.730930789308458e-59,3.742144669292919,0.539,0.067,2.4635879781947887e-54,1,GZMH
2.1887377976074597e-58,1.7152660261458417,0.711,0.214,8.010999213023063e-54,1,NCALD
8.997225661740535e-57,1.2829162648444652,0.959,0.538,3.293074564453653e-52,1,SYNE2
3.152351240613125e-54,1.824052372876102,0.691,0.263,1.1537920775768099e-49,1,THEMIS
5.081513488385425e-53,2.057220294137248,0.718,0.253,1.8598847518839492e-48,1,IL32
6.380315131276011e-51,2.5106741291987142,0.542,0.101,2.3352591411983328e-46,1,C1orf21
1.3352041205709741e-50,1.4647737851105327,0.77,0.358,4.8869806017018224e-46,1,RUNX3
8.984016015604666e-50,3.011486919265682,0.534,0.094,3.2882397018714636e-45,1,A2M
5.979576920068489e-49,3.8255175644420616,0.465,0.046,2.1885849485142678e-44,1,CD8A
2.4830981610023608e-48,1.1194692859169675,0.94,0.753,9.08838757908474e-44,1,PPP2R5C
4.239225561025592e-48,1.766080865766814,0.62,0.201,1.551598947590977e-43,1,MYBL1
7.776174867120064e-47,1.3986777853396783,0.862,0.517,2.8461577631146148e-42,1,ATP8A1
1.7782146080953718e-44,1.3029397045652442,0.873,0.404,6.50844328708987e-40,1,STAT4
2.5444579240418878e-43,1.0798998757190854,0.941,0.762,9.312970447785713e-39,1,PARP8
3.4342304143051327e-42,1.0025317581050457,0.962,0.853,1.2569626739398217e-37,1,RABGAP1L
1.7871375680257345e-41,1.9830174281696973,0.602,0.158,6.541102212730991e-37,1,TOX
6.720733030481993e-41,2.5867126637316167,0.522,0.1,2.4598554964867145e-36,1,KLRK1
1.2120201152230637e-40,2.3420837631028633,0.532,0.119,4.4361148237279355e-36,1,GZMA
1.5507687851941132e-40,2.286069691474665,0.437,0.095,5.6759688306889736e-36,1,CST7
2.485803263956351e-39,1.622417026524799,0.637,0.245,9.098288526406641e-35,1,PYHIN1
1.998158659049328e-38,1.030145927279627,0.933,0.668,7.313460507986446e-34,1,CBLB
4.155205101239732e-38,3.829274436800054,0.348,0.034,1.5208466191047542e-33,1,TRGC2
1.1957757919526342e-37,1.549352713481383,0.757,0.38,4.3766589761258364e-33,1,PPP1R16B
1.2173703084521802e-37,1.340955010477535,0.633,0.227,4.455697065965825e-33,1,GNLY
3.354268098050076e-37,3.041645216697149,0.442,0.073,1.2276956665673082e-32,1,PZP
5.476511428791403e-37,1.3072819242909377,0.724,0.332,2.0044579480519415e-32,1,SLFN12L
1.1098945491539026e-36,2.061310516819014,0.492,0.145,4.062325039358199e-32,1,CD3G
2.0269956920348107e-36,0.8495151220550712,0.891,0.462,7.41900693241661e-32,1,RORA
4.9322924221815e-35,0.9912991923967427,0.907,0.683,1.805268349442651e-30,1,ATXN1
1.7552247337906476e-34,1.2233225184531458,0.911,0.746,6.424298048147149e-30,1,HLA-C
3.4335870140002714e-34,1.2816513836731487,0.686,0.329,1.2567271829942394e-29,1,ARL4C
5.427910418133957e-34,2.808091531206703,0.408,0.079,1.9866694921412095e-29,1,KLRG1
1.564691247865907e-33,2.097380517519779,0.467,0.143,5.726926436314005e-29,1,CD3D
4.419449344118396e-33,0.9942536123967711,0.88,0.706,1.6175626544407742e-28,1,PIP4K2A
9.299023339389709e-33,0.9575968164466686,0.849,0.598,3.403535532450027e-28,1,ITGA4
1.5440824461125353e-32,2.4813491550683295,0.304,0.064,5.65149616101649e-28,1,C12orf75
2.3840352643480408e-32,2.259016358318196,0.357,0.082,8.725807471040264e-28,1,AGAP1
5.489139282324644e-32,0.8853912329087494,0.994,0.976,2.009079868723643e-27,1,B2M
6.10320642811937e-32,0.9466390144350778,0.966,0.888,2.2338345847559706e-27,1,HLA-B
8.41943461824379e-32,1.2336780130973743,0.617,0.336,3.0815972646234094e-27,1,PAM
2.3104572942893427e-31,0.833507042252772,0.972,0.855,8.456504742828423e-27,1,FYN
1.098017707513402e-30,1.2744051401159746,0.618,0.363,4.0188546112698024e-26,1,NPC1
1.4089054497338502e-30,1.1998667547006066,0.831,0.572,5.156734836570865e-26,1,CALM1
1.6585480510311266e-30,3.58719986939194,0.322,0.033,6.070451721579027e-26,1,CD8B
4.345566290060948e-30,0.8729482230637275,0.793,0.39,1.5905207178252076e-25,1,TC2N
2.9498500684060556e-29,0.9674007655910315,0.915,0.777,1.0796746235373004e-24,1,TMSB4X
4.192401362472634e-29,1.2484173111283128,0.445,0.132,1.5344608226786088e-24,1,PRF1
4.9725711153010094e-29,0.7995810816314273,0.857,0.432,1.8200107539113226e-24,1,BCL11B
8.419516314454008e-29,0.907707809462154,0.952,0.574,3.0816271662533117e-24,1,SKAP1
8.664995793300176e-29,0.8517641897837414,0.818,0.501,3.1714751103057974e-24,1,SLC38A1
7.971110485698717e-28,1.6419095512960602,0.469,0.16,2.9175061488705876e-23,1,SYTL2
8.848927265475911e-28,2.044797924361754,0.395,0.1,3.2387958684368385e-23,1,PDGFD
8.930923698116481e-28,1.0186852103204203,0.935,0.847,3.2688073827476136e-23,1,RPL13A
1.0453033417998848e-27,2.351612302443395,0.29,0.056,3.825914761321758e-23,1,ADGRG1
1.1358505821370682e-27,0.8174130426035586,0.927,0.615,4.157326715679883e-23,1,KLF12
1.6683986776739175e-27,1.1564124932169757,0.732,0.339,6.106506000154305e-23,1,PRKCQ
2.096683342792123e-27,2.9777857990457255,0.342,0.054,7.67407070295345e-23,1,LINC00612
6.467577990829809e-27,1.2120500147882447,0.691,0.375,2.3671982204236183e-22,1,SYTL3
1.2668616911111784e-26,1.8505217162474263,0.449,0.142,4.636840475636024e-22,1,CEP78
2.537746122841483e-26,1.1649728657469138,0.833,0.663,9.288404584212112e-22,1,RPS19
2.7226768644721555e-26,2.3625837111434764,0.349,0.078,9.965269591654537e-22,1,KIF21A
4.4179560344704595e-26,1.3314392458717577,0.691,0.405,1.6170160881765328e-21,1,ITGAL
4.5258570971348694e-26,1.9836120877052088,0.331,0.113,1.6565089561223335e-21,1,TRG-AS1
6.420929765139291e-26,1.4176940957399091,0.525,0.219,2.350124503338632e-21,1,GRAP2
8.031152710770198e-26,1.1058277349745531,0.764,0.512,2.939482203669e-21,1,PPP3CC
1.2407980486122875e-25,2.7931198616064767,0.3,0.051,4.541444937725834e-21,1,A2M-AS1
1.875967102278069e-25,0.7338079819821579,0.901,0.747,6.86622719104796e-21,1,CNOT6L
4.335581808678838e-25,0.9655002224445459,0.935,0.795,1.5868662977945416e-20,1,HLA-A
5.310554136450654e-25,1.7268824533309246,0.355,0.112,1.943715919482304e-20,1,AF165147.1
7.602463998148742e-25,2.1488711189023006,0.408,0.113,2.782577847962421e-20,1,MCOLN2
8.297626156974578e-25,1.0497139548744223,0.694,0.485,3.037014149714265e-20,1,AKNA
1.1908572259460336e-24,1.084750429681301,0.714,0.443,4.3586565326850773e-20,1,LITAF
1.3894657814875094e-24,1.2009835227880705,0.663,0.316,5.0855837068224334e-20,1,IKZF3
1.4767167454980072e-24,0.7059535646484179,0.925,0.743,5.4049309601972564e-20,1,LRBA
1.721710302801802e-24,2.0832700918595695,0.4,0.103,6.301631879284876e-20,1,GZMM
1.810654936533075e-24,0.7139880816846067,0.944,0.868,6.627178133204708e-20,1,HLA-E
2.313389720262529e-24,1.177797391013756,0.709,0.475,8.467237715132883e-20,1,FLNA
2.374034682748405e-24,1.851087967406396,0.423,0.114,8.689204342327438e-20,1,KLRD1
2.439752021081792e-24,1.7316342838810446,0.532,0.225,8.929736372361467e-20,1,HCST
3.543637455596122e-24,1.503758607888424,0.573,0.241,1.2970067451227364e-19,1,NFATC2
3.959967899757891e-24,0.9508961283662223,0.699,0.477,1.4493878509903858e-19,1,EMB
2.6990231885136885e-23,2.278283029270379,0.378,0.085,9.87869477227895e-19,1,MIAT
3.018608003458646e-23,2.1286474502242494,0.367,0.127,1.104840715345899e-18,1,DUSP2
3.3187471877140435e-23,1.2902215012581502,0.695,0.436,1.214694658175217e-18,1,PFN1
6.91946515917771e-23,0.9243694953889205,0.9,0.734,2.5325934429106336e-18,1,RPL3
1.4293150751295972e-22,0.7446399672637605,0.893,0.762,5.2314361064818385e-18,1,RNF213
6.586390341169665e-22,2.2375355301362503,0.276,0.074,2.4106847287715092e-17,1,PRR5L
8.075043711043766e-22,0.9918188403617803,0.625,0.39,2.955546748679129e-17,1,NIBAN1
8.550376967000683e-22,1.3343233387168192,0.422,0.194,3.1295234736919196e-17,1,GBP5
8.666738581438899e-22,1.4234208471469771,0.526,0.206,3.1721129881924514e-17,1,LINC01934
9.036998838423589e-22,1.9073513693269488,0.338,0.101,3.307631944851418e-17,1,JAKMIP2
1.1716375862014385e-21,1.9118267040212973,0.412,0.109,4.288310729255885e-17,1,CTSW
1.2404985229455333e-21,1.1692059816508478,0.429,0.169,4.540348643832946e-17,1,YES1
1.6322361523753152e-21,1.5490337140619745,0.384,0.145,5.974147541308891e-17,1,CD3E
2.0183830853706227e-21,0.8624578162139542,0.783,0.59,7.387483930765016e-17,1,ARAP2
3.3048365421824774e-21,0.9025576805106881,0.656,0.369,1.2096032228042085e-16,1,RASGRP1
6.137372842314029e-21,1.8118884148134438,0.29,0.075,2.2463398340153577e-16,1,FGFBP2
6.324938456381204e-21,1.3214208790493327,0.514,0.227,2.3149907244200845e-16,1,CD2
7.244699139364896e-21,1.683352913727597,0.434,0.175,2.6516323319989457e-16,1,ZBTB38
7.793246822906537e-21,3.489345088357046,0.257,0.028,2.8524062696520216e-16,1,MSC-AS1
1.0315485183828717e-20,1.0926296635529296,0.734,0.487,3.7755707321331485e-16,1,STK39
4.336245859624447e-20,0.7834829656973421,0.741,0.427,1.5871093470811438e-15,1,TNIK
5.0292717726108355e-20,0.9266126900914284,0.799,0.64,1.840763761493292e-15,1,RPL27A
5.695258968389864e-20,2.916776040853438,0.273,0.042,2.084521735020374e-15,1,AC022075.1
8.649883922438145e-20,0.6724198948117652,0.761,0.561,3.1659440144515855e-15,1,GNG2
1.3848414426817126e-19,0.7797340795845868,0.702,0.463,5.068658164359336e-15,1,PTPN4
1.6879231580367666e-19,1.179744730840852,0.588,0.358,6.177967550730369e-15,1,TMEM181
2.0716685110738704e-19,0.9042312051589345,0.825,0.672,7.582513917381474e-15,1,RPS29
3.087939370664259e-19,0.7222359255568627,0.801,0.616,1.1302166890568255e-14,1,PITPNC1
3.2655482151692413e-19,0.537849801906952,0.818,0.537,1.1952233022340941e-14,1,ETS1
3.3768408617536077e-19,0.8245876731380619,0.922,0.805,1.235957523810438e-14,1,RPS2
6.092409029138607e-19,0.9441756324772879,0.719,0.544,2.2298826287550216e-14,1,RPS20
6.979196879086033e-19,1.3600336155405848,0.425,0.184,2.5544558497142787e-14,1,GPR174
8.546243863156944e-19,1.3059303887758849,0.472,0.244,3.128010716354073e-14,1,ATP2B4
1.2302746951486494e-18,0.8136612500350096,0.683,0.373,4.5029284117135717e-14,1,CD96
1.4196933715727545e-18,0.9363709715140267,0.822,0.569,5.1962197092934387e-14,1,CCSER2
1.4401503482743936e-18,1.1252311753246895,0.575,0.372,5.271094289719108e-14,1,HIVEP3
2.0221697428938493e-18,1.0208459064730684,0.543,0.274,7.401343475965778e-14,1,CD6
3.529563046535376e-18,1.6262997099157022,0.4,0.189,1.2918553706624129e-13,1,MVB12B
3.608715205784591e-18,0.9592027559200056,0.82,0.654,1.320825852469218e-13,1,RPS14
5.9859315339342885e-18,1.0391512191032477,0.817,0.63,2.190910800735289e-13,1,RPS3
8.57981788924359e-18,0.9100890698482407,0.837,0.704,3.1402991456420466e-13,1,RPLP2
1.0922211870848952e-17,0.7662080488237963,0.9,0.785,3.997638766849425e-13,1,RPL41
1.8779692922031334e-17,1.3444450706829256,0.406,0.171,6.873555406392688e-13,1,LCK
1.944301873940569e-17,1.0450310766269224,0.547,0.269,7.116339288809877e-13,1,SCML4
2.3204651190905278e-17,0.7411296381402548,0.868,0.741,8.49313438238324e-13,1,RPS27
2.3593994212683497e-17,1.3955633392052311,0.333,0.136,8.635637821784286e-13,1,ZAP70
3.748348267667074e-17,1.7333896526330899,0.26,0.085,1.3719329494488258e-12,1,LLGL2
3.878649914369766e-17,0.8413956034833043,0.656,0.491,1.419624655158478e-12,1,P2RY8
4.176660200726309e-17,0.9419248599946444,0.81,0.64,1.5286994000678363e-12,1,RPS15
4.6256929130245535e-17,1.0897237476381518,0.709,0.504,1.6930498630961168e-12,1,RPS4X
4.802050803862575e-17,1.0280709233315781,0.561,0.362,1.757598614721741e-12,1,CD99
4.8926569417268753e-17,1.7374054115114248,0.417,0.138,1.7907613672414537e-12,1,XIST
6.1186080091619506e-17,1.6721753744916297,0.279,0.104,2.2394717174333655e-12,1,PLAAT4
6.176327030242122e-17,1.566808870052364,0.442,0.212,2.2605974563389193e-12,1,HIST1H1E
7.264438258550905e-17,0.6542816586727258,0.686,0.381,2.658857047012217e-12,1,MCTP2
8.437116870596846e-17,0.711230630835944,0.759,0.571,3.0880691458071516e-12,1,RASA3
9.689882469392564e-17,1.4086787369186657,0.321,0.151,3.5465938826223724e-12,1,ZFYVE28
9.985631988609839e-17,1.413153638284164,0.351,0.167,3.654841164151087e-12,1,CYTOR
1.1469511526897257e-16,0.9011451912453783,0.855,0.7,4.197955913959665e-12,1,RPS18
1.2384326714122215e-16,0.9682875355861449,0.672,0.506,4.532787420635872e-12,1,UBA52
1.3785916894951704e-16,1.30285319026051,0.509,0.293,5.045783442721273e-12,1,GTDC1
1.6960423932187326e-16,0.8610202217409877,0.81,0.649,6.207684763419883e-12,1,RPL19
1.9765182418093202e-16,0.9812525912351753,0.528,0.344,7.2342544168462924e-12,1,DIP2A
2.013762975363228e-16,1.0167338003110493,0.827,0.674,7.370573866126952e-12,1,RPL28
2.409285020058798e-16,1.6262147705155725,0.287,0.099,8.818224101917207e-12,1,TENM1
2.545060184739901e-16,0.8917052523290434,0.703,0.524,9.31517478216651e-12,1,RPL7A
2.643496406349521e-16,1.0346285552123342,0.462,0.255,9.67546119687988e-12,1,SLFN5
2.662632923317178e-16,1.4319915851386134,0.392,0.207,9.745502762633202e-12,1,GAB3
2.826148947610727e-16,1.021783314351529,0.641,0.441,1.0343987763150021e-11,1,NLRC5
3.837244518854373e-16,0.8493786814476647,0.783,0.614,1.4044698663458892e-11,1,PIK3R1
4.405295648240956e-16,0.8680424632213266,0.694,0.517,1.6123822602126725e-11,1,RPL14
4.627857326100319e-16,0.7557280483567903,0.74,0.603,1.6938420599259778e-11,1,HSP90AA1
6.471263238558191e-16,1.0713575433812472,0.483,0.31,2.3685470579446834e-11,1,APOL6
1.026127034064619e-15,0.9156637293114291,0.629,0.478,3.755727557379912e-11,1,ACTG1
1.106440086984922e-15,1.308896271290556,0.432,0.188,4.049681362373513e-11,1,TRAC
1.4005273407017464e-15,0.6889777203212812,0.94,0.865,5.126070119702462e-11,1,RPL13
1.4215796004073713e-15,2.3833551041731007,0.263,0.06,5.20312349545102e-11,1,SLAMF7
1.5658757731175098e-15,0.7107309385375822,0.745,0.61,5.731261917187397e-11,1,CDK17
1.784628002812919e-15,1.0974137904075456,0.589,0.38,6.531916953095565e-11,1,C5orf56
2.338214693749011e-15,1.3979393063439502,0.471,0.213,8.558099600590755e-11,1,TRBC2
2.5626932298989844e-15,0.9644209040310416,0.636,0.388,9.379713490753273e-11,1,PRKACB
2.9166204825499743e-15,1.5046265897377515,0.34,0.14,1.0675122628181161e-10,1,APMAP
2.9233584579617054e-15,0.8689054963566498,0.654,0.476,1.0699784291985638e-10,1,RAP1GAP2
3.1897093015982314e-15,1.5595026155377565,0.332,0.137,1.1674655014779688e-10,1,CD81
4.925302433522249e-15,0.698063800595385,0.83,0.698,1.8027099436934783e-10,1,RPS16
5.573753580755982e-15,0.9741427075824598,0.736,0.549,2.0400495480924969e-10,1,RPS15A
5.936092602339836e-15,0.9446388639817037,0.522,0.308,2.1726692533824032e-10,1,TFDP2
6.5079240245869125e-15,0.619924521648525,0.832,0.726,2.3819652722390557e-10,1,GLS
7.151562927583739e-15,0.7291083270317644,0.785,0.638,2.617543547124924e-10,1,RPL30
7.544012340735336e-15,1.6071066772789013,0.379,0.146,2.7611839568325404e-10,1,LIME1
1.0397570383956193e-14,1.1619043616412141,0.457,0.228,3.8056147362318065e-10,1,OPTN
1.1425757819573876e-14,0.7046008211869907,0.728,0.594,4.1819416195422345e-10,1,RPL17
1.5627564105262496e-14,0.9913983352165652,0.569,0.372,5.719844738167127e-10,1,CLEC2B
1.833021162343777e-14,0.917005534491729,0.484,0.276,6.709040756294458e-10,1,GLCCI1
1.8996798970089234e-14,1.5931523021568874,0.292,0.129,6.953018391042361e-10,1,ARPC5L
2.1812157801388484e-14,1.0781847160388798,0.313,0.118,7.983467876886199e-10,1,SPON2
2.8393274926377088e-14,0.932950151827927,0.497,0.276,1.0392222555803279e-9,1,SIDT1
3.221208983698937e-14,0.7558548864304391,0.789,0.644,1.178994700123648e-9,1,RPS12
3.5653799698492385e-14,1.1766521461922588,0.363,0.202,1.3049647227645199e-9,1,ANXA6
4.1686545289080585e-14,0.815246297954882,0.737,0.548,1.5257692441256385e-9,1,RPSA
5.863668526962524e-14,0.6600770139752425,0.861,0.753,2.1461613175535534e-9,1,RPS11
5.896427474293718e-14,1.4655364466639123,0.36,0.169,2.158151419866244e-9,1,SLC9A3R1
6.719979620241775e-14,0.7750800600116985,0.728,0.559,2.459579740804692e-9,1,RPS17
7.529788375243582e-14,1.0082276087053121,0.568,0.379,2.7559778432229034e-9,1,CD52
8.500347979190836e-14,1.5148705752750944,0.277,0.119,3.111212363863638e-9,1,USP28
8.560224467204725e-14,1.5059961240550659,0.358,0.165,3.1331277572416015e-9,1,HIST1H1C
1.0657109660874721e-13,1.403735378084507,0.304,0.139,3.900608706976756e-9,1,BTN3A2
1.1290935913191181e-13,1.2823806442331471,0.424,0.248,4.132595453587104e-9,1,SSBP3
1.2922895620397795e-13,0.6427114320367204,0.78,0.661,4.729909026021797e-9,1,SEPTIN7
1.4744864069222891e-13,0.9527628435571929,0.532,0.309,5.39676769797627e-9,1,RNF125
1.616934641104118e-13,0.7561222073630272,0.864,0.73,5.918142479905182e-9,1,RPS27A
1.9007893316598933e-13,0.9238515459561927,0.666,0.497,6.9570790328083755e-9,1,S100A4
2.226721823122827e-13,0.7582058686096469,0.612,0.46,8.15002454481186e-9,1,DNAJC1
2.401743781453642e-13,0.8886360327224306,0.345,0.199,8.790622414498476e-9,1,PARP15
2.527788972272335e-13,1.2672726138462285,0.567,0.347,9.251960417413975e-9,1,SH3BGRL3
2.701041070343253e-13,0.5493789264190732,0.746,0.563,9.88608042156334e-9,1,CLEC2D
3.5754126467658945e-13,0.7368578558804462,0.833,0.699,1.308636782842785e-8,1,RPL10
3.6002537514304114e-13,0.8327384798710131,0.748,0.58,1.3177288755610448e-8,1,RPL18A
4.078522405444085e-13,0.6607899919045217,0.792,0.661,1.4927799856165897e-8,1,MACF1
4.897569669161253e-13,0.8034722232297459,0.612,0.469,1.7925594746097104e-8,1,RACK1
5.447598257295409e-13,0.6674244341605954,0.531,0.322,1.9938754381526925e-8,1,CARD11
7.278864696897424e-13,1.0192151472568094,0.588,0.408,2.6641372677114263e-8,1,NAA50
7.628377658566709e-13,1.4615260815588738,0.365,0.161,2.792062506812001e-8,1,ABHD17A
7.835999694842085e-13,0.894361790517872,0.646,0.482,2.8680542483091517e-8,1,CFL1
9.793459372176587e-13,0.7776018575370798,0.794,0.651,3.584504064810353e-8,1,FAU
9.92078653140567e-13,0.6245521924044934,0.645,0.522,3.63110707835979e-8,1,RPL23
1.3754326339953331e-12,0.5803111444400386,0.391,0.228,5.034220983686319e-8,1,LINC00861
1.38342764686691e-12,1.3638712552435024,0.325,0.161,5.063483530297577e-8,1,TPST2
1.666490903016017e-12,0.7383856380184057,0.74,0.598,6.099523354128924e-8,1,RPL37
1.7613575011284018e-12,0.7941063361592724,0.687,0.543,6.446744589880064e-8,1,RPL26
1.822149308980269e-12,0.5963145097119329,0.654,0.538,6.669248685798682e-8,1,PTP4A2
1.8506326904404854e-12,0.5360555447484043,0.883,0.804,6.77350071028122e-8,1,RPLP1
3.2402384089289355e-12,0.8147832921410485,0.635,0.476,1.1859596600520796e-7,1,RPS7
3.399092278175893e-12,0.5993564388694188,0.626,0.44,1.2441017647351587e-7,1,EVL
3.8527528941487725e-12,0.7315862899029475,0.824,0.695,1.4101460867873923e-7,1,TMSB10
3.88025806865885e-12,0.6460831963932745,0.726,0.587,1.420213255709826e-7,1,RNF19A
4.046691220514348e-12,0.7241884775272851,0.865,0.789,1.4811294536204563e-7,1,H3F3B
4.111961378656354e-12,1.090394217680001,0.452,0.223,1.505018984202012e-7,1,RORA-AS1
4.248557865921915e-12,0.7108692886348686,0.513,0.351,1.55501466450608e-7,1,ID2
4.768081195584913e-12,0.7210900322445337,0.77,0.634,1.745165398396034e-7,1,RPS23
5.882296119348955e-12,0.7717056150740691,0.706,0.568,2.152979202642911e-7,1,RPS24
5.891375164713635e-12,0.9377354818534767,0.343,0.199,2.1563022240368374e-7,1,LRIG1
7.952340452180446e-12,1.3056075773652933,0.269,0.134,2.910636128902565e-7,1,RASAL3
9.872167609262107e-12,0.5551074235167262,0.801,0.71,3.613312066666024e-7,1,EPS15
1.1485289554380931e-11,0.5921485909525062,0.735,0.633,4.203730829798965e-7,1,DDX6
3.228205729312862e-11,0.6596931691131214,0.612,0.413,1.1815555789858007e-6,1,TNRC6C
3.518534265864793e-11,0.6653694683744029,0.803,0.672,1.2878187266491728e-6,1,RPS28
3.688109299145748e-11,0.6788982950880034,0.672,0.539,1.349884884580335e-6,1,RPL9
3.790176028938979e-11,0.7346340555259754,0.441,0.246,1.3872423283519558e-6,1,RRAS2
5.671307107513815e-11,0.6046533059198844,0.778,0.638,2.0757551144211313e-6,1,RPL23A
6.086654639649025e-11,1.0661738870600443,0.436,0.261,2.2277764646579395e-6,1,BTN3A1
6.628251788707254e-11,0.7786244571418922,0.558,0.404,2.426006437184742e-6,1,SPATA13
7.357565050989835e-11,0.7045601595086428,0.682,0.547,2.6929423843127895e-6,1,RPL6
7.428377719921261e-11,0.5095407276277888,0.663,0.505,2.718860529268381e-6,1,CYFIP2
7.795562949461027e-11,1.2366858820851858,0.338,0.157,2.8532539951322303e-6,1,ZNF827
8.079745452902389e-11,0.7818828164050308,0.569,0.416,2.9572676332168034e-6,1,TRERF1
8.231833096754329e-11,0.5763504473112244,0.762,0.625,3.012933231743052e-6,1,ZFP36L2
8.606904012762035e-11,0.5453716369895811,0.613,0.387,3.1502129377110327e-6,1,PCED1B
9.877382925141616e-11,1.392624105094607,0.297,0.121,3.615220924431083e-6,1,NLRC3
9.96446851188119e-11,0.854142456074004,0.28,0.183,3.6470951200336343e-6,1,AGK
1.0202845054332329e-10,0.6449372358501948,0.631,0.534,3.7343433183361757e-6,1,NFATC3
1.2723252351454281e-10,0.7171346269606255,0.374,0.224,4.6568375931557816e-6,1,PCED1B-AS1
1.2801072339908406e-10,0.7293212720500266,0.754,0.598,4.685320487129876e-6,1,RPL18
1.543353564235269e-10,0.5143926403141519,0.926,0.853,5.648828380457508e-6,1,ACTB
1.5790803257337922e-10,0.6092774644721484,0.861,0.751,5.779591900218253e-6,1,RPL11
1.6414030487046357e-10,0.6094635536722905,0.839,0.73,6.0076992985638375e-6,1,RPL37A
1.9826963599279947e-10,0.9897727235858045,0.404,0.26,7.256866946972453e-6,1,CTSC
2.2275305136856528e-10,1.504335393691864,0.264,0.107,8.152984433140858e-6,1,TBC1D19
2.457570877373123e-10,0.7150595632918324,0.789,0.702,8.994955168273367e-6,1,EIF1
2.5246430788315097e-10,1.9722392939708397,0.25,0.081,9.240446132831208e-6,1,LYAR
3.711725673036124e-10,0.8860198587552481,0.641,0.494,1.3585287135879517e-5,1,UBC
4.896996280650579e-10,0.8170537037353649,0.412,0.291,1.7923496086809182e-5,1,GALNT10
5.234098741011544e-10,0.8834684468588283,0.346,0.23,1.9157324801976354e-5,1,SPN
5.308127511116013e-10,1.3157528953046314,0.355,0.161,1.9428277503435718e-5,1,TRBC1
6.279861365985751e-10,0.6480039959972519,0.863,0.718,2.2984920585644447e-5,1,IQGAP2
7.093947726558067e-10,0.7357037108017808,0.654,0.511,2.596455807397518e-5,1,RPL35
7.366703807410694e-10,0.624983243803864,0.768,0.622,2.696287260550388e-5,1,CEMIP2
8.521819077115915e-10,0.7107813291734804,0.472,0.351,3.119071000415196e-5,1,TERF2IP
9.212666993329579e-10,0.7914143983596033,0.521,0.366,3.371928246228559e-5,1,MAPRE2
9.877437992316583e-10,0.8673746751473641,0.557,0.412,3.6152410795677926e-5,1,CORO1A
9.897004442478645e-10,0.8008395498755685,0.669,0.496,3.622402595991609e-5,1,ARHGDIB
1.0816482689033655e-9,1.1829696988607326,0.306,0.168,3.958940829013208e-5,1,RAC2
1.2108579953991926e-9,1.2732672610651743,0.295,0.133,4.431861348960585e-5,1,TENT5C
1.4059822404160214e-9,0.8830751345927788,0.352,0.239,5.1460355981466796e-5,1,CD48
1.4259515249310186e-9,0.7677252743669964,0.43,0.278,5.2191251764000214e-5,1,PCNX2
1.4791186236529071e-9,1.2210410975368569,0.374,0.199,5.4137220744320054e-5,1,UBB
1.8303245325730932e-9,0.75841849736843,0.664,0.516,6.699170821670778e-5,1,CCDC88C
1.830924408963496e-9,0.9025863625319772,0.293,0.147,6.701366429247292e-5,1,TAFA1
1.9510488242636155e-9,0.6669086869167004,0.531,0.429,7.14103380168726e-5,1,ZBTB1
1.961296603000631e-9,1.0120905798242252,0.267,0.157,7.17854169664261e-5,1,SSR4
2.0343221734322768e-9,0.5552839792147704,0.598,0.485,7.445822586979476e-5,1,KMT2A
2.06977445873922e-9,0.6850485413771665,0.308,0.226,7.57558149643142e-5,1,CLSTN1
2.1386244504298154e-9,0.5489233274465906,0.856,0.762,7.827579351018168e-5,1,RPL34
2.291659791461278e-9,1.1834028551083422,0.271,0.156,8.387704002727423e-5,1,HIST2H2AC
2.3194470594735293e-9,0.6770729878908226,0.636,0.448,8.489408182379065e-5,1,STK17A
2.8721838642695905e-9,0.7675194906616765,0.509,0.338,1.0512480161613128e-4,1,VPS13A
3.129640388321951e-9,0.9303392396429003,0.358,0.207,1.1454796785297173e-4,1,CD226
3.229346608320643e-9,0.7284527867355277,0.574,0.411,1.1819731521114386e-4,1,RPS5
3.937732417059546e-9,0.8723258326292687,0.309,0.165,1.4412494419679644e-4,1,FBXO32
4.159087891785037e-9,0.6046618166983337,0.699,0.588,1.5222677592722413e-4,1,PTPRA
5.112902940374102e-9,0.8033243878982783,0.299,0.166,1.871373605206325e-4,1,TSPAN5
5.23159783409922e-9,0.8334885314241727,0.704,0.537,1.9148171232586555e-4,1,RPL15
5.855545291803732e-9,1.0439415092577045,0.494,0.306,2.143188132253084e-4,1,MYL12A
6.060742387847831e-9,1.1595004208043738,0.333,0.187,2.2182923213761847e-4,1,PSMB9
6.5625741947490026e-9,0.7023721743233522,0.652,0.51,2.4019677810200826e-4,1,RPL32
7.089979896588481e-9,0.736735173438158,0.668,0.492,2.59500354195035e-4,1,SLC4A7
7.16424337213793e-9,0.6497776083931746,0.748,0.637,2.6221847166362037e-4,1,RPL21
8.063793472853579e-9,0.7195429394798132,0.709,0.567,2.9514290489991387e-4,1,RPL35A
8.45484605154704e-9,0.9896228421235336,0.383,0.226,3.094558203326732e-4,1,MLLT6
9.133789206245546e-9,0.5419483706728285,0.751,0.648,3.3430581873779324e-4,1,TPT1
1.2649100320877873e-8,0.6046275971528023,0.697,0.563,4.6296972084445106e-4,1,RPS25
1.377582731034976e-8,0.5836257225162057,0.325,0.23,5.042090553861115e-4,1,LPCAT1
1.5695304432698907e-8,0.7587072470089432,0.523,0.401,5.744638375412127e-4,1,PPIA
1.9817277920620166e-8,0.9291183141640692,0.491,0.316,7.253321891726187e-4,1,TLE5
2.2905683839281297e-8,0.8477000349480286,0.363,0.266,8.383709342015348e-4,1,FAM160B1
2.3561613031008773e-8,0.6120915939552651,0.687,0.564,8.623785985479521e-4,1,RPS3A
2.490215747379937e-8,0.8986968835807323,0.44,0.242,9.114438656985308e-4,1,ZNF831
2.5454309521539067e-8,0.5887239333474428,0.683,0.575,9.316531827978514e-4,1,RPL8
2.6037802238494545e-8,0.792969662584022,0.556,0.423,9.530095997311389e-4,1,TGFB1
2.9974288004409634e-8,1.298918559809456,0.491,0.341,0.001097088915249397,1,JUN
3.133583587791464e-8,0.5375875670732964,0.522,0.42,0.0011469229289675536,1,ST6GAL1
3.3852345967077486e-8,0.6960733591204249,0.494,0.313,0.0012390297147410031,1,SPOCK2
3.555905865764721e-8,1.033832615623235,0.289,0.171,0.0013014971059285456,1,MZT2B
3.592023593815262e-8,1.1223484050012624,0.37,0.196,0.001314716555572324,1,IL2RG
4.273136888610518e-8,0.9846112482379386,0.371,0.232,0.0015640108326003357,1,TIPARP
4.355768802489859e-8,1.1271251407987675,0.312,0.185,0.0015942549393993134,1,SLF1
7.03006067473846e-8,1.2829735186685527,0.289,0.14,0.002573072507561024,1,HIST1H1D
7.881084670325383e-8,0.8602310828383416,0.555,0.385,0.0028845558001857935,1,RPL27
7.942610280687079e-8,0.9663570275965532,0.334,0.227,0.002907074788834278,1,MIR4435-2HG
8.380236668913436e-8,0.8650544803880025,0.543,0.4,0.003067250423189007,1,MYL6
9.237599944631733e-8,0.5898018152845985,0.677,0.575,0.003381053955734661,1,CYBA
1.0741367947441782e-7,0.8261408673805233,0.489,0.36,0.003931448082443167,1,SERF2
1.0852288160861714e-7,0.9375183802805755,0.577,0.439,0.003972045989756996,1,SRSF7
1.0878544454667313e-7,1.265166283241053,0.415,0.21,0.003981656055852783,1,PTPN22
1.0971277064618928e-7,0.7197650982466259,0.63,0.487,0.004015597118421174,1,RPL12
1.176013516141032e-7,1.0019849714716629,0.306,0.189,0.004304327070427791,1,EID1
1.198176394743501e-7,1.3390593045535653,0.311,0.165,0.004385445422400688,1,RASSF1
1.271674338969002e-7,1.0814733406580712,0.305,0.184,0.004654455248060445,1,SERPINB9
1.3578299101761565e-7,1.1542098004698154,0.277,0.143,0.004969793254235751,1,TBC1D10C
1.3861004245441458e-7,0.796042418176754,0.358,0.272,0.005073266163874028,1,ADIPOR2
1.3885150112037357e-7,0.8793048834328507,0.278,0.152,0.005082103792506793,1,CD5
1.5487799757576856e-7,0.6873196822019949,0.662,0.508,0.005668689589270705,1,RPS21
1.6056145589708498e-7,0.6222996073707106,0.286,0.213,0.0058767098472892075,1,MPHOSPH9
1.7561849272660155e-7,0.8079219127731674,0.366,0.248,0.0064278124522863436,1,SP4
1.9679616133038794e-7,0.6461737863662671,0.344,0.238,0.007202936300853529,1,LINC00342
2.018378046101546e-7,0.7999085387815649,0.471,0.306,0.007387465486536269,1,ANKRD36C
2.0811768221152773e-7,0.5869062351900137,0.485,0.396,0.007617315286624127,1,MAP4K5
2.2353407795202198e-7,0.6166550459154471,0.528,0.4,0.008181570787121957,1,NOP53
2.26187494030542e-7,0.8715540811110407,0.486,0.335,0.008278688469011869,1,SUN2
2.47681920980872e-7,1.0125559718898398,0.334,0.216,0.009065405989820897,1,CMC1
2.7151867098522016e-7,0.5413557688363003,0.434,0.357,0.009937854876730042,1,CIRBP
3.386182615377633e-7,0.6697748383012531,0.585,0.467,0.012393766990543675,1,EEF1D
3.85985142949204e-7,0.715901926914932,0.347,0.252,0.014127442217083815,1,BTF3
4.2827025661734184e-7,0.5248193149354289,0.533,0.435,0.015675119662451328,1,DDX24
4.5599614527003617e-7,0.5249967524169588,0.424,0.285,0.016689914913028594,1,SP140
4.786850726824834e-7,0.7617039014433243,0.335,0.229,0.017520352345251573,1,OFD1
4.817914908065351e-7,0.7009754892079308,0.472,0.34,0.01763405035500999,1,TOMM7
4.824713037553985e-7,0.8564141563490766,0.55,0.347,0.01765893218875134,1,CD69
4.963532996846568e-7,1.0928807099852316,0.263,0.154,0.018167027121758123,1,PPP1CA
5.218176834136164e-7,0.6159453792827361,0.579,0.453,0.019099049030621772,1,RPLP0
6.106396472434206e-7,0.7325208641576463,0.389,0.29,0.02235002172875644,1,NCK1
6.428455041931508e-7,1.0887978164161711,0.419,0.25,0.023528788298973514,1,RPL36AL
6.884131460230041e-7,1.2722886874534654,0.285,0.143,0.025196609557587974,1,AC087854.1
7.123898815750358e-7,1.0846441702020133,0.382,0.232,0.026074182055527886,1,MYL12B
7.566442536437937e-7,1.195605131653377,0.269,0.142,0.027693936327616495,1,KLHDC4
8.208439639488204e-7,0.6585447727653783,0.39,0.283,0.030043709924490777,1,SPTAN1
9.425185417856843e-7,0.6383668459905267,0.571,0.448,0.03449712114789783,1,RPS13
1.0507237141815535e-6,0.674153907698154,0.47,0.36,0.03845753866275904,1,ATP5F1E
1.243355411090625e-6,1.0237196728617177,0.358,0.213,0.04550805140132797,1,HSPA8
1.4767667132835716e-6,0.9946192575588677,0.284,0.183,0.05405113847289201,1,CALR
1.627456171004372e-6,0.8048680266189776,0.352,0.23,0.05956652331493102,1,RFX3-AS1
1.7424251441009043e-6,0.5755781925933249,0.542,0.463,0.06377450269923719,1,DNAJB6
1.8591169415559876e-6,0.8456700973450947,0.397,0.28,0.0680455391778907,1,EFHD2
1.9459370032634585e-6,1.107457833958391,0.319,0.192,0.07122324025644584,1,CD84
1.9806335572019125e-6,0.769885176325419,0.475,0.345,0.0724931688271472,1,BIN2
2.024216898853566e-6,0.8931542567695419,0.315,0.209,0.07408836271493936,1,UQCRB
2.230584659305314e-6,0.5946935383878229,0.636,0.508,0.0816416291152338,1,RPL38
2.455253903726494e-6,0.6540134192743787,0.461,0.321,0.08986474813029341,1,ANKRD36
2.5119215655310094e-6,1.0256529656251887,0.274,0.158,0.09193884122000047,1,DSTN
2.5188061379477596e-6,0.7558623807510769,0.342,0.24,0.09219082345502595,1,DBF4
2.6193955918672805e-6,1.1102610763814813,0.29,0.177,0.09587249805793434,1,RNF213-AS1
3.0169237036664015e-6,0.6658138215539089,0.259,0.191,0.11042242447789397,1,NEDD1
3.2279769907218474e-6,0.7650902019624972,0.252,0.165,0.11814718583741034,1,GK5
3.4761824557118595e-6,0.6539740574384453,0.468,0.345,0.12723175406150977,1,RAB27A
3.6805708788261773e-6,0.8057355543477916,0.472,0.341,0.1347125747359169,1,HERPUD2
3.844681255528084e-6,0.5240837969202499,0.777,0.697,0.14071917863358338,1,WIPF1
4.393658282112197e-6,0.6388738283988717,0.571,0.425,0.16081228678358853,1,KIF2A
4.393960097166842e-6,0.8837330666540766,0.334,0.223,0.16082333351640357,1,TSHZ1
4.401960882046559e-6,0.6182473258442833,0.656,0.519,0.16111617024378608,1,RPL36
4.4276680876243056e-6,0.8673284895717245,0.272,0.151,0.16205707967513722,1,PRDM1
4.565789289885542e-6,0.5284614048824288,0.329,0.269,0.1671124537991007,1,PXN
4.679540140013427e-6,0.9692516019623456,0.352,0.23,0.17127584866463144,1,CRIP1
5.042258600020186e-6,0.7882541303604209,0.471,0.347,0.18455170701933885,1,SET
5.531443247948267e-6,0.611915250904514,0.478,0.375,0.2024563543181545,1,ARL6IP5
5.588267127906005e-6,0.7306204647772494,0.354,0.276,0.2045361651484877,1,FBXO7
5.629241884814648e-6,0.5206623491762401,0.408,0.316,0.20603588222610092,1,SPATA5
5.906925324074265e-6,0.592361423154289,0.28,0.201,0.2161993737864422,1,ATP2A3
6.120909933191075e-6,1.2846626250516144,0.279,0.154,0.22403142446472654,1,ATG2A
6.36899162863561e-6,0.7593760734065953,0.295,0.215,0.23311146259969198,1,DGKZ
6.410579309241716e-6,0.8294847982085201,0.289,0.176,0.23463361329755605,1,HIST1H4C
7.340470834928722e-6,0.5336752634032638,0.49,0.409,0.26866857302922614,1,ARNTL
8.103801955047954e-6,0.8882814522689395,0.337,0.209,0.2966072553567102,1,ACAP1
8.166143691031117e-6,0.5862842063328697,0.287,0.215,0.29888902523542993,1,ZMYND11
8.200552213745049e-6,0.6086134085436983,0.678,0.547,0.30014841157528255,1,RPL5
8.274057261673644e-6,0.7106338623142195,0.516,0.394,0.3028387698345171,1,RPL29
8.78921800973271e-6,0.9318488328034591,0.287,0.189,0.32169416837422693,1,ARHGAP35
9.24638709642364e-6,0.5884739107980917,0.287,0.211,0.33842701411620163,1,LPIN1
9.26958590439315e-6,0.5141392030930012,0.63,0.522,0.3392761136866937,1,RPL31
9.419662386098356e-6,0.6620489719892992,0.667,0.521,0.34476906299358595,1,RPL39
1.2741715510347037e-5,0.5324917814468203,0.522,0.425,0.4663595293942119,1,ADGRE5
1.3094389996703834e-5,0.7409295300438138,0.587,0.454,0.479267768269357,1,RPL24
1.559421622814846e-5,0.633297130481741,0.347,0.271,0.5707639081664618,1,ACTN4
1.5916393886326277e-5,1.2228681058558695,0.293,0.179,0.5825559326334281,1,ARHGAP10
1.7103701285167333e-5,0.5023613825351255,0.358,0.309,0.6260125707384095,1,UHMK1
1.839670917448294e-5,0.5620558000501618,0.401,0.334,0.6733379524952501,1,TMF1
1.9656099746850197e-5,0.8557856084761215,0.31,0.198,0.719432906834464,1,BCR
1.98369634226629e-5,0.6174041668392501,0.356,0.276,0.7260526982328848,1,EIF3F
2.0198436503887084e-5,0.7676867167363397,0.631,0.469,0.7392829744787712,1,RPL10A
2.1582908751862627e-5,1.199630896639644,0.311,0.17,0.789956043226924,1,BTG3
2.162489443318852e-5,0.7267140099122524,0.386,0.279,0.791492761149133,1,LINC01138
2.2300931321064837e-5,0.5877245547237512,0.564,0.498,0.8162363872822941,1,CLK1
2.2750514442012966e-5,0.6104637429850478,0.363,0.297,0.8326915790921166,1,SRSF2
2.609178452718643e-5,0.6926818739096248,0.271,0.174,0.9549854054795506,1,TTC39B
2.6766088078667207e-5,0.5794569648688519,0.355,0.299,0.9796655897672985,1,MINDY3
2.7140755359860182e-5,0.7329964805950114,0.53,0.428,0.9933787869262425,1,FAM53B
3.086059254594051e-5,0.8928127489972143,0.379,0.272,1,1,GSE1
3.1068619235050126e-5,0.6631345953541679,0.432,0.349,1,1,PDZD8
3.241043292499887e-5,0.5336985392901201,0.429,0.354,1,1,AC245297.3
3.809581848176664e-5,0.5264827246023207,0.531,0.434,1,1,ITGB2
3.8576081186074585e-5,0.6164463446880177,0.496,0.403,1,1,CASP8
4.0404757071307576e-5,0.5628801422057168,0.425,0.327,1,1,NPM1
4.176969079939729e-5,1.0267805866071456,0.363,0.226,1,1,SRP14
4.380198798315797e-5,0.7958296896096488,0.364,0.259,1,1,IDS
4.766013275129284e-5,0.562178405303523,0.396,0.325,1,1,YWHAQ
5.2023301440891996e-5,0.6791546345597155,0.393,0.29,1,1,COX7C
5.217566507004629e-5,0.9186704041397399,0.276,0.179,1,1,OSBPL5
5.7457442027067464e-5,0.8141510021066409,0.283,0.187,1,1,IFITM2
5.7786819498367426e-5,0.6792664842501808,0.434,0.347,1,1,BRD1
5.9132242909297544e-5,0.5235019926754361,0.407,0.341,1,1,CAPN2
6.123517323816542e-5,0.746664264141194,0.251,0.184,1,1,SNRPB
6.271486441709149e-5,0.8218386752400164,0.282,0.198,1,1,AC010894.3
6.526275478520172e-5,0.5360428589407229,0.533,0.455,1,1,NACA
7.296208438713023e-5,0.6051643319734803,0.422,0.332,1,1,ARHGEF1
7.878569488007436e-5,0.738774158450974,0.255,0.178,1,1,COX6C
8.383655652587838e-5,0.6769961347996758,0.398,0.272,1,1,ODF2L
9.196566937871677e-5,0.8118319777862741,0.377,0.267,1,1,HSPA5
9.728202633945359e-5,0.6366234048618238,0.307,0.245,1,1,SMC4
9.968055707851101e-5,0.5532773526412225,0.508,0.408,1,1,S100A6
1.088425930672678e-4,0.7004663342524725,0.305,0.181,1,1,KCNQ5
1.0967343683764581e-4,0.5436709804285198,0.572,0.48,1,1,IFI16
1.1144223637881644e-4,0.7697021303854168,0.287,0.2,1,1,PPIB
1.2138984219364151e-4,0.8473588015965164,0.363,0.253,1,1,GALNT11
1.4597305978646135e-4,0.6396964261275322,0.626,0.502,1,1,RPL7
1.465844256964065e-4,0.9177466090137845,0.283,0.186,1,1,EDF1
1.6280553164847012e-4,0.5521313894207954,0.436,0.36,1,1,MYLIP
1.6867599391817633e-4,0.553908085733587,0.342,0.274,1,1,SACM1L
0.00019320120900951678,0.5994594636145023,0.373,0.307,1,1,PRKX
1.9566130961695777e-4,0.9424574473571755,0.354,0.228,1,1,TMA7
2.069982048540876e-4,0.7536237138206473,0.254,0.16,1,1,GIMAP7
2.4337180761401767e-4,0.6180316899497071,0.316,0.261,1,1,CDK11A
2.7470578713984097e-4,0.5526927468162115,0.468,0.39,1,1,COX4I1
2.806613486277234e-4,0.6915956840788109,0.328,0.24,1,1,TMEM135
2.8332406797523585e-4,0.7412688566977451,0.256,0.172,1,1,RBM38
3.1272452052116286e-4,0.5654245032305227,0.457,0.378,1,1,GAPDH
3.200933665195533e-4,0.535903231377068,0.26,0.215,1,1,TMCO1
3.205148722573717e-4,0.8725831949255571,0.323,0.195,1,1,ISG20
3.4356382307183835e-4,0.7880514890023897,0.342,0.245,1,1,CHCHD2
3.4907198259401766e-4,0.5695197177670811,0.256,0.192,1,1,IARS
3.516632819081668e-4,0.5641867998601884,0.454,0.413,1,1,RPTOR
3.571882507184205e-4,0.5869857863054466,0.329,0.262,1,1,CDK5RAP2
3.5831554967289764e-4,1.41397552102037,0.27,0.134,1,1,GUK1
3.672935625621534e-4,0.5772856398946173,0.403,0.338,1,1,USP36
3.689259448292059e-4,0.534578978072163,0.489,0.385,1,1,VWA8
3.713206628901619e-4,0.655624907109752,0.374,0.289,1,1,SDHA
3.910254097294489e-4,0.5877535788487795,0.29,0.227,1,1,NUB1
3.9800158754563735e-4,0.5228471334059622,0.266,0.189,1,1,STAMBPL1
4.060707208237634e-4,0.5475273373617666,0.265,0.2,1,1,GYPC
4.6987921360090143e-4,0.7009947415901877,0.271,0.218,1,1,AC004687.1
4.7395859353277514e-4,0.5786170865844431,0.389,0.298,1,1,OSBPL3
4.808802371102711e-4,0.5041229809995894,0.535,0.456,1,1,UBR1
5.100675568169268e-4,0.5641882562700341,0.313,0.261,1,1,ZNF217
5.125595057385161e-4,0.728018155018604,0.317,0.235,1,1,C9orf78
5.145913092261865e-4,0.7669067187939973,0.497,0.373,1,1,HLA-F
5.802405442387087e-4,0.5675980106923908,0.379,0.308,1,1,ZBTB44
6.351896391455832e-4,0.6261512850445783,0.394,0.285,1,1,CRY1
6.432589706607972e-4,0.683871891662857,0.294,0.215,1,1,DTD1
6.901918364560885e-4,0.5400818001918549,0.371,0.31,1,1,TMEM59
7.533727123520878e-4,0.6933801817455764,0.434,0.314,1,1,GSPT1
7.933021907840145e-4,0.6278056826196481,0.374,0.276,1,1,HINT1
7.951869264195313e-4,0.6380732626978572,0.512,0.388,1,1,KLF2
8.149809424354221e-4,0.8311653796088249,0.348,0.228,1,1,TRANK1
8.227105302602479e-4,0.6464157477776765,0.404,0.331,1,1,SAR1A
9.710221960449622e-4,1.2091770142390283,0.27,0.126,1,1,ESR2
0.00103015396749639,0.5127417406203567,0.514,0.445,1,1,PNRC1
0.0010665108940743372,0.6504818706022902,0.315,0.24,1,1,ATP5MG
0.0012634201118537887,0.9112588818938083,0.253,0.157,1,1,SAMD9
0.0012728424221563988,0.8098327109603383,0.32,0.224,1,1,NDUFA13
0.0012943355825050023,0.9654153629289441,0.27,0.168,1,1,PSME1
0.0013258230222795617,0.5319672769979502,0.425,0.352,1,1,EIF4E3
0.0016078730883464256,0.6158686964656903,0.272,0.219,1,1,COPE
0.0019251937898652242,0.6574876062867252,0.384,0.322,1,1,DNAJA1
0.001964790655253481,0.5651894457870646,0.356,0.294,1,1,ATG16L1
0.0020521086062945336,0.5488546368902663,0.274,0.226,1,1,GORASP2
0.0022096352667984403,0.5412402398981693,0.332,0.281,1,1,MYO1G
0.002284250486163009,0.5429863774630628,0.299,0.236,1,1,ATAD2
0.002334267200791854,0.9291830866620361,0.258,0.161,1,1,BUB3
0.0023927489724696856,1.1844158923714012,0.254,0.143,1,1,PSMB8
0.0025199033149500374,0.5368964249007682,0.453,0.392,1,1,SRSF3
0.0027861777615751154,0.5473489844770356,0.429,0.359,1,1,OAZ1
0.0028591649310580345,0.5778724116464667,0.54,0.459,1,1,SUB1
0.00303574142238146,0.7949161185085624,0.292,0.202,1,1,TERF1
0.0030641947230059157,0.6575192222501679,0.284,0.217,1,1,CLDND1
0.004152935184436695,0.575648173349121,0.432,0.35,1,1,RNF115
0.004180678507982888,1.0578057182617746,0.284,0.182,1,1,CLIC1
0.004213330397312198,0.5200531713111944,0.573,0.475,1,1,WWOX
0.004377345959969261,0.8569154279006201,0.252,0.181,1,1,VGLL4
0.00486722799088606,0.6511446697932417,0.313,0.21,1,1,PLEKHA1
0.006190090087699491,0.7601747081474187,0.271,0.2,1,1,ARL6IP1
0.006296509420629365,0.5677399441764164,0.478,0.398,1,1,HNRNPDL
0.006382541557933482,0.5721421460828573,0.39,0.319,1,1,GMFG
0.0068379866758919395,0.5320771452319875,0.624,0.55,1,1,SRSF5
0.006902540556362002,0.536493075725452,0.325,0.269,1,1,ATP5MC2
0.0074765949378403215,0.5808361828430412,0.313,0.248,1,1,VAMP2
0.007932971924955616,0.5215767985026413,0.263,0.217,1,1,ATP6V1G1
0.008024859024556304,0.5218862367701563,0.284,0.231,1,1,TOMM20
0.00878870715152935,0.8927058059331396,0.305,0.213,1,1,RNF166
0.009426772635809167,0.5123651459797122,0.404,0.337,1,1,PTGES3
0.009632332727149352,0.6560674152847379,0.432,0.316,1,1,RPS10
8.832336218657844e-101,2.3682297591038974,0.952,0.326,3.2327233793909574e-96,2,INPP4B
7.672043637962743e-83,2.0169033835416563,0.889,0.286,2.8080446919307437e-78,2,IL7R
4.9668133315867295e-82,2.3815445559210238,0.882,0.261,1.817903347494059e-77,2,ANK3
4.590949362411005e-78,1.370096806924039,0.999,0.959,1.680333376136052e-73,2,ARHGAP15
1.6118508308584514e-76,2.0040803266390586,0.929,0.555,5.899535226025018e-72,2,CDC14A
5.290497407634674e-74,1.6246169225471183,0.945,0.317,1.9363749561683672e-69,2,CAMK4
8.554694759397663e-66,2.219222207577759,0.686,0.151,3.131103828887139e-61,2,CD28
3.042698049280591e-64,2.131112089041519,0.785,0.276,1.113657913017189e-59,2,LTB
1.0920442638721834e-61,1.7146484915853617,0.934,0.455,3.996991210198579e-57,2,RORA
7.299157899613665e-59,1.7350404821639809,0.905,0.528,2.671564782837598e-54,2,PAG1
1.4549324874427618e-58,1.401684023577232,0.874,0.447,5.325198397289253e-54,2,PRKCA
4.9679250349196105e-58,1.3166322742336791,0.948,0.418,1.8183102420309267e-53,2,BCL11B
5.547634249688589e-53,1.877587355823774,0.802,0.359,2.0304896117285207e-48,2,TTC39C
3.820489551831883e-51,1.4558429096474226,0.868,0.461,1.3983373808659873e-46,2,SERINC5
3.768353418092783e-49,1.304690515610431,0.885,0.376,1.3792550345561395e-44,2,TC2N
4.232799178540048e-49,1.0344115247530477,0.944,0.774,1.5492468273374428e-44,2,EML4
4.591403534078879e-48,2.723226641333777,0.506,0.088,1.6804996075082107e-43,2,EPHA4
1.2754443917647319e-47,2.4291280053562083,0.502,0.095,4.668254018298095e-43,2,FAAH2
2.886574863356896e-44,1.4524670731188227,0.814,0.44,1.0565152657372575e-39,2,GPRIN3
3.3064244568625857e-44,1.6448900097187038,0.705,0.243,1.210184415456275e-39,2,PATJ
6.61195551882165e-43,1.1526160868500313,0.964,0.609,2.420041839443912e-38,2,KLF12
7.356190818713811e-43,1.357434601420512,0.822,0.439,2.692439401557442e-38,2,HIVEP2
2.181164192458483e-42,1.1543109614289147,0.725,0.248,7.983279060817293e-38,2,LEF1
2.165957408447479e-39,1.9257113644707196,0.541,0.182,7.927620710658618e-35,2,ADAM19
1.0258915071341151e-38,1.0236308864021875,0.897,0.556,3.7548655052615746e-34,2,PDE3B
1.9412861717735677e-38,1.2115181818256293,0.835,0.412,7.105301517308435e-34,2,TNIK
3.7547226459351352e-37,2.2928974771961297,0.425,0.102,1.3742660356387187e-32,2,AP3M2
8.44914205043995e-37,1.305567620352054,0.84,0.376,3.092470481881526e-32,2,ITK
2.006229107169531e-36,1.663132439510061,0.619,0.201,7.342999155151201e-32,2,RCAN3
2.3424774948891835e-36,1.4772370315049002,0.67,0.253,8.5737018790439e-32,2,CD6
5.292573413106368e-35,1.1784968457979814,0.875,0.555,1.937134794931062e-30,2,AKT3
7.070022936009154e-35,1.6653730337904025,0.62,0.224,2.5876990948087105e-30,2,CSGALNACT1
3.370962193441063e-34,1.0875821514084598,0.819,0.387,1.2338058724213635e-29,2,ZEB1
3.683832303670481e-34,0.9532405019852086,0.871,0.64,1.3483194614664327e-29,2,SARAF
3.1698763522819186e-33,1.8463422973323274,0.527,0.167,1.160206443698705e-28,2,PCAT1
4.5809259682989696e-33,1.0268700095945418,0.95,0.783,1.6766647136571058e-28,2,DOCK10
6.492663223158901e-33,0.7118778124171188,0.976,0.914,2.3763796663083894e-28,2,CDC42SE2
7.929536183956449e-33,1.6554207167568218,0.699,0.251,2.9022895386899e-28,2,DOCK9
9.243455269137861e-33,2.104215238898683,0.484,0.117,3.3831970630571485e-28,2,TRAT1
3.538427597692656e-32,1.1820587612777547,0.671,0.327,1.2950998850314892e-27,2,CD69
4.269022866246125e-32,0.849443601321676,0.94,0.795,1.5625050592747443e-27,2,PCNX1
5.338082672492037e-32,1.2813274737533284,0.704,0.288,1.9537916389588104e-27,2,TCF7
1.656913461827997e-30,1.7115551008030392,0.584,0.179,6.064468961636651e-26,2,TESPA1
3.6495298281657444e-30,1.223597077886461,0.786,0.423,1.3357644124069442e-25,2,BCL2
4.569126431145672e-30,0.9836252784975934,0.943,0.541,1.6723459650636274e-25,2,SYNE2
6.108677606098496e-29,1.2878278577509676,0.788,0.462,2.2358370906081106e-24,2,CASK
7.030463997174553e-29,1.5335103153193406,0.768,0.487,2.5732201276058582e-24,2,ITGB1
1.5829973779793253e-28,1.2616318465756922,0.763,0.443,5.793928703142129e-24,2,LRRC8C
2.441573461289601e-28,1.0937087607860358,0.748,0.362,8.936403025666068e-24,2,CD96
5.112825024662622e-28,2.4019839480471883,0.407,0.101,1.8713450872767663e-23,2,GATA3
8.870449326471164e-28,1.1165610324115307,0.646,0.396,3.2466731579817104e-23,2,SESN3
1.3440633048044177e-27,1.3049768283286267,0.536,0.181,4.919406101914649e-23,2,NELL2
1.9749099846023398e-27,1.2064824084693304,0.699,0.262,7.228368034643024e-23,2,THEMIS
2.8125375320356816e-27,0.8580205271930179,0.966,0.572,1.0294168621003798e-22,2,SKAP1
1.262406167212267e-26,1.4343557462732044,0.677,0.337,4.620532812613618e-22,2,FUT8
1.3412929107484095e-26,1.2129751264759352,0.686,0.435,4.909266182630253e-22,2,TNFAIP3
2.2265582300271242e-26,2.2734416325034137,0.362,0.079,8.149425777722278e-22,2,ICOS
2.3911038175874688e-26,1.1786473109950455,0.766,0.476,8.751679082751895e-22,2,SLC4A7
2.9714476414040966e-26,1.156161972918517,0.698,0.453,1.0875795512303134e-21,2,CRYBG1
4.020421851129632e-26,1.22835505423347,0.617,0.34,1.4715146017319567e-21,2,ITPKB
4.9064897479811556e-26,1.608484689574344,0.603,0.268,1.7958243126585827e-21,2,PVT1
6.094690744414337e-26,0.8032541631743197,0.779,0.567,2.2307177593630912e-21,2,FAM107B
9.686532097920009e-26,1.1238128941934833,0.716,0.36,3.545367613159702e-21,2,RASGRP1
1.037814156462242e-25,1.0317202848943754,0.742,0.495,3.798503594067452e-21,2,PHACTR2
1.3208989729518842e-25,1.2526086491172206,0.744,0.338,4.8346223309011914e-21,2,PRKCQ
1.8515872544164525e-25,1.9128049312598503,0.447,0.139,6.776994509889658e-21,2,DUSP16
2.5950151562693643e-25,1.5194664451462097,0.517,0.205,9.4980149734615e-21,2,SFXN1
2.982586980903515e-25,2.2885971841067034,0.375,0.086,1.0916566608804955e-20,2,CMTM8
4.35283090776446e-25,1.0419855256586352,0.621,0.295,1.59317964055087e-20,2,OXNAD1
6.470019725804625e-25,0.5762521359731876,0.975,0.923,2.3680919198417507e-20,2,ANKRD12
6.724958766556598e-25,0.5921346537583672,0.783,0.502,2.4614021581473806e-20,2,MGAT5
8.51377358226348e-25,1.1418179663192147,0.679,0.342,3.1161262688442566e-20,2,LEPROTL1
9.013884526326508e-25,2.015413444185449,0.371,0.085,3.299171875480765e-20,2,AC139720.1
9.542492060602169e-25,0.8366466322716553,0.783,0.422,3.492647519101e-20,2,RHOH
9.806105289054649e-25,1.5265706098555576,0.599,0.25,3.589132596846892e-20,2,PCNX2
1.2706778353893674e-24,1.3595748419906644,0.562,0.219,4.6508079453086233e-20,2,CD2
1.766878747464336e-24,0.8911233639742215,0.619,0.31,6.466952903594216e-20,2,MLLT3
2.269698009434854e-24,0.8572269468658595,0.846,0.565,8.307321684332509e-20,2,CCSER2
2.4016628904360982e-24,0.7409609058556174,0.591,0.307,8.790326345285164e-20,2,SFMBT1
3.2485369858244707e-24,2.1556261407475157,0.292,0.065,1.1889970221816144e-19,2,TNFRSF25
4.561062650022095e-24,0.9342932379513348,0.673,0.431,1.6693945405345871e-19,2,WWP1
1.023327858839973e-23,0.8379299606531743,0.79,0.56,3.745482296140185e-19,2,TNFAIP8
1.5338878011443744e-23,1.2660555811063259,0.52,0.233,5.614182740968525e-19,2,HELB
2.1431252703134855e-23,1.6543504938369207,0.394,0.13,7.8440528018743885e-19,2,TAFA1
2.368897911724425e-23,0.8307553135875825,0.796,0.591,8.670403246702568e-19,2,ZC3HAV1
2.5634331402112533e-23,1.352724736031084,0.752,0.477,9.382421636487209e-19,2,AC079793.1
7.12990385245358e-23,3.0896671973810292,0.279,0.043,2.6096161090365352e-18,2,ST8SIA1
1.2687085207893722e-22,0.820130911681519,0.884,0.527,4.643600056941182e-18,2,ETS1
5.114229869700262e-22,0.7926140800213743,0.831,0.678,1.871859274608993e-17,2,SORL1
5.306121971678068e-22,1.803072630045411,0.432,0.127,1.9420937028538898e-17,2,CD5
5.804009239276869e-22,1.762252554957822,0.388,0.13,2.1243254216677265e-17,2,TRAF1
7.15345642985483e-22,1.6434495189816491,0.487,0.175,2.618236587891166e-17,2,LRIG1
8.249196620991698e-22,0.6566664098855384,0.955,0.842,3.0192884552491715e-17,2,ZBTB20
9.684015970475988e-22,1.3713723084374505,0.483,0.187,3.544446685353916e-17,2,CD226
1.7868861346630784e-21,0.7764349176703034,0.913,0.746,6.540181941480334e-17,2,CNOT6L
2.1940877173223618e-21,1.6737156927039627,0.313,0.081,8.030580454171576e-17,2,MAL
2.582628722618403e-21,0.8213484812791727,0.853,0.496,9.452679387655616e-17,2,SLC38A1
3.0355293762866323e-21,0.9091143984923349,0.697,0.391,1.1110341070146702e-16,2,PPP1R16B
5.1207536606157375e-21,1.8796459717048317,0.327,0.088,1.874247047321966e-16,2,MAST4
6.049052022814172e-21,0.7247503285181518,0.696,0.476,2.214013530870215e-16,2,NAP1L4
9.386580937775604e-21,1.2407552016411194,0.653,0.287,3.435582489035249e-16,2,SPOCK2
9.735186810523705e-21,1.0863856999171437,0.628,0.373,3.5631757245197812e-16,2,AC016831.7
3.00336851002361e-20,0.9831998065494467,0.559,0.275,1.0992629083537415e-15,2,NR3C2
5.828731306926212e-20,1.1876933132726948,0.559,0.299,2.1333739456480625e-15,2,NCOA7
7.502573910705457e-20,0.9173650161894047,0.806,0.618,2.7460170770573044e-15,2,ZFP36L2
8.376196730684851e-20,1.1066411704818897,0.555,0.29,3.0657717653979624e-15,2,BIRC3
1.0769543441833572e-19,1.3694104991109772,0.479,0.18,3.941760595145506e-15,2,TRAC
1.1150252458540261e-19,1.1738465451571838,0.514,0.23,4.081103902350321e-15,2,ZNF831
1.376606760688931e-19,1.2777258471066468,0.524,0.216,5.038518404797556e-15,2,TSHZ2
1.5412656466440757e-19,0.6938797198805036,0.884,0.678,5.641186393281981e-15,2,AAK1
1.5517805501922768e-19,1.1047207305559676,0.519,0.258,5.679671991758752e-15,2,PLCL1
2.9101800954821583e-19,1.0413601618820691,0.665,0.437,1.0651550167474248e-14,2,ABCC1
3.4299159695651807e-19,1.058434465953973,0.795,0.623,1.2553835440205519e-14,2,STT3B
4.0499897436013612e-19,0.8404808874956085,0.705,0.387,1.4823367460555342e-14,2,NCK2
5.116629841784937e-19,1.1893080337417006,0.542,0.257,1.8727376883917046e-14,2,ABLIM1
6.495471680055537e-19,1.6964604905537488,0.311,0.098,2.377407589617127e-14,2,BICDL1
7.02869130209083e-19,1.2659018446339503,0.576,0.329,2.5725713034782647e-14,2,PRKY
8.487300306383406e-19,1.3411437331111955,0.455,0.16,3.106436785139391e-14,2,RASGRF2
1.0967690936047023e-18,1.3133263140682767,0.5,0.225,4.014284559502571e-14,2,CCDC7
1.1103690085813204e-18,1.2985607442227454,0.51,0.228,4.064061608308491e-14,2,LDHB
1.1733580480187494e-18,0.8474327435672833,0.553,0.281,4.294607791553425e-14,2,IL32
1.6320092431025773e-18,1.9824207155605225,0.285,0.073,5.973317030679743e-14,2,PBX4
1.8258724539779538e-18,1.024676370284034,0.656,0.348,6.682875768804709e-14,2,MGAT4A
2.0208613772104633e-18,0.938828347144701,0.67,0.341,7.396554726728017e-14,2,SLFN12L
3.1685858651967015e-18,2.1584439125594517,0.256,0.058,1.1597341125206447e-13,2,SLAMF1
3.60570877406276e-18,1.3682423943288209,0.501,0.216,1.3197254683947107e-13,2,RORA-AS1
4.522164246476297e-18,0.6867348895560463,0.762,0.563,1.6551573358527894e-13,2,NDFIP1
7.295659398313159e-18,1.6602140852079348,0.36,0.142,2.670284296376599e-13,2,HNRNPLL
9.836971762928255e-18,2.050331640770529,0.318,0.105,3.6004300349493706e-13,2,MCF2L2
1.4979028475775924e-17,1.9105089927069683,0.296,0.081,5.482474212418746e-13,2,PKIA
1.556422902232406e-17,0.9296678252429259,0.633,0.329,5.696663464460829e-13,2,PIK3IP1
1.7163490112560422e-17,1.1280184809413973,0.6,0.383,6.28200901609824e-13,2,KAT2B
2.432329357707948e-17,1.4655869049136574,0.649,0.398,8.90256868214686e-13,2,MDFIC
2.8646339241556536e-17,1.3909416276900801,0.477,0.241,1.0484846625802107e-12,2,RUNX2
4.193255955247475e-17,0.7444052105534642,0.816,0.65,1.5347736121801285e-12,2,CYLD
4.4404336210314066e-17,1.409880015458463,0.427,0.22,1.6252431096337051e-12,2,ACVR2A
5.991041974740379e-17,1.8257155739008182,0.328,0.122,2.192781273174726e-12,2,ACVR1
7.829050014260967e-17,1.1041094553434725,0.459,0.235,2.8655105957196565e-12,2,DIPK1A
1.2205667016505318e-16,2.1725616380674553,0.276,0.068,4.467396184711111e-12,2,ZC3H12D
1.655970961354881e-16,0.842781175135312,0.711,0.456,6.0610193156550005e-12,2,ARID5B
1.664202891224033e-16,1.9890722886849694,0.291,0.086,6.0911490021690834e-12,2,MAF
2.644526834040938e-16,1.0411837873883172,0.502,0.223,9.679232665273238e-12,2,GRAP2
5.978456095666998e-16,0.6929421704896517,0.888,0.71,2.1881747155750778e-11,2,IKZF1
6.843532473496666e-16,1.4431466750795674,0.313,0.11,2.5048013206245146e-11,2,HABP4
7.335171276055984e-16,0.9040988463414048,0.729,0.473,2.6847460387492506e-11,2,EMB
9.043392604914165e-16,1.1352477195008157,0.483,0.224,3.3099721273246334e-11,2,OPTN
9.103830328299045e-16,0.6324302543509137,0.67,0.505,3.332092938460733e-11,2,RALGAPA1
9.471044761692409e-16,0.689448834217048,0.67,0.49,3.466497093227039e-11,2,IMMP2L
9.78392523464724e-16,1.0639605683254496,0.459,0.246,3.5810144751332366e-11,2,TNFSF8
1.1081722671923691e-15,0.8649484628020441,0.716,0.481,4.05602131515079e-11,2,P2RY8
1.1184741498722557e-15,1.1223935839175643,0.503,0.241,4.093727235947443e-11,2,ANKH
1.644544722671188e-15,1.2826606534205642,0.372,0.164,6.019198139448815e-11,2,CCND2
2.12227875822247e-15,0.5138478307164416,0.904,0.759,7.767752482970062e-11,2,PPP2R5C
3.0690604709742157e-15,1.023453599278067,0.564,0.304,1.1233068229812727e-10,2,ANKRD36
3.2058945868916207e-15,1.6414521121783705,0.254,0.083,1.173389477748202e-10,2,SAMD12
6.279833058485213e-15,0.5465495971596801,0.883,0.795,2.298481697736173e-10,2,HERC1
7.194509814212411e-15,0.7632670860763826,0.711,0.605,2.6332625370998844e-10,2,RBMS1
8.024160673791348e-15,1.4392258235558124,0.361,0.14,2.936923048214371e-10,2,PBXIP1
1.1166669804367853e-14,1.1918595865010717,0.54,0.297,4.087112815096678e-10,2,GSPT1
1.1525690248654297e-14,1.320909250504136,0.492,0.229,4.2185178879099593e-10,2,SPTBN1
1.7158270036767518e-14,0.6514941594556876,0.742,0.539,6.28009841615728e-10,2,MSI2
1.761138485731512e-14,0.6462207100649817,0.747,0.548,6.445942971625908e-10,2,RAPGEF6
2.5374687001242912e-14,0.5736772081553267,0.991,0.969,9.287389189324919e-10,2,MBNL1
5.061077170986813e-14,0.6029208556335837,0.869,0.7,1.8524048553528833e-9,2,MAML2
5.381824209451443e-14,1.013402538625761,0.427,0.223,1.9698014789013225e-9,2,SGTB
5.767738374827518e-14,0.9284242468706548,0.465,0.286,2.11104992257062e-9,2,OSBPL3
6.628817327593006e-14,0.8903361000685679,0.553,0.335,2.426213430072316e-9,2,ANKRD28
6.845190972099513e-14,1.0115604975296817,0.346,0.152,2.5054083476981427e-9,2,CD3E
8.65116132214475e-14,0.8148840514774962,0.814,0.563,3.1664115555182e-9,2,RASA3
9.750955714150082e-14,0.9793270994243657,0.558,0.268,3.5689473009360716e-9,2,SCML4
1.0372568246009575e-13,1.2932713649698355,0.361,0.126,3.796463703721965e-9,2,TRABD2A
1.0639192198389868e-13,0.6962036720706131,0.902,0.808,3.894050736532675e-9,2,RPS2
1.5763266642156817e-13,1.1175184605379067,0.502,0.255,5.769513223695816e-9,2,ODF2L
1.7236783883461903e-13,0.9725759140657779,0.563,0.336,6.308835269185891e-9,2,USP9Y
1.762445912063364e-13,0.507624217070735,0.668,0.493,6.4507282827431186e-9,2,TMEM123
1.7778376427635353e-13,1.0213135708303827,0.508,0.291,6.507063556278816e-9,2,TMEM245
1.8515994259939269e-13,1.2543817871228056,0.327,0.154,6.777039059080372e-9,2,CLYBL
1.9988543859674318e-13,1.0161697501490232,0.471,0.279,7.316006938079397e-9,2,FXYD5
2.295308820227561e-13,0.5381944013940128,0.603,0.457,8.401059812914896e-9,2,GCC2
4.0676550750798103e-13,1.0515343762068496,0.402,0.159,1.4888024340299614e-8,2,ITGA6
4.123585109046062e-13,0.8820952349964046,0.684,0.376,1.5092733857619492e-8,2,PCED1B
4.2249851572592706e-13,0.6576191285080175,0.937,0.741,1.5463868174084656e-8,2,LRBA
4.677626453086891e-13,0.7101278238065707,0.67,0.47,1.712058058094333e-8,2,IL6ST
4.833499548721707e-13,1.148924789520491,0.487,0.29,1.7691091698276318e-8,2,ERN1
5.049270503545097e-13,0.8672699852446057,0.7,0.556,1.848083497002541e-8,2,SOS1
5.58396517431859e-13,1.0677143142369023,0.347,0.163,2.043787093452347e-8,2,GOLGA8A
5.641819991391558e-13,1.226091183678813,0.388,0.2,2.064962535049224e-8,2,AMMECR1
5.833557752830131e-13,0.8591663755017259,0.552,0.306,2.1351404731133565e-8,2,RNF125
6.37248465909828e-13,0.9905765830868795,0.416,0.213,2.3323931100765612e-8,2,OXCT1
7.89963903793018e-13,1.3620091342484064,0.27,0.104,2.8913468842728252e-8,2,MIAT
8.899204166773791e-13,0.9200887053867902,0.512,0.303,3.257197717080875e-8,2,SUPT3H
1.1962859671630662e-12,0.791407368252995,0.699,0.428,4.3785262684135385e-8,2,EVL
1.2441084028113827e-12,0.7889299345833977,0.544,0.344,4.553561165129942e-8,2,MTR
1.2626012519989213e-12,0.5472476265564294,0.898,0.818,4.621246842441252e-8,2,CYTH1
1.3098166289980751e-12,0.9667659638396765,0.349,0.176,4.794059843795855e-8,2,STAMBPL1
1.6155645663944213e-12,0.5694456086009483,0.904,0.736,5.913127869460221e-8,2,FYB1
1.6805276481608172e-12,0.6516118792673202,0.82,0.574,6.150899245033408e-8,2,CCND3
1.851891250765266e-12,0.6659480911049762,0.878,0.688,6.778107166925951e-8,2,ATXN1
2.0708921708265744e-12,0.7271969154560651,0.563,0.371,7.579672434442345e-8,2,PSIP1
2.3245572141332685e-12,0.7503255318244741,0.675,0.485,8.508111859449177e-8,2,MALT1
2.334571169757049e-12,1.3973996641274729,0.323,0.159,8.544763938427775e-8,2,AP000787.1
2.3563859159387238e-12,0.6624272720211946,0.918,0.795,8.624608090927324e-8,2,RIPOR2
2.4392051413730277e-12,0.9587035992041477,0.534,0.326,8.927734737939418e-8,2,STAT5B
2.7527910597431514e-12,0.8916511664216864,0.602,0.393,1.0075490557765908e-7,2,CNST
3.3893376921952194e-12,0.9687416428291562,0.455,0.267,1.2405314887203721e-7,2,ARHGAP5
3.4630139274454396e-12,0.5384789013791269,0.91,0.822,1.2674977275843054e-7,2,ELMO1
6.470406155887938e-12,0.5355558640281464,0.791,0.592,2.368233357116544e-7,2,TUT4
7.2655229644569635e-12,0.9640232244052047,0.673,0.465,2.659254060220893e-7,2,PHTF2
9.131619079974275e-12,0.7429356817445361,0.79,0.64,3.342263899461384e-7,2,RPS6KA3
1.1762003606587453e-11,0.7431602272193978,0.67,0.404,4.305010940047074e-7,2,TNRC6C
1.237893575929932e-11,0.8332857241449134,0.472,0.297,4.530814277261144e-7,2,LINC-PINT
1.773656318950266e-11,0.9672614686714782,0.569,0.4,6.491759492989868e-7,2,NIBAN1
2.0357326145322446e-11,0.7337850534760928,0.328,0.166,7.450984942449469e-7,2,CD3D
2.1340590921877447e-11,0.9811349814429517,0.491,0.309,7.810869683316365e-7,2,LINC00513
2.1713535201918833e-11,0.9354843249288035,0.484,0.31,7.947371019254312e-7,2,LPIN2
2.2408826216148405e-11,1.2365407488856857,0.544,0.294,8.201854483372478e-7,2,GPHN
2.3210542101333686e-11,1.1091329275965567,0.283,0.136,8.495290514509142e-7,2,NOSIP
3.1303392493202515e-11,1.0369847774119862,0.357,0.197,1.1457354686437052e-6,2,ERO1A
3.276009324367831e-11,1.232777226633476,0.282,0.105,1.1990521728118699e-6,2,RNF157
3.577672932544939e-11,1.1602947406526316,0.283,0.114,1.309464070040773e-6,2,AC010609.1
4.011039920300056e-11,0.576479553493491,0.71,0.544,1.4680807212290235e-6,2,RBL2
4.1892947332607016e-11,0.8335159307865823,0.618,0.461,1.5333237653207495e-6,2,AFF1
4.195304643414733e-11,1.3027889654333409,0.269,0.118,1.5355234525362264e-6,2,DGKH
6.740386442260036e-11,1.1416641835523111,0.405,0.187,2.4670488417315958e-6,2,GPR174
6.791511770121199e-11,1.1840957749493528,0.409,0.214,2.4857612229820603e-6,2,GSTK1
6.973974223649005e-11,0.7209945553042596,0.687,0.554,2.552544305597772e-6,2,EEF1G
7.358429475027311e-11,0.5927828570825433,0.784,0.662,2.693258772154746e-6,2,KIAA1109
9.9155027839473e-11,0.590984879678669,0.685,0.56,3.629173173952551e-6,2,AP001011.1
1.0179702252142865e-10,0.9686180699610973,0.274,0.13,3.7258728213068103e-6,2,SLC39A8
1.1526208517300548e-10,1.0698342838967467,0.343,0.152,4.2187075794171735e-6,2,LIME1
1.1709374429852772e-10,0.6174659301220282,0.482,0.344,4.285748135070413e-6,2,WHAMM
1.2954454372166687e-10,0.8906535604396763,0.415,0.223,4.741459844756729e-6,2,TRBC2
1.512313753994193e-10,0.5639932313486198,0.737,0.643,5.535219570994146e-6,2,RPS3
1.6067606844819382e-10,0.7138638528900185,0.548,0.397,5.880904781272342e-6,2,NOP53
1.671910216520784e-10,0.7187011403679402,0.535,0.375,6.119358583487721e-6,2,FHIT
3.320611509138437e-10,0.5683626167716236,0.791,0.692,1.2153770184597593e-5,2,RPS6
4.206013547253622e-10,0.6787165432345934,0.844,0.754,1.539443018430298e-5,2,RPL11
4.3099971604260614e-10,0.7669045747422656,0.462,0.326,1.5775020606875426e-5,2,LRRC8B
4.709509557898562e-10,0.8352340580677855,0.684,0.525,1.7237275932864527e-5,2,ARHGEF3
5.085340563821949e-10,0.8387940983635221,0.475,0.26,1.8612854997644716e-5,2,GOLGA8B
5.616465726018424e-10,0.7288578307711117,0.425,0.258,2.0556826203800034e-5,2,CMSS1
5.767341739435174e-10,0.787645926460996,0.423,0.268,2.110904750050668e-5,2,HINT1
7.592262331180236e-10,0.7273468586388683,0.72,0.588,2.7788439358352782e-5,2,RNF19A
8.210228659239647e-10,0.9981810919683245,0.471,0.271,3.0050257915683035e-5,2,BORCS5
9.545451915776955e-10,0.713443971063739,0.623,0.463,3.493730855693523e-5,2,RPS6KA5
1.0665862801485717e-9,0.8576960014714157,0.518,0.299,3.903812443971787e-5,2,ANKRD36C
1.1232434600045216e-9,0.6778782534239958,0.651,0.484,4.111183387962549e-5,2,SEMA4D
1.1911188556885851e-9,0.8871057300397388,0.411,0.227,4.3596141237057904e-5,2,LINC00342
1.2660270848561084e-9,0.5286807910268005,0.511,0.393,4.633785733281842e-5,2,CRBN
1.3933919221636962e-9,0.885559198915448,0.353,0.199,5.099953774311344e-5,2,CCDC66
1.692500762090423e-9,0.5049503159715121,0.922,0.89,6.194722039327157e-5,2,PABPC1
1.726742211529359e-9,1.0191971961031643,0.492,0.266,6.320049168418607e-5,2,SPTAN1
1.76183400051168e-9,0.8064353688787755,0.498,0.324,6.4484886252728e-5,2,JMY
2.063128420042594e-9,0.7786554505667388,0.538,0.334,7.551256330197899e-5,2,VPS13A
2.117106024672884e-9,0.5361811898746849,0.611,0.444,7.748819760905222e-5,2,SNHG14
2.1535002470034912e-9,0.5896915172210841,0.789,0.556,7.882026254057478e-5,2,CLEC2D
2.476719363933205e-9,0.6113802408389071,0.644,0.468,9.065040543931924e-5,2,PCGF5
2.61490481617885e-9,0.7536222684267396,0.432,0.299,9.570813117696209e-5,2,GRK5
2.7270166149963756e-9,0.5198564451212608,0.784,0.655,9.981153512548235e-5,2,KAT6A
3.0722370559648805e-9,1.297181194316845,0.268,0.113,1.124469484853706e-4,2,GALM
3.3681266002296317e-9,0.5991347450977513,0.608,0.43,1.2327680169500475e-4,2,NOP58
3.6786773535808197e-9,1.2060293991231583,0.412,0.19,1.3464326981841158e-4,2,DGKA
3.734623699580409e-9,0.9294340676779593,0.451,0.314,1.3669096202834256e-4,2,MAP3K4
4.171551604509372e-9,1.312888220453626,0.304,0.115,1.5268296027664752e-4,2,CATSPERB
4.951638109260281e-9,0.5273268020750064,0.685,0.566,1.8123490643703554e-4,2,HECA
5.175771939121208e-9,0.7788236736295906,0.55,0.382,1.8943842874377534e-4,2,CD52
5.179670206513047e-9,0.7001327150136858,0.754,0.618,1.8958110922858405e-4,2,TAB2
5.464106138609678e-9,0.8267658607760545,0.439,0.221,1.9999174877925282e-4,2,LINC00861
5.902081740334305e-9,1.058128014797577,0.288,0.118,2.160220937779759e-4,2,PRKCQ-AS1
6.346576384112135e-9,0.6699547658905503,0.826,0.653,2.3229104223488825e-4,2,EPB41
6.906669873063311e-9,0.5002741905098387,0.56,0.451,2.5279102402399025e-4,2,FTO
7.767171616423302e-9,0.5921349159815983,0.785,0.706,2.8428624833270924e-4,2,RPS16
8.544787602719632e-9,0.6326499289507859,0.504,0.322,3.127477710471413e-4,2,TMC8
9.802683488149687e-9,0.507721762644654,0.391,0.274,3.5878801834976666e-4,2,TCP11L2
1.0758519661406406e-8,0.5613746485577602,0.926,0.868,3.9377257812713587e-4,2,RPL13
1.1245745390461334e-8,0.5756384561747148,0.674,0.529,4.116055270362753e-4,2,TBC1D15
1.2267953137743223e-8,0.7024289992425131,0.345,0.207,4.490193527945397e-4,2,ACAP1
1.4229492602766169e-8,0.5689251144271164,0.944,0.918,5.208136587538445e-4,2,EEF1A1
1.4328712425327132e-8,0.5228789803331233,0.469,0.363,5.244452034793984e-4,2,AC118549.1
1.4382183295029048e-8,1.0450316880224952,0.302,0.152,5.264022907813582e-4,2,ZBTB25
1.6036583765385475e-8,0.6710729891477425,0.864,0.741,5.869550023968738e-4,2,RPL3
2.046318500888048e-8,1.2042296601884281,0.266,0.124,7.489730345100345e-4,2,SGO1-AS1
2.096339937597168e-8,0.6890570552763576,0.602,0.42,7.672813805599394e-4,2,KIF2A
2.8009932131647226e-8,1.0172879144957983,0.472,0.315,0.00102519152595042,2,CDK6
2.9502540675118778e-8,1.1052729433889004,0.267,0.127,0.0010798224912500225,2,TMEM156
3.350762822966367e-8,1.0435998374882034,0.334,0.177,0.00122641270083392,2,AC016831.5
4.3154335579342354e-8,0.6588524268597172,0.456,0.308,0.0015794918365395095,2,SPATA5
5.4520776646706813e-8,1.3073430974586973,0.268,0.101,0.001995514946046116,2,ABCD2
6.065741554610307e-8,0.5645136907392345,0.643,0.52,0.0022201220664029185,2,RPL4
6.074069437228898e-8,0.9970385521116552,0.34,0.182,0.002223170154720149,2,RBL1
6.281150608530817e-8,0.5692088877518744,0.741,0.644,0.002298963934228364,2,RPL23A
7.973821541431269e-8,0.6087921359044717,0.529,0.389,0.0029184984223792586,2,UMAD1
8.240980926404734e-8,1.1055668249897599,0.252,0.125,0.003016281428873397,2,RRM1
8.259653108877336e-8,0.5271505865618449,0.627,0.48,0.0030231156343801936,2,KMT2A
9.185189499107526e-8,0.5912490765419651,0.797,0.709,0.0033618712085683455,2,RPS18
9.473522910311701e-8,0.517438982621677,0.686,0.591,0.003467404120403186,2,RPL18A
1.001633447849324e-7,0.5866525794421747,0.468,0.342,0.0036660785824733106,2,HERPUD2
1.0524673029841404e-7,0.8583797100152133,0.426,0.216,0.003852135575652252,2,PCED1B-AS1
1.0553689278835435e-7,0.7549806482520129,0.346,0.181,0.0038627558129465576,2,LCK
1.130463148311447e-7,0.5878195931026112,0.437,0.284,0.004137608169134727,2,GLCCI1
1.1414562427381053e-7,0.9600967217008938,0.35,0.201,0.0041778439940457395,2,TRAK2
1.1705675101238324e-7,0.5831412620912397,0.819,0.737,0.004284394143804239,2,RPS27A
1.36497458390924e-7,0.5799032762031917,0.639,0.522,0.004995943474566209,2,RPL36
1.763372066196806e-7,0.6674163563134007,0.544,0.376,0.00645411809948693,2,VWA8
1.9569734343024793e-7,1.0540658360370612,0.254,0.129,0.007162718466890505,2,GOLGA7
2.0512366883794803e-7,0.5297786517653524,0.451,0.284,0.007507731403137736,2,SIDT1
2.0519154644983762e-7,0.8202714843548672,0.262,0.14,0.007510215791610507,2,ENOSF1
2.0686059680088858e-7,0.7238135871432969,0.411,0.258,0.007571304703509323,2,TSPOAP1-AS1
2.1097123749509714e-7,0.7763434295730245,0.348,0.191,0.007721758263558051,2,GPR183
2.1136287391496713e-7,0.7458941605724303,0.369,0.26,0.007736092548161712,2,RALA
2.11646633214831e-7,1.053235618134074,0.334,0.173,0.007746478422296029,2,ATF7IP2
2.2073003649492298e-7,0.9803088014780339,0.272,0.138,0.008078940065750675,2,ANKRD36B
2.4654569431165036e-7,1.156329376597121,0.272,0.126,0.009023818957500715,2,NIPAL3
2.472372535583336e-7,1.1406977349210918,0.351,0.158,0.009049130717488568,2,TSPAN5
2.485158125723039e-7,0.6666506321959229,0.673,0.546,0.009095927255958895,2,RPL36A
2.816501692825776e-7,0.6307655340328522,0.536,0.417,0.010308677845911624,2,RPS5
2.82957317685046e-7,0.7610332998386916,0.426,0.247,0.010356520784590368,2,XKR6
2.83063744804076e-7,0.8125644527075295,0.277,0.18,0.010360416123573987,2,PTGER4
2.9252211404713264e-7,0.5696916862279111,0.708,0.547,0.010706601896239102,2,CD47
3.162709187497874e-7,1.0578244248094075,0.299,0.141,0.011575831897160967,2,USP53
3.3355678271260453e-7,0.9621483644552027,0.323,0.167,0.01220851180406404,2,TRBC1
3.509941228215962e-7,0.6919201751920027,0.328,0.186,0.012846735889393243,2,GNB5
3.5190094696834766e-7,0.7709050018918169,0.346,0.205,0.012879926559988493,2,PRKN
4.101296139492787e-7,0.5353754154723298,0.689,0.55,0.01501115400015755,2,NSD3
4.252942168136337e-7,1.352296537528126,0.254,0.091,0.015566193629595807,2,AC233976.1
4.347992928564436e-7,0.559837738532591,0.655,0.498,0.015914088917838694,2,ARHGDIB
4.7172034629922257e-7,0.5367323731929814,0.672,0.469,0.017265436394897846,2,PTPN4
5.086376617593403e-7,0.9375454363619569,0.394,0.235,0.018616647058053614,2,BTBD11
5.103693662254534e-7,0.5753256196960479,0.39,0.258,0.018680029173217823,2,ZNF331
5.424262827032023e-7,0.6672623653687979,0.489,0.353,0.01985334437321991,2,ARHGEF18
5.82794877253264e-7,1.170085961911575,0.311,0.145,0.021330875302346716,2,PRDM1
6.630282579721907e-7,0.5676398526521149,0.555,0.432,0.024267497270040152,2,G3BP2
6.786809097502297e-7,1.4633276932727692,0.259,0.109,0.024840399977768157,2,MFHAS1
6.798244618910953e-7,1.1885679376712093,0.308,0.158,0.02488225512967598,2,UST
6.978455225168238e-7,0.6308098116191909,0.334,0.241,0.025541843969638267,2,N4BP2
7.395497982934323e-7,0.9392744936545927,0.389,0.222,0.027068262167337917,2,TMEM63A
7.59623228482802e-7,0.9765322094436554,0.264,0.148,0.027802969785699034,2,DGKE
7.602569084895169e-7,0.8049708490726941,0.42,0.282,0.027826163107624806,2,TIAM1
8.346445283301903e-7,0.8316750441195988,0.355,0.168,0.030548824381413292,2,CD3G
1.2056766383891673e-6,0.5238993074288487,0.838,0.765,0.04412897064168191,2,RPL34
1.5838716230056822e-6,0.9696022598670707,0.251,0.129,0.057971285273630976,2,TECR
1.8919841758430527e-6,0.6155765252044842,0.333,0.207,0.06924851282003157,2,SATB1
2.035116172801615e-6,0.6927180743665653,0.267,0.176,0.07448728704071192,2,NDUFAF6
2.174055397254557e-6,0.6084963548438564,0.713,0.605,0.07957260159491404,2,RPL18
2.3883309444510303e-6,0.697184363317003,0.621,0.519,0.08741530089785216,2,RPS4X
2.426646628538402e-6,0.5193619542569015,0.381,0.287,0.08881769325113405,2,SELL
2.593555545485378e-6,0.8486967448674482,0.258,0.142,0.09492672652031031,2,MAN1C1
2.6107946583167534e-6,0.6726071104946316,0.439,0.329,0.09555769528905149,2,CORO7
2.84628757047482e-6,1.0943928134077974,0.319,0.161,0.1041769713669489,2,CEP128
3.0229626707033787e-6,0.5657567130061002,0.44,0.332,0.11064345671041437,2,USP36
3.6034729123518146e-6,1.1165204047926147,0.265,0.147,0.13189071206498876,2,TOB1
3.891888958258024e-6,0.7148427934665998,0.26,0.155,0.14244702776120194,2,SOD1
4.930228904998948e-6,0.5104740731445634,0.456,0.261,0.1804513081518665,2,NFATC2
5.488566685514332e-6,0.7131682716371464,0.429,0.279,0.20088702925651009,2,CRY1
5.544144505439844e-6,0.7334524873597372,0.717,0.552,0.20292123304360374,2,RPSA
6.091565328205916e-6,0.8242542707263475,0.36,0.225,0.22295738257766473,2,MTAP
6.662479398962971e-6,0.5603913039800732,0.631,0.528,0.24385340848144368,2,RPL14
7.389753114706106e-6,0.7213523752588766,0.615,0.529,0.2704723537513582,2,JUNB
7.91282542702505e-6,0.6103981980846558,0.678,0.539,0.28961732345454383,2,RFX3
8.281527434015536e-6,0.5761290022386876,0.587,0.438,0.3031121856124026,2,SRSF7
8.801078461323002e-6,0.6723436414529167,0.344,0.237,0.3221282727628832,2,SKI
8.856033804417163e-6,0.5825933595725705,0.457,0.336,0.3241396932754726,2,G3BP1
8.942736686672656e-6,0.9129072199301013,0.352,0.159,0.3273131054689059,2,FAM102A
9.777313163993982e-6,0.6003068513673968,0.592,0.476,0.35785943911534374,2,RPL10A
1.0532756514415855e-5,0.551145164336034,0.546,0.419,0.3855094211841347,2,EXOC2
1.0946938023874707e-5,0.5289668991885139,0.298,0.225,0.40066887861183814,2,ZNF44
1.1604191496655206e-5,0.6540353765131017,0.298,0.206,0.42472501296907716,2,PRH1
1.1876087778714647e-5,1.0882116949406158,0.371,0.203,0.4346766887887348,2,CLDND1
1.2311432875072009e-5,0.6950118792533163,0.596,0.45,0.4506107546605106,2,RPLP0
1.2789341072219378e-5,0.5723867386705169,0.361,0.247,0.46810267258430144,2,CEP120
1.2822724143794384e-5,0.5931248820206074,0.511,0.37,0.46932452638701827,2,BBS9
1.2865582426668707e-5,0.9402183443412138,0.295,0.141,0.47089318239850136,2,RETREG1
1.4006321081117219e-5,0.5780827014075907,0.257,0.181,0.5126453578899713,2,HSPD1
1.534622559107012e-5,0.693731786789725,0.253,0.169,0.5616872028587575,2,NFATC1
1.6883035483109205e-5,0.635808482079596,0.357,0.246,0.61793598171728,2,NT5DC1
1.9220488321527104e-5,0.5009099728072757,0.65,0.552,0.7034890930562135,2,RPL5
2.0593169066050057e-5,0.5834789018234329,0.511,0.381,0.7537305809864981,2,CCM2
2.2334745518491925e-5,0.6210185669886924,0.354,0.178,0.8174740207223229,2,CCR7
2.2919407745244417e-5,0.5980664911760043,0.329,0.203,0.8388732428836909,2,IL2RG
2.2956810418703904e-5,0.7002513807059245,0.346,0.242,0.8402422181349816,2,SIAH2
2.340674167862011e-5,0.523773835003164,0.765,0.62,0.8567101521791747,2,CEP85L
2.4428375964461387e-5,0.7090763795965838,0.341,0.219,0.8941029886752512,2,MPRIP
3.365321500626245e-5,0.6372913682967956,0.288,0.187,1,2,IARS
3.45969460418575e-5,0.6931856298034762,0.268,0.174,1,2,SLC7A6
3.844650358252427e-5,1.0386212499429248,0.368,0.232,1,2,LINC01934
4.541390627413876e-5,0.6634168114768082,0.308,0.21,1,2,ALMS1
4.9086980859994955e-5,0.5562050244986319,0.507,0.387,1,2,PIBF1
5.513335676071515e-5,0.5143952402315419,0.664,0.57,1,2,RPS17
5.804666216791602e-5,0.5794620452462356,0.783,0.707,1,2,RPL10
5.8817598388638034e-5,0.5479539036466488,0.687,0.581,1,2,TLK1
6.418100825551353e-5,0.7654100612229259,0.371,0.242,1,2,PRORP
6.555507402352835e-5,0.5757459759151017,0.255,0.17,1,2,LMAN1
6.889007322894394e-5,0.810880617705589,0.279,0.156,1,2,GIMAP7
7.115707788217546e-5,0.9109837852778319,0.25,0.156,1,2,REEP3
7.720247640636585e-5,0.6214470018918387,0.325,0.219,1,2,HSPA8
7.767620974207097e-5,0.9417360666367347,0.315,0.193,1,2,CD84
7.975760835831716e-5,0.6662528288176539,0.385,0.268,1,2,STAM
8.237020260355649e-5,0.7815149132164341,0.393,0.245,1,2,MDN1
8.354595254323424e-5,0.948808603742342,0.428,0.26,1,2,GPR155
8.535055791229805e-5,0.6192720868201009,0.274,0.169,1,2,ZNF101
9.058110216466477e-5,0.6811674404857477,0.543,0.434,1,2,LDLRAD4
9.549100913139669e-5,0.5297596064819435,0.446,0.344,1,2,TOMM7
9.653448435735023e-5,0.9034042482531753,0.356,0.215,1,2,CDKN1B
9.840763707536332e-5,0.6021300041510801,0.425,0.316,1,2,ULK4
1.0164612592258804e-4,0.5384436357490878,0.527,0.387,1,2,URI1
1.0565770006832983e-4,0.8117552288714275,0.263,0.139,1,2,TENT5C
1.0575915871861314e-4,0.5096076439710763,0.589,0.456,1,2,SEPTIN6
1.094653296824322e-4,0.559868192647611,0.532,0.385,1,2,KLF2
1.1041354449336709e-4,1.7021118213340571,0.353,0.243,1,2,DLEU1
1.1285171443264307e-4,0.7746434402284913,0.424,0.27,1,2,KIAA0355
1.2272820223438102e-4,0.6461118501335541,0.316,0.206,1,2,LPIN1
1.411573930167952e-4,0.7085435274081855,0.406,0.305,1,2,TMEM65
1.4241818646682037e-4,0.5699016861580584,0.582,0.46,1,2,THADA
1.4644845841902838e-4,0.5032880572395897,0.566,0.452,1,2,CAMKMT
1.4910142253167808e-4,0.5440795393841756,0.475,0.364,1,2,PSMA1
1.646930872523915e-4,0.7041437623608383,0.31,0.211,1,2,FOCAD
1.6804612018311472e-4,0.5072392813463099,0.289,0.205,1,2,UGCG
1.6858489225179767e-4,0.6067719818798695,0.281,0.205,1,2,CERK
1.696654410283069e-4,0.6252942518193162,0.422,0.324,1,2,ATP2C1
1.7516672413409075e-4,0.7572235959670087,0.26,0.17,1,2,AC068587.4
1.7699484492172317e-4,0.6693918411510364,0.31,0.204,1,2,JAK3
2.067827395084024e-4,0.7975742455067832,0.337,0.208,1,2,UXS1
2.2286503192589884e-4,0.6525945863163565,0.268,0.185,1,2,CD4
2.33074006395971e-4,0.5698493524995321,0.529,0.433,1,2,RASA1
2.3437332727529724e-4,0.7176191839737556,0.432,0.273,1,2,DTNB
2.491563653014451e-4,0.7886039258557469,0.439,0.296,1,2,PRKX
2.512714218487108e-4,0.6080209666755354,0.455,0.341,1,2,EEF1B2
2.5920055880685117e-4,0.5365519694118459,0.276,0.19,1,2,LCLAT1
2.7993316577652874e-4,0.7809301838391502,0.325,0.196,1,2,TARSL2
3.0082045917809126e-4,0.5975565773762607,0.507,0.362,1,2,CDR2
3.025849064317857e-4,0.5578959027752286,0.265,0.188,1,2,ANAPC1
3.1022695960746536e-4,0.520825786343847,0.26,0.163,1,2,PIK3IP1-AS1
3.971484463067905e-4,0.832524717987307,0.256,0.151,1,2,POLR3E
4.15976048270151e-4,0.8404037722817008,0.274,0.171,1,2,AC104365.1
4.484422774910643e-4,0.7741810009478098,0.411,0.25,1,2,SFI1
4.5193704261192535e-4,0.608984985159465,0.278,0.186,1,2,ZC3H6
4.624694541129945e-4,0.5083733204385446,0.361,0.279,1,2,ARHGEF6
4.7585579948092793e-4,0.8138385139426697,0.306,0.168,1,2,TTC39B
4.898353496049166e-4,0.7323104111548541,0.434,0.26,1,2,SLFN5
5.069318241737024e-4,0.7677892054588715,0.292,0.174,1,2,LINC01184
5.634740912526608e-4,0.5055904084395333,0.341,0.25,1,2,RNF34
6.165928400072134e-4,0.8612254723418037,0.281,0.138,1,2,SHISAL2A
6.221874268562906e-4,0.5063423642155578,0.309,0.228,1,2,CEP57
7.667351125722614e-4,0.6679426250309424,0.347,0.236,1,2,TIPARP
7.983663019494444e-4,0.6528162810726535,0.255,0.173,1,2,KIAA0586
8.568483134923892e-4,0.5986736739866206,0.264,0.191,1,2,AKAP11
8.652513303606808e-4,0.6737123273686161,0.256,0.183,1,2,CYTOR
9.230120207163648e-4,0.6289865114621249,0.356,0.236,1,2,NPAT
9.469940190039725e-4,0.503623097602349,0.453,0.347,1,2,EIF4E3
0.0011550437144596149,0.6665567809019425,0.468,0.32,1,2,NPM1
0.001211359467522141,0.6179249057460031,0.352,0.247,1,2,SCMH1
0.001279779575970994,0.7027555561977353,0.277,0.159,1,2,ZFYVE28
0.001628376016321211,0.9684898034638354,0.368,0.249,1,2,MIB1
0.001709887228279236,0.5880892327093293,0.578,0.428,1,2,DDX24
0.001713202270243517,0.5199173882689382,0.265,0.172,1,2,FBXO32
0.0018464555516926487,0.606309670612463,0.26,0.194,1,2,ARHGAP35
0.0018923386644163767,0.5957324371315674,0.309,0.22,1,2,XPC
0.0021477951400472755,0.741940125026227,0.304,0.189,1,2,MTERF4
0.0023100435880515284,0.6712009009360076,0.401,0.276,1,2,RSBN1
0.002425928002578885,0.594888741216399,0.278,0.186,1,2,GAS5
0.002693391229658329,0.7153198865673617,0.256,0.17,1,2,NBDY
0.002859652308455041,0.65345604989579,0.386,0.264,1,2,NUDCD3
0.002988507728636636,0.5556303608635653,0.398,0.297,1,2,METTL15
0.0034976130381922147,0.6928007234193888,0.34,0.237,1,2,RSU1
0.003835986124348614,0.5082790291004213,0.388,0.29,1,2,CAND1
0.004231165647947509,0.5089499497389678,0.346,0.249,1,2,AC079781.5
0.0044589078039629975,0.861558868072763,0.27,0.192,1,2,SLF1
0.0045752507109985425,0.5322010620216028,0.399,0.301,1,2,HEATR5B
0.004587561412646933,0.6737384800097589,0.337,0.233,1,2,CRIP1
0.005340769739615,0.5248746999986127,0.267,0.19,1,2,CEP68
0.005974561364011331,0.516661339631318,0.258,0.194,1,2,SUPT20H
0.009548235933403103,0.6965524871220851,0.31,0.204,1,2,MIATNB
6.506131447449264e-106,2.778220916821245,0.942,0.239,2.381309171080905e-101,3,LEF1
3.315707207058914e-104,2.9124902572760503,0.855,0.187,1.2135819948556332e-99,3,TSHZ2
2.09477184207012e-101,2.2267874128975453,0.964,0.453,7.667074419160847e-97,3,PRKCA
5.312022428936486e-98,2.145185036111653,0.961,0.339,1.944253329215043e-93,3,CAMK4
4.288882282271398e-96,2.827941422861848,0.906,0.337,1.5697738041341543e-91,3,FHIT
3.143437734643686e-88,1.9024386754122675,0.939,0.351,1.1505296452569356e-83,3,INPP4B
1.6973668959918926e-73,1.7488312122381846,0.894,0.473,6.212532576019926e-69,3,SERINC5
4.067680197973385e-73,1.6250473430939896,0.948,0.696,1.4888116292602387e-68,3,MAML2
7.107462468869124e-72,2.0094687981241126,0.873,0.285,2.6014023382307878e-67,3,ANK3
2.8751660246891033e-71,1.2787545180484399,0.948,0.378,1.0523395166964587e-66,3,BACH2
2.9902355014496524e-70,1.7494711737816484,0.959,0.561,1.0944560958855873e-65,3,PDE3B
1.7158359182263595e-68,2.324119452757257,0.822,0.255,6.280131044300298e-64,3,TXK
2.6206269405196242e-68,2.69312996343522,0.661,0.148,9.591756664995877e-64,3,CCR7
3.1902043471002303e-68,2.8219936095115803,0.734,0.206,1.1676466930821553e-63,3,IGF1R
1.0926814222291003e-67,1.6990673568836416,0.949,0.438,3.99932327350073e-63,3,BCL11B
1.7051810335016015e-67,2.207739048992401,0.809,0.291,6.241133100719212e-63,3,TCF7
6.392628788880433e-63,2.428681643982645,0.784,0.236,2.3397660630181273e-58,3,PLCL1
6.874805515540104e-63,1.9130188806804402,0.843,0.457,2.5162475667428334e-58,3,IL6ST
9.079534143541583e-61,1.9551559143947956,0.888,0.538,3.3232002918776545e-56,3,RAPGEF6
1.3300382044038873e-60,2.004343861361714,0.731,0.294,4.868072831938668e-56,3,OXNAD1
1.1695296497610277e-59,2.781979446059998,0.608,0.143,4.2805954710903376e-55,3,ITGA6
4.193577193802572e-57,1.6344657560926132,0.875,0.396,1.5348911887036794e-52,3,TC2N
6.216734830671134e-56,1.0412258477403862,0.995,0.935,2.275387115373942e-51,3,FOXP1
6.602386488231563e-56,1.5013381035374644,0.839,0.315,2.4165394785576344e-51,3,IL7R
1.0923723036502705e-54,2.1860929234573634,0.768,0.303,3.998191868590355e-50,3,MLLT3
2.613457735586068e-54,2.273473249615274,0.672,0.185,9.565516658018568e-50,3,APBA2
8.735741828994485e-54,1.255511344455659,0.926,0.712,3.1973688668302717e-49,3,IKZF1
6.54441430152323e-52,1.667802659050213,0.844,0.429,2.395321078500517e-47,3,BCL2
3.219924095771911e-50,1.2175060535377669,0.954,0.789,1.1785244182934771e-45,3,DOCK10
1.8051533128877185e-49,1.3710429320692152,0.884,0.707,6.607041640500338e-45,3,TGFBR2
1.8762205763004443e-49,2.2180604308250045,0.589,0.155,6.867154931317256e-45,3,RASGRF2
2.4757869830668356e-49,1.70701712553014,0.868,0.39,9.061627936722925e-45,3,ITK
3.523873047903639e-49,2.0917365218193398,0.687,0.231,1.2897727742632107e-44,3,CSGALNACT1
8.806406471315762e-49,1.891582539508436,0.664,0.179,3.2232328325662823e-44,3,NELL2
2.5158421902257028e-48,1.7314223039348777,0.847,0.56,9.208234000445094e-44,3,NDFIP1
3.667371979555772e-48,1.1557360653675186,0.911,0.718,1.3422948182372082e-43,3,ATM
4.324745592113779e-46,1.7348392666040695,0.741,0.347,1.5829001341695644e-41,3,LEPROTL1
9.525952185562181e-46,2.964430289090323,0.494,0.081,3.486593759437614e-41,3,AC139720.1
3.7535787878927606e-45,1.3360333830612285,0.889,0.646,1.3738473721566293e-40,3,SARAF
5.3744312044224174e-45,1.652598425998896,0.661,0.272,1.967095565130649e-40,3,DOCK9
2.7076663078459274e-43,1.779793122089598,0.712,0.267,9.910329453346879e-39,3,NR3C2
3.2247326686208035e-43,2.749782629602894,0.544,0.113,1.1802844040419002e-38,3,TRABD2A
3.261439812110519e-43,0.9760390123497711,0.966,0.845,1.193719585630571e-38,3,ZBTB20
7.425541740927201e-43,1.6056352182142062,0.768,0.377,2.717822532596765e-38,3,PCED1B
1.461292884880591e-42,1.830600655408175,0.729,0.329,5.348478087951451e-38,3,PIK3IP1
1.46739303613982e-42,0.9944531655664459,0.952,0.488,5.370805251575355e-38,3,CD247
1.2113891042038695e-41,2.2868627658880185,0.648,0.187,4.4338052602965824e-37,3,TESPA1
1.2185362278623328e-41,1.1461837457238708,0.896,0.684,4.459964447598924e-37,3,AAK1
1.2860162153659622e-41,1.9121136801791954,0.602,0.181,4.706947949860958e-37,3,CD28
2.1322157938198262e-41,0.774376895651546,0.996,0.96,7.804123026959945e-37,3,ARHGAP15
6.948802080979585e-41,1.7416367938387471,0.679,0.264,2.543331049659338e-36,3,PATJ
1.3630586665905587e-38,2.455166862752017,0.469,0.126,4.988931025588104e-34,3,RETREG1
2.2570695275927204e-37,1.4128142606508758,0.844,0.582,8.261100177942116e-33,3,PDE7A
3.483438646880983e-36,1.2384157364583164,0.858,0.579,1.2749733791449087e-31,3,CCND3
6.929123771588166e-36,2.0238582122578426,0.625,0.216,2.5361285916389846e-31,3,RCAN3
8.804824033145653e-36,2.5402890526850985,0.488,0.119,3.2226536443716405e-31,3,SATB1-AS1
1.3408585396986989e-35,2.128686715072138,0.541,0.186,4.907676341151208e-31,3,SATB1
1.9032814671207825e-35,2.5947208177801464,0.454,0.104,6.966200497808776e-31,3,PRKCQ-AS1
2.787974029583769e-35,1.133265728558257,0.748,0.393,1.0204263745679553e-30,3,SESN3
3.604964738901186e-34,2.5365695081452304,0.449,0.123,1.3194531440852232e-29,3,MAN1C1
5.579566670433101e-34,3.3676072880368455,0.36,0.052,2.0421771970452193e-29,3,AK5
1.039791197105301e-33,1.3174632912600113,0.68,0.308,3.805739760525112e-29,3,LTB
1.7366834557657156e-33,3.700591384531891,0.369,0.037,6.356435116448095e-29,3,LEF1-AS1
5.024894958864722e-33,1.3228236291993696,0.78,0.459,1.839161803894077e-28,3,HIVEP2
5.915482678970384e-33,1.2562136534153625,0.805,0.405,2.1651258153299503e-28,3,ZEB1
5.649501623502877e-32,2.7097929759779014,0.441,0.093,2.0677740892182883e-27,3,RNF157
7.971513868939202e-32,2.126931505166837,0.54,0.187,2.9176537911704373e-27,3,PRKN
1.046992668290339e-31,2.1074793933379437,0.476,0.151,3.83209786520947e-27,3,FAM102A
3.8948695077638885e-31,3.1188521298788237,0.351,0.059,1.4255611885366608e-26,3,AL109930.1
3.132547117102371e-30,1.7938676119594748,0.549,0.215,1.146543570330639e-25,3,LINC00861
4.563563986163327e-29,2.7823431480877794,0.403,0.079,1.6703100545756395e-24,3,MAL
7.091987512866614e-29,3.281326502525259,0.326,0.044,2.595738349584309e-24,3,CHRM3-AS2
7.62731640576332e-29,2.1473110174583914,0.538,0.214,2.7916740776734327e-24,3,PDK1
1.310040238816503e-28,1.7182967373155782,0.673,0.344,4.794878278092283e-24,3,ITPKB
1.8669497375604548e-28,1.278884904799848,0.658,0.359,6.833222734445021e-24,3,MGAT4A
1.8738314310604815e-28,1.4609016057544542,0.634,0.273,6.858410420824469e-24,3,CD6
3.018297791375833e-28,0.8908750231220386,0.633,0.286,1.1047271746214686e-23,3,THEMIS
4.439154243370037e-28,1.1589698547928056,0.707,0.399,1.6247748446158672e-23,3,NCK2
8.786150768670199e-28,1.4102739451900632,0.598,0.274,3.21581904284098e-23,3,SCML4
1.3185251530843284e-27,1.5602613643354046,0.643,0.256,4.8259339128039507e-23,3,ABLIM1
4.64359297231958e-26,2.3084363291424315,0.405,0.109,1.6996014637986897e-21,3,RNF144A
2.3161927902279335e-25,1.0910379732963165,0.697,0.383,8.477497231513259e-21,3,CD96
5.372302405227637e-25,2.598972787675065,0.302,0.064,1.9663164033373674e-20,3,LINC01550
2.0088305825072494e-24,1.8834732586348317,0.405,0.122,7.352520815034784e-20,3,FAAH2
6.0552204584406795e-24,1.0881935189393177,0.802,0.567,2.216271239993873e-19,3,TNFAIP8
1.5018369505289836e-23,1.7137132976281009,0.396,0.141,5.496873422631132e-19,3,TRAT1
2.09056786187577e-23,0.7291730695898657,0.988,0.97,7.651687431251506e-19,3,MBNL1
2.532694218837733e-23,1.0255622959744004,0.768,0.598,9.269914110367987e-19,3,SUCLG2
2.729383130132302e-23,0.7229540759871327,0.944,0.589,9.989815194597239e-19,3,SKAP1
3.488135639327505e-23,1.3763543203576105,0.615,0.381,1.2766925253502602e-18,3,PRMT2
3.9524978500944445e-23,0.9973241315098984,0.69,0.497,1.4466537381130676e-18,3,TMEM123
6.549449925160897e-23,1.2560571135773735,0.716,0.408,2.3971641671081396e-18,3,TNRC6C
8.524997893342875e-23,0.9319725483005592,0.844,0.683,3.1202344789424258e-18,3,FOXO1
1.1171106763875548e-22,3.1489120195399827,0.303,0.058,4.0887367866460894e-18,3,EDA
1.1445913366860525e-22,1.6838155721663475,0.608,0.301,4.189318751404621e-18,3,ATP10A
2.6560185810842856e-21,0.7270747944446874,0.829,0.551,9.721293608626594e-17,3,PAG1
3.775717874608081e-21,1.4671084573272952,0.497,0.24,1.3819504992853037e-16,3,LDHB
4.191740462918265e-21,1.5761680650519303,0.556,0.269,1.534218926832714e-16,3,SELL
6.982005640469111e-21,1.0386516257829934,0.667,0.362,2.555483884468099e-16,3,PRKCQ
9.681010662844378e-21,0.5385625191077059,0.975,0.918,3.543346712707671e-16,3,LINC01619
2.9640756046211395e-20,2.1258511812545344,0.352,0.1,1.0848813120473833e-15,3,CMTM8
4.0623344923418285e-20,0.8849921515735968,0.71,0.506,1.4868550475420326e-15,3,CYFIP2
5.951222995794525e-20,1.1385172534666625,0.474,0.237,2.178207128690754e-15,3,GRAP2
6.370983456556076e-20,1.5057501291076776,0.471,0.218,2.3318436549340893e-15,3,PCED1B-AS1
7.875802675356407e-20,0.9571338265083458,0.821,0.631,2.8826225372071983e-15,3,TMEM131L
8.335429632961058e-20,1.1837114185109119,0.703,0.469,3.0508505999600767e-15,3,CERS6
1.416641109961149e-19,1.4078983911500613,0.451,0.19,5.185048126568801e-15,3,PCAT1
1.7252953319700516e-19,0.8290917445559676,0.749,0.44,6.314753444543586e-15,3,RHOH
2.6238873161749e-19,0.6945932618219302,0.753,0.437,9.603689965931751e-15,3,STAT4
3.1666977587581896e-19,0.7553065091043489,0.791,0.585,1.159043046683085e-14,3,CDC14A
3.24553918293013e-19,2.207281603334722,0.33,0.088,1.1878997963442568e-14,3,AC233976.1
7.701449747226886e-19,0.6603075028272953,0.898,0.631,2.8188076219825122e-14,3,KLF12
9.631069819721322e-19,1.7982627530018294,0.362,0.133,3.525067864716201e-14,3,SHISAL2A
1.0106496186089489e-18,0.9875162133626121,0.679,0.441,3.6990786690706135e-14,3,EVL
1.6497671081856331e-18,1.9872594799361456,0.342,0.114,6.038312592670236e-14,3,HABP4
2.043331380067257e-18,0.7555926943496747,0.795,0.663,7.478797184184167e-14,3,EPB41
3.0845214196906903e-18,0.8642851396046274,0.673,0.497,1.1289656848209895e-13,3,AC079793.1
3.786406470913421e-18,1.003386619835974,0.749,0.605,1.3858626324190213e-13,3,RBMS1
6.596886855801283e-18,0.8662914641067863,0.834,0.546,2.4145265580918277e-13,3,ETS1
7.587737793351623e-18,1.3559026998856296,0.552,0.359,2.7771879097446277e-13,3,PSMA1
8.53796315963061e-18,1.517194124077051,0.417,0.197,3.1249798960563993e-13,3,DGKA
8.550350998114499e-18,1.3280912410260202,0.555,0.323,3.1295139688198877e-13,3,TMC8
1.0480395288442417e-17,1.0038138423301266,0.625,0.446,3.835929479522809e-13,3,WWP1
1.3841248038273842e-17,1.1139191909974029,0.662,0.445,5.066035194488609e-13,3,SNHG14
1.4480373131154795e-17,0.8345314571131186,0.672,0.476,5.299961369733967e-13,3,PTPN4
1.497993103101947e-17,1.7683315684840348,0.342,0.128,5.482804556663435e-13,3,DHRS3
1.56356382852817e-17,0.9043797864272132,0.746,0.604,5.722799968795955e-13,3,PACS1
3.9023177100549204e-17,0.6945548843618159,0.907,0.8,1.4282873050572013e-12,3,RIPOR2
6.070644836610323e-17,1.6216693090149885,0.548,0.28,2.2219167166477445e-12,3,PCSK5
6.564816493956756e-17,0.7786172223011771,0.791,0.625,2.402788484953112e-12,3,PITPNC1
8.187966364546014e-17,1.074862157619692,0.722,0.491,2.9968775690874865e-12,3,IMMP2L
8.618190012579317e-17,0.773630174918138,0.817,0.63,3.154343726504156e-12,3,FKBP5
1.120494028633856e-16,1.874900126185612,0.385,0.152,4.101120194202776e-12,3,PIK3IP1-AS1
1.3010119327469298e-16,0.9545412997463328,0.543,0.347,4.761833775047038e-12,3,USP9Y
1.815277207775928e-16,0.5129526337860542,0.893,0.813,6.644096108180674e-12,3,RPS2
2.4117432985201205e-16,1.335882978302335,0.489,0.252,8.827221646913492e-12,3,ANKH
2.8769808144974e-16,1.0534642099345553,0.647,0.452,1.0530037479141934e-11,3,SFMBT2
4.0002269021842257e-16,0.7380347691810831,0.766,0.568,1.4641230484684483e-11,3,CLEC2D
7.065744319866222e-16,1.0728158413646733,0.433,0.246,2.586133078514236e-11,3,SPTBN1
7.15596250456379e-16,1.5663418206931472,0.279,0.103,2.619153836295393e-11,3,MAST4
1.0387979798115074e-15,1.5168218548676713,0.5,0.249,3.8021044859080985e-11,3,TNFSF8
1.7098907051006363e-15,1.1028584434075075,0.489,0.307,6.25837096973884e-11,3,TMEM243
1.7638726937672085e-15,1.014684028699226,0.475,0.222,6.45595044645736e-11,3,TTN
2.11379100383515e-15,0.5938706376645468,0.852,0.747,7.736686453137033e-11,3,RPL3
2.1855559662810094e-15,1.5338953013092413,0.305,0.139,7.999353392185123e-11,3,ENOSF1
2.6046702589506313e-15,0.7815348741497063,0.729,0.441,9.533353614785205e-11,3,TNIK
3.0115288770327025e-15,0.7868481018693583,0.813,0.574,1.1022496842827395e-10,3,AKT3
5.769474880109971e-15,1.112913289035435,0.549,0.382,2.1116855008690505e-10,3,CRTC3
6.616954379690485e-15,1.0511836816805205,0.596,0.425,2.4218714725105144e-10,3,HIVEP1
9.502414285461561e-15,0.6215154246818382,0.889,0.744,3.477978652621786e-10,3,FYB1
1.8942667465172134e-14,0.7876059448133992,0.628,0.493,6.933205718927652e-10,3,SEMA4D
1.9931593086810524e-14,1.0977736379957035,0.572,0.378,7.29516238570352e-10,3,PSIP1
2.027120385099587e-14,0.5976065623012805,0.841,0.768,7.419463321502997e-10,3,RPL34
3.406508484912919e-14,0.8550565081876256,0.666,0.488,1.2468161705629776e-9,3,NAP1L4
4.3578270961910095e-14,0.9274853608650662,0.638,0.475,1.5950082954768715e-9,3,PCGF5
4.474067429877159e-14,0.9827422598737872,0.579,0.435,1.6375534200093388e-9,3,SKP1
5.11650866282719e-14,1.8754706432009693,0.27,0.088,1.87269333568138e-9,3,SAMD12
5.862325743239125e-14,1.2927577936136951,0.34,0.163,2.145669845282952e-9,3,AP000787.1
8.526613585074851e-14,2.0755200057713834,0.348,0.123,3.1208258382732464e-9,3,TAF4B
1.164971148355502e-13,0.8127481829637802,0.785,0.6,4.263910900095973e-9,3,TUT4
1.231575893770072e-13,1.1928057949367283,0.513,0.311,4.50769092878784e-9,3,SUPT3H
2.777947782632232e-13,1.1216851177602964,0.549,0.351,1.0167566679212231e-8,3,MTR
2.878401603678323e-13,0.6509554552785426,0.807,0.735,1.0535237709623032e-8,3,UBAC2
3.3927186837937517e-13,1.3196094513024912,0.472,0.249,1.241768965455351e-8,3,HELB
4.273236405361424e-13,0.6151011951696286,0.835,0.738,1.5640472567263346e-8,3,RPS27A
4.909528153716553e-13,0.9000956792202293,0.521,0.343,1.7969363995417956e-8,3,PLAC8
4.955420464542349e-13,1.771420452287126,0.307,0.119,1.813733444227145e-8,3,CHMP7
5.343425449633874e-13,1.7641487540328618,0.315,0.116,1.955747148820494e-8,3,AC010609.1
6.016458402112631e-13,1.1972779012717,0.316,0.172,2.202083939757244e-8,3,TTC39B
9.37005523659738e-13,0.5432398971637271,0.92,0.861,3.429533917147008e-8,3,TNRC6B
9.42628586097643e-13,0.5917149550793965,0.832,0.758,3.450114887975983e-8,3,RPL11
1.1344652106739626e-12,0.5893369416004539,0.746,0.588,4.1522561175877706e-8,3,CCSER2
1.7579311748025904e-12,1.3834313201875938,0.453,0.224,6.434203892894961e-8,3,SFXN1
1.856833460029272e-12,2.003781883097658,0.273,0.083,6.796196147053138e-8,3,CNKSR2
1.9586081248753465e-12,1.5511172872607133,0.275,0.128,7.168701597856255e-8,3,CDC37L1
3.0096458111616858e-12,0.9619765562340041,0.578,0.404,1.1015604633432886e-7,3,FAM117B
3.6335136694898155e-12,0.5632659559896127,0.82,0.752,1.3299023381699674e-7,3,RPS27
3.853894920695625e-12,0.5673748955646807,0.731,0.65,1.4105640799238058e-7,3,RPL30
4.180222682077639e-12,0.5830977492649123,0.809,0.709,1.5300033038672365e-7,3,CCDC91
4.2836829663046026e-12,2.588364130797057,0.286,0.055,1.5678708024971475e-7,3,SLC16A10
4.4070623302443636e-12,0.5824487856491554,0.782,0.709,1.6130288834927395e-7,3,RPS16
5.229825096753634e-12,1.2786912710894254,0.476,0.231,1.9141682836627974e-7,3,BTBD11
7.276493217387792e-12,0.9165750129281911,0.429,0.274,2.6632692824961055e-7,3,GOLGA8B
7.4997970073982e-12,0.5188832869985558,0.75,0.684,2.7450007026778154e-7,3,RPS28
1.7337625085211957e-11,1.5554470803850389,0.353,0.145,6.345744157438428e-7,3,TAFA1
1.7701992160793116e-11,1.5894878780744608,0.262,0.109,6.479106150771889e-7,3,CENPK
2.421133133412813e-11,1.0068322103675191,0.375,0.204,8.861589381604237e-7,3,TRAC
2.4504108806036644e-11,0.9999701316988732,0.628,0.459,8.968748864097472e-7,3,GCC2
2.638494168038551e-11,1.3279339147194094,0.328,0.151,9.6571525044379e-7,3,CD5
2.8248626221609335e-11,1.1652714907244561,0.351,0.205,1.0339279683371233e-6,3,CCDC66
3.097365927761553e-11,1.0271521712132334,0.293,0.177,1.133666903220006e-6,3,MAGED1
3.8084860120784984e-11,0.803449748106237,0.764,0.655,1.3939439652808512e-6,3,PHF3
3.9155001586714103e-11,1.4185828661367066,0.29,0.124,1.4331122130753229e-6,3,CATSPERB
4.1171761201155733e-11,0.8641745893027923,0.421,0.231,1.506927631723501e-6,3,LINC01934
4.1608770709158e-11,0.6038811733353797,0.786,0.696,1.522922616725892e-6,3,RPS6
4.536875664411919e-11,1.2448462045157143,0.444,0.252,1.6605418619314065e-6,3,SFI1
5.044760355757912e-11,0.7688130209908464,0.631,0.507,1.8464327378109532e-6,3,MCUB
6.425410866972679e-11,1.123337064488446,0.446,0.291,2.3517646314206702e-6,3,CCDC18-AS1
8.609815783799903e-11,1.0044621751076157,0.489,0.308,3.1512786750286027e-6,3,BIRC3
1.126571543460961e-10,0.5740868319536807,0.662,0.567,4.1233645062214635e-6,3,AP001011.1
1.1378178902903069e-10,1.4601732910757668,0.376,0.17,4.164527260251553e-6,3,FCMR
1.2083621670544264e-10,0.7740271402775822,0.68,0.56,4.422726367635906e-6,3,EEF1G
1.2505263467042402e-10,0.7547726263688102,0.504,0.395,4.57705148157219e-6,3,URI1
1.3614078720837373e-10,0.5721910419777922,0.735,0.649,4.982888952613687e-6,3,RPL23A
1.4536929568666354e-10,0.5749682741285531,0.65,0.573,5.320661591427572e-6,3,RPS25
1.900750649856218e-10,1.2156346627815782,0.329,0.191,6.956937453538744e-6,3,MTERF4
2.3661381986246683e-10,0.7001346216638071,0.734,0.629,8.660302420786149e-6,3,CEP85L
3.1180210940750065e-10,0.557841364245389,0.687,0.631,1.1412269006423931e-5,3,TAB2
3.195804431817084e-10,0.7945620985921032,0.396,0.313,1.169696380089371e-5,3,FNTA
3.8181584669259256e-10,0.7996955766010001,0.693,0.553,1.397484180479558e-5,3,RBL2
4.3168266373876565e-10,0.7907969122547611,0.462,0.368,1.580001717550256e-5,3,TTC14
4.691208114677538e-10,0.935573130819827,0.56,0.406,1.7170290820531258e-5,3,CNST
4.906080888534645e-10,0.7989790206576439,0.749,0.58,1.7956746660125654e-5,3,RASA3
5.79997439082947e-10,1.3567375187261983,0.347,0.185,2.1228486267874942e-5,3,LCLAT1
7.014975887248797e-10,1.4230987045413073,0.309,0.146,2.5675513244919323e-5,3,USP53
7.297219207777626e-10,0.9616867666691844,0.288,0.166,2.6708552022386887e-5,3,CD3E
7.341578956836768e-10,1.6095114292658506,0.303,0.129,2.6870913139918255e-5,3,AP3M2
8.639053244460148e-10,0.6460003312371179,0.683,0.607,3.161979878004859e-5,3,SF1
9.04399725372498e-10,1.0825736899922973,0.361,0.232,3.3101934348358795e-5,3,TMEM63A
9.290125808191549e-10,0.5392666950449092,0.803,0.687,3.4002789470561885e-5,3,SORL1
1.0437115578775658e-9,0.9427637803300882,0.428,0.308,3.820088672987679e-5,3,ERAP2
1.3450225187053377e-9,1.135852516165281,0.331,0.184,4.922916920713406e-5,3,STAMBPL1
1.494688123437121e-9,0.5496167745858276,0.568,0.463,5.4707080005922063e-5,3,STK17A
1.517037233404251e-9,0.5759900746366742,0.847,0.763,5.552507977982899e-5,3,RASA2
1.7286567267215094e-9,1.685139661444525,0.289,0.098,6.327056485473396e-5,3,ICOS
1.7811481345404526e-9,0.6734007486365308,0.597,0.4,6.51918028723151e-5,3,TTC39C
2.576746638671088e-9,0.7936680514741894,0.558,0.459,9.43115037220005e-5,3,ABCC1
2.8114990289796844e-9,1.1317059626339796,0.539,0.343,1.0290367595968543e-4,3,PRKY
3.61731652708284e-9,0.7500426660513491,0.452,0.353,1.3239740220775904e-4,3,WHAMM
3.985573811665973e-9,0.6718459414486256,0.526,0.423,1.4587598708078628e-4,3,RPS5
5.169671667506388e-9,0.797663054781723,0.521,0.317,1.8921515270240133e-4,3,SPOCK2
5.518809005512436e-9,1.0214318530200486,0.477,0.296,2.0199392841076065e-4,3,PVT1
6.285744274827174e-9,0.5335101331280498,0.59,0.523,2.300645262029494e-4,3,RPS21
7.463579795583896e-9,0.542988809033571,0.693,0.611,2.731744840981662e-4,3,RPL18
8.567768900539008e-9,1.3083668605052126,0.282,0.156,3.135889095286282e-4,3,PLPP1
9.784593573453376e-9,0.7966814081814904,0.743,0.613,3.58125909381967e-4,3,STK38
9.872881220916971e-9,0.5761820516407961,0.723,0.622,3.6135732556678206e-4,3,ESYT2
1.0435353379726133e-8,0.8044392523706521,0.519,0.427,3.819443690513562e-4,3,ZNF609
1.224461631683727e-8,0.8251844367898664,0.664,0.536,4.481652018125609e-4,3,TBC1D15
1.4003116165013531e-8,0.5612591473229602,0.63,0.583,5.125280547556602e-4,3,FNBP4
1.4893173794829579e-8,0.9172521106905666,0.327,0.212,5.451050540645575e-4,3,PLEKHA1
1.6872067680795782e-8,0.5976442660451646,0.58,0.482,0.00061753454918480645,3,RPL10A
1.9534387451308927e-8,0.83352779338957,0.44,0.311,7.149781151053581e-4,3,IPCEF1
1.9546965827754873e-8,0.5686228498890935,0.535,0.41,7.154384962616561e-4,3,PRKACB
2.071498713166584e-8,1.430137878827998,0.336,0.166,7.581892440061014e-4,3,ZNF101
2.214378674321529e-8,0.9059255474025535,0.465,0.312,8.104847385884228e-4,3,CHD7
2.2781654444554748e-8,1.3979135399575493,0.327,0.168,8.338313343251483e-4,3,FBXO32
2.4271157301441298e-8,0.5451620700978832,0.635,0.576,8.88348628390053e-4,3,HECA
3.470722484760195e-8,0.607325211459306,0.741,0.665,0.0012703191366470789,3,CYLD
3.799019545838325e-8,1.596991847704482,0.477,0.225,0.0013904791439722855,3,SGTB
3.89770605388904e-8,0.5000055732296906,0.678,0.587,0.0014265993927839275,3,FAM107B
3.9555268121956616e-8,0.7113715525960049,0.593,0.388,0.0014477623685317342,3,RASGRP1
4.103976095100542e-8,0.7606785483288256,0.264,0.2,0.0015020962905677494,3,PHF10
4.175053514262269e-8,0.6971453243253034,0.492,0.405,0.001528111336755133,3,RPS26
4.624461229918572e-8,0.7569297823840291,0.52,0.369,0.0016925990547624965,3,FUT8
5.190639825204959e-8,0.609483712244592,0.559,0.367,0.001899826082423267,3,SLFN12L
6.599837785233484e-8,0.7730756250244502,0.643,0.548,0.0024156066277733076,3,RFX3
6.706218549334844e-8,0.6444745669174233,0.536,0.435,0.002454543051242046,3,KIF2A
6.766617691090517e-8,0.7460526151959628,0.448,0.348,0.00247664974111604,3,TOMM7
6.806184162981375e-8,1.5052870053576188,0.256,0.114,0.0024911314654928133,3,CEACAM21
6.981920789172744e-8,0.6730479440459842,0.428,0.352,0.002555452828045116,3,ELP2
7.614965915706599e-8,0.9817062745765341,0.324,0.19,0.0027871536748077723,3,LCK
7.654374115324787e-8,0.6224095895491198,0.554,0.467,0.0028015774699500255,3,NUCKS1
8.408383360404626e-8,1.0971601690164494,0.3,0.175,0.003077552393741697,3,TRBC1
8.518033094676869e-8,0.6312301368581705,0.562,0.499,0.003117685292982681,3,SECISBP2
1.1490080100661401e-7,0.5699777821393084,0.538,0.479,0.0042054842176430796,3,RPS6KA5
1.2818053428251945e-7,0.6056375488346335,0.573,0.452,0.004691535735274494,3,MPP7
1.289366210164024e-7,0.618251466822759,0.817,0.754,0.004719209265821344,3,N4BP2L2
1.5164198559256935e-7,0.6260134471307738,0.272,0.179,0.005550248314673631,3,CD3D
2.0516880597527258e-7,0.5667322530812402,0.699,0.629,0.007509383467500952,3,ADD3
2.146738319234352e-7,0.8744261081359994,0.425,0.324,0.007857276922229652,3,LPIN2
2.1880140486903763e-7,0.6337316016616064,0.729,0.607,0.008008350219611646,3,ZC3HAV1
2.627526864798475e-7,1.4522912383052466,0.341,0.182,0.009617011077848897,3,ZC3H6
3.0359982268085565e-7,0.6266786582870304,0.48,0.407,0.011112057109941998,3,FARS2
3.353247756500966e-7,0.8174532609808457,0.357,0.259,0.012273222113569186,3,KPNA5
3.6075143258628725e-7,0.5419492119535123,0.664,0.602,0.013203863184090699,3,MBD5
3.6273593814705896e-7,0.6533270326066765,0.681,0.596,0.013276498072120505,3,PHC3
3.929864432094935e-7,1.1390764734815546,0.317,0.188,0.014383696807910672,3,PREPL
3.940374559474262e-7,0.6031344626734134,0.733,0.666,0.014422164925131745,3,KAT6A
4.039188574332127e-7,0.7140089832037606,0.324,0.231,0.014783834100913018,3,ZNF107
4.687214767827633e-7,1.4656698741852183,0.286,0.142,0.01715567477172592,3,NOSIP
4.848786151117306e-7,0.8134827574166613,0.585,0.484,0.017747042191704452,3,DENND6A
4.891778914951168e-7,0.7116877728495221,0.498,0.412,0.01790440000661277,3,SCFD2
5.37903923673502e-7,0.5893913608630537,0.829,0.756,0.019687821510373845,3,CDKAL1
5.68936141539279e-7,0.929291406004032,0.437,0.324,0.02082363171647915,3,NAA16
5.788680830977703e-7,0.630690442148147,0.726,0.643,0.02118715070946149,3,RBM26
6.80696050555112e-7,0.6548595951890122,0.637,0.551,0.024914156146367654,3,CPSF6
7.138976583389191e-7,1.2326516038795219,0.312,0.176,0.026129368192862778,3,LINC01184
7.336173089630224e-7,0.9937190162562095,0.367,0.239,0.026851127125355582,3,NPAT
7.802101371589375e-7,1.026588025676039,0.296,0.176,0.02855647123015427,3,GOLGA8A
8.824809601260103e-7,1.0063730452707782,0.279,0.178,0.0322996856215721,3,ACTN1
8.971745476138135e-7,0.7192541603501813,0.357,0.262,0.03283748561721319,3,XKR6
9.084926749238418e-7,0.7607597903857983,0.294,0.183,0.033251740394887534,3,CD3G
9.546178752814691e-7,0.7675339254170787,0.393,0.278,0.03493996885317705,3,TCP11L2
9.610552222912465e-7,1.1646533636121614,0.282,0.18,0.03517558219108192,3,MTFR1
1.262498868931959e-6,1.0615079610922964,0.255,0.138,0.04620872110177863,3,TBC1D4
1.3629638683582464e-6,1.0853214984934745,0.294,0.19,0.04988584054578017,3,CEP68
1.5151907680074235e-6,1.1354251023809512,0.275,0.161,0.05545749729983971,3,ZBTB25
1.5367966466414146e-6,0.586618259059404,0.599,0.475,0.056248294063722414,3,LRRC8C
1.6352179526209896e-6,0.8020356038292479,0.401,0.301,0.05985061228388084,3,ZNF721
2.011595420169073e-6,0.5190003582485769,0.572,0.504,0.07362640397360824,3,MALT1
2.0680164013224917e-6,0.5061892024977668,0.676,0.638,0.07569146830480453,3,TPP2
2.0700507088546188e-6,0.6764358738294599,0.282,0.189,0.0757659259947879,3,KCNQ5
2.1554230570624003e-6,0.6139154971676811,0.263,0.173,0.07889063931154092,3,CD7
2.455909823300544e-6,0.5123470992501213,0.634,0.493,0.08988875544262322,3,CASK
2.5053572879505962e-6,0.5663111402635475,0.601,0.52,0.09169858209627978,3,RALGAPA1
2.808816346926944e-6,0.5471727516550062,0.479,0.416,0.10280548711387308,3,CWF19L2
3.109499718091173e-6,0.6987625506783385,0.429,0.348,0.11381079918185502,3,EEF1B2
3.1115203355760882e-6,0.8820895260767119,0.574,0.437,0.11388475580242041,3,SSBP2
3.1719514019134163e-6,0.740472438482756,0.51,0.408,0.11609659326143294,3,NOP53
3.410485629975836e-6,0.9080265018627547,0.524,0.408,0.12482718454274556,3,PIK3CD
3.5693398810841345e-6,1.021008073664305,0.4,0.248,0.1306414089875604,3,CCDC7
3.665018307843205e-6,0.7771041164328345,0.53,0.44,0.13414333508536913,3,LDLRAD4
4.0099059016787974e-6,0.940450287553763,0.446,0.316,0.14676656590734566,3,GABPB1-AS1
4.430553266743585e-6,0.7079729410224933,0.59,0.489,0.16216268011608195,3,TTC3
4.4549263776609125e-6,0.6038133661896643,0.479,0.4,0.16305476034876706,3,UMAD1
4.669844720355886e-6,0.6304833644586694,0.392,0.322,0.17092098660974578,3,SPATA5
4.846895839292946e-6,0.5451249180478924,0.361,0.323,0.17740123461396112,3,METTL16
5.1936241160082056e-6,0.6915690054220143,0.431,0.293,0.19009183627001633,3,SIDT1
5.543751359123105e-6,0.762150664790676,0.569,0.463,0.20290684349526475,3,SEPTIN6
5.936487175392928e-6,0.9092160768205045,0.369,0.235,0.21728136710655654,3,TRBC2
6.341230042614643e-6,0.5910035935756048,0.635,0.571,0.23209536078973855,3,ZNF638
6.380341382726889e-6,1.0901605083889394,0.405,0.269,0.23352687494918686,3,GPR155
6.690656454146642e-6,1.2040909332600174,0.292,0.174,0.24488471687822122,3,SLC7A6
6.806208725625261e-6,0.5139877258226849,0.439,0.376,0.24911404556661015,3,CDR2
7.13236213382791e-6,0.6248881477615282,0.453,0.395,0.26105158646023535,3,NDUFV2
8.027397032931019e-6,1.1490558913447488,0.279,0.163,0.2938107588023082,3,DYRK2
8.901261897857964e-6,0.9218731661767234,0.424,0.305,0.3257950867234993,3,UBASH3B
9.470849410156614e-6,0.8736652633997982,0.373,0.27,0.34664255926114224,3,NUDCD3
9.501366791934544e-6,0.9103834416489431,0.383,0.253,0.34775952595159626,3,DIPK1A
9.756744461262606e-6,0.8275896809900983,0.427,0.309,0.35710660402667266,3,TMEM245
1.1658247261672045e-5,0.6171023995534815,0.691,0.577,0.4267035080244585,3,SMYD3
1.2612095265125855e-5,0.5098709902261385,0.661,0.565,0.4616152987988714,3,RPSA
1.7023152500401517e-5,0.8371381494505721,0.409,0.266,0.6230644046671959,3,CMSS1
1.818846250189653e-5,0.9944701892439798,0.296,0.184,0.6657159160319149,3,ATF7IP2
1.9598909482528914e-5,0.7481127769834944,0.333,0.268,0.7173396859700408,3,RALA
2.0985626625722146e-5,0.6484738650895278,0.517,0.447,0.7680949201280562,3,PPP1R2
2.4387399805136137e-5,0.7171767031522422,0.314,0.256,0.8926032202677877,3,FBXL4
2.4480830011944154e-5,0.5147564800126336,0.444,0.41,0.896022859267168,3,SMAD4
2.4977712565177885e-5,0.8617450429355202,0.343,0.251,0.9142092575980758,3,NT5DC1
2.656635789963771e-5,0.5182327781908489,0.64,0.612,0.9723552654846399,3,STAT3
2.6700494498049193e-5,0.5137046259092388,0.585,0.531,0.9772647991230985,3,RPL31
2.8577037258095115e-5,1.4638951651103678,0.251,0.109,1,3,ABCD2
2.8746816439148627e-5,0.8223379490441751,0.31,0.228,1,3,KLHDC2
3.077608879642447e-5,0.9422399406843345,0.292,0.169,1,3,DUSP16
3.3582565362617776e-5,0.7193798880941669,0.367,0.287,1,3,DTNB
4.0477211886454236e-5,0.5882826715494727,0.57,0.499,1,3,HERC4
4.927432803795356e-5,0.7747153236545359,0.411,0.286,1,3,PCNX2
5.069125741931082e-5,0.9404344814530423,0.396,0.262,1,3,ZNF91
7.032359972659358e-5,0.5806017960006535,0.298,0.259,1,3,RNF34
7.584920911257514e-5,0.8317485342644446,0.462,0.362,1,3,ARHGEF18
1.0467324417565525e-4,0.6928564410187417,0.39,0.253,1,3,CD2
1.0675913620688475e-4,0.557788927158976,0.632,0.557,1,3,RPL5
1.0859242863687626e-4,0.568177498090249,0.383,0.327,1,3,RPS10
1.093011060460439e-4,0.6815323385670786,0.478,0.395,1,3,PIBF1
1.1835425749077871e-4,0.5166182240969215,0.469,0.425,1,3,LRPPRC
1.2387963709201892e-4,0.9851364989698028,0.31,0.212,1,3,TRAK2
1.2594518866132316e-4,0.912062491956877,0.298,0.21,1,3,JAK3
1.2926269931912975e-4,1.0985957205490213,0.352,0.22,1,3,LINC01473
1.321615154331418e-4,0.5105523442308619,0.611,0.565,1,3,NSD3
1.3466370794002673e-4,0.5695947266032237,0.694,0.671,1,3,MAN2A1
1.3782684856495573e-4,0.5282025218621755,0.374,0.342,1,3,TYW1
1.4421838480677636e-4,0.5485057229370254,0.594,0.542,1,3,ARHGEF3
1.4717614335195645e-4,0.5091403514826731,0.676,0.64,1,3,CCNH
1.4829385500688796e-4,0.6305324548923019,0.476,0.413,1,3,EXOC6B
1.561403358531458e-4,0.5319893810693426,0.521,0.358,1,3,CD69
1.624251284922014e-4,0.6181642439017223,0.265,0.232,1,3,ZNF44
1.6774645652066833e-4,0.9048764499949571,0.264,0.185,1,3,AKAP7
1.7452364666941883e-4,0.7641137638519224,0.307,0.24,1,3,TMC6
2.2903739617132323e-4,0.6739649483171535,0.31,0.252,1,3,CHD3
2.3554128968065062e-4,0.9819443955437779,0.25,0.165,1,3,GIMAP7
2.3589856107559612e-4,1.0211711979277642,0.38,0.248,1,3,ZNF506
2.4047935312316077e-4,0.77031931731287,0.638,0.532,1,3,PIK3CA
2.4549206735874677e-4,0.8645718577214461,0.407,0.31,1,3,ERCC6L2
2.502866487251796e-4,0.682558411235655,0.422,0.338,1,3,TRAF3IP3
2.5376858943765664e-4,0.7285110802030731,0.29,0.212,1,3,AC092821.3
2.6753874622225944e-4,0.5982927348273971,0.525,0.44,1,3,DDX24
2.676698614469858e-4,0.6350487514783055,0.355,0.27,1,3,TSPOAP1-AS1
2.801463792872169e-4,0.5321631113973634,0.334,0.284,1,3,HINT1
3.306863201507407e-4,0.8911397245592096,0.4,0.279,1,3,KIAA0355
3.7431039865479997e-4,0.9703051111322398,0.304,0.203,1,3,TARSL2
3.9724329239499605e-4,0.5550400225156353,0.582,0.531,1,3,WDR33
4.442599706139273e-4,0.511237728568702,0.516,0.444,1,3,ASXL1
4.6707975314447844e-4,0.7122295302454608,0.335,0.243,1,3,LINC00342
4.985629096800535e-4,0.7444966722501789,0.294,0.212,1,3,DENND11
5.529799451325463e-4,0.7287690469211607,0.55,0.459,1,3,CAMKMT
5.606579247110386e-4,0.8196348991814302,0.454,0.356,1,3,YLPM1
5.899884366190268e-4,0.5962038594457926,0.385,0.326,1,3,FBXW4
6.001235720552999e-4,0.884728874017734,0.347,0.253,1,3,AC079781.5
6.077947830932743e-4,0.592471000254549,0.335,0.267,1,3,SINHCAF
6.413322567812215e-4,0.5279529221311685,0.339,0.27,1,3,ZNF331
6.880607056926209e-4,0.8048347794166169,0.296,0.195,1,3,GNB5
6.935185042163672e-4,0.6886929144972681,0.48,0.39,1,3,VWA8
6.942403190995604e-4,0.6402107070717032,0.53,0.469,1,3,CAPN7
7.378569409406167e-4,0.5476423137793971,0.288,0.238,1,3,OFD1
7.532556942593525e-4,0.7798659447211752,0.313,0.238,1,3,SLC39A10
7.700388683290023e-4,0.768415966999849,0.342,0.277,1,3,RPRD1A
8.061659987745057e-4,0.5442909901304562,0.531,0.495,1,3,LONP2
8.426318460358104e-4,0.8655082023604855,0.279,0.195,1,3,RBL1
8.861354610981217e-4,0.6336779958388482,0.259,0.214,1,3,DDX50
9.449902540130525e-4,0.6056446784211353,0.327,0.284,1,3,ERCC5
0.0010667145892145965,0.7020924154260841,0.476,0.39,1,3,TSPAN14
0.0012345937049061263,0.5020752485333555,0.558,0.519,1,3,XPO6
0.0014050492167840527,0.6235404823406397,0.403,0.357,1,3,CRLF3
0.0015041060624951222,0.8072122724477095,0.296,0.215,1,3,MPHOSPH9
0.0015598103898099252,0.770051365869041,0.465,0.364,1,3,MPHOSPH8
0.0015614593920577407,0.5204664269932443,0.473,0.444,1,3,RASA1
0.0022761053163010136,0.8561381995970463,0.28,0.2,1,3,GYPC
0.0024163417699707957,0.6503748988893363,0.513,0.393,1,3,ZHX2
0.002434734832307926,0.856918652261179,0.319,0.235,1,3,MTAP
0.0024902885170278374,0.5674546669425073,0.476,0.421,1,3,RAB3GAP1
0.002724882958566754,0.5114779038399797,0.284,0.243,1,3,RFX3-AS1
0.0027274272047627854,0.5638909222413655,0.606,0.553,1,3,SMARCA2
0.0029725563964459936,0.5973873702929471,0.256,0.214,1,3,PRH1
0.003078927223220932,0.6688317032341411,0.414,0.332,1,3,NPM1
0.003176262363907564,0.9527271723659436,0.252,0.181,1,3,AL031772.1
0.003233690193180278,0.5492101102593463,0.332,0.29,1,3,ZMYND8
0.0033845774059064722,0.611747905173965,0.32,0.256,1,3,CEP120
0.0035400166039706686,0.6356509524778267,0.362,0.285,1,3,ARHGAP5
0.0037001816679814673,0.690736966463608,0.327,0.273,1,3,CHURC1
0.003795477503246597,0.6653956714375466,0.254,0.187,1,3,CARMIL1
0.003821006283099415,0.5436082157948428,0.277,0.255,1,3,REV1
0.0039026847815819303,0.639119576861582,0.59,0.517,1,3,SCAPER
0.003913018873011729,0.6923832856069904,0.302,0.254,1,3,ELK4
0.004046324953170025,0.7675116634747644,0.25,0.192,1,3,ANAPC1
0.004829586926676982,0.5531100415369208,0.607,0.549,1,3,ZRANB2
0.005098583964628253,0.6573361461537287,0.42,0.371,1,3,STX16
0.005454613307436791,0.5431293373061911,0.427,0.373,1,3,CEP95
0.005627651567413069,0.7690233993546318,0.457,0.368,1,3,AC118549.1
0.006262612076885894,0.5405083468054994,0.334,0.304,1,3,DGCR2
0.006424467856247441,0.7015684584214033,0.315,0.258,1,3,EHBP1
0.006690208063782869,0.7275065177759541,0.366,0.29,1,3,FBXO3
0.006933273152174942,0.7690936025975708,0.326,0.232,1,3,OXCT1
0.007065978588472358,0.8083686047495504,0.297,0.223,1,3,NUP160
0.008358594198143983,0.6068567549470376,0.376,0.323,1,3,LY75
0.00888869318663785,0.6268362510740588,0.353,0.306,1,3,EAPP
0.00905000880734256,0.510272559374988,0.28,0.258,1,3,DIS3
0.009461608800542521,0.5103178837451493,0.519,0.493,1,3,UBE2B
0.0097771838919417,1.1114825978265672,0.398,0.33,1,3,CDK6
0.009891711012416534,0.669509140075196,0.296,0.243,1,3,PUM3
3.1133824469322158e-167,5.430035850490124,0.983,0.15,1.1395291094016604e-162,4,AFF3
3.35766690293983e-161,7.173700168849365,0.944,0.042,1.2289396631450072e-156,4,BANK1
3.258132672205598e-153,7.54676549241891,0.885,0.01,1.1925091393539708e-148,4,COBLL1
9.92219072316075e-151,6.433486830998039,0.892,0.036,3.631621026584066e-146,4,PLEKHG1
2.150345491841953e-150,5.415845121877757,0.903,0.07,7.870479534690732e-146,4,ADAM28
4.962584671017345e-146,4.669081751070907,0.933,0.158,1.8163556154390584e-141,4,RALGPS2
2.948982826798007e-144,4.114471964310477,0.939,0.203,1.0793572044363385e-139,4,CDK14
1.0851381910483235e-142,3.8702375182264754,0.962,0.283,3.971714293055969e-138,4,ARHGAP24
1.7577544876114693e-136,7.337278450691791,0.805,0.01,6.433557200106739e-132,4,MS4A1
1.263110602380346e-134,6.70721100467552,0.831,0.018,4.623111115772304e-130,4,BLK
4.16353487046878e-133,4.933212666710786,0.889,0.158,1.523895397940278e-128,4,TCF4
1.7051820455868778e-129,7.643023562559861,0.777,0.007,6.241136805052532e-125,4,PAX5
1.468559674858724e-128,2.7304969563757107,0.968,0.49,5.375075265950416e-124,4,EZR
1.6965921177117192e-127,6.208839518144542,0.794,0.039,6.209696810036663e-123,4,IGHM
1.3283755442908734e-123,3.1232209753574867,0.954,0.487,4.8619873296590255e-119,4,PRKCE
9.970367606467625e-122,6.658839628742063,0.792,0.02,3.649254247643215e-117,4,OSBPL10
2.5772123983364727e-120,7.162083937078842,0.743,0.01,9.432855099151323e-116,4,LINC00926
4.946958654775051e-118,3.248063921626246,0.97,0.384,1.8106363372342166e-113,4,BACH2
4.8918819058978893e-113,2.88137836910081,0.941,0.499,1.7904776963776863e-108,4,MGAT5
1.0184772918350129e-107,2.197692881298092,0.982,0.567,3.727728735845331e-103,4,CD74
2.1761124935879417e-100,7.565613526788779,0.626,0.006,7.964789337781225e-96,4,FCRL1
2.0868016473026206e-99,5.596411791525778,0.685,0.032,7.637902709292321e-95,4,DENND5B
5.2981752489802745e-99,5.393245634708321,0.706,0.048,1.9391851228792702e-94,4,KHDRBS2
2.8781547048153612e-98,1.7651167758290502,0.992,0.531,1.0534334035094703e-93,4,LYN
3.5056040643328385e-98,6.180086716826995,0.704,0.057,1.2830861435864623e-93,4,ACSM3
4.3777395508747644e-98,4.966047553409734,0.719,0.046,1.6022964530156725e-93,4,RUBCNL
1.2079075472979692e-97,3.3990202362503164,0.829,0.196,4.421062413865297e-93,4,SEL1L3
4.966450849881017e-97,2.077401796913962,0.968,0.713,1.817770675564951e-92,4,PRDM2
3.780483188818859e-95,4.801501400076045,0.706,0.045,1.3836946519395905e-90,4,AC120193.1
3.5658686001818235e-93,2.5428345404297676,0.853,0.347,1.305143566352549e-88,4,TRIO
1.9013105196853927e-92,3.0979628494161373,0.801,0.2,6.958986633100506e-88,4,SWAP70
7.165294934521631e-91,3.0446115407807626,0.772,0.175,2.622569598984262e-86,4,SNX25
4.169590909917102e-90,3.937744690626918,0.691,0.085,1.5261119689387584e-85,4,SLC9A7
9.32866451420669e-90,3.2350041256917677,0.776,0.172,3.4143844988447904e-85,4,WDFY4
1.4053267958414796e-87,4.226406035467966,0.697,0.088,5.143636605459399e-83,4,BCL11A
2.1770905718253146e-85,7.805829379498803,0.576,0.007,7.968369201937834e-81,4,COL19A1
4.0405978048564133e-84,7.81665225092873,0.6,0.007,1.4788992025554958e-79,4,ROR1
4.182922592224311e-80,3.1069812052729286,0.717,0.161,1.53099149798002e-75,4,USP6NL
8.954939179525248e-80,3.3395964095537503,0.682,0.109,3.2775972890980357e-75,4,STRBP
2.0601063315108792e-79,6.47712260003089,0.562,0.012,7.540195183962969e-75,4,JADE3
2.5332309293693338e-79,8.059367614920607,0.587,0.01,9.2718785245847e-75,4,BX284613.2
2.5783100018223893e-77,3.4397653145269107,0.724,0.108,9.436872437670127e-73,4,RAB30
6.2614157145058565e-77,4.094551482820144,0.676,0.12,2.2917407656662884e-72,4,AL589693.1
2.6802261483121987e-76,1.3095303715502427,0.994,0.949,9.80989572543748e-72,4,SMCHD1
9.20349120502788e-76,5.704449593826292,0.592,0.047,3.3685698159522542e-71,4,GPM6A
8.17835077566988e-75,2.5720653902458537,0.774,0.244,2.993358167402933e-70,4,GNA12
9.444873492322932e-75,5.321397162091461,0.683,0.083,3.4569181469251165e-70,4,IGKC
3.6371505107957126e-74,6.390938238524729,0.529,0.011,1.331233458456339e-69,4,CD79A
2.068403007196519e-73,2.1605245513024407,0.852,0.346,7.570561846639979e-69,4,CD83
3.955463086199847e-72,2.751100406891982,0.708,0.145,1.447739044180006e-67,4,SETBP1
4.2440597583564445e-72,1.6714168507831129,0.883,0.363,1.5533683121560422e-67,4,MARCH1
1.0605162553031335e-71,1.8385117612035446,0.929,0.572,3.881595546034999e-67,4,NCOA3
5.354417185456909e-70,1.9261691578248903,0.92,0.584,1.9597702340490834e-65,4,ZCCHC7
1.4079979453121647e-68,3.762841897054552,0.58,0.075,5.153413279637054e-64,4,PALM2-AKAP2
4.472679368333359e-68,2.86129344867001,0.753,0.208,1.6370453756036927e-63,4,CHPT1
5.083475080593782e-68,1.2997506228660676,0.94,0.741,1.86060271424813e-63,4,SP100
7.072489353156432e-68,2.264731698297034,0.859,0.386,2.588601828148786e-63,4,SESN3
1.697951940286134e-67,2.404795421200038,0.77,0.221,6.21467389664128e-63,4,RRAS2
4.065282094804276e-67,3.6097593765572986,0.631,0.104,1.487933899519313e-62,4,AGPAT5
9.683769384204643e-67,4.535221989684671,0.57,0.046,3.5443564323127413e-62,4,GNG7
6.143926810031568e-66,1.6098314867795156,0.968,0.698,2.248738651739654e-61,4,SIPA1L1
1.6018918244138234e-65,3.0949407041464165,0.585,0.096,5.863084266537035e-61,4,MICAL3
1.993552119247725e-65,5.652029556572457,0.463,0.012,7.296600111658598e-61,4,PAWR
3.3291658532064134e-65,6.127373792221258,0.472,0.014,1.2185079939320794e-60,4,PTPRG
4.184193179975971e-65,2.3032333323798553,0.676,0.186,1.5314565458030052e-60,4,ADAM19
1.074679318239244e-64,2.2459882414805934,0.892,0.504,3.933433772687457e-60,4,SNX9
2.869697385070587e-64,2.383824546214835,0.838,0.577,1.0503379399096854e-59,4,VOPP1
1.163574215307441e-63,7.342429035638481,0.507,0.005,4.258797985446765e-59,4,IGHD
2.4948912632532955e-63,1.4631033992644187,0.981,0.918,9.131551512633387e-59,4,LINC01619
1.3602908459147078e-62,2.538030022941866,0.763,0.303,4.9788005251324215e-58,4,SFMBT1
3.7401163375888518e-62,2.912485224803061,0.644,0.138,1.3689199807208957e-57,4,FAM3C
1.0960050104039643e-61,1.8214656348512983,0.879,0.451,4.0114879385795497e-57,4,ARID5B
1.9285927732990044e-61,2.671572421471942,0.624,0.123,7.058842409551686e-57,4,HLA-DQA1
1.2585536432589357e-60,4.2488393900519075,0.533,0.048,4.606432189692031e-56,4,AP1S3
1.9980969985990425e-60,8.39440412850794,0.425,0.002,7.313234824572355e-56,4,KLHL14
2.539751616239555e-60,1.3732104022937959,0.946,0.724,9.295744890598395e-56,4,SMAP2
4.684518311771212e-60,1.524692850953342,0.91,0.585,1.7145805472913815e-55,4,PELI1
1.1814473048212993e-59,1.7680021931039982,0.888,0.642,4.324215280376437e-55,4,CAMK2D
1.4122695109221438e-59,2.365357893060017,0.71,0.201,5.169047636926139e-55,4,TTN
2.815559274670206e-59,3.0658041565866796,0.553,0.106,1.0305228501220421e-54,4,IRF8
3.6854440647763115e-59,1.76527000062129,0.854,0.35,1.3489093821487778e-54,4,HLA-DRB1
5.624083542801255e-59,7.625165353748038,0.458,0.002,2.0584708175006873e-54,4,FCRL2
3.9764979040575495e-58,7.740197225227719,0.421,0.009,1.4554379978641037e-53,4,EBF1
1.0948561829581903e-57,3.2209408427738233,0.644,0.168,4.0072831152452723e-53,4,SNED1
1.1824666391162611e-57,6.376722240736785,0.428,0.007,4.327946145829427e-53,4,FCER2
1.4049490655706285e-56,2.6691350718793903,0.695,0.203,5.1422540748950574e-52,4,AUTS2
2.098290827660527e-56,1.4563476902378492,0.833,0.391,7.679954258320295e-52,4,HLA-DRA
7.839632590516504e-56,7.082326171551027,0.399,0.009,2.8693839244549457e-51,4,PCDH9
1.1438256634352566e-55,1.5224082674759425,0.901,0.586,4.186516310739383e-51,4,LAPTM5
2.0485083326512433e-55,2.6479766678317542,0.572,0.13,7.497745348336816e-51,4,CCDC50
2.3409227065626712e-55,6.199497481204778,0.423,0.007,8.568011198290033e-51,4,NIBAN3
4.651015243364396e-55,4.892400695088671,0.459,0.019,1.7023180892238025e-50,4,STAP1
6.145370822632044e-55,7.764437378646325,0.396,0.004,2.249267174791554e-50,4,AP002075.1
6.465780833562789e-55,4.640316796542886,0.445,0.027,2.3665404428923166e-50,4,RASGRP3
7.90688263160445e-55,1.6531978995339536,0.81,0.395,2.8939981119935446e-50,4,ST6GAL1
1.5464888956255646e-54,1.6503377628443445,0.882,0.43,5.660304006879129e-50,4,RHOH
3.521376617042117e-54,4.715063751940828,0.422,0.019,1.2888590556035851e-49,4,CNR2
5.888907626618002e-54,6.745575702835721,0.429,0.007,2.155399080418455e-49,4,ABCB4
4.440057697134183e-53,2.152562108283768,0.73,0.26,1.625105517728082e-48,4,SP140
8.711058816158912e-53,2.898188679760443,0.613,0.168,3.188334637302323e-48,4,GAB1
1.023391649485963e-52,1.974146598579017,0.717,0.292,3.7457157762835733e-48,4,GGA2
4.381345917798523e-52,1.506865958442829,0.914,0.685,1.6036164193734376e-47,4,ADK
5.207857738907428e-52,5.176459619204873,0.417,0.023,1.9061280110175076e-47,4,DMD
7.36999970606676e-52,1.6444414645893233,0.805,0.358,2.697493592417495e-47,4,PDE4B
1.7191059676149236e-51,1.4118605965493238,0.812,0.351,6.292099752067382e-47,4,MTSS1
1.3296541347340886e-50,1.7261062499021944,0.753,0.377,4.866667098540237e-46,4,SECISBP2L
1.5676057277518504e-50,4.911516235864996,0.438,0.031,5.737593724144548e-46,4,AL592429.2
3.951063595291122e-50,1.1348664878511463,0.899,0.429,1.4461287865125037e-45,4,BCL2
6.888766789461513e-50,1.772928457096454,0.737,0.285,2.5213575326108082e-45,4,CHD7
7.232283996900632e-50,4.852786865606132,0.35,0.02,2.6470882657056005e-45,4,CD22
1.4029395701966329e-49,1.0506568363060431,0.965,0.838,5.134899120876696e-45,4,BTG1
2.6652481260443274e-49,1.729873877403436,0.793,0.37,9.755074666134842e-45,4,CXCR4
3.762914207033099e-48,1.6223013803423427,0.804,0.332,1.3772642289161846e-43,4,MEF2C
8.638064206037955e-48,7.430672600743863,0.392,0.002,3.1616178800519517e-43,4,FCRL5
2.1264219980049285e-47,2.583690682475293,0.552,0.157,7.782917154897838e-43,4,CARMIL1
2.767705584916908e-47,6.327382113801006,0.358,0.007,1.0130079211354376e-42,4,TSBP1-AS1
4.779637858129622e-47,2.192447130926657,0.735,0.297,1.749395252454023e-42,4,SIPA1L3
6.322743212373424e-47,0.9244620807535031,0.974,0.891,2.314187243160797e-42,4,ARID1B
1.0651744366977704e-46,2.3290127091165216,0.621,0.188,3.8986449557575095e-42,4,FARP2
1.2679640844087771e-46,2.429667801033501,0.641,0.235,4.640875345344565e-42,4,IL4R
2.519958990307333e-45,3.4969744792855066,0.436,0.053,9.22330190042387e-41,4,QSOX2
4.027033372806257e-45,2.0341801583007384,0.679,0.259,1.473934484780818e-40,4,CD37
2.5756216246789845e-44,4.06997136844427,0.395,0.041,9.427032708487551e-40,4,TXNDC5
4.186787759727645e-44,5.8063953116301015,0.338,0.008,1.5324061879379153e-39,4,ABCA6
6.649012442653789e-44,2.6293105804898307,0.502,0.111,2.433605044135713e-39,4,MARCH3
2.106225322610939e-43,6.009056232611339,0.322,0.006,7.708995303288299e-39,4,RHEX
2.2531204487164968e-41,7.835102977271427,0.312,0.002,8.24664615434725e-37,4,AL079338.1
2.4970790408578e-41,2.472983461501892,0.397,0.085,9.139558997443634e-37,4,AFDN
9.123746153398579e-41,8.19978405945226,0.311,0.002,3.339382329605414e-36,4,GABRB2
9.311257311379513e-41,2.2343503886330467,0.602,0.203,3.408013288538016e-36,4,SIMC1
9.967951945181309e-41,3.891231013349503,0.388,0.034,3.648370091455811e-36,4,SDK2
1.136736787067312e-40,1.7681717769745677,0.657,0.322,4.160570314345069e-36,4,STX7
1.2841513205151927e-40,2.876459156855372,0.43,0.08,4.700122248217657e-36,4,LINC02245
1.736532772052376e-40,8.425569410161097,0.351,0.002,6.355883598988902e-36,4,MROH9
1.8392978596625153e-40,1.8168170746759575,0.647,0.258,6.732014096150772e-36,4,NUP88
3.519078443139342e-40,1.4286446754748992,0.791,0.488,1.2880179009734306e-35,4,ELOVL5
4.3071981525300525e-40,1.5366114014184737,0.838,0.407,1.5764775958075245e-35,4,ZEB1
4.5331022076307885e-40,6.667247076183146,0.331,0.005,1.659160739014945e-35,4,ABCA9
5.207865105739184e-40,1.2824954212507294,0.801,0.401,1.9061307073515986e-35,4,UBE2E2
7.608199803661281e-40,5.773954740470379,0.301,0.006,2.7846772101380655e-35,4,TNFRSF13C
1.274065776189975e-39,6.7607963209370805,0.297,0.004,4.663208147432928e-35,4,AP001636.3
2.1110670923676754e-39,1.07849228249232,0.927,0.79,7.726716664774928e-35,4,CUL3
1.1536353370759153e-38,4.842995947265356,0.377,0.027,4.222420697231557e-34,4,AKAP6
1.2080040401794354e-38,6.478891107373988,0.29,0.006,4.421415587460751e-34,4,DCLK2
1.4774560184473665e-38,2.907277947881417,0.393,0.08,5.407636773119206e-34,4,HVCN1
1.530912799780808e-38,2.340834345292285,0.44,0.124,5.603293938477735e-34,4,TPD52
2.276973844343797e-38,2.933407075449396,0.471,0.116,8.333951967682732e-34,4,PPFIBP2
2.8751298849540797e-38,5.8943459937219735,0.34,0.008,1.0523262891920428e-33,4,APOD
3.430102002129671e-38,6.212377782785727,0.26,0.004,1.255451633799481e-33,4,POU2AF1
7.09760955849301e-38,1.5818295798564284,0.788,0.395,2.5977960745040265e-33,4,NCK2
3.667672306045485e-37,5.98036006026791,0.307,0.007,1.3424047407357078e-32,4,BLNK
5.179662015030169e-37,4.903916677890012,0.262,0.013,1.895808094121192e-32,4,CD40
5.9496780024094405e-37,1.1049461243858485,0.848,0.613,2.1776416456618792e-32,4,TMEM131
6.507487350366075e-37,1.5462726639148534,0.776,0.461,2.381805445107487e-32,4,RCSD1
1.6690969216003845e-36,1.4178376807359965,0.827,0.546,6.109061642749568e-32,4,ARHGAP25
1.6826389454781483e-36,2.8285694651306406,0.38,0.069,6.15862680434457e-32,4,TLE1
1.7362534584902928e-36,2.591128030331566,0.463,0.103,6.354861283420321e-32,4,IFT57
3.925932388690562e-36,2.0814167575790665,0.617,0.283,1.4369305135846324e-31,4,BMPR2
4.0154362612020965e-36,6.326173863319941,0.314,0.004,1.4696898259625793e-31,4,BACE2
4.0481940394900775e-36,1.207524722097416,0.872,0.685,1.4816795003937634e-31,4,RAPGEF1
4.958695872064285e-36,4.086506298906103,0.3,0.019,1.8149322761342491e-31,4,E2F5
6.276989534854384e-36,2.268527103305334,0.5,0.138,2.297440939652053e-31,4,PTK2
1.1357160071137458e-35,2.569904280223464,0.456,0.099,4.156834157637021e-31,4,AL050309.1
1.6679482899495342e-35,1.4094963250481294,0.683,0.371,6.10485753604429e-31,4,TRAK1
1.7981583670620677e-35,1.8714247274258948,0.52,0.173,6.581439439283874e-31,4,GNB5
4.7283850149110907e-35,5.512612752364502,0.268,0.006,1.7306361993076082e-30,4,CD200
6.085291494237478e-35,3.8387429675733067,0.357,0.03,2.2272775398058594e-30,4,BTLA
1.0410895081298418e-34,0.8333174449769798,0.98,0.937,3.8104917087060336e-30,4,FOXP1
1.5455995876915078e-34,1.333992966937563,0.83,0.582,5.657049050909688e-30,4,FCHSD2
1.6767891036255244e-34,1.6298619158582073,0.674,0.29,6.137215798179782e-30,4,HLA-DPB1
5.162530223341189e-34,1.2028857158609998,0.748,0.493,1.8895376870451088e-29,4,TMEM123
9.559753612681437e-34,1.5446765602443047,0.8,0.496,3.498965419777533e-29,4,STIM2
1.0533682506084315e-33,1.6319733665095215,0.605,0.302,3.85543313405192e-29,4,WDR11
1.0571563605316968e-33,1.215025397167952,0.875,0.711,3.869297995182064e-29,4,ITPR2
1.5679932766725255e-33,1.6141801583350985,0.775,0.367,5.73901219194911e-29,4,ZHX2
4.1061110550440306e-33,0.9564714608972915,0.886,0.72,1.5028777072566657e-28,4,ITSN2
5.428261562840355e-33,1.766661590902266,0.599,0.303,1.9867980146151984e-28,4,EIF2AK3
6.4426287545049e-33,4.3280406969980065,0.313,0.031,2.3580665504363387e-28,4,MEF2C-AS1
6.470772528638497e-33,1.8995948739097974,0.735,0.413,2.3683674532069764e-28,4,ITPR1
1.0095919691092444e-32,1.711606373440264,0.442,0.155,3.695207566136745e-28,4,BICD1
1.08944554462178e-32,4.879577633510712,0.278,0.025,3.987479637870177e-28,4,STEAP1B
1.380843872669876e-32,5.195722563791972,0.27,0.015,5.0540266583590135e-28,4,IGF2BP3
2.225655450185895e-32,2.330369764634403,0.504,0.156,8.146121513225393e-28,4,RUBCN
4.2448641028799984e-32,2.7056192698625168,0.529,0.194,1.5536627102951082e-27,4,ZNF804A
6.572523073769669e-32,3.300457785167643,0.36,0.058,2.4056091702304367e-27,4,GEN1
8.177264109614228e-32,1.1328695579311965,0.864,0.629,2.9929604367599036e-27,4,TMEM131L
1.0147906912408409e-31,2.0313825311038842,0.372,0.121,3.714235409010602e-27,4,TMEM38B
1.3777878063940243e-31,1.7838702513634672,0.568,0.244,5.042841150182768e-27,4,SINHCAF
4.595250069719567e-31,1.4449989386373223,0.741,0.412,1.6819074780180588e-26,4,HIVEP1
5.5551436699521e-31,0.8806637526065577,0.944,0.866,2.033238134639168e-26,4,PRKCB
6.842398976484736e-31,2.6217352803922385,0.441,0.126,2.5043864493831784e-26,4,INPP5F
1.3753902543431382e-30,2.776547490361368,0.384,0.081,5.03406586992132e-26,4,DLG2
1.545292245453925e-30,0.9465648498171577,0.861,0.595,5.655924147585911e-26,4,TUT4
1.7235679633371494e-30,1.751519031302337,0.378,0.092,6.308431102610301e-26,4,IFNG-AS1
2.0026435734245374e-30,2.747638720779376,0.375,0.08,7.329875743091149e-26,4,SNX8
2.6888253187690327e-30,1.217035652508463,0.837,0.55,9.841369549226537e-26,4,AP001011.1
3.0918430579920776e-30,2.2294603438582516,0.38,0.113,1.1316454776556803e-25,4,MYO1E
3.2742712633822685e-30,1.2626691721066565,0.825,0.554,1.198416025110544e-25,4,LMBRD1
4.37680244546748e-30,1.8819934546642667,0.371,0.109,1.6019534630655525e-25,4,PMAIP1
5.409442794430737e-30,1.1795523511648296,0.753,0.527,1.979910157189594e-25,4,PTPN1
7.943520088841857e-30,2.579067141967765,0.358,0.065,2.9074077877170083e-25,4,C11orf80
1.2691498275949932e-29,1.116979639499438,0.821,0.624,4.6452152839804345e-25,4,CEMIP2
1.5998419999052625e-29,1.9652456352206,0.47,0.157,5.855581703853251e-25,4,SMC6
2.2363181854030698e-29,1.5044465714087687,0.535,0.261,8.185148190393776e-25,4,DTNBP1
2.8792906240744256e-29,3.628578107313946,0.307,0.034,1.0538491613174806e-24,4,SGSM1
3.497717838247979e-29,6.230740361461829,0.257,0.005,1.2801997059771427e-24,4,FAM111B
3.697342230572361e-29,2.0741958682049013,0.564,0.223,1.35326422981179e-24,4,GABPB1
3.78549809504881e-29,2.615983671021055,0.332,0.068,1.385530157768815e-24,4,ZNF532
4.9523396110325695e-29,1.6197134817766317,0.535,0.21,1.812605821034031e-24,4,ZNF107
7.082085441716133e-29,2.189863636240669,0.496,0.164,2.5921140925225216e-24,4,TFEB
7.711354418300888e-29,1.3363329311080872,0.836,0.615,2.8224328306423078e-24,4,UVRAG
9.949888854011137e-29,2.4951303930916313,0.401,0.089,3.641758819456616e-24,4,CXXC5
1.3657025642308588e-28,1.0207968960808294,0.877,0.688,4.998607955341366e-24,4,CBLB
1.5552163982560748e-28,1.0596630050252873,0.677,0.422,5.6922475392570594e-24,4,KLHL5
2.1258397795199373e-28,2.058410391164385,0.399,0.12,7.780786177020922e-24,4,TMEM156
4.474870707014195e-28,3.289584811474025,0.266,0.038,1.6378474274742653e-23,4,BMF
4.647868644899834e-28,0.9711950201893669,0.896,0.723,1.701166402719788e-23,4,BRAF
4.742316027864552e-28,1.686576183543637,0.495,0.149,1.7357350893587045e-23,4,AP000787.1
6.255061553094067e-28,1.9630179185219956,0.357,0.083,2.2894150790479595e-23,4,CCDC141
8.368132782355335e-28,1.8598352087172665,0.575,0.241,3.062820279669876e-23,4,FBXO21
8.714799590563272e-28,1.5696221142568598,0.511,0.196,3.189703798142063e-23,4,PPM1K
1.0922257732693332e-27,1.4111733274200606,0.597,0.301,3.9976555527430864e-23,4,GABPB1-AS1
1.1337563112560272e-27,4.116168752430104,0.28,0.02,4.1496614748281853e-23,4,FBXO10
1.2956961829106845e-27,2.2752771744055047,0.484,0.137,4.7423775990713967e-23,4,ABCG1
1.4893229215303084e-27,2.4218456830324744,0.472,0.154,5.451070825093082e-23,4,CREB3L2
1.8291525924589014e-27,1.4690111891207742,0.662,0.358,6.694881403658826e-23,4,DMXL1
2.1112264943317487e-27,1.4196774395751552,0.654,0.32,7.727300091903633e-23,4,CD2AP
2.188185223158981e-27,1.0968153460866243,0.85,0.631,8.008976735284186e-23,4,RBM26
2.457249051797622e-27,1.3242107859243673,0.695,0.331,8.993777254484477e-23,4,IKZF3
3.884292086249167e-27,1.9347477449530988,0.373,0.121,1.4216897464880578e-22,4,HLA-DMB
3.937586389006889e-27,3.1326931006419256,0.304,0.051,1.4411959942404114e-22,4,TTC28
6.4083342424249616e-27,1.3306477447967724,0.604,0.297,2.3455144160699603e-22,4,TMEM243
7.293729107578058e-27,2.815116305599564,0.379,0.069,2.6695777906646447e-22,4,SGCE
8.61968062576196e-27,0.9374461590270826,0.79,0.566,3.154889305835135e-22,4,TRAF3
1.4054178644537103e-26,1.8436113861449117,0.459,0.187,5.1439699256870245e-22,4,TBC1D9
2.3068944578550508e-26,1.3379318864270608,0.584,0.315,8.443464405195271e-22,4,NFX1
2.40239772806792e-26,1.2625019016353782,0.736,0.427,8.793015924501394e-22,4,TSC22D3
2.917666145746484e-26,5.349811081034622,0.251,0.007,1.0678949860046707e-21,4,ACSM1
2.993401321257409e-26,1.9920968224308186,0.419,0.137,1.0956148175934242e-21,4,ORAI2
3.552095017988176e-26,2.4096084866222176,0.4,0.083,1.3001022975338524e-21,4,HIP1R
4.0355562281878926e-26,1.5972287809044996,0.572,0.261,1.4770539350790507e-21,4,TCP11L2
5.458261571317031e-26,4.2051710737535455,0.273,0.033,1.9977783177177464e-21,4,LARGE1
1.0344333050700483e-25,1.6853594443833422,0.431,0.18,3.786129339886884e-21,4,DNAJC10
1.072474825182671e-25,1.181428153584613,0.684,0.417,3.925365107651094e-21,4,FAM53B
1.2380739775216282e-25,0.9620395138707565,0.75,0.468,4.531474565126911e-21,4,PHTF2
1.597383374081057e-25,2.33226285886415,0.367,0.097,5.8465828874740765e-21,4,TMED8
2.6796427681736994e-25,2.8559574192587807,0.343,0.066,9.807760495792557e-21,4,LINC01572
3.6116732559663445e-25,1.4386520409942534,0.615,0.297,1.3219085284162418e-20,4,BIRC3
5.8504570021912425e-25,3.6992558967222884,0.254,0.027,2.1413257673720167e-20,4,AL133259.1
8.543288713853657e-25,1.592744645571773,0.395,0.13,3.126929102157577e-20,4,MCOLN2
1.21375820525398e-24,3.3339777694060264,0.299,0.039,4.442476407050092e-20,4,SEMA4B
1.2387196178031676e-24,1.2482927489365752,0.7,0.416,4.533837673121374e-20,4,PLEKHA2
1.373061019151857e-24,1.455494826389038,0.466,0.171,5.025540636197712e-20,4,KCNQ5
2.080262757369167e-24,3.3162620678753423,0.38,0.095,7.613969718246888e-20,4,TESC
2.7850675067532014e-24,2.7313895415941034,0.332,0.055,1.0193625581467392e-19,4,EPB41L5
3.619458479512696e-24,2.358554626787481,0.338,0.086,1.3247579980864418e-19,4,AMZ1
4.7988196441327374e-24,1.6411010753752193,0.444,0.183,1.7564159779490232e-19,4,HSPA4
5.038939588953585e-24,1.1559815991093882,0.696,0.426,1.8443022789529017e-19,4,ASXL1
7.714546020832025e-24,0.900017684686943,0.79,0.575,2.8236009890847294e-19,4,TLK1
9.855730486604743e-24,1.387550042506805,0.527,0.267,3.6072959154022018e-19,4,RHBDD1
1.0254317359092605e-23,1.8371341670529988,0.382,0.134,3.7531826966014843e-19,4,HLA-DMA
1.1516168640912259e-23,1.5114293123138722,0.443,0.2,4.215032884260296e-19,4,TAGAP
1.573152731754013e-23,0.9936144129169815,0.751,0.491,5.7578963134928625e-19,4,IMMP2L
1.7666034284442702e-23,1.2250875668821233,0.713,0.453,6.465945208448873e-19,4,USP8
3.193179113914043e-23,1.5754660205968776,0.464,0.204,1.168735487483679e-18,4,SGPP1
1.0223792463395492e-22,2.182126697984791,0.42,0.129,3.742010279527384e-18,4,CLIC4
1.1302737045425714e-22,1.2213286219641792,0.48,0.188,4.1369147859962655e-18,4,ABCA1
1.3657391857715615e-22,1.9290374631549954,0.406,0.147,4.998741993842492e-18,4,YBX3
1.5422268280956217e-22,2.0924992994914406,0.442,0.176,5.644704413512785e-18,4,DNMBP
1.579340168092777e-22,1.218305688038889,0.59,0.33,5.780542949236373e-18,4,PRKD3
2.5341279551424163e-22,1.3680277163735464,0.42,0.194,9.275161728616758e-18,4,ZDHHC21
3.071255088292187e-22,1.7481012014264936,0.629,0.321,1.1241100748658234e-17,4,TAPT1
3.126061559227474e-22,1.3759470109257954,0.479,0.219,1.1441697912928478e-17,4,ZNF736
3.976466141736979e-22,1.1161067051855065,0.841,0.651,1.4554263725371516e-17,4,ATF7IP
4.871721626715127e-22,0.9175407739717607,0.887,0.813,1.783098832594004e-17,4,FNBP1
4.974335222121387e-22,1.848684894604394,0.319,0.081,1.8206564346486487e-17,4,CNKSR2
5.463736990687352e-22,0.8368358415294308,0.846,0.742,1.9997823759614777e-17,4,AP3B1
6.404364442933723e-22,1.3806195334824751,0.504,0.227,2.3440614297581717e-17,4,HLA-DPA1
8.513864066737786e-22,1.5638657629490051,0.406,0.165,3.116159387066697e-17,4,ANKAR
9.351422846239414e-22,2.156881774955391,0.28,0.064,3.422714275952088e-17,4,MYEF2
9.963726124131546e-22,0.8082980192074944,0.91,0.798,3.646823398693387e-17,4,ANKRD11
1.382950078089298e-21,0.8970221572323651,0.824,0.629,5.0617355808146396e-17,4,CAMK1D
1.4442285916947516e-21,2.385781498891336,0.301,0.057,5.28602106846196e-17,4,MICU3
1.7830702548771942e-21,1.9517642131487145,0.331,0.107,6.526215439876019e-17,4,MYO1D
1.969158762174833e-21,1.8901312137222885,0.285,0.073,7.207317985436105e-17,4,BCAS4
2.2661462635823415e-21,0.7108948788624468,0.613,0.449,8.294321939337728e-17,4,CNTRL
2.6790131285355765e-21,2.587892804142568,0.274,0.055,9.805455951753064e-17,4,GKAP1
2.8317105217095935e-21,1.0288509543476172,0.636,0.39,1.0364343680509283e-16,4,CSNK1G3
2.9535692112375403e-21,0.5860465915191551,0.81,0.57,1.0810358670050522e-16,4,BACH1
4.318198329419683e-21,3.707966730085792,0.272,0.057,1.580503770550898e-16,4,CCSER1
7.943966272267425e-21,0.7581081942920724,0.782,0.603,2.9075710953126003e-16,4,AFF4
1.0262635330983223e-20,1.0885968942086126,0.669,0.437,3.756227157493169e-16,4,RABGAP1
1.0970181921084286e-20,1.4620950006758173,0.52,0.236,4.0151962849360594e-16,4,TMEM62
1.2742719877132394e-20,1.6998593811772915,0.359,0.121,4.663962902229227e-16,4,USP11
1.884455878882861e-20,1.8658277400874952,0.382,0.126,6.89729696229916e-16,4,AHI1
1.8978574232389868e-20,2.0733041355957087,0.318,0.08,6.946347954797015e-16,4,C12orf42
2.2469505200948453e-20,3.0501529293937786,0.262,0.043,8.224063598599143e-16,4,LHFPL2
2.3167375397263224e-20,1.6210909249627241,0.641,0.288,8.479491069152313e-16,4,MTMR1
2.8862542766116866e-20,1.4735690473584164,0.513,0.223,1.0563979277826435e-15,4,MARCH8
3.737402285482011e-20,0.8332631047412531,0.878,0.704,1.3679266105092708e-15,4,CCDC91
1.1508987404204517e-19,1.486869069972731,0.486,0.234,4.212404479812895e-15,4,MAPK8IP3
1.1635029701215037e-19,0.8578364309520721,0.562,0.227,4.258537220941716e-15,4,TSHZ2
1.285538999992255e-19,2.0245954304341507,0.295,0.087,4.7052012938716526e-15,4,RALGPS1
1.3807362653117028e-19,1.0096620376976408,0.587,0.39,5.053632804667364e-15,4,UPF2
1.970719918019766e-19,0.6558431309811739,0.936,0.86,7.213031971944145e-15,4,KMT2E
2.2863455282723194e-19,1.1900733500646374,0.536,0.268,8.368253268029516e-15,4,ARHGAP5
2.356814158435451e-19,1.1242258018981857,0.596,0.367,8.626175501289594e-15,4,SNX2
3.9615139324777625e-19,1.7765229564503835,0.341,0.128,1.4499537144261858e-14,4,PRDM4
4.0023567888755536e-19,1.0358384906672142,0.583,0.34,1.4649026082963414e-14,4,GSAP
4.161125201899616e-19,1.035773448250828,0.66,0.417,1.5230134351472786e-14,4,RABEP1
4.705364212929866e-19,2.442433144760997,0.261,0.051,1.72221035557446e-14,4,AC005237.1
5.624136938884739e-19,3.140747421749851,0.273,0.042,2.0584903610012033e-14,4,TOX2
9.37394216969339e-19,0.9604990685315518,0.758,0.558,3.430956573529477e-14,4,RERE
1.1128742914046512e-18,1.0222953111707151,0.547,0.32,4.073231193970164e-14,4,SH3BP5
1.190303098211733e-18,1.6938478470408564,0.37,0.144,4.356628369764764e-14,4,ZCCHC10
1.3395336839054857e-18,0.9439764311311137,0.684,0.492,4.9028272364624683e-14,4,TNPO1
2.0561574943086053e-18,0.5481321685993394,0.73,0.41,7.525742044918926e-14,4,SYK
2.6695105108138858e-18,1.5074588928240995,0.504,0.269,9.770675420629903e-14,4,HS2ST1
2.7273548307248043e-18,1.3359911832301354,0.439,0.189,9.982391415935856e-14,4,ISG20
3.2740958471145e-18,1.3419792809079198,0.433,0.216,1.198351821002378e-13,4,DAPP1
5.6838579342718505e-18,0.899601460366011,0.493,0.288,2.08034884252284e-13,4,CCDC18-AS1
6.181480451516608e-18,0.8729272718645367,0.806,0.566,2.2624836600595937e-13,4,CLEC2D
9.291889344166557e-18,1.3728797526552121,0.48,0.238,3.4009244188584016e-13,4,TMEM154
1.1346205143197507e-17,2.0094850770811363,0.362,0.11,4.1528245444617195e-13,4,GLO1
2.5228628862351144e-17,1.6409191559502818,0.353,0.126,9.233930449909142e-13,4,BASP1
3.139144526652443e-17,1.4070531129691375,0.446,0.226,1.1489582882000608e-12,4,TCOF1
4.1054330153841003e-17,1.0635231174784876,0.7,0.452,1.5026295379607345e-12,4,FAM214A
4.37233386944803e-17,1.9134112936105878,0.345,0.119,1.6003179195566734e-12,4,LY9
6.02485273558653e-17,1.79316415163904,0.413,0.138,2.2051563497520257e-12,4,TRAF5
6.35149162923072e-17,0.9148348645652689,0.588,0.376,2.324709451214736e-12,4,YTHDC2
8.578106879679252e-17,1.3459101462944267,0.474,0.235,3.139672899031403e-12,4,AMFR
1.149109447039518e-16,0.6160640873908168,0.758,0.6,4.2058554871093396e-12,4,SF1
1.5335549176464397e-16,1.121126502397006,0.57,0.319,5.612964354077734e-12,4,TAF1D
1.6105191693360775e-16,0.7368566290012928,0.945,0.855,5.894661211686977e-12,4,PAN3
2.0500971353688307e-16,0.8543738164310164,0.752,0.539,7.503560525163457e-12,4,SRSF10
3.0901391642109846e-16,1.732752699755812,0.363,0.113,1.1310218354928624e-11,4,P2RY10
3.1449851534236534e-16,1.0517572109183178,0.561,0.346,1.1510960160045914e-11,4,VRK2
3.2345354995798296e-16,0.7568050921251684,0.353,0.227,1.1838723382012135e-11,4,TMEM248
3.922008570103576e-16,1.0295103769977736,0.445,0.178,1.43549435674361e-11,4,CCR7
4.1864226363360355e-16,1.2908296801306207,0.417,0.169,1.5322725491253523e-11,4,FCMR
4.376662452283487e-16,0.5212500328203358,0.681,0.397,1.601902224160279e-11,4,MCTP2
4.701794035208197e-16,1.059712123505812,0.662,0.403,1.7209036348265524e-11,4,RAB3GAP1
6.919496234821287e-16,0.6739741765389446,0.831,0.646,2.5326048169069392e-11,4,TANK
7.070478637936291e-16,0.5463430759056136,0.865,0.608,2.587865886271062e-11,4,MEF2A
7.246583258719438e-16,0.5283922967613814,0.939,0.86,2.6523219385239013e-11,4,TNRC6B
8.427930362107981e-16,1.4359400378557765,0.453,0.192,3.084706791835142e-11,4,UGCG
9.151591465348553e-16,0.7016153383114367,0.778,0.589,3.349573992232224e-11,4,RNF19A
9.74160768558851e-16,0.940785654566058,0.571,0.359,3.5655258290022505e-11,4,CEP95
1.04052778777969e-15,1.6986955291043557,0.275,0.099,3.8084357560524435e-11,4,CCDC32
1.613631944321192e-15,1.4471455344787278,0.265,0.107,5.906054279409996e-11,4,SYPL1
1.7028439319460628e-15,0.8930131072617191,0.743,0.537,6.232579075315784e-11,4,MDM4
1.7500262799838041e-15,1.503346812921567,0.54,0.254,6.405271187368721e-11,4,CMSS1
1.819331729205323e-15,1.4343317402751192,0.433,0.189,6.658936062064402e-11,4,ATP2A3
2.1426305819521008e-15,1.4368239127932099,0.478,0.193,7.842242193002885e-11,4,PARP15
3.0482977268923257e-15,1.114872173194365,0.572,0.323,1.1157074510198601e-10,4,SP140L
3.176206410756948e-15,1.2400706320300134,0.476,0.269,1.1625233084011505e-10,4,CCDC6
3.720857121288279e-15,0.8799698632147959,0.444,0.251,1.361870914962723e-10,4,KPNA5
4.4572191179290315e-15,1.3975439342021374,0.385,0.161,1.6313867693532047e-10,4,ZNF141
4.568840092681035e-15,1.795403326374695,0.323,0.118,1.6722411623221857e-10,4,AC007384.1
4.8632154474389964e-15,1.2919544877244937,0.412,0.205,1.779985485917147e-10,4,LONRF1
5.750528417116961e-15,1.0161217976700678,0.494,0.285,2.104750905948979e-10,4,ARPP19
6.186822630252929e-15,1.0385480710412063,0.673,0.432,2.2644389508988744e-10,4,NOP58
6.5761969561868834e-15,1.3202547624614651,0.527,0.289,2.406953847933961e-10,4,NSF
8.84744424567506e-15,0.9267599560247582,0.629,0.445,3.238253068359529e-10,4,UBE2G1
1.3299254785085016e-14,1.4245772093326112,0.347,0.141,4.867660243888967e-10,4,ZNF274
1.3411420987433439e-14,0.5234287741969026,0.968,0.935,4.908714195610513e-10,4,ANKRD44
1.5568807891363734e-14,0.8082462878586179,0.668,0.467,5.69833937631804e-10,4,DHX36
2.0468019727762114e-14,1.0677011353940105,0.568,0.343,7.491499900558211e-10,4,SELENOF
2.0768474303511952e-14,1.7799684211026567,0.27,0.088,7.60146927982841e-10,4,SCRN1
2.958074720165256e-14,0.6036301316042514,0.839,0.711,1.0826849283276853e-9,4,EPS15
3.016089304394298e-14,1.687536024379087,0.25,0.086,1.103918846301357e-9,4,RABEP2
3.4271778043411474e-14,1.043542511015608,0.354,0.177,1.2543813481669034e-9,4,ZBTB10
3.518499111029259e-14,0.6030380515181153,0.858,0.753,1.287805859627819e-9,4,DENND4A
4.0867724699789964e-14,0.5992666455417803,0.806,0.641,1.4957995917370125e-9,4,REL
4.202988215083498e-14,1.6706130538841664,0.252,0.092,1.538335716602711e-9,4,AMN1
4.7486725566779475e-14,1.0680212465166607,0.441,0.243,1.7380616424696955e-9,4,SCMH1
4.966525435363847e-14,1.6304875340442535,0.304,0.102,1.8177979745975217e-9,4,USP45
7.207366340679163e-14,0.8220014698798279,0.659,0.459,2.6379681543519804e-9,4,CHD9
7.381301585216306e-14,0.6126138324996103,0.576,0.432,2.70163019320502e-9,4,ARFGEF2
8.027037459242816e-14,0.6775507767671354,0.602,0.343,2.937975980457463e-9,4,USP9Y
8.888248130366755e-14,0.6260446559382784,0.741,0.506,3.2531876981955358e-9,4,CYFIP2
1.0367138985790347e-13,0.9217749767306198,0.765,0.562,3.794476540189125e-9,4,GNAS
1.376959258006544e-13,0.5868860332770716,0.816,0.691,5.0398085802297516e-9,4,OGA
1.437388127857863e-13,0.9181997735866505,0.704,0.547,5.260984286772565e-9,4,SNX29
2.64793724051481e-13,0.9122881651655075,0.441,0.273,9.691715094008256e-9,4,GTF2E2
2.716737780884927e-13,1.459292919043423,0.406,0.188,9.94353195181692e-9,4,AP1B1
2.788436653601925e-13,1.7373898095928884,0.375,0.114,1.0205956995848405e-8,4,CHMP7
3.311809673997069e-13,1.288787893283033,0.331,0.153,1.2121554587796672e-8,4,ZNF586
3.652007886438932e-13,1.5634395700665165,0.372,0.156,1.3366714065155136e-8,4,ABHD17B
4.626738625101575e-13,0.9901414631453869,0.462,0.242,1.6934326041734275e-8,4,ZNF506
4.911488347746354e-13,0.7976663424374344,0.688,0.529,1.797653850158643e-8,4,POU2F1
5.194307459436631e-13,0.5433088748473893,0.895,0.803,1.901168473228401e-8,4,CHD2
5.383214295241893e-13,1.5163627138956302,0.351,0.147,1.9703102642014853e-8,4,NFKBID
5.400339097206876e-13,0.7089977624035452,0.599,0.438,1.9765781129686888e-8,4,USP7
6.218500892947464e-13,1.7275119199859563,0.256,0.085,2.2760335118277015e-8,4,C1orf112
6.392765694857672e-13,1.0269787336667466,0.512,0.291,2.3398161719748566e-8,4,ZNF721
7.235573800195978e-13,1.3265089600776743,0.57,0.348,2.64829236660973e-8,4,LRMP
7.382715634003145e-13,2.19091916993923,0.319,0.082,2.7021477492014914e-8,4,ZNF10
9.105024493908184e-13,1.7914430791503775,0.46,0.169,3.3325300150153344e-8,4,EIF1B
9.164400873112065e-13,1.6350915698761082,0.302,0.111,3.354262363567747e-8,4,AC005037.1
9.375378044398915e-13,0.8341972618447824,0.594,0.4,3.431482118030447e-8,4,TTC7A
9.662228476933821e-13,0.9375942480959236,0.616,0.387,3.536472244842548e-8,4,AC016831.7
1.0303859891191056e-12,1.035851704110285,0.412,0.22,3.771315758774838e-8,4,SMARCE1
1.471256041270084e-12,1.1588766363261118,0.396,0.209,5.384944236652634e-8,4,ANKRD13A
1.5871192325650762e-12,0.8591109027708789,0.606,0.428,5.809015103111435e-8,4,SP110
1.822148081297621e-12,0.7906016786740938,0.367,0.235,6.669244192357422e-8,4,PEAK1
2.0028290063595064e-12,0.8572403867630453,0.5,0.314,7.33055444617643e-8,4,SULF2
2.1249269904495187e-12,2.1324515241696904,0.267,0.056,7.777445277744283e-8,4,RIC3
2.4746714600042564e-12,0.8046773319223653,0.398,0.247,9.05754501076158e-8,4,NT5DC1
2.953784197436814e-12,1.323647001229341,0.302,0.148,1.0811145541038483e-7,4,DLGAP4
3.4836720970289925e-12,1.1561032488393677,0.566,0.332,1.2750588242335816e-7,4,NGLY1
4.222514964632376e-12,1.1496496042241746,0.439,0.229,1.545482702205096e-7,4,HLA-DQB1
4.284938729806091e-12,0.9224588413856893,0.428,0.263,1.5683304244963275e-7,4,ERO1B
4.850181410217254e-12,0.599769621005634,0.638,0.494,1.7752148979536173e-7,4,BOD1L1
5.912940097577624e-12,0.6770040309497567,0.826,0.687,2.164195205114386e-7,4,FOXO1
6.031455132960301e-12,0.5236294206331813,0.928,0.862,2.2075728932147999e-7,4,RABGAP1L
6.241432251775478e-12,1.1178269987236524,0.495,0.324,2.2844266184723427e-7,4,ABR
6.411434523511566e-12,1.713191062855217,0.29,0.113,2.3466491499504682e-7,4,CIITA
9.653173746680129e-12,1.1455765902976855,0.352,0.185,3.533158123022394e-7,4,CEP68
9.819974694654201e-12,0.9743598120980526,0.465,0.28,3.594208937990384e-7,4,RELB
1.0643760535316904e-11,1.245890189325592,0.354,0.162,3.89572279353134e-7,4,EBLN3P
1.131185688515105e-11,0.9445476609021164,0.477,0.256,4.1402527385341355e-7,4,ZNF91
1.1614356396478485e-11,0.8767503364849111,0.496,0.303,4.2509705846750907e-7,4,LINC-PINT
1.2524355790265638e-11,0.8634911481540493,0.399,0.234,4.584039462795126e-7,4,SLC44A2
1.3153205126042394e-11,0.5102658966485663,0.665,0.536,4.814204608182776e-7,4,KAT6B
1.779564002666465e-11,0.8388624032412314,0.585,0.396,6.513382206159529e-7,4,FBXW11
1.8011196555291916e-11,1.3091645973529349,0.336,0.158,6.592278051202394e-7,4,DRAM2
1.8575362019869008e-11,0.7748164321330504,0.641,0.456,6.798768252892256e-7,4,TBC1D1
1.967142115650346e-11,1.4278504297884926,0.298,0.121,7.199936857491831e-7,4,AIDA
2.1766613348308417e-11,0.6108261640782628,0.603,0.447,7.966798151614364e-7,4,INO80D
2.2621821443165725e-11,0.5655685591407758,0.865,0.738,8.279812866413087e-7,4,TBC1D5
2.5588361996882137e-11,0.6698491593658455,0.544,0.388,9.36559637447883e-7,4,USP16
2.8358428138571897e-11,0.7297017360499325,0.697,0.527,1.03794682829987e-6,4,PIK3CA
2.840552776757753e-11,1.1577702579820581,0.372,0.163,1.0396707218211052e-6,4,ZNF827
3.503573274202128e-11,0.6771651754661097,0.382,0.244,1.2823428540907208e-6,4,RTTN
3.678070704266352e-11,0.7606532125506066,0.634,0.448,1.3462106584685276e-6,4,UHRF2
3.7806815049852314e-11,1.1968871922663809,0.487,0.247,1.3837672376396446e-6,4,CASD1
4.058355348084533e-11,0.5891610478061211,0.807,0.639,1.4853986409524199e-6,4,UTY
4.607995205764519e-11,1.2019029747900505,0.631,0.427,1.6865723252618716e-6,4,RFTN1
6.374121093966285e-11,0.906688972901805,0.385,0.223,2.3329920616026e-6,4,NUBPL
7.690795459745666e-11,1.2191199257512406,0.347,0.151,2.8149080462215115e-6,4,PLPP1
1.0620056254317904e-10,1.2326493425314193,0.335,0.159,3.887046789642896e-6,4,PIGB
1.100947094409698e-10,1.2228958502695424,0.355,0.196,4.0295764602489354e-6,4,BCL2L11
1.1901796814827405e-10,0.5894363051181706,0.513,0.376,4.356176652194978e-6,4,BDP1
1.2300621137963417e-10,0.6251950470956542,0.725,0.574,4.5021503427059905e-6,4,PTBP2
1.4108482461223203e-10,0.8242596865992285,0.453,0.288,5.1638456656323045e-6,4,ABCB7
1.4381039730106387e-10,0.7793992298192586,0.489,0.341,5.263604351616239e-6,4,ELL2
1.5266220183823843e-10,1.0154578402894554,0.467,0.246,5.5875892494813645e-6,4,DIPK1A
2.041357611125313e-10,1.2579507592884487,0.448,0.262,7.471572992479759e-6,4,INPP5A
2.334525171563842e-10,0.7187357828457228,0.726,0.536,8.544595580440819e-6,4,RIC1
3.600015536176614e-10,0.9514429881461248,0.594,0.419,1.3176416863960025e-5,4,RAB3GAP2
3.78005512740243e-10,1.98387014565988,0.27,0.087,1.3835379771805634e-5,4,ZNF318
4.760405187686994e-10,0.982574138475711,0.315,0.161,1.7423559027453166e-5,4,AC008014.1
4.859363891479418e-10,0.6516638391730285,0.798,0.682,1.7785757779203817e-5,4,INPP5D
5.225741757515247e-10,0.630214988525813,0.776,0.644,1.9126737406681554e-5,4,SENP6
5.780530065643953e-10,0.7310309227882158,0.499,0.308,2.1157318093263434e-5,4,MNAT1
6.02029019424923e-10,1.2377675738484906,0.294,0.136,2.2034864139971605e-5,4,RPA1
6.2469708090497e-10,0.9655691372529839,0.414,0.285,2.2864537858202807e-5,4,HERPUD1
6.645778736099111e-10,0.8563544132661733,0.455,0.289,2.4324214751996357e-5,4,MARF1
7.204993690368706e-10,0.714897422449549,0.609,0.46,2.6370997406118502e-5,4,ZNF451
7.703463897225121e-10,0.5673016920575367,0.795,0.622,2.8195448210233665e-5,4,GRB2
8.236404489619564e-10,0.9066422704758381,0.36,0.223,3.0146064072456565e-5,4,STX5
8.957152735576689e-10,0.5896896775421747,0.79,0.591,3.278407472748424e-5,4,PDE7A
9.672416564592073e-10,0.6707958041366695,0.446,0.309,3.540201186806345e-5,4,VEZT
1.1470839713443406e-9,0.6992177423653874,0.636,0.495,4.198442043517421e-5,4,CLINT1
1.1534455330314576e-9,1.2850367971200827,0.255,0.12,4.2217259954484383e-5,4,CTSH
1.2457219025769942e-9,0.743153584398113,0.699,0.471,4.559466735622057e-5,4,PCGF5
1.5845720902793915e-9,0.5634163712522213,0.744,0.591,5.7996923076316005e-5,4,PHC3
1.7718518975610565e-9,0.7575822357289699,0.765,0.652,6.485155130263223e-5,4,ELF2
2.006787460419946e-9,0.6047659595841661,0.448,0.327,7.345042783883044e-5,4,TSG101
2.3278925081663942e-9,1.080497597175832,0.365,0.165,8.52031936913982e-5,4,RBM38
2.5273519006713867e-9,1.405261301801529,0.26,0.119,9.250360691647342e-5,4,TSPAN3
2.6757627777298076e-9,0.9392555702431926,0.425,0.241,9.793559342768869e-5,4,ZNF254
2.7839408103680684e-9,0.5401121703218741,0.73,0.578,1.0189501760028166e-4,4,TNFAIP8
2.950951661421096e-9,0.857076438764216,0.427,0.269,1.0800778175967353e-4,4,APPL1
2.9898790223433905e-9,0.7569295060106147,0.756,0.548,1.0943256209679044e-4,4,MSI2
3.011907313596514e-9,0.614880809598465,0.707,0.589,1.1023881958494601e-4,4,ERC1
3.331617960808948e-9,0.5922073556752293,0.525,0.349,1.2194054898356831e-4,4,ANKRD28
3.6197918953160494e-9,1.1113831546763504,0.26,0.129,1.3248800316046272e-4,4,RCN2
4.4587973133496565e-9,0.9039769049099338,0.437,0.244,1.631964404659108e-4,4,CEP120
4.5345934328830424e-09,0.5684180667425851,0.815,0.686,1.6597065423695222e-4,4,MARCH6
5.826464708065661e-9,0.5097969895625531,0.796,0.687,2.1325443477991125e-4,4,LUC7L2
6.2998350418913186e-9,0.5607493506198531,0.775,0.681,2.3058026236826416e-4,4,TNRC6A
7.298285349123651e-9,0.5112842008801013,0.6,0.476,2.6712454206327473e-4,4,TLK2
8.06301579559899e-9,0.7735144807371347,0.407,0.25,2.951144411347186e-4,4,EIF4E
8.825146239295711e-9,0.5076479838587302,0.789,0.666,3.230091775044623e-4,4,SEPTIN7
9.077715402652942e-9,0.6983346206409726,0.443,0.299,3.3225346145250036e-4,4,TASOR
9.702328713970692e-9,0.781152462636061,0.332,0.2,3.551149332600413e-4,4,MEX3C
1.0110912164306275e-8,0.8682403465512427,0.609,0.434,3.70069496125774e-4,4,RAPGEF2
1.033459061816338e-8,0.6118380561916017,0.278,0.186,3.782563512153979e-4,4,SART3
1.2429008018147652e-8,0.9683788063181326,0.347,0.184,4.549141224722222e-4,4,AC016831.5
1.2599486537672284e-8,0.9420262527808009,0.388,0.218,4.6115380676534323e-4,4,LINC01473
1.3185558878616263e-8,0.5757133155932195,0.708,0.555,4.8260464051623383e-4,4,NSD3
1.3368687769007397e-8,1.0854298595537724,0.298,0.155,4.893073410334398e-4,4,ZNF92
1.5638440404977836e-8,0.6390364927578412,0.631,0.481,5.723825572625938e-4,4,KRAS
1.6602860180420137e-8,0.5625200201321559,0.393,0.259,6.076812854635574e-4,4,XKR6
1.8434522623099008e-8,0.526158620708519,0.512,0.357,6.747219625280468e-4,4,SLC49A4
1.8582200248052528e-8,0.5854998813959769,0.673,0.563,6.801271112789706e-4,4,UBE2D2
1.934022329942343e-8,1.044745459689823,0.264,0.141,7.078715129821969e-4,4,NBPF11
2.0472758907622183e-8,0.750754181591863,0.291,0.183,7.493234487778795e-4,4,DDX27
2.171037275397743e-8,0.7250756304631822,0.629,0.447,7.946213531683279e-4,4,GNPTAB
2.4418042630374493e-8,0.647957856469568,0.663,0.518,8.937247783143368e-4,4,RBM6
2.6483604076799214e-8,0.674278927653595,0.652,0.449,9.69326392814928e-4,4,SNHG14
2.807833588275195e-8,0.6786009674098055,0.364,0.246,0.001027695171644604,4,ACBD3
2.8193821449174495e-8,0.7327365908776355,0.708,0.549,0.0010319220588612358,4,KLHL24
3.078466074063539e-8,0.9820460880666766,0.408,0.231,0.001126749367767996,4,LANCL2
3.2426207088509164e-8,0.5699005716917273,0.546,0.331,0.001186831605646524,4,CARD11
3.3086668973247617e-8,0.9166548223443618,0.334,0.191,0.0012110051710898361,4,TMEM117
3.4562555680596436e-8,0.617139730932352,0.552,0.41,0.00126502410046551,4,TRRAP
3.895310520502054e-8,0.5475286940238696,0.507,0.398,0.0014257226036089568,4,MAP4K5
4.290385966159193e-8,0.9846933792902639,0.264,0.133,0.0015703241674739261,4,MTA3
4.620053879760403e-8,1.1517609583803903,0.281,0.134,0.0016909859205311052,4,LINC00476
4.8807714585231e-8,0.6253863792594438,0.359,0.235,0.00178641116153404,4,RFX3-AS1
5.379677812591295e-8,1.0555706550634611,0.3,0.16,0.0019690158761865397,4,ZBED5
5.487819492818573e-8,0.6243286709588434,0.259,0.183,0.002008596812566526,4,RBM23
5.860096327599277e-8,0.8774926964744694,0.534,0.337,0.0021448538568646113,4,MCPH1
6.225543567307804e-8,0.7886831165708861,0.453,0.267,0.0022786112010703295,4,STAM
6.374974479342321e-8,0.9121974887452415,0.298,0.158,0.002333304409184083,4,MAP2K6
6.571716513247566e-8,0.996133750685584,0.394,0.247,0.0024053139610137413,4,ARSB
6.700937744064098e-8,1.287351110983072,0.398,0.215,0.0024526102237049006,4,DOP1B
7.277447174084668e-8,0.6564795992866723,0.732,0.596,0.002663618440186729,4,CCND3
7.55010698497646e-8,0.7940940990917156,0.281,0.159,0.002763414657571234,4,KDM5D
7.923742757746665e-8,0.661152128045184,0.386,0.243,0.002900169086762857,4,ATAD1
8.052924859299705e-8,1.1865371004145762,0.29,0.126,0.002947451027752285,4,ABCB1
9.009501130088856e-8,0.8908784465462897,0.408,0.261,0.0032975675086238223,4,RAB28
9.370406371388518e-8,0.8530953255103662,0.251,0.13,0.003429662435991912,4,USP28
9.392066403300486e-8,0.5341528591304247,0.356,0.238,0.003437590224272011,4,ALOX5
9.721641339261514e-8,1.052167184282311,0.31,0.18,0.003558217946583107,4,FYTTD1
1.1589952520335396e-7,0.6158105267581466,0.483,0.356,0.0042420385219679585,4,ZC3H7A
1.2604199084656308e-7,1.384596430285742,0.276,0.118,0.004613262906975056,4,TNFRSF10A
1.3353620880050585e-7,1.0003685653092382,0.316,0.165,0.004887558778307315,4,ZNF43
1.6224933278887826e-7,0.8802529760521549,0.269,0.158,0.0059384878294057334,4,LAMTOR5-AS1
1.8572961963178142e-7,1.0166629093226138,0.324,0.174,0.006797889808142832,4,NUP107
1.883022777293401e-7,0.7495341572959893,0.318,0.17,0.006892051667171576,4,ZNF101
1.8869133579591764e-7,0.8001565714954666,0.642,0.494,0.006906291581466381,4,MAPK8
2.0129377704169325e-7,1.0027153958807573,0.262,0.139,0.007367553533503015,4,NHLRC2
2.066908958559441e-7,0.6888773585490877,0.296,0.18,0.00756509347922341,4,LINC01184
2.0933269107873595e-7,1.0593374599280647,0.259,0.147,0.007661785826172814,4,VAV2
2.1607792930996098e-7,0.7906073059467488,0.324,0.195,0.007908668290673881,4,PHF10
2.3129378819532435e-7,0.9184917963455193,0.299,0.182,0.008465583941737066,4,DEPDC5
2.3581534455003032e-7,1.3674255035948568,0.272,0.122,0.00863107742587566,4,AC025159.1
2.624671066060721e-7,0.8389149598382186,0.283,0.163,0.009606558568888845,4,TYW5
2.768784263992462e-7,0.5640548380943484,0.707,0.564,0.010134027284638811,4,GPBP1
2.9713169943576514e-7,0.5238734723386835,0.553,0.418,0.01087531733104844,4,NAA15
2.9762678706798026e-7,0.5349879671642022,0.632,0.503,0.010893438033475146,4,TRPM7
3.0539738606234826e-7,0.6160812008115071,0.413,0.307,0.011177849727268008,4,TTC37
3.4743820721923415e-7,0.5135214019142444,0.421,0.313,0.01271658582243119,4,ENTPD4
3.6361301626425214e-7,0.7678408323567693,0.299,0.189,0.013308600008287893,4,ALCAM
3.8195930867470774e-7,0.8230010932246126,0.259,0.141,0.013980092656802978,4,CASTOR3
3.9519887248478854e-7,0.6224787491551091,0.718,0.609,0.014464673931815745,4,PACS1
4.2329851420189353e-7,0.6965302397504215,0.268,0.152,0.015493148918303504,4,USP53
4.5498551832475155e-7,1.4078317605649069,0.272,0.119,0.01665292495620423,4,FILIP1L
4.851053889491581e-7,0.8807169327879019,0.278,0.161,0.017755342340928137,4,INTS4
5.62772248041998e-7,0.8064850826500897,0.638,0.451,0.020598027050585166,4,TRIM22
6.228881603042112e-7,0.5623049456450445,0.62,0.49,0.022798329555294435,4,KTN1
6.506279848065424e-7,0.8642525293233355,0.477,0.31,0.023813634871904257,4,BMP2K
7.079501567563809e-7,0.7960690485062301,0.492,0.325,0.025911683687440297,4,TCEA1
7.174469972370548e-7,0.6208548487914523,0.61,0.443,0.02625927754587344,4,WASHC4
7.593961385318196e-7,0.6405311353041778,0.675,0.53,0.02779465806640313,4,EHMT1
8.231584162110947e-7,0.5597740971222054,0.812,0.741,0.030128421191742277,4,PPP3CA
8.775837572911869e-7,0.9860750841651499,0.26,0.148,0.03212044310061473,4,GANC
9.499296029415636e-7,1.2505060276640991,0.284,0.131,0.03476837339726417,4,PWP1
1.130736564987773e-6,0.9304348195535906,0.426,0.261,0.041386089015117485,4,CEPT1
1.203692203148307e-6,1.0521518934848308,0.35,0.196,0.04405633832743119,4,SNX3
1.2667411450099553e-6,0.8875981694596892,0.329,0.197,0.04636399264850938,4,NBPF12
1.276377111446421e-6,0.5248545042587733,0.56,0.408,0.046716678656050455,4,FAM117B
1.2842815154234838e-6,0.8315959794329277,0.286,0.179,0.04700598774601493,4,NDUFAF6
1.3112685689353615e-6,0.9161948323384919,0.251,0.135,0.047993740891603166,4,ARL17B
1.4110676253117157e-6,0.7124998569590412,0.309,0.2,0.0516464861540341,4,BSDC1
1.4152391430982444e-6,0.87773227220614,0.279,0.169,0.05179916787653884,4,NIPA2
1.4659012236137668e-6,0.6223407148249034,0.408,0.284,0.05365345068548748,4,ALG13
1.4964075257060152e-6,0.8595712467630623,0.548,0.365,0.054770011848365864,4,BAZ2A
1.5051334678430489e-6,1.0227464138097697,0.279,0.138,0.055089390056523434,4,MCCC2
1.5277643901854318e-6,0.7545919971917261,0.346,0.21,0.05591770444517699,4,CDC123
1.5814001524348806e-6,0.925168664086369,0.366,0.195,0.057880826979269065,4,ABCA5
1.659417937169225e-6,0.6560902333553696,0.368,0.254,0.060736355918330806,4,SIAH1
1.7797385868215246e-6,0.7913404254064278,0.425,0.26,0.06514021201625463,4,WRN
1.946714343799692e-6,0.7276198239308425,0.465,0.315,0.07125169169741252,4,JUND
1.9805402384812595e-6,0.5010100316498901,0.489,0.374,0.07248975326865258,4,ZDHHC17
2.1095573449347004e-6,0.5578563097098777,0.482,0.351,0.07721190838195496,4,WHAMM
2.1315887093966563e-6,0.708597290007919,0.565,0.447,0.07801827835262702,4,MBNL2
2.3995298292673534e-6,0.6329888103197994,0.576,0.407,0.0878251912810144,4,CWF19L2
2.502529900236213e-6,0.590550919410253,0.421,0.3,0.09159509687854564,4,GOSR1
2.897910799399682e-6,0.7461872699149867,0.447,0.321,0.10606643316882776,4,CLEC16A
3.029575500140781e-6,0.9196000758669729,0.258,0.146,0.11088549288065272,4,TGIF2
3.044760842294328e-6,0.6550608458649453,0.344,0.228,0.1114412915888147,4,CEP57
3.054661722845632e-6,0.5326689866729808,0.469,0.376,0.11180367371787298,4,MORC3
3.2814730035487565e-6,0.7016579209674849,0.376,0.243,0.12010519340288804,4,ZNF431
3.3871006214379166e-6,0.69967009078882,0.541,0.424,0.12397126984524919,4,MAN1A1
3.9368081316690596e-6,0.7421179931945923,0.509,0.295,0.14409111442721925,4,NR3C2
4.232023022821543e-6,0.5731895002702195,0.455,0.319,0.1548962746582913,4,FBXW4
4.307103073561993e-6,0.7363447473546085,0.452,0.275,0.1576442795954425,4,KIAA0355
4.420214980678163e-6,0.8696314668934166,0.341,0.201,0.16178428850780144,4,TOGARAM1
4.715882910022791e-6,0.625286813619322,0.287,0.173,0.17260603038974418,4,ZNF718
4.976658682747612e-6,0.5919839151050839,0.628,0.489,0.18215068444724533,4,AFTPH
5.9632024713130025e-6,0.7297650206330254,0.264,0.171,0.2182591736525272,4,PLEKHF2
7.2343877030198e-6,0.7892160650271498,0.483,0.317,0.26478582431822767,4,USPL1
7.834600949387061e-6,0.5008164082388133,0.403,0.284,0.28675422934851585,4,DTNB
8.259670467014122e-6,1.057477886697099,0.277,0.153,0.3023121987631839,4,DPH6
8.776941568964261e-6,1.043070220433324,0.28,0.164,0.3212448383656609,4,AC027097.2
1.0058554099099817e-5,0.7096065812626874,0.314,0.196,0.3681531385811524,4,SEPSECS
1.0695704304581365e-5,0.5128189031970871,0.703,0.575,0.3914734732519825,4,FNBP4
1.1305105295267352e-5,0.7933414669476908,0.358,0.237,0.41377815891208036,4,PPP4R1
1.275395473401147e-5,0.5359679062299377,0.314,0.227,0.46680749721955384,4,FAM76B
1.4157035944135269e-5,0.5979117734900549,0.596,0.449,0.518161672591295,4,MTREX
1.5983579483272622e-5,0.5993367068252466,0.534,0.401,0.5850149926672612,4,SMAD4
1.6709810180181632e-5,0.7922126014902076,0.394,0.263,0.6115957624048279,4,HERC2
1.707557452116474e-5,0.5889553560030657,0.46,0.342,0.6249831030491507,4,ZNF33A
2.161425906888265e-5,0.8526969339255084,0.29,0.156,0.7911034961801738,4,PEBP1
2.1617395163551207e-5,0.6094514077589801,0.729,0.563,0.7912182803811377,4,RESF1
2.251891999813257e-5,0.6824324373264168,0.683,0.528,0.8242149908516502,4,BRD4
2.6899646252642737e-5,0.624171204650313,0.314,0.209,0.9845539524929768,4,DDX50
3.0505718126893363e-5,1.076750499962488,0.409,0.201,1,4,DENND11
3.26914134965363e-5,0.8147022827778004,0.421,0.281,1,4,SPECC1L
3.400312855410246e-5,0.6725853804398617,0.377,0.24,1,4,NPAT
3.439111701989839e-5,0.5279870722053916,0.466,0.35,1,4,JPX
3.5337026428552276e-5,0.5391387420089586,0.357,0.27,1,4,KDM2B
3.7388637445878256e-5,0.5956144827735816,0.566,0.366,1,4,FUT8
3.801326857944036e-5,0.782384176671146,0.26,0.173,1,4,NFATC1
3.876565297778849e-5,0.6093275729834966,0.286,0.216,1,4,MFSD4B
4.036796771302432e-5,0.5834404882042321,0.318,0.243,1,4,LYPLAL1
4.0808925198933104e-5,0.716295950786869,0.406,0.281,1,4,ILRUN
4.197246472219474e-5,0.5166770447438652,0.37,0.261,1,4,CDK5RAP2
4.962737390421932e-5,0.6475716905092769,0.38,0.28,1,4,MAD1L1
5.038806306435806e-5,0.7431498907924574,0.485,0.341,1,4,INO80
5.3100365813809396e-5,0.6449966961072024,0.261,0.161,1,4,HSH2D
5.421574144835373e-5,0.5357143919163081,0.399,0.293,1,4,PCNP
5.668980154038646e-5,0.6880135476991142,0.521,0.378,1,4,KPNA1
5.677948103157009e-5,0.5321078254415027,0.28,0.208,1,4,MOSMO
5.724540284818121e-5,0.6888596424796828,0.402,0.25,1,4,SP4
5.86612774346784e-5,0.5196833072593028,0.361,0.262,1,4,APPL2
5.8897018191401255e-5,0.6539140592503442,0.254,0.148,1,4,SHISAL2A
6.406737311276748e-5,0.5661214426724349,0.473,0.367,1,4,TRIM44
6.507200179504088e-5,0.6141015899592229,0.335,0.232,1,4,ADNP2
6.756489786344328e-5,0.6332558918769557,0.256,0.146,1,4,TENT5C
7.641587783335988e-5,0.5301495847434566,0.299,0.215,1,4,TMEM168
7.889894735780207e-5,0.5573939389243545,0.439,0.326,1,4,NSRP1
7.975298169843014e-5,0.510479688900723,0.421,0.317,1,4,UBXN7
9.80237115302431e-5,0.5581452365309398,0.27,0.178,1,4,SUPV3L1
9.940362648141715e-5,0.8096313206702097,0.559,0.398,1,4,PIKFYVE
1.0149967017007292e-4,0.521444228157406,0.34,0.268,1,4,AOPEP
1.0169432083539232e-4,0.7895349545320575,0.277,0.153,1,4,TRMT11
1.0314388362675287e-4,0.601884663818733,0.517,0.388,1,4,RAB21
1.251281266656391e-4,0.7364031356284896,0.372,0.247,1,4,IFNAR1
1.3100001905890667e-4,0.5368685883519851,0.319,0.223,1,4,XPC
1.6496134268872102e-4,0.6027431725065813,0.403,0.282,1,4,RPS6KB1
1.7036194426525583e-4,0.7050810619765394,0.262,0.169,1,4,AP4S1
1.7459108765531368e-4,0.6095880566309315,0.297,0.225,1,4,FAM135A
1.8770672275899027e-4,0.9522039428470822,0.298,0.166,1,4,TMEM161B-AS1
1.9479864398988983e-4,0.5828499645469423,0.412,0.297,1,4,IQCB1
2.0979299724829836e-4,0.6008273075962012,0.265,0.18,1,4,TAF7
2.2152827271114235e-4,0.9595417039531293,0.267,0.143,1,4,AC097376.3
2.5623731699431207e-4,0.586214148116311,0.483,0.361,1,4,LRCH3
2.708219121164203e-4,0.5555845194196126,0.544,0.407,1,4,DMTF1
2.826104450005114e-4,0.502747672684124,0.429,0.286,1,4,SELL
3.0607889431284556e-4,0.6386304663602766,0.659,0.455,1,4,STK17A
3.080283696100395e-4,0.6693306052493416,0.327,0.224,1,4,NCOA5
3.3211467899151823e-4,0.8182790648241257,0.338,0.209,1,4,GINM1
3.3951355355627444e-4,0.6443156915877835,0.49,0.318,1,4,LINC00513
5.297941074144852e-4,0.5141125387322139,0.491,0.37,1,4,NUP54
5.35581050560128e-4,0.7385923766905436,0.306,0.206,1,4,N4BP2L1
5.380071993123653e-4,0.5633196568993865,0.266,0.171,1,4,FAM98B
6.224736943687133e-4,0.6014863963324599,0.469,0.34,1,4,MBTD1
6.336349593176724e-4,0.55897243488280135,0.321,0.235,1,4,ACACA
7.392097806995454e-4,0.6130831882098657,0.269,0.18,1,4,SNX19
7.492840392700838e-4,0.67984861314984,0.255,0.171,1,4,PIP5K1A
7.974315079745238e-4,0.9264958132861298,0.305,0.187,1,4,GABPB1-IT1
8.084593714239283e-4,0.6104426818347849,0.441,0.337,1,4,CCDC93
8.617719164926232e-4,0.5157062658248383,0.502,0.383,1,4,ASB3
9.680075346335491e-4,0.5881237598903449,0.295,0.198,1,4,PPP1CC
0.0010381622266889855,0.5582948539279367,0.435,0.34,1,4,SHLD2
0.0011168548926781168,0.5165157825797855,0.255,0.179,1,4,TAF11
0.0011179972501586459,0.6661895780324036,0.41,0.282,1,4,SLC30A9
0.0011732970944390915,0.6263842476895635,0.29,0.21,1,4,NEK1
0.0012367630064201948,0.5958700601425273,0.356,0.251,1,4,FBXO38
0.0012472294728524454,0.5788622541758953,0.353,0.246,1,4,DCAF8
0.0013174037171531099,0.6140222989842615,0.265,0.178,1,4,SEC22A
0.0013198740958459468,0.5015810743261014,0.345,0.262,1,4,PARP12
0.0013642806212147824,0.6744933005751348,0.269,0.174,1,4,ZNF791
0.001421457273860036,0.6103338825785858,0.49,0.36,1,4,IP6K1
0.0014282344223623554,0.5804522126662481,0.384,0.276,1,4,SHPRH
0.0014994451796429124,0.723937635291229,0.392,0.265,1,4,KRIT1
0.0015039023959309904,0.5022081494257098,0.505,0.41,1,4,NPEPPS
0.0015192329486304588,0.7403364439060652,0.347,0.229,1,4,THUMPD1
0.0015967153345312608,0.5601148767089712,0.329,0.246,1,4,CDS2
0.0016303627814206801,0.7606543565833263,0.269,0.184,1,4,RPGR
0.0016854039633730025,0.5237704744928149,0.25,0.175,1,4,PARP1
0.0017035150585794807,0.7327277973481794,0.262,0.179,1,4,SLC7A1
0.0019010537589374016,0.6113544190363396,0.279,0.194,1,4,EXOC5
0.0020015544586436036,0.512755695468408,0.451,0.337,1,4,ANKRD13C
0.0020659877126479897,0.6757830740986853,0.259,0.172,1,4,ICE2
0.0020940771523255165,0.520063206898971,0.616,0.508,1,4,MAP2K4
0.0026256936217555287,0.5189183517994449,0.268,0.207,1,4,TRAF3IP2-AS1
0.0026725723020774054,0.5402062846686261,0.34,0.248,1,4,SRP54
0.002947295509040576,0.5063286117554954,0.325,0.245,1,4,CLASRP
0.003013974416558946,0.6724010682048298,0.289,0.209,1,4,AP3S1
0.0031390880243923618,0.6738654196632121,0.283,0.188,1,4,ZNF700
0.003421483450368171,0.7065304172292227,0.374,0.238,1,4,CCNC
0.004074892515876003,0.7008503041376793,0.324,0.227,1,4,PPARD
0.004464511635514745,0.594296700771479,0.259,0.174,1,4,NBDY
0.004796589560743843,0.5215654358605945,0.552,0.422,1,4,C11orf58
0.00496270672849683,0.6107347646817203,0.258,0.173,1,4,GABPA
0.008129892804884742,0.5083380492124464,0.328,0.256,1,4,GBE1
0.008153110726527276,0.5222381320643579,0.37,0.266,1,4,ARHGAP12
0.00831909425986177,0.8045663638041928,0.251,0.146,1,4,AP5M1
0.008880540741016893,0.7467795989203992,0.295,0.184,1,4,ZNF37A
0.009384031145621181,0.5618164156278171,0.315,0.237,1,4,ACTR10
0.00949649132560575,0.9662966810146536,0.274,0.154,1,4,TRIM5
5.309280118970809e-133,3.8289137227543204,0.957,0.216,1.943249616344506e-128,5,GNLY
1.7511670578807994e-127,2.448302155207537,0.989,0.492,6.409446548549514e-123,5,CD247
1.9030782065228877e-116,2.634748617726637,0.95,0.371,6.965456543694421e-112,5,MCTP2
2.537918241965025e-115,3.784426611662662,0.803,0.113,9.289034557416188e-111,5,PRF1
1.523743575784872e-110,4.895937889683063,0.733,0.038,5.57705386173021e-106,5,KLRF1
3.2937174545810728e-105,2.6361267555476378,0.89,0.23,1.2055335255512184e-100,5,NKG7
5.6299570215764484e-95,3.4235933267903924,0.738,0.099,2.060620569467196e-90,5,KLRD1
5.836592586349578e-91,5.834047822245086,0.598,0.02,2.1362512525298092e-86,5,BNC2
2.5761209598430933e-90,2.4365744689443876,0.833,0.228,9.428860325121706e-86,5,TGFBR3
6.053768872962033e-89,3.7946631699524014,0.679,0.092,2.215739945192834e-84,5,SPON2
1.8972068457133867e-88,1.9311456757409549,0.948,0.488,6.943966775995567e-84,5,SYNE1
1.2087613108562515e-83,5.549834010639412,0.618,0.025,4.424187273864966e-79,5,NCAM1
3.6574755030277367e-81,2.042555250449351,0.824,0.334,1.3386726088631819e-76,5,ARL4C
9.21659810010554e-80,3.055165813309802,0.728,0.152,3.3733670706196284e-75,5,YES1
6.907166426624608e-77,2.9480900603785365,0.697,0.11,2.5280919838088727e-72,5,C1orf21
2.1512614475232378e-75,2.457114053409514,0.847,0.227,7.873832024079803e-71,5,NCALD
2.5087630005396885e-74,2.0976987172809727,0.873,0.37,9.182323458275314e-70,5,RUNX3
2.9751663667916484e-74,3.976447017533313,0.612,0.068,1.0889406419094112e-69,5,IL2RB
1.9391216244716233e-73,1.494282209306716,0.994,0.615,7.097379057728589e-69,5,PRKCH
2.1163077431235457e-73,4.0421246611929735,0.57,0.051,7.74589797060649e-69,5,GZMB
3.793983525410146e-73,2.7951091713883223,0.655,0.138,1.3886359101353676e-68,5,CEP78
3.2721188891243466e-68,2.272395170371346,0.781,0.208,1.197628234608402e-63,5,MYBL1
9.728535268211747e-63,3.5390994938886196,0.52,0.064,3.5607411935181815e-58,5,FGFBP2
1.1387178711304275e-60,1.4860756660991412,0.906,0.427,4.167821280124478e-56,5,STAT4
8.217530149001932e-60,3.021497084790785,0.612,0.094,3.0076982098361972e-55,5,PDGFD
6.7061412064289495e-59,2.0412423612160464,0.827,0.378,2.45451474296506e-54,5,SYTL3
7.587525915456638e-58,3.640245149972131,0.541,0.064,2.7771103603162844e-53,5,LINC00299
1.828326983347897e-57,1.4269829557198568,0.879,0.532,6.691859591751638e-53,5,VAV3
1.3109415086753272e-56,2.897702814490396,0.589,0.107,4.798177015902565e-52,5,CTSW
2.4555127362569713e-56,2.740904670624008,0.538,0.103,8.987422165974141e-52,5,CST7
2.246603054061361e-55,3.4387150253367067,0.468,0.067,8.222791838169988e-51,5,TTC38
6.60420067837067e-55,2.5192960801729525,0.611,0.134,2.4172034902904485e-50,5,GZMA
1.4526483600730433e-54,1.6381373898714338,0.762,0.267,5.3168382627033455e-50,5,CCL5
4.7892125023564733e-54,2.036938478695575,0.772,0.309,1.7528996679874926e-49,5,CARD11
7.944995871254776e-54,2.1821460373250363,0.67,0.159,2.9079479388379606e-49,5,PPP2R2B
2.317999759344392e-53,2.064761027320178,0.753,0.296,8.484110919176409e-49,5,TFDP2
3.79894032414283e-53,1.565803169619465,0.804,0.449,1.390450148039517e-48,5,LITAF
5.452136032229687e-53,1.1714190664947335,0.958,0.77,1.995536309156388e-48,5,PARP8
1.0999393395849939e-51,2.603298569580514,0.551,0.156,4.025887976815036e-47,5,OSBPL5
3.368050999434466e-51,1.6601521952108693,0.774,0.433,1.2327403463030089e-46,5,GNPTAB
3.745042080591128e-50,2.6866287871661174,0.597,0.14,1.3707228519171587e-45,5,CD7
8.830690251980254e-49,1.022631858358964,0.976,0.861,3.232120939127293e-44,5,FYN
9.143447436411633e-49,6.822103396530537,0.385,0.011,3.3465931962010215e-44,5,LINGO2
9.429077657011117e-49,1.7555287934024475,0.659,0.223,3.4511367132426387e-44,5,ZBTB16
1.6397783441459718e-48,4.301162080787792,0.395,0.024,6.001752717408672e-44,5,IL18RAP
1.8027854814146488e-48,1.2716909502145923,0.923,0.712,6.598375140525756e-44,5,PIP4K2A
6.843312688075341e-48,1.4802666421155835,0.868,0.561,2.5047208769624554e-43,5,GNG2
2.421212602369163e-47,3.1936457522657498,0.443,0.054,8.861880245931375e-43,5,ADGRG1
1.0657957262293607e-46,0.8845784203486957,0.956,0.87,3.900918937572083e-42,5,HLA-E
6.006985981689729e-46,1.8815754529279545,0.698,0.26,2.1986169391582576e-41,5,PYHIN1
1.3065626632279639e-44,2.023151768745942,0.655,0.194,4.78215000368067e-40,5,SAMD3
1.674558887099959e-44,1.5630900777605936,0.767,0.396,6.1290529826745605e-40,5,PTPN12
7.827680957281342e-44,1.1651157120569222,0.852,0.584,2.865009507174544e-39,5,CALM1
1.3687264083567215e-43,2.1733751200573694,0.53,0.123,5.009675527226436e-39,5,KLRK1
2.061349510902992e-42,2.107896553239823,0.604,0.163,7.544745344856041e-38,5,SYTL2
2.5034313526090794e-42,2.2619252920755213,0.523,0.156,9.162809093684491e-38,5,ABHD17A
3.297315524972559e-42,1.0283280002369564,0.955,0.68,1.2068504552952065e-37,5,CBLB
5.344304787523704e-42,3.4396632509653715,0.397,0.046,1.9560689952815507e-37,5,PTGDR
2.310618696783432e-40,1.0821177124347576,0.926,0.753,8.457095492097039e-36,5,HLA-C
2.4149998082186293e-40,1.419801942024743,0.669,0.344,8.839140798061005e-36,5,ID2
3.4923734703947668e-40,3.0768968312358234,0.385,0.054,1.2782436138991887e-35,5,MATK
4.672849277369205e-40,1.6588699948147203,0.683,0.312,1.7103095640099026e-35,5,CTBP2
9.099751215411364e-40,1.3756899627606303,0.803,0.494,3.3305999423527134e-35,5,STK39
9.709141091027554e-40,2.4210460501844944,0.432,0.089,3.553642730726995e-35,5,AGAP1
1.0033394755255883e-39,2.639832489715574,0.421,0.105,3.672322814371206e-35,5,L3MBTL4
1.6608206338386912e-39,2.569279081722394,0.5,0.092,6.078769601912994e-35,5,FCGR3A
2.0029087677250396e-39,1.3124095793254629,0.877,0.534,7.330846380750418e-35,5,ATP8A1
3.418878362393941e-39,1.0027031177628678,0.935,0.583,1.2513436694198064e-34,5,AOAH
6.60605938363021e-39,1.9552432215706212,0.627,0.263,2.4178837950024933e-34,5,EFHD2
1.4329965789420653e-38,1.2525768657479592,0.747,0.475,5.244910778585853e-34,5,HIPK2
3.6629213769659036e-38,2.245305781752394,0.474,0.107,1.3406658531832903e-33,5,ABCB1
5.151876941475558e-38,2.3438622123581556,0.49,0.145,1.885638479349469e-33,5,GK5
6.132645836786639e-38,1.0961325677723583,0.88,0.618,2.2446097027222776e-33,5,PITPNC1
1.2830270270532074e-37,1.3498156325851418,0.719,0.275,4.696007221717445e-33,5,TXK
2.3712521908258884e-37,4.558372392468683,0.328,0.017,8.679020143641834e-33,5,NCR1
5.023553717150557e-37,3.2556714584417055,0.346,0.043,1.8386708960142755e-32,5,RAB27B
1.3103058627595328e-36,2.8186282817345645,0.371,0.076,4.7958504882861664e-32,5,LINC02384
1.4892563189878323e-36,2.191876538324166,0.446,0.171,5.450827053127365e-32,5,NOL4L
1.9567295002705374e-36,2.8695068087798385,0.393,0.072,7.161825643940194e-32,5,SLA2
2.202837376020728e-35,1.5745675535203603,0.685,0.329,8.062605079973467e-31,5,PLAC8
2.705672591924338e-35,1.4527648871377785,0.738,0.446,9.90303225370227e-31,5,PFN1
3.74244872600987e-35,5.7475308090820265,0.292,0.008,1.3697736582068724e-30,5,RNF165
4.431053882174498e-35,3.0809260721575615,0.359,0.05,1.621810031414688e-30,5,ADGRG5
4.837435897336634e-35,1.5387203328836292,0.635,0.343,1.7705499127841815e-30,5,DIP2A
7.281612964552004e-35,1.8291316781516183,0.535,0.214,2.665143161155679e-30,5,LPCAT1
9.019244289494745e-35,1.3704437085479368,0.771,0.473,3.301133602397971e-30,5,RAP1GAP2
1.6821612615564843e-34,0.8988874842477239,0.939,0.802,6.156878433422888e-30,5,HLA-A
4.310362194114023e-34,3.2796258635665962,0.341,0.039,1.5776356666676733e-29,5,PRSS23
6.839786177950577e-34,0.8811049594257914,0.967,0.892,2.5034301389916906e-29,5,HLA-B
9.360526496013478e-34,2.335294824080538,0.458,0.113,3.426046302805893e-29,5,GZMM
9.642816308969843e-34,2.676048542811587,0.444,0.124,3.5293671972460525e-29,5,MIR646HG
1.077996231027229e-33,1.5732036348819898,0.601,0.214,3.945574005182761e-29,5,AUTS2
1.1474416384394718e-33,0.6775641854700845,0.986,0.921,4.1997511408523107e-29,5,UTRN
1.363337433595807e-33,2.0345171167780185,0.476,0.187,4.989951340704013e-29,5,BCR
1.5295259841160025e-33,2.685351509016159,0.367,0.067,5.598218054462981e-29,5,KLRB1
1.6091046913842465e-33,0.9204988219009635,0.943,0.824,5.88948408093548e-29,5,JAK1
5.005741437641483e-33,1.2169376625489436,0.793,0.568,1.8321514235911592e-28,5,CYBA
5.952349663137459e-33,2.870695108742945,0.341,0.061,2.1786195002049413e-28,5,YPEL1
3.695275003390749e-32,1.6933978114539423,0.596,0.183,1.3525076039910481e-27,5,TOX
1.1767071799914133e-31,3.470635527010665,0.319,0.037,4.306865949486572e-27,5,SLCO4C1
1.9418706507276154e-31,1.1590974106007832,0.739,0.485,7.107440768728145e-27,5,FLNA
4.5303599689209675e-31,5.529848002572609,0.261,0.008,1.6581570522247634e-26,5,SH2D1B
4.827046946373033e-31,1.198953234633625,0.697,0.42,1.7667474528419936e-26,5,ITGAL
8.454402491449736e-31,2.3812973256189,0.498,0.135,3.094395855895518e-26,5,APMAP
6.572167064612811e-30,0.8395347478996444,0.91,0.566,2.405478867318935e-25,5,SYNE2
1.8162232953825907e-29,1.1971368261262967,0.834,0.623,6.64755888342982e-25,5,CEMIP2
1.8658230312913668e-29,3.997740368818272,0.305,0.026,6.829098876829531e-25,5,CLIC3
2.2270922043835773e-29,0.9413262011867793,0.856,0.715,8.151380177264331e-25,5,HELZ
2.8050536453866677e-29,2.568538983417971,0.388,0.081,1.0266776847479742e-24,5,LLGL2
4.51871558507509e-29,1.3599470218342888,0.662,0.372,1.6538950912933337e-24,5,NPC1
4.789846075342801e-29,2.3231575586984667,0.448,0.115,1.753131562036219e-24,5,AF165147.1
5.650969065379602e-29,1.6472857881707728,0.6,0.257,2.0683111876195883e-24,5,NFATC2
6.319642090930232e-29,0.6864275071241881,0.992,0.978,2.3130522017013743e-24,5,B2M
1.5957456998691278e-28,2.5764225724235628,0.417,0.125,5.8405888360909946e-24,5,GFOD1
2.5007105530502333e-28,3.5426127415160087,0.344,0.054,9.152850695219159e-24,5,IGFBP7
5.293465564830858e-28,1.261868541108083,0.685,0.424,1.9374613313837422e-23,5,ITGB2
6.19544621718861e-28,0.8797381259654959,0.782,0.426,2.267595269953203e-23,5,PLCB1
9.508921947072459e-28,1.0144481324910501,0.801,0.611,3.4803605218479906e-23,5,CDK17
1.0350651427240805e-27,1.134860894443326,0.73,0.492,3.788441928884407e-23,5,AKNA
1.4730868149259957e-27,3.074387600076114,0.342,0.047,5.391645051310637e-23,5,DTHD1
2.124327157794583e-27,1.480355795784844,0.382,0.109,7.775249830243953e-23,5,GZMH
2.2618075656096812e-27,2.2929214363260355,0.483,0.165,8.278441870887994e-23,5,ATP8B4
4.6642010629188544e-27,3.6270734066839245,0.293,0.039,1.7071442310389299e-22,5,LINC01505
4.6642010629188544e-27,3.6270734066839245,0.293,0.039,1.7071442310389299e-22,5,LINC01505.1
4.749430323120004e-27,1.2443356326514339,0.692,0.396,1.7383389925651528e-22,5,PRKACB
4.864238868429628e-27,2.320285366430774,0.334,0.085,1.7803600682339283e-22,5,CHST12
5.378676068530503e-27,3.086421317756718,0.314,0.042,1.9686492278428493e-22,5,TBX21
1.437455838732506e-26,2.126819346768912,0.41,0.145,5.261232115344845e-22,5,AXIN1
1.5576382530703218e-26,1.1752551869641323,0.645,0.348,5.7011117700626845e-22,5,PAM
2.7470013858179235e-26,3.253182394512535,0.25,0.022,1.0054299772232182e-21,5,TRDC
4.104146863157339e-26,4.001028496806362,0.254,0.017,1.5021587933842175e-21,5,KLRC2
4.318717912025268e-26,1.434283734357754,0.642,0.31,1.5806939429803685e-21,5,RNF125
7.014250164920302e-26,1.060051975993184,0.8,0.584,2.5672857028624797e-21,5,PTPRA
1.575410945335923e-25,3.192772624149232,0.288,0.044,5.766161601024012e-21,5,CD38
3.188287451280234e-25,1.6178431413055383,0.507,0.2,1.1669450900430785e-20,5,CD226
5.413599997257811e-25,1.809594150699456,0.414,0.139,1.9814317349963313e-20,5,ZAP70
7.556380277102632e-25,0.8023651247370394,0.782,0.601,2.7657107452223344e-20,5,ARAP2
1.2012540229032222e-24,0.8403859092140689,0.916,0.754,4.396709849228084e-20,5,CNOT6L
1.3014733011166476e-24,3.5124712975669405,0.254,0.024,4.763522429417042e-20,5,KLRC3
1.7283082887689735e-24,1.1920315168562245,0.715,0.484,6.32578116772332e-20,5,CFL1
4.703658446474773e-24,3.173306287758713,0.274,0.039,1.7215860279942315e-19,5,IL12RB2
8.370994923867528e-24,1.906946080462658,0.374,0.11,3.063867852084754e-19,5,JAKMIP2
9.312864351494134e-24,1.242464449451084,0.38,0.1,3.408601481290368e-19,5,IKZF2
1.0194068798568301e-23,1.1394301815620975,0.557,0.336,3.7311311209639837e-19,5,SUN2
1.8521606296943593e-23,1.4958672432266273,0.516,0.275,6.779093120744324e-19,5,PPM1L
2.3277224040345073e-23,2.3632671237633778,0.34,0.074,8.5196967710067e-19,5,TLE1
2.654815912784597e-23,1.061229068404156,0.64,0.422,9.716891722382903e-19,5,TGFB1
8.498859288932646e-23,1.1568893942621865,0.622,0.388,3.110667488342238e-18,5,C5orf56
1.0181858262324089e-22,1.661337175678947,0.417,0.179,3.7266619425932396e-18,5,IFITM2
1.3136314673681669e-22,1.2886463157146943,0.467,0.253,4.808022533714228e-18,5,SSBP3
1.4206099992477238e-22,0.5646686851374865,0.928,0.868,5.1995746582465944e-18,5,RBM39
1.4644415210983853e-22,1.0241169790700901,0.799,0.621,5.3600024113722e-18,5,PIK3R1
1.6970058489138883e-22,1.5408073384172323,0.527,0.242,6.211211107609722e-18,5,HCST
9.24645828658756e-22,0.8071639446260281,0.929,0.597,3.384296197473913e-17,5,SKAP1
1.3654485568318769e-21,0.9198829091788585,0.751,0.471,4.9976782628603526e-17,5,PTPN4
1.4552628681168273e-21,1.2886488737854385,0.424,0.228,5.3264076235944e-17,5,SPN
1.8657731972680642e-21,0.7577467584835924,0.885,0.723,6.828916479320842e-17,5,IQGAP2
3.895154605581373e-21,1.4457050694951068,0.459,0.217,1.4256655371888385e-16,5,PTPN22
4.339410797211226e-21,1.8212256112722842,0.38,0.149,1.5882677458872808e-16,5,HSH2D
7.306472404030074e-21,1.1495184368691584,0.445,0.26,2.6742419645990474e-16,5,PXN
1.6804680441185577e-20,1.837309573526826,0.418,0.16,6.150681088278333e-16,5,TPST2
2.425060755175586e-20,1.1830560755649562,0.491,0.212,8.875964870018162e-16,5,APBA2
6.330090103352426e-20,1.0387545443329707,0.676,0.482,2.3168762787280215e-15,5,ACTG1
9.643733934803907e-20,0.6996968518123599,0.71,0.436,3.5297030574775778e-15,5,PDE4D
1.0429604277217253e-19,0.7077279556642844,0.89,0.76,3.817339461504287e-15,5,RASA2
3.029114255910306e-19,1.2359330807162783,0.569,0.35,1.1086861088057312e-14,5,VPS37B
3.18429320364858e-19,0.9345153528315798,0.676,0.47,1.1654831554674169e-14,5,IGF2R
3.6711424935145944e-19,1.2438123025077554,0.61,0.366,1.3436748640512767e-14,5,MAPRE2
3.7566547937777e-19,0.8379540059883597,0.608,0.369,1.374973221070576e-14,5,MGAT4A
4.815143784808434e-19,1.0880407116211726,0.482,0.29,1.762390776677735e-14,5,GALNT10
4.854620574951041e-19,0.7058842389154565,0.894,0.768,1.7768396766378304e-14,5,PPP2R5C
5.924453184924727e-19,1.2179236227571202,0.548,0.344,2.1684091102142995e-14,5,GSAP
1.000458914447089e-18,0.7575747493732301,0.716,0.546,3.6617796727677906e-14,5,LNPEP
1.2018493726022862e-18,0.7993497941709369,0.72,0.542,4.398888888661628e-14,5,JAZF1
1.3916459179686423e-18,1.3853748399947114,0.546,0.294,5.0935632243570276e-14,5,MAP3K8
1.7119469087208841e-18,2.1774005971579435,0.252,0.064,6.265896880609308e-14,5,TSEN54
1.8454231270401217e-18,1.5865702264330857,0.516,0.244,6.75443318727955e-14,5,TYROBP
1.9446528354862325e-18,0.8169528201520573,0.751,0.443,7.11762384316316e-14,5,TNIK
3.685249392743905e-18,0.7061426261665531,0.901,0.769,1.3488381302381968e-13,5,RNF213
4.3884029105594064e-18,0.6476188476393303,0.909,0.834,1.6061993492938483e-13,5,PTMA
5.519726430621549e-18,1.3633333483067585,0.522,0.307,2.0202750708717933e-13,5,TENT4B
5.583116856891355e-18,1.130043634009922,0.603,0.369,2.043476600790805e-13,5,TMEM181
6.23132521290782e-18,0.6728992660896655,0.884,0.791,2.280727341176391e-13,5,H3F3B
7.755447168416076e-18,2.357736904550201,0.254,0.071,2.838571218111968e-13,5,CD300A
8.838267125259412e-18,0.9459758598489023,0.687,0.357,3.2348941505161973e-13,5,SLFN12L
9.205872778582026e-18,1.1647915162035325,0.573,0.281,3.369441495688807e-13,5,SIDT1
9.77997860556272e-18,1.96439439365122,0.251,0.081,3.579569969422011e-13,5,FUT11
1.6684478467439954e-17,0.9145074163771606,0.51,0.36,6.106685963867697e-13,5,BZW1
2.0898476567447164e-17,1.517650022515576,0.39,0.195,7.649051408451337e-13,5,UBE2F
3.0037984224713095e-17,1.5667376748297697,0.446,0.201,1.099420260608724e-12,5,UBB
3.196170671417158e-17,0.7059344388178941,0.906,0.785,1.169830427445394e-12,5,TMSB4X
3.6000276768958426e-17,1.3806592040661745,0.489,0.263,1.3176461300206474e-12,5,SACM1L
4.0587128245190666e-17,0.5333208348942757,0.91,0.634,1.4855294809022236e-12,5,KLF12
4.150970803256035e-17,1.3162452662405082,0.316,0.17,1.5192968236997413e-12,5,ZBED4
5.557799989981064e-17,1.031359376016645,0.612,0.413,2.0342103743329696e-12,5,ABHD2
6.782586020947853e-17,1.0951150047870648,0.49,0.281,2.4824943095271237e-12,5,CRY1
8.900547352077592e-17,0.6459895495607935,0.841,0.642,3.2576893363339193e-12,5,FNDC3B
9.506629674127041e-17,0.578864284879514,0.843,0.55,3.4795215270272385e-12,5,ETS1
1.040461134655608e-16,0.6472454768734257,0.76,0.581,3.8081917989529905e-12,5,RASA3
1.0593619617006026e-16,1.4108368501309458,0.574,0.339,3.877370716020376e-12,5,BRD7
1.2525346714682597e-16,1.5342088279660344,0.334,0.126,4.584402151040977e-12,5,FAM169A
1.4515320240768448e-16,1.0433194159867651,0.55,0.345,5.31275236132366e-12,5,BIN2
1.6017955922795842e-16,0.8499141950067517,0.698,0.539,5.862732047302507e-12,5,TRAPPC10
2.1598182111272992e-16,2.056643936063274,0.266,0.07,7.905150634547027e-12,5,SLAMF7
2.2875609652444624e-16,1.2225052818552944,0.509,0.344,8.372701888891257e-12,5,BRD1
2.79553235268111e-16,1.213979233112686,0.467,0.26,1.023192796404813e-11,5,TSPOAP1-AS1
3.6619189523644236e-16,1.4863947583220296,0.4,0.207,1.3402989557549027e-11,5,CD63
9.968685537852095e-16,0.7374231823613675,0.86,0.716,3.648638593709245e-11,5,NCOA1
1.0297407084816618e-15,1.1670025030164926,0.356,0.217,3.76895396711373e-11,5,MADD
1.0542334042494162e-15,1.3286030815840275,0.363,0.179,3.858599682893288e-11,5,SLC9A3R1
1.3023901245700866e-15,0.6382419257461516,0.929,0.857,4.766878094938974e-11,5,ACTB
1.3319842606538245e-15,1.6402799679907512,0.32,0.124,4.875195592419063e-11,5,USP28
1.4991121645109972e-15,1.4373369344539488,0.284,0.13,5.486900433326701e-11,5,TRG-AS1
2.0674610903510018e-15,1.635513522641966,0.462,0.2,7.567114336793701e-11,5,LINC01278
2.1958986086087407e-15,1.727158645400747,0.388,0.168,8.037208497368852e-11,5,SLC15A4
2.5183430139775444e-15,0.7479300036758849,0.811,0.665,9.217387265459211e-11,5,SEPTIN7
3.0234441093305116e-15,0.5871822015384414,0.741,0.638,1.1066107784560605e-10,5,DDX6
3.052711263228562e-15,1.1883203060057386,0.467,0.261,1.117322849454286e-10,5,CTSC
4.2445513421214715e-15,1.5666814792184733,0.383,0.167,1.5535482367298798e-10,5,RAC2
5.203566651041364e-15,0.610004531951625,0.645,0.486,1.9045574299476497e-10,5,RIN3
6.8272678908198156e-15,0.7441591920420846,0.627,0.483,2.498848320718961e-10,5,PDIA3
8.369263597728649e-15,1.5870212051001769,0.29,0.113,3.0632341694046624e-10,5,PLAAT4
8.460469269117443e-15,1.0250072098178884,0.48,0.285,3.0966163571896754e-10,5,KIFAP3
8.759595291459341e-15,0.8384296671648617,0.591,0.342,3.2060994726270335e-10,5,IKZF3
8.798882746409085e-15,0.6714814788051351,0.719,0.621,3.2204790740131893e-10,5,CLASP1
9.209294543014545e-15,0.7957259313185452,0.672,0.41,3.3706938956887535e-10,5,PPP1R16B
9.908093510221569e-15,2.221614976723077,0.256,0.063,3.626461305676196e-10,5,SLFN13
1.0100353991642986e-14,1.3039213798212261,0.298,0.161,3.6968305644812496e-10,5,GALC
1.652749687397283e-14,1.2259018199278437,0.434,0.229,6.049229130842796e-10,5,MLLT6
2.0659009509555742e-14,0.80149057530107215,0.758,0.6,7.561404070592498e-10,5,RAB8B
2.1303577369157332e-14,1.6083236602372313,0.26,0.105,7.797322352885275e-10,5,GPR65
2.3609322960737388e-14,0.8322354880268945,0.766,0.617,8.641248296859491e-10,5,ITCH
2.477980643122182e-14,0.5313704471032268,0.919,0.851,9.069656951891498e-10,5,RAP1B
4.1478928036187935e-14,0.5438301638149903,0.939,0.861,1.5181702450525147e-9,5,RABGAP1L
4.4570713893381054e-14,0.7692252788940177,0.766,0.571,1.63133269921164e-9,5,SMYD3
4.5111310575300545e-14,0.7385126784941793,0.681,0.542,1.6511190783665751e-9,5,INPP4A
4.8900838682093144e-14,0.9432859040351936,0.576,0.405,1.7898195966032912e-9,5,ARNTL
5.225234891079673e-14,0.9542670994179732,0.277,0.162,1.912488222484071e-9,5,SLC12A2
7.653369724857088e-14,0.7714463796851678,0.707,0.566,2.8012098529949427e-9,5,EIF4G3
8.075067341741503e-14,1.3172602817404973,0.426,0.252,2.9555553977508073e-9,5,GALNT11
8.635246384989811e-14,0.6677800774107352,0.818,0.665,3.1605865293701208e-9,5,MACF1
9.944753741243322e-14,0.5896110415768365,0.792,0.687,3.6398793168324685e-9,5,ARPC2
1.2229121830215372e-13,1.271148989066688,0.416,0.231,4.475980881077128e-9,5,PEAK1
1.604564257938395e-13,1.3707638818245433,0.322,0.159,5.872865640480319e-9,5,DSTN
1.658318918154998e-13,0.8488748888074831,0.619,0.429,6.069613072339108e-9,5,RFTN1
2.32993420772977e-13,1.1488662791036202,0.399,0.202,8.527792193711732e-9,5,PARP15
2.588346090741854e-13,1.4507358469300053,0.33,0.155,9.47360552672426e-9,5,ITGAM
3.2358831095802525e-13,1.1298540108712767,0.532,0.314,1.1843655769374683e-8,5,APOL6
3.5737226454390424e-13,1.3654574353308364,0.33,0.147,1.308018225457144e-8,5,CD81
4.0977226637993577e-13,1.5670013812705539,0.258,0.112,1.4998074721772028e-8,5,NDUFB7
4.345392726838416e-13,0.7869307489268538,0.804,0.52,1.5904571919501286e-8,5,SLC38A1
5.882842188663387e-13,1.6663861305143672,0.281,0.129,2.1531790694726864e-8,5,RAB5IF
6.093872372954334e-13,1.4463392798243373,0.323,0.144,2.2304182272250158e-8,5,KLHDC4
6.254523399521528e-13,1.0733468210100474,0.279,0.159,2.2892181094588744e-8,5,SAMD9
7.840627889721889e-13,0.7278006439764384,0.745,0.593,2.8697482139171087e-8,5,CMIP
9.630461445878803e-13,1.89372647826947,0.261,0.098,3.5248451938061004e-8,5,DDIT4
1.0788301212548257e-12,0.7239085742853497,0.851,0.684,3.948626126804788e-8,5,SORL1
1.1675306047194583e-12,1.289071480786359,0.334,0.169,4.2732787663336897e-8,5,RBM38
1.5249255637800132e-12,1.212460593918614,0.463,0.269,5.5813800559912265e-8,5,GSE1
2.2048709324251094e-12,1.0898009381554834,0.588,0.381,8.070048099769142e-8,5,HIVEP3
2.676092798841563e-12,0.6270468825384117,0.641,0.486,9.794767253040005e-8,5,IRF1
3.1376986578821304e-12,0.8875023008962482,0.659,0.463,1.1484290857714386e-7,5,DNAJC1
3.5281612041327297e-12,1.199285378280277,0.399,0.203,1.2913422823246203e-7,5,IL2RG
3.5711931954419607e-12,0.9397394198306664,0.607,0.426,1.307092421463712e-7,5,PLEKHA2
4.0100060685896455e-12,1.5667161451068325,0.253,0.105,1.4677023211644962e-7,5,CXXC5
4.427234442990436e-12,1.0759753868227944,0.281,0.149,1.6204120784789295e-7,5,TBC1D10C
5.506704771382783e-12,1.0955321073842699,0.361,0.22,2.0155090133738123e-7,5,GAB3
6.819607481973892e-12,1.189871998339076,0.426,0.256,2.4960445344772644e-7,5,TGFBR1
7.71832907805582e-12,1.746693850619458,0.257,0.086,2.8249856258592103e-7,5,PRR5
8.459385493222334e-12,1.1822702755329366,0.358,0.168,3.0962196843743067e-7,5,TSPAN5
1.0821769096064147e-11,1.1061318614548843,0.391,0.246,3.9608757068504385e-7,5,ADCY7
1.3589688946306619e-11,1.2171052965647657,0.291,0.149,4.973962051237686e-7,5,BTN3A2
1.379691225226879e-11,0.6198609507169996,0.644,0.508,5.0498078534529e-7,5,S100A4
1.530327752194714e-11,1.2039205627489222,0.251,0.14,5.601152605807873e-7,5,PPM1G
1.9367253563550733e-11,0.9355003707769729,0.504,0.324,7.088608476795204e-7,5,TLE5
2.1286341129262166e-11,1.8341508348768274,0.257,0.087,7.791013716721245e-7,5,PRR5L
2.2318009328026357e-11,0.7698865557425324,0.507,0.317,8.168614594150926e-7,5,ATP10A
2.286331970695553e-11,0.5580535911080444,0.936,0.885,8.368203645942793e-7,5,TXNIP
2.3101142465528292e-11,1.1588354198115918,0.363,0.182,8.45524915380801e-7,5,KCNQ5
2.9020983579698195e-11,0.7623222851788884,0.552,0.384,1.0621970200005336e-6,5,CLEC2B
3.26118213439016e-11,0.7749923670417436,0.762,0.619,1.1936252730081425e-6,5,ESYT2
3.57204512043033e-11,0.5103941886604733,0.786,0.688,1.3074042345287051e-6,5,HMGB1
3.869399535377393e-11,1.182719883916956,0.387,0.215,1.4162389239434797e-6,5,STK26
4.325881934959364e-11,1.2885254685427843,0.311,0.159,1.5833160470144769e-6,5,GALNT3
4.36648557790645e-11,1.1768035417791949,0.543,0.343,1.5981773863695396e-6,5,RNF115
4.96263874504473e-11,1.5065335995807563,0.316,0.135,1.8163754070738216e-6,5,ARPC5L
6.895790203241005e-11,0.621449887993824,0.821,0.729,2.5239281722882405e-6,5,MBP
7.557321250266861e-11,0.7161654863729249,0.532,0.417,2.7660551508101737e-6,5,NCL
8.821522509511203e-11,1.2648703498571605,0.468,0.263,3.2287654537061953e-6,5,ACTN4
9.98403882746372e-11,1.0673480853835735,0.45,0.259,3.6542580512399965e-6,5,ATP2B4
1.0268825527696097e-10,1.4184411558394356,0.353,0.157,3.7584928313920484e-6,5,ZFYVE28
1.0655808100661705e-10,0.7219483027136504,0.623,0.479,3.900132322923191e-6,5,IFI16
1.1236328547695095e-10,1.1618385563720408,0.349,0.202,4.112608611741882e-6,5,ITPRIP
1.1466459940841582e-10,0.8475363758021208,0.511,0.37,4.1968390029474275e-6,5,TLN1
1.2775291699348388e-10,0.5670392984786208,0.766,0.589,4.6758845148785035e-6,5,CCSER2
1.669275304999315e-10,1.0287524169896778,0.5,0.316,6.1097145438279925e-06,5,MYL12A
1.7912291684144128e-10,0.9246512051916409,0.578,0.409,6.5560778793135925e-6,5,HIPK1
1.8943714456742238e-10,1.3048554278669933,0.378,0.198,6.933588928312226e-6,5,TERF1
3.086979763507218e-10,0.8231052038781154,0.418,0.244,1.1298654632412767e-5,5,OPTN
3.312725120308013e-10,0.932012477590126,0.52,0.349,1.2124905212839358e-5,5,SET
4.2492397522000434e-10,1.600126324623423,0.25,0.102,1.555264241702738e-5,5,FKBP11
5.123393610640569e-10,0.7594234728005798,0.677,0.535,1.8752132954305544e-5,5,NFATC3
5.253514670956436e-10,0.6221990823056027,0.794,0.702,1.9228389047167653e-5,5,H3F3A
5.6244463534826e-10,0.7630334653671631,0.518,0.409,2.0586036098381665e-5,5,ARHGEF7
6.488163106112383e-10,1.0566395317802122,0.296,0.184,2.3747325784681934e-5,5,LASP1
6.594529995290413e-10,0.6794781639085492,0.488,0.39,2.4136639235762438e-5,5,SPPL2A
6.910562619575718e-10,0.9730189254130048,0.415,0.269,2.5293350243909084e-5,5,HSPA5
7.357058358300167e-10,0.8411162394330314,0.389,0.263,2.692756929721444e-5,5,CTSD
8.16031619110804e-10,0.9630006485473959,0.432,0.271,2.986757329107454e-5,5,BTN3A1
8.29437778618756e-10,0.9150043108102054,0.291,0.19,3.035825213522509e-5,5,AGPAT4
1.2498948444384305e-9,0.6828356934761756,0.531,0.417,4.5747401201290994e-5,5,ADD1
1.3471062380943669e-9,0.9630604960300102,0.603,0.426,4.930543542049192e-5,5,FAM53B
1.3789534108560515e-9,0.9963034550085371,0.464,0.266,5.047107379074234e-5,5,SLFN5
1.506211522665206e-9,0.6499828337730479,0.3,0.231,5.5128847941069205e-5,5,OSTF1
1.5417647163406917e-9,1.1185829400125928,0.279,0.15,5.643013038278566e-5,5,DUSP2
1.7961467338647007e-9,0.7522057475832041,0.522,0.38,6.574076660618191e-5,5,SERBP1
1.823244641672349e-9,0.7562738296286555,0.415,0.313,6.673257712984965e-5,5,VPS26A
1.902622841019512e-9,1.2350301454906407,0.332,0.183,6.963789860415517e-5,5,CALR
2.077372726934658e-9,1.086701170278874,0.339,0.2,7.603391917853542e-5,5,MEX3C
2.5272900140996276e-9,0.6444082687315713,0.712,0.586,9.250134180606047e-5,5,PSME4
2.6675421490376522e-9,1.0980437218485362,0.321,0.184,9.763471019692711e-5,5,AGK
2.7905703607809616e-09,0.6139912924974517,0.552,0.454,1.0213766577494398e-4,5,PPP2R5A
3.980858169257478e-9,0.6696749952813985,0.629,0.511,1.4570338985299297e-4,5,RAP1GDS1
5.4698727142280685e-9,1.3586566994678446,0.342,0.17,2.0020281121346152e-4,5,RASSF1
5.50598314518519e-9,1.1041102355854155,0.369,0.205,2.0152448909692316e-4,5,AC092821.3
6.5198571022238426e-9,0.6776295012181165,0.554,0.44,2.3863328979849486e-4,5,PIK3C2A
6.8042144036975335e-9,1.4190996034044603,0.265,0.117,2.4904105138973343e-4,5,SYTL1
7.3509350996241506e-9,0.9731741647913221,0.433,0.28,2.690515755813435e-4,5,LINC01138
7.974898787591825e-9,1.2084217134859476,0.33,0.164,2.918892705246484e-4,5,UST
8.7292256788085e-9,0.8722889044344553,0.563,0.406,3.194983890700699e-4,5,MYL6
1.0450651677202982e-8,1.669053139993631,0.25,0.082,3.8250430203730633e-4,5,C12orf75
1.0996293313040438e-8,0.9769912234597654,0.52,0.349,4.024753315505931e-4,5,AC245297.3
1.124903660385457e-8,0.5373852936965313,0.62,0.451,4.117259887376811e-4,5,EVL
1.2352018881359723e-8,0.529746486115469,0.762,0.584,4.520962430766472e-4,5,AKT3
1.4905393210688583e-8,1.0578072303876285,0.378,0.218,5.455522969044128e-4,5,TANC2
1.7885698739966423e-8,1.2554543394423956,0.282,0.146,6.54634459581511e-4,5,DHRS7
1.8148771587689136e-8,1.1075516312744869,0.374,0.209,6.642631888810101e-4,5,ANXA6
2.097679608048568e-8,1.3359400628842437,0.303,0.13,7.677717133418564e-4,5,NLRC3
2.307709256936976e-8,0.7966190576448553,0.551,0.42,8.446446651315026e-4,5,CORO1A
2.6358949979632403e-8,1.2016956798425444,0.292,0.159,9.647639282045256e-4,5,LY6E
2.879179284089111e-8,0.8936765735187426,0.354,0.227,0.0010538084097694554,5,TSHZ1
2.917994499488486e-8,0.8418523582290647,0.447,0.306,0.0010680151667577808,5,RPAP2
3.0173329661943315e-8,0.5513144071826547,0.431,0.361,0.0011043740389567872,5,MSL2
3.284924790684483e-8,0.5553888612786714,0.546,0.467,0.0012023153226384277,5,DNAJB6
3.4471093267054346e-8,0.7438451285702313,0.381,0.263,0.0012616764846674561,5,RPL36AL
3.487669414339296e-8,0.930420970462899,0.293,0.156,0.0012765218823423258,5,PRDM1
3.933756669876001e-8,0.8563748362059651,0.354,0.235,0.001439794278741315,5,SRP14
3.998096887508619e-8,0.903135377214319,0.448,0.303,0.0014633434417970297,5,PRKX
4.069643818722958e-8,0.5330035250652898,0.784,0.63,0.00148953033409079,5,ZFP36L2
4.104310717166963e-8,0.6917944097521072,0.61,0.5,0.0015022187655902802,5,CDYL
4.111772860996228e-8,0.9056499500290792,0.265,0.169,0.0015049499848532294,5,HAVCR2
4.1874083649369774e-8,0.6566974795057255,0.563,0.45,0.001532633335650583,5,TAPBP
4.915316272270955e-8,0.5704620636501867,0.748,0.671,0.0017990549088138922,5,GPATCH8
5.8722877466737335e-8,0.6110938777111075,0.589,0.484,0.0021493160381600533,5,DENND4C
6.167112443325216e-8,0.7661393212085131,0.532,0.392,0.0022572248253814623,5,TES
6.176126800800514e-8,1.2063094695988101,0.298,0.136,0.002260524170360996,5,DHRS3
6.939301071767017e-8,0.7586645117813129,0.458,0.255,0.0025398535852774458,5,RRAS2
7.327692818727012e-8,0.7025889518280733,0.486,0.367,0.002682008848582274,5,SH3BGRL3
8.165202017845583e-8,0.6991213382908661,0.51,0.378,0.002988545590551662,5,CD99
8.523588600076178e-8,1.0653390823694764,0.286,0.176,0.003119718663513882,5,EIF3G
1.131956486405131e-7,1.4326557139964997,0.261,0.12,0.0041430739358914205,5,RAB29
1.2782515053492517e-7,0.8684575174777476,0.534,0.376,0.004678528334728796,5,HLA-F
1.4913261147526059e-7,0.6656346097266266,0.542,0.433,0.005458402712606013,5,ZBTB1
1.6977338254965228e-7,1.103616722640417,0.277,0.159,0.006213875574699823,5,PPP1CA
1.873803637924376e-7,0.8886486848473756,0.352,0.247,0.006858308695167009,5,SLC35A3
1.9235031585276215e-7,0.8321279222487854,0.363,0.242,0.007040213910526947,5,MYL12B
1.9337977701870406e-7,0.649261863512686,0.591,0.471,0.007077893218661587,5,DGKD
2.025883667152971e-7,1.3587148997045249,0.318,0.162,0.007414936810146589,5,AC008014.1
2.216440622241401e-7,0.7821878275951104,0.32,0.224,0.008112394321465752,5,CMC1
2.493203689667238e-7,0.5767281502474453,0.364,0.259,0.009125374824551058,5,FOSL2
2.5751936417267774e-7,0.7028744207383683,0.41,0.307,0.009425466248084179,5,UHMK1
2.615221906063661e-7,1.0373553723133946,0.355,0.205,0.009571973698383605,5,GMCL1
2.7531724972098574e-7,0.9570855782535834,0.28,0.184,0.0100768866570378,5,PKN1
3.5299762465767106e-7,0.8909812664910998,0.451,0.304,0.012920066060095419,5,ZBTB44
3.69671998929251e-7,0.6493465598092079,0.426,0.337,0.013530364832809515,5,LSP1
3.8745269697686386e-7,0.8281629695986568,0.398,0.278,0.014181156162050195,5,RO60
6.639523323094507e-7,0.626061906437643,0.51,0.398,0.024301319314858204,5,MAP4K5
8.237386168254864e-7,1.0788564405238215,0.291,0.171,0.03014965711442963,5,PSME1
8.351092819794731e-7,0.9270105836670558,0.523,0.364,0.030565834829730694,5,SERF2
8.390722419599445e-7,0.8654441409312235,0.304,0.18,0.03071088312797593,5,HIST1H4C
8.806560145250355e-7,0.579799674484397,0.688,0.576,0.03223289078763082,5,MAPK1
8.958190764233943e-7,0.94391253686424,0.377,0.231,0.032787874016172655,5,HIST1H1E
9.276398611098752e-7,0.5808557831858896,0.431,0.293,0.03395254655648254,5,GLCCI1
1.1229859202962422e-6,1.0390161087016767,0.296,0.186,0.04110240766876276,5,CLIC1
1.2381770164010374e-6,0.7222313116877134,0.407,0.309,0.04531851697729437,5,GRK5
1.2479924482278644e-6,0.6419816759815816,0.411,0.33,0.04567777159758807,5,EPG5
1.6716330786017635e-6,0.7399080546190209,0.331,0.186,0.06118344230990314,5,SETBP1
1.6838914524623421e-6,0.5168666986409893,0.469,0.384,0.061632111051574186,5,SLC16A7
1.7984669273519085e-6,0.8441196497999899,0.289,0.199,0.0658256880080072,5,EPS15L1
1.9691476227377603e-6,0.6548095728869676,0.515,0.408,0.07207277213982477,5,PPIA
2.013033423725312e-6,0.9174765350748786,0.36,0.246,0.07367903634177014,5,DERL1
2.1805565572987953e-6,0.5874165256326567,0.46,0.362,0.07981055055369321,5,PCCA
2.366231459506333e-6,0.6016283237826812,0.634,0.458,0.0866064376493913,5,STK17A
2.4720828688153384e-6,1.0026439510211835,0.513,0.307,0.0904807050815102,5,MNAT1
2.828481498118029e-6,0.9490835719039521,0.255,0.162,0.10352525131261799,5,PSME2
3.2050456711492624e-6,1.011589114757642,0.341,0.228,0.11730787660973416,5,SUGP2
3.221867776497366e-6,1.055917607009686,0.329,0.193,0.11792358248758009,5,PILRB
3.3406105982682743e-6,0.6464182597193076,0.301,0.236,0.1222696885072171,5,ZC3H18
3.38731405164736e-6,0.7182877523408268,0.31,0.226,0.12397908160434502,5,HEXA
3.6098420488158047e-6,0.5717235044105046,0.303,0.241,0.13212382882870727,5,C9orf78
3.6712730377005664e-6,1.160726953260406,0.279,0.164,0.13437226445287842,5,PPIL2
4.354161054960946e-6,0.9036311914934175,0.251,0.16,0.1593666487726256,5,ZNF276
4.6997896918539476e-6,0.93585509797991,0.307,0.195,0.17201700251154634,5,EID1
4.752646490491675e-6,0.5154995483138669,0.401,0.346,0.1739516141984858,5,UBE2E3
5.140458422071554e-6,0.7741849958995162,0.255,0.179,0.18814591870624095,5,DNAJC8
5.522657225439583e-6,0.8133048889784571,0.253,0.169,0.20213477710831418,5,ABHD17B
5.7620742605136514e-6,0.7688837207818381,0.516,0.4,0.21089768000906015,5,ADSS
5.892283996586085e-6,1.0859384039322024,0.281,0.17,0.2156634865590473,5,GTF3C1
6.262799466623005e-6,0.6285910049589963,0.34,0.215,0.2292247232778686,5,GBP5
7.389194072417079e-6,0.6079561124170055,0.389,0.321,0.27045189224453753,5,CSNK1D
7.758758356511859e-6,1.0998644166465674,0.345,0.214,0.28397831460669054,5,RNF166
7.937739016185541e-6,0.7839251442729258,0.299,0.199,0.290529185731407,5,PSMB9
1.0527058506865527e-5,0.8647645428256143,0.358,0.246,0.38530086840978517,5,C22orf34
1.129677094330106e-5,0.619936032845787,0.397,0.319,0.4134731132957621,5,STRN
1.3861869154120711e-5,0.7452668089974879,0.491,0.382,0.5073582729099722,5,CD164
1.4330626200674066e-5,0.5915289136928061,0.379,0.301,0.5245152495708715,5,SLC20A1
1.449836410247768e-5,0.9070401415373356,0.331,0.213,0.5306546245147855,5,CRACR2A
1.539632536597077e-5,0.5169302941904552,0.311,0.264,0.5635209047198962,5,CCDC186
1.7151252880059394e-5,0.6782251249069655,0.392,0.298,0.6277530066630539,5,CDC42SE1
1.7566341156764674e-5,0.5826965141316038,0.376,0.239,0.6429456526787438,5,LINC00861
1.777929517708448e-5,0.5479432114686587,0.679,0.592,0.650739982776469,5,TCF25
2.0867928505385346e-5,0.5322334199080742,0.523,0.449,0.7637870512256091,5,DCAF5
3.193877961396231e-5,0.5453866630835147,0.686,0.645,1,5,CNOT2
3.7328639116545446e-5,0.8508723470091468,0.279,0.19,1,5,DNMT1
3.9211203823335896e-5,0.5778053574507891,0.615,0.504,1,5,UBC
4.015908161179079e-5,0.5124269484782279,0.509,0.404,1,5,KAT2B
4.194779855209493e-5,0.6610011985531161,0.424,0.333,1,5,SAR1A
4.53535623880813e-5,0.7168622261901777,0.459,0.351,1,5,PDZD8
4.7416392042234344e-5,0.7068767047060913,0.485,0.379,1,5,STX8
4.824523520256602e-5,0.5909296813266146,0.277,0.218,1,5,ATP6V1G1
4.9850659830654964e-5,0.72368325150823,0.396,0.298,1,5,MINDY3
5.078431517340204e-5,0.900925784769189,0.255,0.18,1,5,SUPV3L1
5.372882859732282e-5,0.6654547367785881,0.317,0.245,1,5,SUSD1
5.593526048901594e-5,0.6176113544220909,0.669,0.535,1,5,PPP3CC
5.636136130976891e-5,1.1531775072920696,0.258,0.136,1,5,CPLANE1
5.89487558604771e-5,0.6021099672942323,0.365,0.271,1,5,PIK3AP1
6.065345775208152e-5,0.8689200270673526,0.271,0.184,1,5,ZCCHC17
6.095851457321438e-5,0.523258038539976,0.507,0.395,1,5,KLF2
9.045572741657602e-5,0.6182084007762292,0.43,0.333,1,5,HSP90B1
9.213237559138271e-5,1.1093822456315041,0.259,0.142,1,5,RASAL3
9.85980402549258e-5,0.7083848660701029,0.331,0.245,1,5,TMEM135
1.0877067692311293e-4,0.9416331948209149,0.296,0.196,1,5,FCER1G
1.135641233048316e-4,1.2323155490251567,0.278,0.158,1,5,GSTP1
1.166799995017485e-4,0.5999846348452711,0.502,0.402,1,5,PCSK7
1.2075188528325581e-4,0.9657722639345758,0.26,0.166,1,5,ARF6
1.2170855488803969e-4,0.732292933758423,0.266,0.197,1,5,VCPIP1
1.3491471207156518e-4,0.5412833012368009,0.257,0.205,1,5,ARL6IP1
1.3670352519085642e-4,1.0994973000491568,0.27,0.145,1,5,SIGIRR
1.6919639098422396e-4,0.9062352347032823,0.268,0.163,1,5,SSR4
1.7852560418902573e-4,0.8496320061821359,0.339,0.229,1,5,XBP1
1.9361410937114904e-4,0.5189559351130867,0.433,0.319,1,5,ANKRD36C
2.0475343887340705e-4,0.6108170498433847,0.288,0.204,1,5,ABCA5
2.2556592793032118e-4,0.5221394694075165,0.627,0.554,1,5,SRSF5
2.6031958469778705e-4,0.5133220340596762,0.542,0.469,1,5,YAF2
2.6717285341130835e-4,0.7244697354376022,0.364,0.264,1,5,IDS
2.7014127830491785e-4,0.8086509154697026,0.324,0.201,1,5,ZBTB38
2.794677612475527e-4,0.8499786241972456,0.256,0.166,1,5,GLMN
3.020439088980272e-4,0.6073986335809163,0.314,0.239,1,5,TMA7
3.14244594354577e-4,0.5168042768245595,0.523,0.416,1,5,SPATA13
3.254110727409204e-4,0.5722587049260663,0.324,0.255,1,5,CEBPZ
3.3029572251438457e-4,0.5051252709083305,0.285,0.22,1,5,DTD1
3.463019557841992e-4,0.5315251247451169,0.345,0.265,1,5,XKR6
3.662825131110716e-4,0.6777268857203012,0.289,0.221,1,5,PCNX4
4.1499760678132913e-4,0.9131315471050024,0.295,0.19,1,5,EDF1
4.266273720523419e-4,0.8414798828785676,0.278,0.18,1,5,COX6C
4.667565188212632e-4,0.542834125183488,0.372,0.304,1,5,SYAP1
4.841508826054335e-4,0.6964237230550642,0.349,0.274,1,5,SF3B2
5.272365426094131e-4,0.606284977657673,0.332,0.238,1,5,RFX3-AS1
5.392168587607291e-4,0.825410884519399,0.318,0.231,1,5,SETD3
5.827270381503072e-4,0.9656380367801641,0.321,0.202,1,5,PPIB
6.833642792008813e-4,0.9759014977218506,0.314,0.181,1,5,CCND2
6.834126602060764e-4,1.1183511472913203,0.296,0.173,1,5,ZNF718
7.351496289552639e-4,0.5018106910266659,0.5,0.421,1,5,CAP1
8.691334810341781e-4,0.6324628627597323,0.412,0.315,1,5,GTDC1
8.80502390627839e-4,0.7797040151410342,0.315,0.23,1,5,RRBP1
9.318227855237074e-4,0.5404219073972599,0.308,0.245,1,5,ATP5MG
0.001019229267265505,0.7172379019423374,0.473,0.357,1,5,CIRBP
0.0010732517249015512,0.5318439905696039,0.358,0.305,1,5,SLAIN2
0.0011072032731636074,0.5966490863066268,0.312,0.256,1,5,POM121
0.0012089244522492705,0.5003480081063902,0.601,0.53,1,5,TRIM33
0.0012121537302563097,0.8097517909644545,0.266,0.178,1,5,HLCS
0.0012460629691028139,0.5626980870792323,0.255,0.206,1,5,TMX3
0.0012479991271578308,0.6218708324868678,0.265,0.18,1,5,TTC39B
0.0012801806451113037,0.7866516370745227,0.286,0.204,1,5,PSMB1
0.0012884364835977337,0.7640102205060604,0.313,0.232,1,5,HMGN3
0.0015723426416561694,0.544895478394035,0.418,0.336,1,5,TMF1
0.0016313010046637314,0.6056402942509598,0.325,0.263,1,5,LAMP1
0.0017110816816392669,0.6678912849977097,0.287,0.22,1,5,COPE
0.0018318839381266806,0.5471721907368554,0.423,0.355,1,5,POLR2A
0.0020262795942746245,1.0917979313761657,0.266,0.152,1,5,CCDC85B
0.0022028458791259462,0.9134249699343353,0.278,0.19,1,5,TPI1
0.0022440888965927783,0.7381212966134026,0.293,0.208,1,5,ZDHHC21
0.0023857916713686134,0.6598485545174962,0.303,0.234,1,5,SPCS2
0.0024971984913464327,0.7257756857099003,0.341,0.236,1,5,TRANK1
0.0024998618624475196,0.6170413774751635,0.268,0.211,1,5,SSH1
0.002897244667329027,0.5522727328348711,0.424,0.347,1,5,TBK1
0.003090386443533391,0.6933649573938787,0.478,0.363,1,5,STAU2
0.0038583700135021567,0.5998587155284574,0.292,0.214,1,5,LPIN1
0.003904568078356884,0.5912967138547168,0.297,0.234,1,5,YARS
0.004254142652252198,0.54721486586953,0.387,0.311,1,5,TMEM59
0.004417028036326363,0.5780919342811318,0.267,0.221,1,5,AC004687.1
0.004958581474501916,0.5715608000256753,0.374,0.3,1,5,ARIH2
0.00503937032692714,0.7841474329509109,0.341,0.212,1,5,PLEKHA1
0.005086944417752072,0.7646221878431655,0.25,0.178,1,5,ACBD5
0.005243429744224299,0.5357445633310746,0.325,0.277,1,5,PTS
0.005296524904469135,0.7088653636684432,0.258,0.165,1,5,GIMAP7
0.006773814061193499,0.9050957030087761,0.309,0.202,1,5,TSC22D1
0.007527429953705013,0.5200337233296892,0.253,0.215,1,5,UBE2V1
0.0083284491869893,0.6134995699397261,0.252,0.202,1,5,CIAO1
0.008854112521234645,0.6653210506574325,0.333,0.252,1,5,IDI1
0.009310199242358716,0.6291583084461188,0.284,0.224,1,5,AC105402.3
0.009322441761206132,0.5550363042873646,0.395,0.332,1,5,MIA2
0.009487292481911332,0.5614620948772001,0.277,0.227,1,5,NDUFS6
0.009725961824582758,0.6034016913799682,0.329,0.244,1,5,TIPARP
2.6467425842297874e-156,4.142562411981109,0.987,0.246,9.687342532539446e-152,6,TCF7L2
4.3880786842141246e-131,2.87764129439383,0.99,0.371,1.6060806792092116e-126,6,MTSS1
2.3821346754013172e-118,3.1292042281371453,0.874,0.183,8.718851125436362e-114,6,TBC1D8
2.135564815205316e-117,2.3077996137357224,0.988,0.382,7.816380780132977e-113,6,GRK3
3.273959953672526e-116,2.0000310390632152,0.999,0.558,1.1983020826436812e-111,6,LYN
1.2481094012090338e-115,2.234797035932021,0.989,0.328,4.568205219365184e-111,6,SLC8A1
2.4495622553754983e-110,2.2029110540238417,0.975,0.324,8.965642810899861e-106,6,DOCK5
1.018351604204424e-109,2.898378445166644,0.871,0.184,3.7272687065486125e-105,6,DAPK1
2.555726080520105e-108,2.0449539468783002,0.972,0.348,9.354213027311636e-104,6,TBXAS1
1.2157429587715558e-107,3.6564454720892154,0.822,0.102,4.4497408033997716e-103,6,FCGR3A
2.3722544532310096e-103,2.6687725458349876,0.908,0.253,8.682688524270817e-99,6,WARS
3.4987168891842923e-102,2.335854180330011,0.957,0.386,1.2805653686103428e-97,6,COTL1
1.3190170648067379e-101,2.6702975668547797,0.926,0.302,4.827734358899142e-97,6,PECAM1
2.556294838018861e-95,1.895828382616851,0.985,0.585,9.356294736632834e-91,6,LYST
1.0571384987978531e-92,1.9443313783003915,0.969,0.525,3.869232619450022e-88,6,PSAP
3.6651999414827164e-91,2.0545769807399576,0.944,0.393,1.3414998305820891e-86,6,POU2F2
1.66879766217599e-89,3.5580378775537755,0.724,0.099,6.107966323330341e-85,6,MS4A7
1.1510407359101954e-88,5.550274120825273,0.681,0.041,4.212924197504906e-84,6,FMNL2
3.323738633088611e-88,1.9122789964187263,0.945,0.311,1.2165215770967626e-83,6,MCTP1
6.310226431685713e-88,1.9443289825439636,0.941,0.416,2.3096059762612878e-83,6,TNFRSF1B
6.513748790507366e-88,1.3882298010930896,0.999,0.655,2.384097194813601e-83,6,ZEB2
3.8569875470981944e-87,1.7801569293748467,0.968,0.375,1.41169601211341e-82,6,FAM49A
1.505670387808165e-86,4.115336152955217,0.662,0.059,5.510904186416664e-82,6,SPRED1
7.697363762543587e-85,3.9020257895998496,0.658,0.071,2.817312110728578e-80,6,EPS8
9.194362117582075e-85,1.610518722906717,0.985,0.506,3.3652284786562154e-80,6,SAT1
2.0909061108489616e-84,5.747225971800311,0.596,0.017,7.652925456318284e-80,6,CDKN1C
7.379251501342913e-82,1.8608109111554627,0.95,0.341,2.7008798420065198e-77,6,EVI5
8.459330382879133e-81,2.3627462756718445,0.874,0.274,3.0961995134375915e-76,6,PPM1L
1.2454249189974637e-79,1.331312507296754,0.985,0.682,4.558379746022617e-75,6,MAP3K1
2.861877673004641e-79,1.3486427053769554,0.995,0.924,1.0474758470964287e-74,6,UTRN
1.2332184121541666e-78,1.8566199327062551,0.898,0.324,4.513702710325465e-74,6,CTBP2
2.4774083019929197e-77,1.6520697966353721,0.962,0.535,9.067562126124285e-73,6,NFKBIZ
3.6210834305510864e-77,1.9191103927211355,0.836,0.238,1.325352746416003e-72,6,SPI1
1.0516258686079685e-75,1.7408043159448114,0.92,0.398,3.849055841692026e-71,6,NOTCH2
1.9175899351795672e-75,3.7346208803376397,0.649,0.071,7.018570921750734e-71,6,CSF1R
2.8384192180399894e-74,1.8619723302339033,0.844,0.264,1.0388898179948165e-69,6,HCK
2.954554298729382e-74,2.2945725010840787,0.74,0.187,1.081396418877941e-69,6,KDM1B
3.124133168657117e-74,3.17781194654691,0.72,0.11,1.1434639810601915e-69,6,MYOF
2.2355603328833922e-73,1.4311735835372281,0.974,0.655,8.182374374386504e-69,6,CTSS
6.785272438786617e-73,1.5039523335951595,0.978,0.525,2.4834775653202895e-68,6,SBF2
7.618298184407664e-73,1.564174301735495,0.955,0.316,2.7883733184750493e-68,6,IRAK3
6.444219183669743e-72,2.782650791365294,0.706,0.132,2.3586486634149628e-67,6,LILRB2
1.7929345321873098e-71,1.5385492736952675,0.938,0.325,6.562319681258773e-67,6,DMXL2
6.478584127707665e-71,1.7777307862038696,0.846,0.306,2.3712265765822825e-66,6,ASAH1
7.099197837264931e-71,2.066276216813795,0.782,0.208,2.598377400417337e-66,6,CD86
1.0671547393055522e-70,1.1629188671647004,0.999,0.864,3.9058930613322513e-66,6,NEAT1
2.978188524255873e-70,1.6826027202695606,0.854,0.267,1.0900467817628921e-65,6,FGD4
3.7105344927152447e-69,2.9820820775821097,0.621,0.104,1.3580927296787067e-64,6,LST1
1.2285267318557053e-68,1.552298900411547,0.924,0.536,4.496530691265067e-64,6,SCLT1
2.8627216219046113e-68,2.5265257089568696,0.706,0.145,1.0477847408333068e-63,6,LPCAT2
4.590999262809282e-68,1.0406265262956795,0.995,0.852,1.6803516401808252e-63,6,MED13L
4.4083642239081456e-67,2.686776987750925,0.595,0.105,1.6135053895926203e-62,6,LILRB1
9.487974623667006e-67,1.93680210946394,0.789,0.247,3.472693592008361e-62,6,RNF144B
2.1367192724636227e-66,1.8537387552169184,0.765,0.205,7.820606209144106e-62,6,ADGRE2
3.109863813341115e-66,1.6927865090580942,0.873,0.372,1.1382412543209814e-61,6,VSIR
4.868671864159657e-66,1.5918846696794526,0.93,0.35,1.781982589001076e-61,6,CYBB
8.54254088632185e-66,6.522624282626211,0.496,0.008,3.12665538980266e-61,6,AC020651.2
1.6423560857124572e-64,1.0334230090740562,0.995,0.777,6.011187509316164e-60,6,LRRFIP1
2.410876790717233e-64,1.9523050135975377,0.768,0.239,8.824050141704144e-60,6,SH3BP2
3.858124727242821e-64,2.0584933987207332,0.737,0.184,1.412112231418145e-59,6,EPB41L3
8.521713858925316e-63,2.172126370185588,0.755,0.226,3.119032489505255e-58,6,FAM126A
1.6352278570549584e-62,1.7821098832881777,0.793,0.233,5.9850974796068535e-58,6,ITGAX
2.4141264622414787e-62,1.0081860379235827,0.994,0.845,8.835944264450037e-58,6,DOCK2
2.5891253296894016e-62,1.5253206993311101,0.879,0.415,9.476457619196179e-58,6,MIS18BP1
4.953452865284533e-62,2.1609720162826935,0.75,0.177,1.813013283222792e-57,6,SETBP1
7.142195305062242e-62,1.4298506715758768,0.866,0.301,2.614114903605831e-57,6,KYNU
1.4838952899543762e-61,1.534533276107119,0.84,0.309,5.431205150762012e-57,6,TYMP
3.8148332191668705e-61,1.875561014287062,0.795,0.265,1.3962671065472664e-56,6,CPPED1
6.065541361241874e-61,1.9945251600955973,0.773,0.235,2.2200487936281385e-56,6,IFI30
7.985718120661329e-60,1.3542679798452026,0.884,0.322,2.9228526893432532e-55,6,LRRK2
3.819188033743778e-59,1.505016446622461,0.836,0.285,1.39786101223056e-54,6,EMILIN2
4.061188471221792e-58,1.3335216236028145,0.895,0.46,1.4864355923518882e-53,6,JAK2
9.13793155878388e-58,2.0420332654117477,0.761,0.205,3.344574329830488e-53,6,CHST15
1.5580764969326602e-57,3.3072957713396445,0.55,0.073,5.70271578642323e-53,6,SH3RF1
1.8366394517555647e-57,1.303099249394521,0.857,0.317,6.722284057370542e-53,6,RAB31
2.3754195660538713e-57,1.5882420061097673,0.926,0.477,8.694273153713774e-53,6,PHTF2
2.2020022396312794e-56,1.655405984705184,0.81,0.295,8.059548397274446e-52,6,SRGAP2
2.211794721111905e-56,2.068024910954404,0.662,0.187,8.095389858741683e-52,6,FCER1G
3.2252044767777308e-56,1.8992896589379793,0.703,0.207,1.1804570905454173e-51,6,PILRA
7.283360765180193e-56,1.474433248213653,0.888,0.41,2.6657828736636025e-51,6,FRY
3.7509449115994336e-55,1.6628476158365142,0.82,0.326,1.3728833470945086e-50,6,PLXNC1
8.137649481689564e-55,3.6354910802493086,0.487,0.049,2.978461086793197e-50,6,LINC02432
9.01070463308719e-55,2.0339389233140204,0.691,0.186,3.2980080027562424e-50,6,MARCKS
1.0416872634441206e-54,2.2755613836654836,0.716,0.191,3.8126795529318257e-50,6,SERPINA1
1.361991251418923e-54,2.2451247289657745,0.605,0.142,4.9850241793184e-50,6,SH2D3C
1.6679429171192903e-54,2.0884731304580813,0.727,0.246,6.104837870948315e-50,6,CST3
5.173044654180806e-54,1.6891589771630189,0.733,0.241,1.8933860738767168e-49,6,ARRB1
6.676293252033415e-54,0.7552405202266268,1,0.996,2.44359009317675e-49,6,MT-CO1
6.980518518296594e-54,3.1977882249424363,0.516,0.063,2.5549395828817366e-49,6,SLC2A6
8.08639519829195e-54,1.4898672021418806,0.899,0.478,2.9597015065268365e-49,6,NEDD9
8.60310359808031e-54,0.9587539199270654,0.993,0.835,3.1488219479333744e-49,6,DOCK8
1.2353904917912083e-53,1.5125386143221915,0.841,0.377,4.5216527390050015e-49,6,SVIL
1.4887706759762931e-53,1.2789438567084113,0.949,0.566,5.4490495511408305e-49,6,PAG1
1.8114790030013167e-53,1.1400872929132704,0.948,0.578,6.6301942988851194e-49,6,BACH1
3.6306855058819254e-53,1.817779656224832,0.754,0.254,1.3288672020078435e-48,6,TENT5A
5.644168483550659e-53,2.4965184590627167,0.601,0.117,2.0658221066643767e-48,6,PLXNB2
6.764733933285192e-53,2.0319506939544807,0.697,0.214,2.475960266921713e-48,6,ST3GAL5
8.432027620648353e-53,0.7787666058137086,0.979,0.502,3.0862064294335034e-48,6,NAMPT
8.612183963160973e-53,1.4453705870111961,0.921,0.484,3.152145452356548e-48,6,RIN3
9.81794858316061e-53,1.2350707639125837,0.858,0.282,3.593467360922615e-48,6,CLEC7A
1.0159010362938073e-52,1.3198903007449916,0.845,0.353,3.7182993829389637e-48,6,DENND5A
1.2217328036079443e-52,1.3282718601622028,0.932,0.419,4.471664234485437e-48,6,UBE2E2
1.2703738778258564e-52,2.3995239137480326,0.571,0.111,4.649695430230417e-48,6,AC090559.1
4.404315154543939e-52,1.3115126060043152,0.749,0.278,1.6120233897146272e-47,6,STX11
4.642697159177061e-52,1.9245850200697552,0.696,0.217,1.699273587230396e-47,6,PIK3CG
1.2182057455593109e-51,1.4124145215081434,0.76,0.28,4.458754849321634e-47,6,FGR
1.2427817303375936e-51,1.4218398848026745,0.71,0.263,4.548705411208627e-47,6,ZMIZ1
2.84425021150243e-51,1.7591115211665165,0.753,0.268,1.0410240199120044e-46,6,PDLIM5
5.148230384960833e-51,4.0749869378010155,0.46,0.038,1.8843038031995144e-46,6,PAPSS2
5.564086827279385e-50,1.4849887237459896,0.89,0.496,2.036511419652528e-45,6,TUT7
8.29190425019639e-50,3.227408948259605,0.523,0.061,3.034919874614381e-45,6,LRRC25
2.9690904315791988e-49,1.7843576653332236,0.64,0.191,1.0867167888623026e-44,6,SRGAP2B
5.371272678913019e-49,1.5653942653017814,0.821,0.355,1.9659395132089543e-44,6,MBD2
6.237479919990546e-49,1.864758659230008,0.753,0.261,2.2829800255157397e-44,6,PIK3AP1
6.6589144915773744e-49,0.6363356456523261,0.999,0.99,2.4372292930622346e-44,6,PTPRC
1.0549763971858187e-48,1.6718020512637752,0.736,0.263,3.861319111339815e-44,6,FGL2
2.1151062576895927e-48,2.5470049556300842,0.621,0.127,7.741500413769679e-44,6,SNX18
2.2776538710947248e-48,1.0526273446711394,0.924,0.392,8.336440933593802e-44,6,MARCH1
2.475553566951328e-48,2.11518379966242,0.538,0.128,9.060773610398555e-44,6,TTYH3
2.7137047205077376e-48,1.128494658490677,0.981,0.775,9.93243064753037e-44,6,NCOA2
2.746530821857008e-48,1.5148591984765638,0.834,0.379,1.0052577461078835e-43,6,CACUL1
4.3021398791985495e-48,2.083163158033894,0.561,0.13,1.5746262171854611e-43,6,P2RX1
5.94275468045282e-48,1.4591146379569362,0.67,0.192,2.1751076405925366e-43,6,GAB1
6.153400513510962e-48,2.705204908504111,0.464,0.072,2.252206121950147e-43,6,FAM20A
1.6198384375808141e-47,1.3721227081814245,0.752,0.319,5.928770665389538e-43,6,SKAP2
4.558675248230584e-47,1.5064793849763458,0.609,0.168,1.6685207276048763e-42,6,MAFB
5.71757615479483e-47,1.0539032589419821,0.946,0.582,2.092690048416456e-42,6,ASAP1
5.754848120552779e-47,1.548712434420901,0.865,0.461,2.1063319606035224e-42,6,XYLT1
1.2193623368113596e-46,2.2247046767959233,0.573,0.13,4.462988088963257e-42,6,CDH23
1.2338717309426985e-46,1.6952310010766662,0.686,0.23,4.516093922423371e-42,6,ZNF710
1.2550981615997034e-46,1.339899787291488,0.884,0.399,4.593784781271074e-42,6,ATP11A
1.4355803080537076e-46,2.2204545101830004,0.522,0.118,5.2543674855073754e-42,6,ITSN1
1.7200946887877118e-46,1.515449535878334,0.659,0.236,6.295718570431904e-42,6,SUSD1
3.8144780672730994e-46,1.0202335089736332,0.961,0.659,1.3961371174026271e-41,6,DIAPH2
1.74061336475978e-45,1.0755316082111128,0.909,0.388,6.370818976357271e-41,6,RNF130
5.025663581220664e-45,5.222153266143155,0.392,0.02,1.8394431273625753e-40,6,CCDC26
5.11309857697153e-45,2.1834950742837966,0.635,0.182,1.87144521015735e-40,6,AIF1
1.1816871221056703e-44,0.9353458744912662,0.786,0.29,4.3250930356189635e-40,6,WDFY3
1.2802931479506435e-44,0.894871698300183,0.733,0.256,4.686000950814151e-40,6,SLC11A1
1.4674326708777253e-44,2.222326013973688,0.639,0.157,5.370950318679562e-40,6,SNAPC3
3.8343255438609967e-44,1.120667308823895,0.901,0.541,1.4034014923085634e-39,6,PTP4A2
4.80111319576591e-44,1.3238892060075986,0.851,0.34,1.757255440782281e-39,6,SESTD1
5.98303597928927e-44,1.5066444449493093,0.783,0.345,2.1898509987796656e-39,6,ZFAND5
6.75867864768087e-44,1.0659467873918653,0.846,0.456,2.473743971837675e-39,6,MAP3K3
1.1101595591473073e-43,3.512514819782456,0.381,0.039,4.06329500243506e-39,6,ABCC3
1.3707567263729701e-43,1.3277547580542932,0.813,0.378,5.017106694197708e-39,6,RNASET2
1.906824543824006e-43,1.371025876715579,0.744,0.279,6.979168512850245e-39,6,DENND3
2.174981882927442e-43,1.095199410165355,0.943,0.627,7.960651189702731e-39,6,PTPRJ
3.4340228546468077e-43,1.516183434957554,0.775,0.324,1.256886705029278e-38,6,LINC00278
3.5016003622194835e-43,2.4134131817204456,0.493,0.097,1.2816207485759532e-38,6,SPATA6
6.168412010138235e-43,0.7439000123228654,0.968,0.365,2.2577004798306954e-38,6,PLXDC2
6.357245341004205e-43,2.4823004178275663,0.414,0.07,2.326815367260949e-38,6,CD300LF
7.271126161337413e-43,1.622509466357897,0.788,0.308,2.6613048863111065e-38,6,CBL
8.960890021303952e-43,4.028390725770131,0.407,0.042,3.27977535669746e-38,6,TMTC1
1.7694068297902214e-42,1.5939226435462805,0.693,0.264,6.476205937715189e-38,6,LIMD1
3.067979305165163e-42,1.484728443456732,0.68,0.23,1.1229111054835013e-37,6,CLEC12A
4.259689986436784e-42,1.2321482940953472,0.807,0.424,1.5590891319357273e-37,6,ADGRE5
6.05201401417187e-42,1.6991643655150064,0.568,0.165,2.215097649327046e-37,6,RXRA
8.398265782580777e-42,2.733210829454182,0.438,0.068,3.0738492590823902e-37,6,RGS12
1.0230508414905052e-41,1.6143626228223893,0.617,0.214,3.744468384939398e-37,6,RASGEF1B
1.267182079097658e-41,0.7426385888723694,0.976,0.833,4.638013127705338e-37,6,COP1
1.8410210113053292e-41,1.180159463242389,0.856,0.469,6.738321003478635e-37,6,WASF2
2.0000636566017732e-41,0.7951073254601249,0.87,0.329,7.32043298952815e-37,6,LRMDA
2.6048545659233e-41,1.1716873661974792,0.799,0.385,9.53402819673587e-37,6,USP32
2.798222987751694e-41,1.2016624816173265,0.872,0.486,1.0241775957469975e-36,6,RAP1GAP2
3.507699995020931e-41,1.3604190384971593,0.837,0.42,1.283853275177611e-36,6,ZBTB7A
3.842841525433139e-41,1.1496120985539218,0.898,0.528,1.4065184267237832e-36,6,CERT1
4.552409410969786e-41,0.8824077481318113,0.949,0.581,1.6662273685090515e-36,6,ZSWIM6
4.79307870961079e-41,0.8757387484232964,0.923,0.501,1.7543147385046453e-36,6,NUMB
4.91103993302352e-41,4.514383134515809,0.323,0.017,1.7974897258859384e-36,6,AC092546.1
5.69221239925431e-41,1.2583001139843015,0.774,0.345,2.0834066602510703e-36,6,VCL
6.274619852148207e-41,1.3382465946235536,0.633,0.229,2.296573612084765e-36,6,ZFHX3
9.904071937866912e-41,3.5960225892783813,0.359,0.029,3.6249893699786686e-36,6,SIGLEC10
1.0809609526177097e-40,1.5330182157452041,0.62,0.206,3.9564251826760793e-36,6,VASP
1.2779788769053154e-40,2.883685968985501,0.433,0.072,4.677530487361145e-36,6,CFD
1.4273581142263475e-40,1.399196840400704,0.845,0.406,5.2242734338798546e-36,6,FAM117B
1.746809782400749e-40,8.175294754785368,0.323,0.001,6.393498484564982e-36,6,AC104809.2
2.6159554799842653e-40,1.096594862968845,0.858,0.357,9.57465865229041e-36,6,MEF2C
3.6415912226814253e-40,1.8334065503298986,0.606,0.172,1.3328588034136285e-35,6,GPR137B
4.843445775147072e-40,1.5388820064574784,0.636,0.213,1.77274958816158e-35,6,PAK1
5.271810995105737e-40,1.9948905222540398,0.506,0.12,1.929535542318651e-35,6,CNTLN
6.769079879958646e-40,1.0954460918291828,0.929,0.605,2.477550926863664e-35,6,ARAP2
7.386067933299962e-40,1.9640273675552131,0.547,0.142,2.703374724267119e-35,6,VAV2
7.751949532614365e-40,1.176135538807679,0.838,0.409,2.837291048432184e-35,6,PSEN1
7.952471668336515e-40,1.6934480992551575,0.655,0.227,2.910684155327848e-35,6,NAAA
1.2890666003884007e-39,0.9560466052211027,0.97,0.721,4.7181126640815854e-35,6,TAOK3
1.5916001907103254e-39,1.0696149195335525,0.868,0.522,5.825415858018862e-35,6,LCP2
1.6867490939669085e-39,1.320577542368944,0.87,0.442,6.173670358828282e-35,6,WASHC4
2.6851850797847214e-39,0.9085001783731643,0.951,0.714,9.828045910520058e-35,6,RNF149
2.7220172181672693e-39,1.0498591275462934,0.75,0.338,9.962855220214023e-35,6,STX7
3.0233565778331996e-39,1.6625087699402268,0.557,0.146,1.1065787410527293e-34,6,SLC24A4
4.350871641593335e-39,1.296366539403522,0.783,0.337,1.5924625295395766e-34,6,RHOQ
4.3647903155000664e-39,1.3282067281376637,0.82,0.376,1.5975569033761793e-34,6,PDE8A
5.0255932096041433e-39,1.1411193494222978,0.88,0.441,1.8394173706472124e-34,6,MANBA
6.110148992284385e-39,1.063735439898423,0.778,0.344,2.236375632666008e-34,6,PLEK
7.459916821402772e-39,1.202193688610128,0.777,0.353,2.7304041558016285e-34,6,LRMP
3.3746552149918643e-38,0.7609185922244834,0.99,0.869,1.2351575552391723e-33,6,PRKCB
4.0474468728845037e-38,1.861195847707699,0.592,0.186,1.4814060299444572e-33,6,LTA4H
4.631235292814816e-38,2.1709768853323053,0.536,0.118,1.695078429523151e-33,6,S100Z
5.368888551350207e-38,1.2570537642421935,0.781,0.375,1.965066898679689e-33,6,CMTM6
1.0681290074014688e-37,1.9079447860404002,0.484,0.122,3.909458979990116e-33,6,PPM1F
1.102773970131838e-37,0.7858967165042166,0.961,0.621,4.0362630080795406e-33,6,ITGA4
1.2874223261457528e-37,1.0347134136284555,0.841,0.43,4.71209445592607e-33,6,ITGAL
1.766096039386863e-37,2.5436843974984478,0.465,0.082,6.464088113759858e-33,6,FGD2
2.1437112012383174e-37,6.395558822645944,0.304,0.004,7.846197367652365e-33,6,LINC02085
2.398933460922032e-37,1.5390291225220327,0.583,0.177,8.780336360320729e-33,6,PRAM1
2.93499748847992e-37,1.6170014964563078,0.737,0.261,1.0742384307585355e-32,6,IL15
5.076295383176385e-37,0.9537321245764157,0.787,0.331,1.8579748731963887e-32,6,FCN1
1.1275287174903264e-36,1.2528961124247906,0.874,0.513,4.1268678588863436e-32,6,RYBP
1.39062327773767e-36,0.5844758513419239,0.997,0.946,5.089820258847646e-32,6,CELF2
1.609376648855054e-36,1.4249052255284491,0.629,0.231,5.890479472474384e-32,6,OSBPL11
1.615758029732488e-36,1.1814868765302284,0.595,0.227,5.913835964623879e-32,6,CPVL
1.7851153903414884e-36,2.9009888302972517,0.369,0.049,6.533700840188882e-32,6,HMOX1
2.2710691489673467e-36,2.054561723694802,0.473,0.108,8.312340192135386e-32,6,ULK2
2.5277098826942907e-36,1.6809440354484435,0.607,0.2,9.251670941649374e-32,6,GCH1
2.7753356812880104e-36,2.82592729497759,0.383,0.062,1.0158006127082247e-31,6,SAMD4A
3.2050375682409274e-36,1.846084393196614,0.523,0.14,1.173075800351862e-31,6,MAPKAPK3
3.2422165757946954e-36,2.2037503948148154,0.432,0.092,1.1866836889066164e-31,6,SCRN1
4.932169141787314e-36,2.1498985369658,0.564,0.14,1.8052232275855748e-31,6,LFNG
5.501861850005542e-36,1.2836281961017881,0.728,0.322,2.0137364557205282e-31,6,SEC14L1
7.067652310633753e-36,0.9121580609348343,0.932,0.557,2.58683142221506e-31,6,DENND1A
7.268622155935083e-36,1.3848298272439092,0.645,0.23,2.6603883952937998e-31,6,SPN
1.3798205385785574e-35,1.1943589093508213,0.874,0.47,5.050281153251378e-31,6,UBE2R2
1.5628658740167093e-35,1.5805205079746276,0.446,0.132,5.720245385488557e-31,6,TCIRG1
2.0513312378161325e-35,1.5017627772544444,0.824,0.498,7.508077463530826e-31,6,FTL
2.1172345911432666e-35,1.4823732431399073,0.486,0.142,7.74929032704347e-31,6,TLR4
2.790664518230722e-35,3.521553224511325,0.325,0.027,1.0214111203176265e-30,6,SMIM25
2.954958073586907e-35,1.48765731644366,0.672,0.265,1.0815442045135438e-30,6,CTSC
3.5590226285100355e-35,3.4441066142989842,0.385,0.035,1.302637872260958e-30,6,TAGLN
5.29958079653969e-35,1.8589823534301382,0.493,0.123,1.939699567341492e-30,6,ADAP2
6.634750855800545e-35,1.7158125748871882,0.534,0.151,2.4283851607315575e-30,6,GNB4
7.530157504675713e-35,0.9515218173005857,0.664,0.26,2.7561129482863577e-30,6,NCF2
1.165097165524772e-34,2.7128037392565623,0.488,0.079,4.2643721355372185e-30,6,PPARGC1B
1.3357822032991962e-34,1.964168234115019,0.403,0.097,4.889096442295388e-30,6,SLC8A1-AS1
1.3441992186905062e-34,1.8136270850011385,0.559,0.166,4.919903560329122e-30,6,GNS
2.0258071655906654e-34,3.208019511033145,0.403,0.048,7.414656806778395e-30,6,IFITM3
2.2707360708440417e-34,1.1660231097539702,0.814,0.438,8.311121092896278e-30,6,RAB10
2.7006707418938706e-34,1.1287598424257101,0.927,0.606,9.884724982405757e-30,6,DLEU2
2.9541089773792466e-34,1.28036993624783,0.677,0.272,1.081233426810578e-29,6,IPMK
3.359342556282643e-34,0.6261510549627869,0.984,0.832,1.2295529690250102e-29,6,STK17B
3.507976380805449e-34,1.50128871112905,0.637,0.222,1.2839544351386025e-29,6,BID
5.901957678374278e-34,1.0757721328356329,0.813,0.45,2.1601755298617695e-29,6,WSB1
6.476273040035346e-34,0.7358826420935043,0.953,0.62,2.370380695383337e-29,6,MEF2A
7.084666836594114e-34,0.5098555613091267,0.984,0.717,2.5930589088618115e-29,6,ATP2B1
7.730610836966323e-34,2.2276351748846603,0.449,0.097,2.8294808724380435e-29,6,PDGFC
1.1620003773507737e-33,0.6880040610633174,0.992,0.825,4.2530375811415666e-29,6,PICALM
1.1931321147705845e-33,1.1202495004150703,0.808,0.35,4.366982853271816e-29,6,IFNGR2
1.630840102802012e-33,1.366240331630126,0.618,0.197,5.969037860265644e-29,6,SNED1
2.2415545604270364e-33,1.3216632211950605,0.565,0.22,8.204313846618996e-29,6,KSR1
2.2766525700830033e-33,1.5154718479222096,0.554,0.18,8.3327760717608e-29,6,NACC2
3.126246596247766e-33,0.983565526955217,0.748,0.373,1.1442375166926447e-28,6,RPS6KC1
3.5842775456952075e-33,0.7899628603169071,0.935,0.646,1.311881424499903e-28,6,VMP1
3.73070700412867e-33,2.0437750828530534,0.527,0.145,1.3654760705811346e-28,6,CDYL2
4.076280379536717e-33,0.7352059663143942,0.766,0.31,1.4919593817142337e-28,6,RBM47
7.709485427631993e-33,1.0364858199271736,0.914,0.636,2.8217487613675857e-28,6,ADAM10
8.297569702017757e-33,2.294833686336151,0.331,0.064,3.036993486635519e-28,6,LINC00877
8.855865008240075e-33,1.2959826519182267,0.662,0.281,3.24133515166595e-28,6,SH2B3
1.306436762366923e-32,1.7801965654084873,0.518,0.134,4.781689193939175e-28,6,FCGR2A
1.568771153572688e-32,1.6700052846397777,0.539,0.162,5.741859299191395e-28,6,PTPN6
1.6820768253163711e-32,1.13254165441665,0.711,0.329,6.15656938834045e-28,6,AGPAT3
1.7386740326331382e-32,1.207371593550421,0.764,0.342,6.363720826840549e-28,6,ZNF106
2.521927438621961e-32,0.7992910936062816,0.95,0.703,9.23050661810024e-28,6,STK10
2.9036482217139324e-32,1.5805514402869003,0.582,0.19,1.0627642856295163e-27,6,EHBP1L1
3.0919320121976875e-32,0.5988089233464544,0.938,0.488,1.1316780357844756e-27,6,GAB2
3.4861914006952225e-32,0.7759343965252556,0.938,0.666,1.2759809145684585e-27,6,LCP1
3.527843088497841e-32,0.8880874791015301,0.908,0.421,1.2912258488210947e-27,6,SYK
3.781165488262897e-32,0.5540250234050406,0.773,0.303,1.383944380359103e-27,6,TLR2
5.620978134387664e-32,1.3379729895743426,0.637,0.259,2.0573342069672287e-27,6,YPEL2
8.300035124802953e-32,1.8627028472288023,0.425,0.107,3.037895856029129e-27,6,KIAA0513
1.0204954425267359e-31,1.526174191359683,0.577,0.188,3.735115369192106e-27,6,RP2
1.0807383932157656e-31,0.9759771376133954,0.879,0.526,3.955610593009023e-27,6,TPM3
1.5217561083300234e-31,2.473273072192386,0.383,0.068,5.5697795320987186e-27,6,MSR1
1.9930749109456677e-31,1.2335619649375624,0.59,0.226,7.294853481552238e-27,6,ANXA5
2.9291270747495663e-31,0.8928990600462448,0.909,0.568,1.0720898006290887e-26,6,CSGALNACT2
3.006648254581555e-31,0.9352218713224264,0.716,0.359,1.1004633276593949e-26,6,KLF7
3.1211593288793828e-31,1.9508275350773048,0.45,0.111,1.1423755259631428e-26,6,INSR
3.1312587583349373e-31,0.9578325865402961,0.766,0.379,1.1460720181381704e-26,6,CD83
4.448243714749956e-31,0.9477052167077529,0.85,0.452,1.6281016820356314e-26,6,H2AFY
4.6399579835986255e-31,1.4624386222647516,0.525,0.151,1.6982710215769329e-26,6,C5AR1
5.213603647195909e-31,0.9997354248929234,0.696,0.316,1.9082310709101747e-26,6,GAS7
6.449640139859522e-31,1.797393064087556,0.403,0.103,2.3606327875899839e-26,6,SORT1
7.580135115864319e-31,2.769816641541062,0.316,0.029,2.7744052537574996e-26,6,PTPN13
8.597248919052832e-31,0.8184105006763791,0.959,0.786,3.146679076862527e-26,6,WAC
8.634483055631796e-31,1.2935952975678113,0.507,0.153,3.1603071431917936e-26,6,DUSP6
8.692553929520105e-31,2.352201888956722,0.405,0.076,3.1815616637436536e-26,6,RBBP8
9.169274900636052e-31,0.9139359048391347,0.937,0.636,3.3560463063818016e-26,6,CAMK1D
9.244125564308389e-31,1.6936619880085306,0.413,0.117,3.383442397792513e-26,6,SLC25A25
1.066118711415034e-30,1.5911519000464376,0.515,0.161,3.9021010956501654e-26,6,RELT
1.4197804854006583e-30,1.5230998448884878,0.541,0.155,5.19653855461495e-26,6,HRH2
1.4568137270375248e-30,2.0974962739817915,0.283,0.055,5.332083922330044e-26,6,OAS1
1.6066643298390802e-30,0.7693723537038237,0.978,0.852,5.880552113644017e-26,6,RAP1B
1.7331290710769676e-30,1.2162046924293572,0.719,0.36,6.343425713048809e-26,6,VPS53
2.0108564189653323e-30,0.6804651465816147,0.97,0.718,7.359935579055013e-26,6,ACAP2
2.5458771342991402e-30,1.3278338331071142,0.518,0.183,9.318164899248283e-26,6,ITPRID2
4.3614185963300394e-30,1.4084197473491344,0.542,0.193,1.5963228204427577e-25,6,CEBPB
8.571725534234062e-30,1.2550326372615697,0.614,0.234,3.137337262785009e-25,6,ALOX5
8.637578067135239e-30,1.4514577575430205,0.589,0.206,3.161439948352169e-25,6,CHKA
9.981121511549281e-30,0.5846999632883079,0.968,0.651,3.6531902844421523e-25,6,QKI
1.1056629914118955e-29,1.0427028419882558,0.836,0.49,4.0468371148666787e-25,6,HIPK3
1.2665136859015637e-29,1.1483207683964247,0.66,0.274,4.635566741768313e-25,6,MYO1G
1.3576144522644286e-29,1.4517559294788736,0.59,0.215,4.969004656733035e-25,6,FNIP2
1.392755467301332e-29,1.7459514006771708,0.479,0.127,5.097624285869606e-25,6,HEG1
1.5886242349784286e-29,1.0473355149153305,0.583,0.253,5.814523562444547e-25,6,CTSB
1.6870463033246654e-29,1.311301608464132,0.539,0.195,6.174758174798608e-25,6,SNX30
1.904350707805189e-29,0.8261443078948629,0.879,0.541,6.970114025637772e-25,6,NT5C2
2.4409132578817496e-29,1.3507857293278311,0.707,0.32,8.93398661517299e-25,6,TMPO
2.5561661180448337e-29,0.9576750327967938,0.649,0.318,9.355823608655897e-25,6,WDR11
2.583691525749354e-29,0.6890631319270513,0.823,0.378,9.45656935339521e-25,6,TRIO
2.6075953694120305e-29,1.6160768501013767,0.45,0.132,9.544059811584973e-25,6,HEATR3
2.679526930727338e-29,1.735730988949952,0.352,0.096,9.807336519155129e-25,6,LDLRAD3
2.794413845772925e-29,1.8242035837850519,0.359,0.094,1.0227834116913482e-24,6,UGGT2
2.8797322486733576e-29,1.614055632932164,0.397,0.119,1.0540108003369356e-24,6,KCNQ1OT1
3.5211936747302815e-29,2.2642630370374937,0.35,0.067,1.2887920968880304e-24,6,EAF2
3.5391273727609683e-29,0.9691243969235852,0.803,0.367,1.295356009704242e-24,6,C9orf72
3.7287070780022365e-29,0.7540923942680642,0.927,0.668,1.3647440776195985e-24,6,ACTR3
4.039966895514614e-29,2.142318266170367,0.393,0.088,1.478668283427304e-24,6,NHSL1
4.2401231946891354e-29,1.003948134165301,0.638,0.288,1.5519274904881705e-24,6,TIAM1
4.9085329455162426e-29,1.799384240413525,0.419,0.112,1.7965721433884e-24,6,FGD6
8.09883692120816e-29,0.6636713948821784,0.982,0.713,2.9642553015313983e-24,6,SIPA1L1
1.171220995894776e-28,0.851529344766526,0.876,0.509,4.28678596707447e-24,6,WDFY2
1.1781921806707497e-28,1.1564398999223813,0.67,0.269,4.312301200473011e-24,6,STK3
1.381217704597659e-28,1.5298099423149798,0.455,0.156,5.055394920597892e-24,6,TNFSF10
1.6748951723340701e-28,2.2748672516581734,0.32,0.058,6.13028382025993e-24,6,LILRA5
1.8198783076114455e-28,2.059296404923718,0.331,0.067,6.660936593688652e-24,6,HK3
2.0403181190420048e-28,1.6385368182622575,0.507,0.156,7.467768347505642e-24,6,PTPN18
2.385588295476498e-28,2.1039250886986482,0.417,0.089,8.731491720273531e-24,6,TJP2
2.410527780599869e-28,2.045032080392812,0.329,0.071,8.822772729773581e-24,6,AC024084.1
2.708582970880266e-28,1.2285884437340409,0.542,0.193,9.913684531718861e-24,6,MPEG1
2.7696416433585335e-28,1.7711859342480984,0.304,0.067,1.0137165378856568e-23,6,CX3CR1
4.286746683267532e-28,1.0229908641630123,0.618,0.277,1.5689921535427492e-23,6,MIDN
4.54837343840956e-28,1.3574395160230273,0.652,0.256,1.664750162192283e-23,6,CSK
4.948357726913902e-28,1.2021329389939663,0.68,0.24,1.811148411627757e-23,6,SWAP70
7.0456086888894975e-28,0.9147854755545948,0.676,0.32,2.578763236220445e-23,6,ANXA2
9.149206019928453e-28,1.2478351850689196,0.789,0.384,3.348700895354013e-23,6,TSPAN14
9.263715399049944e-28,1.4634366862019461,0.648,0.304,3.39061247320627e-23,6,UBASH3B
1.009095846485636e-27,3.1430790781839097,0.286,0.027,3.693391707722076e-23,6,NEURL1
1.0984568350586528e-27,1.210166848265176,0.566,0.212,4.020461861998175e-23,6,LACTB
1.193863322983795e-27,0.6211716325186893,0.86,0.565,4.369659148452988e-23,6,RTN4
1.2086314992071725e-27,0.8019263407910193,0.923,0.536,4.423712150248172e-23,6,MYO1F
1.3418351397671422e-27,1.3946482628526091,0.396,0.124,4.911250795061717e-23,6,LILRB3
1.892603236171627e-27,1.3765175655470894,0.518,0.168,6.927117104711772e-23,6,TIMP2
1.9374135265433956e-27,0.8942080064191689,0.787,0.359,7.091127248501482e-23,6,CCDC88A
2.302989866494286e-27,0.8312434250751003,0.698,0.356,8.429173210355735e-23,6,ATP1B3
2.4483312668982998e-27,0.9445650684657003,0.868,0.465,8.961137269974467e-23,6,SAMSN1
2.5066318105817505e-27,1.0514101166688568,0.578,0.253,9.174523089910265e-23,6,ANKRD13D
2.744287938123235e-27,1.2117948651853239,0.495,0.179,1.0044368282324853e-22,6,RTN1
2.786320092010187e-27,2.5629974943798177,0.346,0.057,1.0198210168766486e-22,6,MGLL
3.146539125640612e-27,0.9995586490331916,0.862,0.512,1.1516647853757204e-22,6,RNF13
3.939805961538351e-27,0.9357688139364937,0.771,0.399,1.4420083799826519e-22,6,NRIP1
4.2880854420898264e-27,2.612067146954125,0.306,0.044,1.5694821526592973e-22,6,CHST7
4.4437856832036825e-27,0.8723980375755374,0.945,0.745,1.6264699979093798e-22,6,CYTIP
5.740066237243455e-27,2.1160219327004404,0.316,0.067,2.100921643493477e-22,6,RAPH1
6.706860276682202e-27,1.2604441176236438,0.579,0.228,2.4547779298684527e-22,6,TKT
8.585204498559279e-27,1.7141531845367235,0.542,0.159,3.1422706985176817e-22,6,LRRK1
9.94129065574612e-27,1.5919262270936518,0.438,0.147,3.6386117929096375e-22,6,ANKDD1A
1.2935870558892848e-26,0.8548805985350891,0.927,0.701,4.734657983260371e-22,6,TBC1D22A
1.3068981368155814e-26,1.1916202398097662,0.731,0.375,4.78337787055871e-22,6,EXT1
1.6395810403916286e-26,0.8272729213651564,0.706,0.315,6.0010305659374e-22,6,MAML3
1.7846141292302977e-26,2.1061848853828815,0.373,0.08,6.531866174395812e-22,6,SLC7A7
2.119649366828842e-26,0.9981768610054877,0.889,0.579,7.758128647530245e-22,6,NAP1L1
2.3625069232427277e-26,1.373548048882228,0.517,0.177,8.647011589760708e-22,6,RPS6KA2
2.9709739947403927e-26,1.4341131771924753,0.581,0.208,1.0874061918149312e-21,6,ITPK1
3.09502480994601e-26,0.8202853486466986,0.902,0.609,1.132810030688339e-21,6,NFAT5
3.2788376947712614e-26,0.8969788302482891,0.846,0.523,1.2000873846632294e-21,6,SLC9A9
3.5788059697206314e-26,1.538602794652193,0.445,0.131,1.3098787729774484e-21,6,DGKG
3.7024253114541546e-26,0.8204350344430195,0.613,0.264,1.3551246882453351e-21,6,SLC43A2
3.900909243012691e-26,1.6749405803118185,0.503,0.141,1.427771792035075e-21,6,AP2A1
4.5938246373276487e-26,1.09901616792625,0.775,0.366,1.6813857555082927e-21,6,SPOPL
5.80558042442725e-26,1.0069599740282136,0.517,0.23,2.1249004911446177e-21,6,SASH3
7.129778327839053e-26,1.13036999985145,0.591,0.226,2.6095701657723715e-21,6,MAP3K20
7.169644054759033e-26,0.8882748418996578,0.879,0.541,2.6241614204823538e-21,6,RIC1
7.567726101810959e-26,1.0337442332539042,0.712,0.342,2.769863430523829e-21,6,SLC25A13
1.0087536327961345e-25,0.7142847342393877,0.798,0.438,3.692139171397132e-21,6,SSBP2
1.048220972660051e-25,0.7689723734732192,0.795,0.461,3.836593582033053e-21,6,TBC1D1
1.099839967004881e-25,1.1925539392954732,0.55,0.219,4.025524263234564e-21,6,SLC6A6
1.3632226885744043e-25,1.4474288630822725,0.409,0.121,4.989531362451177e-21,6,RGS18
1.5089854247833075e-25,1.5446781672542687,0.437,0.13,5.523037553249384e-21,6,BCL2A1
1.7939710871575659e-25,0.9670914912473828,0.581,0.265,6.566113576105407e-21,6,CDC42EP3
1.9837586611866425e-25,0.821427642447214,0.741,0.416,7.26075507580923e-21,6,CAP1
2.0547698706201597e-25,2.1427782507792785,0.321,0.066,7.520663203456847e-21,6,LMO2
2.105946846192899e-25,1.2951432831376342,0.571,0.21,7.70797605175063e-21,6,ARAP1
2.1707001088155804e-25,1.6266202701971935,0.379,0.105,7.944979468275905e-21,6,ARHGAP27
2.235648674655891e-25,2.4333325529250747,0.304,0.049,8.182697714108026e-21,6,FAM110A
2.370456239427791e-25,2.169698655552449,0.376,0.076,8.676106881929657e-21,6,SCIMP
2.412139594208203e-25,1.794168202737005,0.331,0.085,8.828672128761445e-21,6,RHOB
2.754237686158105e-25,1.6676444692983408,0.411,0.117,1.008078535510728e-20,6,CD68
3.2517648976801513e-25,1.351848232072748,0.642,0.253,1.1901784701999121e-20,6,ANKS1A
3.982185142623108e-25,1.5538143480463846,0.448,0.139,1.4575195840514838e-20,6,MBOAT1
4.0510172137285413e-25,0.7197588055191486,0.787,0.419,1.4827128103967834e-20,6,DUSP1
4.802065073079542e-25,0.7870491364786374,0.915,0.631,1.7576038373978433e-20,6,FTH1
5.34802604711311e-25,1.639100537661208,0.38,0.108,1.9574310135038693e-20,6,ARHGAP32
5.560178132956505e-25,1.3067413066744453,0.584,0.226,2.0350807984434104e-20,6,SNX10
6.687034489575781e-25,0.9465556095772586,0.692,0.339,2.4475214935296315e-20,6,KIF1B
7.0867760024116085e-25,0.9725997273729932,0.814,0.465,2.5938308846426727e-20,6,CHD9
7.411787230716672e-25,1.013646781836687,0.678,0.299,2.712788244314609e-20,6,ARRB2
7.751255240246894e-25,2.4110667260589103,0.348,0.065,2.8370369304827654e-20,6,AL157871.4
8.157403980638687e-25,1.29090193889572,0.621,0.235,2.985691430953566e-20,6,PSTPIP2
9.48290298386555e-25,0.7122444875672058,0.922,0.698,3.47083732112463e-20,6,ADK
1.1031399290170924e-24,1.9329446940128856,0.344,0.079,4.03760245419546e-20,6,RALB
1.1111443909114314e-24,1.2170416435414768,0.56,0.22,4.06689958517493e-20,6,CPEB3
1.2794281559228304e-24,1.7874395964814545,0.299,0.071,4.6828349934931514e-20,6,HSBP1
1.2948152582874667e-24,0.92351466801382,0.755,0.424,4.739153326857957e-20,6,GNAI2
1.812563333482757e-24,1.257915623843738,0.416,0.147,6.634163056880239e-20,6,MRPS35
1.831973638681662e-24,1.0264445995002753,0.668,0.304,6.705206714938751e-20,6,ACER3
1.840544477746712e-24,0.6244245813584599,0.951,0.727,6.736576843000741e-20,6,ITSN2
1.8867617034313194e-24,1.5334769952476415,0.459,0.141,6.905736510728973e-20,6,ARID3A
2.4637741990100593e-24,2.0848555560601394,0.337,0.069,9.017659945796718e-20,6,PFKFB4
3.0223423859511233e-24,1.8796702342402576,0.323,0.075,1.1062075366819706e-19,6,BTK
4.367009825704682e-24,1.0461494075756643,0.563,0.236,1.5983692663061707e-19,6,ZNF438
5.584941343006579e-24,0.5554991841923922,0.986,0.888,2.044144380953838e-19,6,KMT2C
7.224700788602627e-24,1.694511359123072,0.333,0.087,2.6443127356364475e-19,6,LGALS9
7.872502762566142e-24,1.3710409002722417,0.52,0.18,2.8814147361268336e-19,6,PKN1
8.061864864116604e-24,0.8236725957356055,0.9,0.563,2.9507231589153183e-19,6,MYO9B
8.78163804532592e-24,0.925955504769246,0.783,0.452,3.21416734096974e-19,6,IFNAR2
9.782362254642447e-24,1.6922448415920084,0.479,0.148,3.580442408821682e-19,6,INSIG1
1.0824258534475351e-23,1.1175535527470077,0.495,0.203,3.9617868662033233e-19,6,VAV1
1.1414670850426271e-23,0.6173144289474193,0.956,0.783,4.1778836779645193e-19,6,LPP
1.2243180430337324e-23,1.195622874443445,0.566,0.235,4.481126469307764e-19,6,SRBD1
1.479791224740991e-23,1.763521184529714,0.308,0.074,5.416183861674501e-19,6,RGS19
1.6194574208481907e-23,1.1664309670945794,0.638,0.286,5.927376106046463e-19,6,B4GALT5
1.847514267269115e-23,0.6120126094317082,0.931,0.627,6.762086969631688e-19,6,GRB2
1.9452237116020063e-23,2.5197698620117785,0.258,0.04,7.119713306834503e-19,6,C3AR1
1.945909608453054e-23,2.7789573265687975,0.268,0.033,7.122223757899023e-19,6,ADGRE1
1.9779098656431754e-23,2.017486277421016,0.294,0.066,7.239347899240586e-19,6,VDR
2.0415024011458808e-23,1.5834212868393711,0.386,0.114,7.472102938434038e-19,6,NBPF26
2.2176024083154548e-23,0.7680093442309253,0.665,0.326,8.116646574675396e-19,6,SIPA1L3
2.4666017414297586e-23,0.7082102571060744,0.891,0.527,9.02800903380706e-19,6,SNX9
2.5379385758811206e-23,0.576855587066158,0.946,0.601,9.28910898158249e-19,6,GNAQ
2.817084962530759e-23,1.2299750511133505,0.544,0.211,1.0310812671358832e-18,6,VPS35
2.9881975460679903e-23,0.6875042932890398,0.771,0.398,1.0937101838363452e-18,6,SPTLC2
3.2796421532394094e-23,1.1867162865645593,0.47,0.184,1.2003818245071562e-18,6,ARHGAP21
3.5054140510274534e-23,2.857294580237275,0.271,0.035,1.2830165968165583e-18,6,PDK4
5.30434490592329e-23,1.1371759486688993,0.525,0.215,1.941443279016983e-18,6,TRIM8
5.783584913455248e-23,0.9318560260456435,0.527,0.224,2.1168499141737555e-18,6,THEMIS2
6.58772024840272e-23,2.1038367419758406,0.305,0.062,2.4111714881178797e-18,6,PLAGL2
8.025008005900911e-23,0.7921644082325119,0.481,0.235,2.937233180239792e-18,6,UBE2J1
8.190277739292099e-23,1.7255309055054306,0.323,0.102,2.9977235553583012e-18,6,DST
1.0280989107665735e-22,0.944824442643125,0.779,0.436,3.7629448232967355e-18,6,TSC22D2
1.1116463672307244e-22,1.0220835552593728,0.61,0.269,4.0687368687011745e-18,6,CPEB2
1.2303868436312483e-22,2.8656446643076974,0.262,0.033,4.5033388863747316e-18,6,LILRA1
1.2630677197734772e-22,0.9134890342203166,0.858,0.497,4.622954161142904e-18,6,CPQ
1.5491491717263282e-22,1.6747848998700312,0.282,0.074,5.670040883435534e-18,6,PLEKHO2
1.9431831933489481e-22,0.5892619595601329,0.862,0.59,7.112244805976486e-18,6,KLF6
1.996961958961649e-22,0.8039508865864788,0.618,0.3,7.309080465995531e-18,6,TMTC2
2.3740456915180027e-22,1.1080766899714807,0.593,0.258,8.689244635525042e-18,6,ADA2
2.6871009306680924e-22,1.2484530238621732,0.658,0.265,9.835058116338285e-18,6,SYNJ1
3.7593931123223406e-22,1.4424370532140338,0.401,0.126,1.3759754730410998e-17,6,NADK
4.402738381588185e-22,0.9939607494814244,0.868,0.579,1.6114462750450915e-17,6,GNG2
4.7335845199657805e-22,2.0707238533741212,0.335,0.072,1.7325392701526752e-17,6,SASH1
6.188685959191884e-22,0.5610976659365687,0.781,0.418,2.2651209479238216e-17,6,APLP2
6.366889734784676e-22,0.9782272144362243,0.617,0.298,2.3303453118285393e-17,6,SFT2D2
6.389689277828996e-22,0.5308115691556292,0.956,0.766,2.338690172578191e-17,6,FBXW7
6.558243520291705e-22,2.1577409345188028,0.25,0.048,2.400382710861967e-17,6,HOTAIRM1
8.216259884647985e-22,0.6045346557441095,0.631,0.313,3.007233280380009e-17,6,CD58
8.655613476713293e-22,1.2077985904638386,0.493,0.197,3.168041088611832e-17,6,MGAT1
8.896855436723857e-22,2.198635596053642,0.293,0.056,3.256338058395299e-17,6,REPS2
1.0078454693736584e-21,0.9633266603551525,0.473,0.189,3.688815202454527e-17,6,ETS2
1.0298245831915794e-21,1.2997373346816918,0.333,0.121,3.7692609569395e-17,6,ANXA4
1.1212960635250903e-21,0.7395621691536572,0.692,0.317,4.104055722108183e-17,6,SULF2
1.37225130051643e-21,0.8735586975902414,0.759,0.434,5.0225769850201855e-17,6,ST8SIA4
1.6184667053303745e-21,2.2004950860152315,0.279,0.051,5.923749988179704e-17,6,UNC119
2.0499965129803903e-21,0.706716409285476,0.717,0.393,7.503192237159527e-17,6,UBE2W
2.1158028925701066e-21,0.7923091037883989,0.515,0.222,7.744050167095847e-17,6,CORO1C
2.501840398686734e-21,0.9664968713000874,0.751,0.435,9.156986043233315e-17,6,RASA1
2.587095666129002e-21,0.9762270796828584,0.579,0.24,9.46902884759876e-17,6,TNFSF13B
2.7391039244662473e-21,0.730586411218102,0.915,0.647,1.0025394273938912e-16,6,REL
2.8282609187124626e-21,1.1239135860691554,0.543,0.226,1.0351717788579485e-16,6,RRBP1
2.969123518168554e-21,0.7477541999189303,0.947,0.737,1.0867288988848725e-16,6,SMAP2
4.214376698949603e-21,1.0108356067569848,0.753,0.391,1.5425040155825444e-16,6,TES
4.617349108560284e-21,1.3453397127747377,0.373,0.137,1.6899959472241494e-16,6,SLC25A33
4.678524726564665e-21,1.5902968670591526,0.352,0.094,1.712386835169933e-16,6,SIDT2
5.905476851428158e-21,0.7284772969548629,0.589,0.292,2.16146358239122e-16,6,ZNF516
6.84402358720091e-21,1.0392315714579756,0.562,0.213,2.5049810731514053e-16,6,LRP1
7.593071663571951e-21,0.6018110059536792,0.879,0.615,2.77914015958397e-16,6,SCFD1
9.942329535075124e-21,0.6424637226590081,0.394,0.161,3.6389920331328463e-16,6,JDP2
1.0036606616509874e-20,0.5693266813401223,0.965,0.78,3.673498387708779e-16,6,FAM49B
1.051369599489847e-20,1.255098021312417,0.595,0.256,3.848117871092789e-16,6,TYROBP
1.1125150535117039e-20,1.1324737742036493,0.449,0.177,4.0719163473581873e-16,6,RHOG
1.1454781809999856e-20,1.2508958700206947,0.542,0.222,4.1925646902780474e-16,6,NDUFB9
1.3938100168248394e-20,0.9505361888903284,0.766,0.386,5.101484042580595e-16,6,TRAK1
1.4314137545618637e-20,0.9361427099676061,0.51,0.225,5.239117483071878e-16,6,CTNNA1
1.5530893747792854e-20,0.908738881725822,0.682,0.346,5.684462420629662e-16,6,APC
1.925965904332504e-20,0.9905459928281116,0.779,0.444,7.049227806447398e-16,6,MTPN
1.9584674588945995e-20,1.3729513611147253,0.385,0.128,7.168186746300123e-16,6,MPC1
2.1844699328226018e-20,1.3420132012024941,0.317,0.103,7.995378401124005e-16,6,CAT
2.5839489697390304e-20,0.5135103865491306,0.928,0.668,9.457511624141826e-16,6,SAMHD1
2.597559245199302e-20,0.6574012677689685,0.811,0.463,9.507326593353966e-16,6,FOXO3
2.6044901506955516e-20,0.7163206705901274,0.704,0.395,9.532694400560788e-16,6,FOXN2
3.1946367179278584e-20,0.6735844079311408,0.801,0.461,1.1692689851287754e-15,6,KLHL2
3.4695706306129327e-20,0.5680060064094572,0.714,0.39,1.2698975465106395e-15,6,CPEB4
3.52213055995252e-20,0.5539215908919828,0.934,0.596,1.2891350062482219e-15,6,TET2
3.5584430369829266e-20,0.9748954108242421,0.497,0.215,1.302425735966121e-15,6,SPAST
3.686489839002033e-20,0.8027620115673145,0.766,0.454,1.3492921459731342e-15,6,SPG11
4.1603531661597976e-20,0.722463329312782,0.682,0.38,1.5227308623461475e-15,6,PACSIN2
4.3829694596507953e-20,0.8189656461994408,0.713,0.375,1.6042106519267876e-15,6,SNX2
6.513991272478516e-20,0.9909095998895154,0.487,0.211,2.3841859456398614e-15,6,PCMT1
6.653183333796272e-20,0.7807412746087612,0.804,0.474,2.4351316320027738e-15,6,HERC3
7.083565823483967e-20,1.121892024328723,0.475,0.196,2.5926559270533664e-15,6,ZNF592
7.86842770501411e-20,0.6911552664301546,0.588,0.313,2.8799232243122145e-15,6,LRRC8D
8.838094525924169e-20,1.389632109819271,0.393,0.13,3.234830977433505e-15,6,PIEZO1
9.305855409069001e-20,0.5670336486252953,0.686,0.429,3.406036138273345e-15,6,PDCD6IP
1.1509561606970808e-19,2.130052425179144,0.314,0.061,4.2126146437673855e-15,6,C15orf39
1.2185516816296027e-19,0.5831862544416285,0.658,0.36,4.460021009932509e-15,6,SLC49A4
1.2186306654346604e-19,1.010018715159566,0.526,0.202,4.460310098557401e-15,6,TNFAIP2
1.2402207388082472e-19,1.7591091237640488,0.324,0.078,4.539331926112066e-15,6,SIPA1L2
1.2467810167058948e-19,0.9020951227150369,0.584,0.291,4.5633431992452454e-15,6,SEC11A
1.4024991774354747e-19,1.0830242561674865,0.48,0.185,5.133287239331581e-15,6,NOL4L
1.7242306851216903e-19,1.5687239511068483,0.385,0.113,6.310856730613899e-15,6,NPC2
1.768746512177477e-19,0.627610335860155,0.853,0.547,6.473789109220784e-15,6,JAZF1
1.775809292308828e-19,1.7171343561954377,0.368,0.097,6.499639590779541e-15,6,KIAA0930
1.9390169973404175e-19,1.5072250940085463,0.361,0.106,7.096996111965662e-15,6,PNPLA6
2.212317251252528e-19,0.7844692822214805,0.681,0.365,8.097302371309376e-15,6,FAM91A1
2.402017003135732e-19,1.067020608117057,0.503,0.189,8.791622433177093e-15,6,DNMBP
2.4284348721892065e-19,2.3872109652952935,0.256,0.047,8.888314475699715e-15,6,P2RY13
2.7722430965836955e-19,1.0485535950181761,0.551,0.216,1.0146686957805984e-14,6,FARP2
3.1687184779754174e-19,1.0309460096834704,0.515,0.225,1.1597826501237825e-14,6,ALPK1
3.1958464405548595e-19,1.552238925395917,0.323,0.093,1.169711755707484e-14,6,SOX4
3.3377984961902347e-19,1.6783204063236057,0.397,0.111,1.2216676275905878e-14,6,UNC93B1
3.406757577499924e-19,0.907682774877332,0.579,0.279,1.2469073409407471e-14,6,L3MBTL3
3.588047968470482e-19,1.2168022568804289,0.412,0.144,1.3132614369398812e-14,6,FLVCR2
4.1343241102424857e-19,2.106445026710614,0.274,0.056,1.5132039675898523e-14,6,ABHD6
4.366780977817585e-19,1.5117168413048496,0.35,0.105,1.5982855056910144e-14,6,KLF11
4.412564369478328e-19,0.9080422430743786,0.588,0.251,1.6150426848727627e-14,6,RILPL2
5.130078238576769e-19,0.6262255228279785,0.745,0.378,1.8776599361014832e-14,6,CEP170
5.331393542379935e-19,1.1500417692363607,0.427,0.167,1.9513433504464802e-14,6,FCHO2
5.45099337945987e-19,0.5366750975821875,0.906,0.654,1.995118086816107e-14,6,TANK
5.59387529549136e-19,1.7587678443567913,0.289,0.076,2.0474142969027928e-14,6,SLC31A2
6.030323423231381e-19,0.9032616735672431,0.593,0.286,2.2071586761369175e-14,6,OXSR1
6.66287062267695e-19,1.1664482079065868,0.308,0.095,2.4386772766059904e-14,6,LINC02384
8.036672527222345e-19,1.4205498369410503,0.379,0.126,2.9415025116886507e-14,6,P2RX7
8.301737001089698e-19,0.7079928134228266,0.856,0.541,3.03851875976884e-14,6,SHOC2
8.518481887020647e-19,2.0263986450602003,0.293,0.069,3.117849555468427e-14,6,LINC01504
1.1593685741597482e-18,1.3732144396985584,0.336,0.107,4.2434049182820943e-14,6,NOCT
1.3917369424188078e-18,0.8835554245300165,0.423,0.184,5.093896382947078e-14,6,ZDHHC7
1.4598574122258758e-18,0.5185255092915546,0.908,0.688,5.3432241144879284e-14,6,ARPC2
1.629602018592637e-18,2.1815050471716693,0.311,0.061,5.964506348250911e-14,6,CUEDC1
1.713325714650813e-18,1.6761109344773668,0.358,0.094,6.2709434481934406e-14,6,SNX24
1.8739616485475453e-18,0.7855268070938082,0.57,0.281,6.85888702984887e-14,6,PGGT1B
1.904882711985533e-18,0.7989350772273668,0.788,0.454,6.97206121413825e-14,6,NCKAP1L
2.5561762773909208e-18,1.2357532953955175,0.357,0.123,9.355860792878509e-14,6,PLCB2
2.892307322823087e-18,1.35581268088378,0.394,0.133,1.0586134032264781e-13,6,NBPF14
3.1381799613134806e-18,0.6772660609747092,0.848,0.571,1.148605247640347e-13,6,RB1
3.69398444535484e-18,1.3686704207445084,0.29,0.091,1.352035246844325e-13,6,CCNG2
3.759343407592307e-18,0.5298265639423025,0.922,0.689,1.37595728061286e-13,6,TLE4
3.827749485681481e-18,1.3518876716138364,0.333,0.113,1.4009945892542789e-13,6,PLA2G4A
4.3099193436456464e-18,1.609322403424188,0.3,0.084,1.577473578967743e-13,6,KCNE1
4.3205194003962866e-18,0.6658026125505598,0.615,0.354,1.5813533057390448e-13,6,KCNAB2
5.1847545343092635e-18,0.9660458488883854,0.586,0.271,1.8976720071025336e-13,6,RUFY3
5.458122673103232e-18,1.7418744483739796,0.324,0.081,1.9977274795825139e-13,6,NLN
5.8285897198580716e-18,0.7129430443458662,0.474,0.209,2.1333221233652528e-13,6,GLUL
6.004424414044243e-18,0.6957461708368688,0.965,0.825,2.1976793797843336e-13,6,SSH2
6.464974527217357e-18,0.6533839379650738,0.611,0.338,2.366245326706825e-13,6,PGK1
6.770232091426653e-18,1.1348642812443273,0.403,0.142,2.4779726477830693e-13,6,GFOD1
6.858886075048846e-18,2.643940576229243,0.262,0.039,2.510420892328628e-13,6,CALHM6
8.58101143063526e-18,0.7008778450623813,0.455,0.203,3.1407359937268115e-13,6,TBC1D9
8.617474761773202e-18,1.5207924569073104,0.298,0.089,3.1540819375566095e-13,6,VPS37C
8.859902496842434e-18,0.7097999230626341,0.65,0.355,3.242812912869299e-13,6,MICU1
9.060606797295772e-18,0.9471244693424579,0.526,0.233,3.3162726938782255e-13,6,XRCC4
1.033358403472589e-17,0.8604885993437821,0.712,0.391,3.782195092550023e-13,6,OXR1
1.0630366143239981e-17,1.1811036149355085,0.336,0.122,3.8908203120872655e-13,6,CASP1
1.203175699168414e-17,0.6766531048866946,0.805,0.497,4.403743376526312e-13,6,RIOK3
1.2037758212773685e-17,0.6266061530370355,0.71,0.386,4.4059398834572965e-13,6,HLA-DRB1
1.2098512463334708e-17,1.0152642288319325,0.391,0.157,4.4281765467051365e-13,6,DENND10
1.2685806860919145e-17,0.6329475842524297,0.67,0.345,4.643132169165017e-13,6,HDAC9
1.2949979943261938e-17,0.57558736448368375,0.944,0.756,4.739822159033302e-13,6,ACTR2
1.4243349581326036e-17,1.0323289914879863,0.7,0.358,5.213208380261143e-13,6,PCCA
1.5701715818613346e-17,0.8412968919974733,0.459,0.207,5.746985006770671e-13,6,STK40
1.6258040283425434e-17,0.9857519304772515,0.564,0.265,5.950605324136543e-13,6,CEPT1
1.6494764744511973e-17,1.2996311988494074,0.357,0.127,6.037248844138827e-13,6,TBC1D12
1.8051226892966686e-17,0.711943169181661,0.726,0.406,6.606929555094737e-13,6,LCORL
2.256151539450513e-17,0.8615544403136208,0.646,0.323,8.257740249542823e-13,6,ERGIC1
2.5960336493176924e-17,0.7434530978879315,0.361,0.164,9.501742759867685e-13,6,SELPLG
2.6330485356135693e-17,0.6935877107040471,0.781,0.484,9.637220945199224e-13,6,KRAS
3.302484508797175e-17,0.8469807984772244,0.503,0.24,1.2087423550648539e-12,6,GDI2
3.4451031429661774e-17,1.2516820507022448,0.395,0.141,1.2609422013570505e-12,6,MTF1
3.773700884989146e-17,1.9000408302894243,0.26,0.064,1.3812122609148774e-12,6,TMEM176B
3.93810938412717e-17,0.9963895687979026,0.585,0.263,1.4413874156843854e-12,6,PLEKHO1
4.320049888330166e-17,1.1925210274762865,0.465,0.168,1.5811814596277241e-12,6,CAMKK2
4.388412944824426e-17,1.1243850392449042,0.346,0.132,1.6062030219351883e-12,6,MOB3B
4.5591260046775e-17,1.285595215813422,0.484,0.189,1.6686857089720119e-12,6,S100A11
4.568352159780191e-17,1.2318879489467975,0.394,0.138,1.6720625740011478e-12,6,CTSZ
4.8607873793707464e-17,0.9056982693256355,0.622,0.307,1.7790967887234869e-12,6,OGDH
4.898301906723113e-17,1.9866236433645375,0.265,0.049,1.7928274808797265e-12,6,RHOC
4.9969516224510027e-17,0.5987992837552207,0.915,0.631,1.8289342633332916e-12,6,IQGAP1
5.0323407318013943e-17,0.8408771748827408,0.49,0.234,1.8418870312466283e-12,6,GDAP2
5.575176368035435e-17,1.3212240584644732,0.312,0.107,2.0405703024646495e-12,6,TIMP1
5.618653491021331e-17,0.5369390574746464,0.623,0.377,2.0564833642487172e-12,6,EMP3
5.691564394452007e-17,0.7832849208116289,0.551,0.251,2.083169484013379e-12,6,BCL6
6.921459881934222e-17,2.3609246108302058,0.28,0.046,2.5333235313867447e-12,6,SECTM1
1.0255764126150991e-16,1.0005023264814985,0.542,0.234,3.7537122278125246e-12,6,SNX27
1.0844993400980631e-16,0.6287005899780362,0.618,0.333,3.9693760346929205e-12,6,AGO4
1.2220284228524805e-16,0.7917136068954391,0.301,0.132,4.472746230482364e-12,6,WBP1L
1.2779232417106334e-16,0.8573699242392581,0.666,0.333,4.6773268569850895e-12,6,NCOR2
1.4647331009477635e-16,0.7856782178419763,0.761,0.495,5.3610696227789095e-12,6,XPR1
1.5648275213368707e-16,0.7625080078495052,0.635,0.334,5.72742521084508e-12,6,CCDC12
1.6181043869772638e-16,1.381281958968125,0.269,0.084,5.922423866775484e-12,6,METTL7A
1.6401957794419607e-16,1.0561086699590407,0.271,0.098,6.00328057233552e-12,6,KLF4
1.791920805356065e-16,1.313419970873123,0.32,0.105,6.5586093396837335e-12,6,SCO2
1.843841402149116e-16,0.7359002589586501,0.769,0.44,6.748643916005979e-12,6,CAPZA2
1.961963323002523e-16,0.5987623262456423,0.609,0.324,7.180981958521534e-12,6,MIR181A1HG
2.0542607500903328e-16,1.6934491893409682,0.297,0.081,7.518799771405627e-12,6,CFP
2.1661394912688179e-16,0.8273181589383685,0.57,0.314,7.928287151993e-12,6,AC009093.2
2.3208890370775595e-16,1.967584040030848,0.28,0.067,8.494685964607575e-12,6,SMCO4
2.389961377058856e-16,1.0048539785070236,0.452,0.191,8.747497636173119e-12,6,FKBP15
2.7155880338347347e-16,0.5718703867404686,0.878,0.573,9.939323762638513e-12,6,ATG7
2.827662253416313e-16,0.8490832097979342,0.619,0.325,1.0349526613729048e-11,6,MTMR10
2.87456527272839e-16,0.900442871185467,0.761,0.436,1.052119635471318e-11,6,C2CD5
3.05782665548993e-16,0.6394506185379023,0.849,0.576,1.1191951341758692e-11,6,MAPK1
3.3291408122788737e-16,0.5589664780147349,0.717,0.446,1.2184988287021905e-11,6,FMNL1
3.35378557026952e-16,0.6432259725881629,0.61,0.33,1.2275190565743471e-11,6,ABR
3.83347325127741e-16,0.7948862370125674,0.427,0.2,1.4030895447000448e-11,6,STAT2
3.836177828844216e-16,0.8873789879733496,0.448,0.204,1.4040794471352715e-11,6,ARPC1A
3.904735993622446e-16,0.7487359907401165,0.74,0.467,1.4291724210257515e-11,6,PARP14
3.9254377772488824e-16,1.0583373263610705,0.439,0.179,1.4367494808508634e-11,6,PAPSS1
3.9466600342984765e-16,0.9478146405621173,0.609,0.293,1.4445170391535853e-11,6,HK1
3.966554849721998e-16,0.5025594394667747,0.515,0.288,1.4517987405467485e-11,6,NPTN
4.2174274232563346e-16,1.3288732711231446,0.308,0.101,1.543620611186051e-11,6,NFAM1
5.236819028152316e-16,0.6070231283338721,0.73,0.44,1.916728132494029e-11,6,ADAM17
5.240649530872533e-16,1.2592177875895514,0.55,0.242,1.9181301347946558e-11,6,HLA-DPA1
5.359199076768136e-16,1.8288567468148074,0.286,0.069,1.9615204540879053e-11,6,IMPDH1
5.463426448297114e-16,0.8414231673388771,0.439,0.162,1.9996687143412267e-11,6,CD300E
6.166629665214603e-16,0.6193415126904048,0.586,0.336,2.2570481237651968e-11,6,LSP1
6.639500617307432e-16,0.7474629202792217,0.513,0.258,2.4301236209406933e-11,6,NBN
7.303606267843317e-16,0.9039231789787876,0.577,0.252,2.6731929300933325e-11,6,RASSF2
7.394323085570946e-16,1.6098525609562113,0.264,0.072,2.7063961925498218e-11,6,AC066613.2
7.913677273700934e-16,0.8750863010743664,0.337,0.143,2.896485018947279e-11,6,GXYLT1
9.837179848817157e-16,0.6530630072643228,0.565,0.302,3.600506196465568e-11,6,NCOA6
1.0217985754650923e-15,0.6129832896042623,0.566,0.306,3.7398849660597846e-11,6,PFKFB3
1.1718452516102576e-15,0.7754861480693886,0.645,0.304,4.289070805418704e-11,6,MAP3K8
1.1748159534770346e-15,0.6349209942482712,0.708,0.393,4.299943871321294e-11,6,CYB5R4
1.1858445858850646e-15,1.183205703556101,0.397,0.144,4.340309768797925e-11,6,ACVR1B
1.3131838672961564e-15,0.535731242078523,0.878,0.595,4.806384272690662e-11,6,NCOA3
1.379201315298993e-15,0.674330569872653,0.759,0.468,5.0480147341258445e-11,6,FAM13B
1.4689647535143432e-15,1.3497454006902936,0.341,0.111,5.376557894337848e-11,6,ATP10D
1.6515993132028672e-15,1.28885844996003,0.285,0.096,6.045018646253814e-11,6,WWC2
1.790629732076772e-15,0.8227048826014502,0.683,0.405,6.553883882374193e-11,6,SH3BGRL
1.8165112637706847e-15,1.1719171389987708,0.298,0.107,6.648612876527083e-11,6,STIMATE
2.1056266890033414e-15,0.9048666557754607,0.44,0.188,7.70680424442113e-11,6,MAP2K3
2.314459474727677e-15,1.1810762859613462,0.433,0.17,8.471153123450772e-11,6,GUSB
2.854193695532112e-15,1.3990684124689399,0.265,0.091,1.0446634345017084e-10,6,EPB41L2
2.8707158631751626e-15,1.0079747871022589,0.437,0.194,1.0507107130807412e-10,6,CTNND1
3.103320356265819e-15,0.799940796153036,0.658,0.362,1.1358462835968524e-10,6,DDX60L
3.1743246077487032e-15,1.026069931767003,0.371,0.148,1.1618345496821029e-10,6,WDR41
3.784418792293608e-15,0.6066369604942184,0.784,0.5,1.3851351221673834e-10,6,RHOA
4.114534664700091e-15,0.6493438585966975,0.43,0.214,1.5059608326268803e-10,6,SLC16A3
4.2305289971156815e-15,0.8141658828450498,0.715,0.374,1.5484159182343105e-10,6,CLIP4
4.6868259546220556e-15,0.8158968972451375,0.425,0.187,1.7154251676512187e-10,6,CD4
4.74087797298602e-15,0.5930043346326164,0.381,0.184,1.735208746892613e-10,6,RRP12
5.012020631874906e-15,1.158521904613943,0.273,0.094,1.8344496714725342e-10,6,RAB37
6.271420431370338e-15,0.8619805147113224,0.597,0.3,2.2954025920858573e-10,6,ARPC5
6.305019021907001e-15,1.09226974743841,0.453,0.183,2.3077000122081815e-10,6,PTGER4
6.555064008656746e-15,1.0069228504043275,0.367,0.147,2.3992189778084556e-10,6,SCPEP1
7.423272325524378e-15,1.1947354243454515,0.392,0.151,2.7169919038651773e-10,6,PABPC4
7.5088678089838e-15,1.266827062453178,0.268,0.083,2.7483207067661605e-10,6,AC078845.1
7.838683967270787e-15,1.574337993262553,0.31,0.089,2.8690367188607806e-10,6,RNF135
8.445708448942474e-15,0.5644079551611232,0.717,0.422,3.091213749397435e-10,6,HLA-DRA
8.861704016974638e-15,0.5883650212321501,0.37,0.198,3.2434722872528876e-10,6,HSPBAP1
9.548405354402884e-15,0.5367275907584821,0.962,0.859,3.4948118437649997e-10,6,ACTB
1.0229520219943794e-14,0.5624413152011359,0.601,0.357,3.744106695701628e-10,6,VRK2
1.156065710794048e-14,0.6310772728000931,0.771,0.486,4.231316108077295e-10,6,SUMF1
1.270962091154011e-14,0.8854316974758412,0.464,0.213,4.6518483498327955e-10,6,STXBP2
1.2998282427608241e-14,2.500167288470041,0.266,0.045,4.757501351328893e-10,6,SMAD1
1.3060529880520054e-14,0.8323668169761094,0.591,0.307,4.780284541569145e-10,6,ABHD3
1.6695065346069107e-14,0.7495156919486066,0.775,0.445,6.110560867314754e-10,6,WWP2
1.8418294050096618e-14,0.6010999727354902,0.649,0.375,6.741279805275863e-10,6,ERICH1
2.1144385726224496e-14,0.88537118808164,0.468,0.219,7.739056619655427e-10,6,IL10RB
2.1177770849633454e-14,0.7918222945238292,0.392,0.175,7.75127590867434e-10,6,SUFU
2.2062520007402034e-14,0.6729248602658534,0.439,0.22,8.075102947909218e-10,6,SGPP1
2.2805746219683627e-14,1.3736662825911194,0.392,0.132,8.347131173866405e-10,6,IER5
2.5775403668607415e-14,0.6993240060961955,0.524,0.27,9.434055496747e-10,6,TRAPPC11
2.6066478286696e-14,2.063262552460446,0.295,0.064,9.540591717713603e-10,6,AP000763.3
2.8461882116970024e-14,0.8614449414732576,0.63,0.319,1.0417333473632198e-9,6,GNAI3
2.854784342496641e-14,0.9523903411551151,0.471,0.215,1.0448796171971957e-9,6,LONRF1
3.5078506779594135e-14,0.560058287174628,0.566,0.282,1.283908426639925e-9,6,RIPK2
3.7809911518433084e-14,0.6763604260018934,0.753,0.484,1.3838805714861694e-9,6,DICER1
3.817995544051221e-14,0.6699400911018168,0.542,0.265,1.3974245490781874e-9,6,JAML
3.8996746449363296e-14,0.628732143628106,0.623,0.343,1.427319916793146e-9,6,TBK1
3.9277005999376636e-14,0.7427805129691825,0.792,0.46,1.4375776965831843e-9,6,SFMBT2
4.1255402374723464e-14,0.880530705787073,0.361,0.154,1.5099889823172535e-9,6,RNF2
4.74037238394357e-14,0.9179537102310938,0.478,0.227,1.7350236962471862e-9,6,KANSL1L
4.8676500899528674e-14,1.301412821698809,0.312,0.101,1.781608609423649e-9,6,APOBEC3A
5.520284820241188e-14,1.0045036917762766,0.453,0.19,2.0204794470564772e-9,6,SKIL
5.894332160663455e-14,1.0544166886912487,0.504,0.202,2.157384514124431e-9,6,TMEM164
6.502784061885555e-14,1.2315236983184343,0.403,0.155,2.380083994490732e-9,6,HLA-DRB5
6.90830338353254e-14,0.6782639018071882,0.652,0.37,2.528508121406745e-9,6,ACSL4
6.940436009149804e-14,0.7231381320519388,0.528,0.282,2.54026898370892e-9,6,MX2
7.589376244083173e-14,0.7589766730230687,0.514,0.263,2.777787599096882e-9,6,LARP1
7.926991543093952e-14,0.8746500874615102,0.377,0.16,2.9013581746878177e-9,6,NUDT3
8.123837909429297e-14,0.7893788854715083,0.417,0.195,2.973405913230217e-9,6,STAM2
8.465609422280382e-14,0.6884594584161194,0.5,0.245,3.0984977046488424e-9,6,RTN3
8.49414395528536e-14,0.825530143640165,0.318,0.139,3.1089416290739947e-9,6,NUP50-DT
8.948662785404911e-14,0.5413724944519724,0.81,0.544,3.2753000660860516e-9,6,RSRC1
9.742554932352473e-14,0.5786752691021162,0.3,0.136,3.5658725307903286e-9,6,AC119396.1
1.0640977573176245e-13,1.3874570595354017,0.278,0.085,3.894704201558237e-9,6,MFSD12
1.1119750174675238e-13,0.8542395690844558,0.478,0.221,4.0699397614328835e-9,6,M6PR
1.2223869265837806e-13,0.6256826717732135,0.61,0.352,4.474058389989295e-9,6,DCP2
1.3507186299168917e-13,0.8084140327070926,0.397,0.182,4.943765257358815e-9,6,CNPY3
1.585990493796675e-13,0.8339835501071271,0.359,0.155,5.8048838063452105e-9,6,SLC8B1
1.6024736211682344e-13,1.0683931499443229,0.398,0.158,5.865213700837855e-9,6,TIGAR
1.8107008399820583e-13,0.5472525667942123,0.86,0.612,6.6273461444183315e-9,6,ZFR
1.870875349845573e-13,1.0356825440972985,0.298,0.126,6.8475908679697814e-9,6,IGF2BP2
1.925708655133254e-13,0.7368457323132092,0.63,0.34,7.0482862486532225e-9,6,MFSD14B
2.1171040637059254e-13,1.0572313728928928,0.366,0.149,7.748812583570058e-9,6,HEATR5A
2.1229930126254195e-13,0.6445640169357221,0.379,0.185,7.770366725510299e-9,6,CHMP4B
2.1888124369540604e-13,0.6394429516943703,0.472,0.24,8.011272400495556e-9,6,TRIM25
2.1939802564242058e-13,0.6590707400802005,0.573,0.292,8.030187136538235e-9,6,GALNT2
2.390425407905557e-13,0.5734454205516275,0.78,0.51,8.749196035475129e-9,6,KLF3
2.4914352051819807e-13,1.0315303968040497,0.265,0.104,9.118901994486567e-9,6,ARHGEF11
2.4985773604801667e-13,1.1855148368180268,0.354,0.127,9.145042997093458e-9,6,ELF4
2.5672441385488525e-13,0.5440723685537087,0.658,0.377,9.396370271502656e-9,6,KIF13B
2.591131667934298e-13,0.6483101088561678,0.753,0.476,9.483801017806323e-9,6,LARP4B
2.6907942054024994e-13,0.5917370990151349,0.605,0.351,9.848575871193688e-9,6,TMCC1
2.746368773563616e-13,0.51662728328253,0.662,0.401,1.0051984348120191e-8,6,GIT2
2.8980754741376777e-13,0.6298614100101052,0.679,0.421,1.0607246042891314e-8,6,GOLPH3
3.052086314065509e-13,1.2144079744931309,0.362,0.131,1.1170941118111168e-8,6,ACOT9
3.136341288809971e-13,0.9077581098636442,0.253,0.1,1.1479322751173375e-8,6,MICAL1
3.196170957994461e-13,1.6065745839569279,0.283,0.077,1.1698305323355527e-8,6,MYD88
3.2987729555267693e-13,0.6135697743174295,0.595,0.33,1.2073838894523528e-8,6,RAB12
3.5718517786354217e-13,1.5225694385025035,0.26,0.078,1.3073334694983507e-8,6,PYCARD
3.5766937712810304e-13,0.5738386972559955,0.833,0.487,1.3091056872265699e-8,6,PELI2
3.80960005035187e-13,0.9242753595580007,0.373,0.154,1.3943517144292879e-8,6,SNAP23
3.815887771401594e-13,0.831329681141562,0.432,0.202,1.3966530832106974e-8,6,SRGAP2C
3.936047584199958e-13,0.599317212270053,0.37,0.19,1.4406327762930265e-8,6,MGRN1
3.9959621653862373e-13,0.6990366077629961,0.483,0.245,1.4625621121530168e-8,6,TFCP2
4.311185282328653e-13,1.2323949699001324,0.397,0.145,1.5779369251851102e-8,6,PPCDC
4.332554715537731e-13,0.5158008079195693,0.605,0.311,1.585758351433965e-8,6,CPNE8
4.3966381407715973e-13,0.8245454456872535,0.549,0.291,1.6092135259038123e-8,6,EPSTI1
4.73773376398129e-13,0.6619928537292985,0.548,0.285,1.734057934954792e-8,6,TUBA1A
5.155874883150299e-13,0.5930112310483295,0.54,0.301,1.887101765981841e-8,6,DECR1
5.277777945104119e-13,0.568334335953988,0.698,0.419,1.9317195056875585e-8,6,TAOK1
5.381411801119311e-13,1.2352981110851482,0.312,0.11,1.9696505333276788e-8,6,CNIH4
5.521416694656246e-13,0.8787124798583202,0.328,0.136,2.0208937244111324e-8,6,NOTCH2NLC
5.643587137039689e-13,1.0722027436960584,0.532,0.227,2.0656093280278967e-8,6,MARK2
5.944311637671802e-13,0.8429459142438706,0.277,0.118,2.1756775025042564e-8,6,PFKL
6.479451398544338e-13,0.6598431546243322,0.554,0.292,2.3715440063812133e-8,6,MKRN1
6.927053977601466e-13,1.1557121149259264,0.332,0.123,2.5353710263419127e-8,6,ZBTB18
8.367367143726617e-13,0.532477660809171,0.748,0.475,3.062540048275379e-8,6,AVL9
8.55508526296754e-13,1.1779358122474601,0.314,0.11,3.131246757098749e-8,6,PRKACA
9.402649325053109e-13,0.5646845142546746,0.849,0.581,3.4414636794626884e-8,6,SETX
9.46984262089259e-13,0.5271805651905509,0.624,0.37,3.4660570976728975e-8,6,LIMS1
9.553248458015289e-13,0.5059047082535586,0.367,0.172,3.496584468118176e-8,6,UST
1.2028445730772419e-12,0.5019097028498148,0.614,0.371,4.402531421920013e-8,6,MAPKAP1
1.206747852499186e-12,0.6298864182271345,0.72,0.41,4.41681781493227e-8,6,PIK3CB
1.3100344670076654e-12,0.5113931749358294,0.832,0.592,4.794857152694756e-8,6,PTBP3
1.365841541624542e-12,0.6670420616102677,0.617,0.348,4.999116626499986e-8,6,ARHGAP17
1.3867666548899855e-12,0.7908859959641161,0.394,0.18,5.075704633562836e-8,6,PDPK1
1.4100165437012441e-12,0.7407466954327229,0.457,0.221,5.160801551600924e-8,6,FEZ2
1.629011878185859e-12,0.8111131828346085,0.417,0.193,5.962346375348062e-8,6,SCARB2
1.9424019181451347e-12,0.6321815475263363,0.526,0.279,7.109385260603007e-8,6,FBXO42
2.003018354197798e-12,0.9399218121962469,0.363,0.148,7.331247478199362e-8,6,TMLHE
2.1519524856543934e-12,1.1901419503244686,0.427,0.155,7.876361292743645e-8,6,APH1B
2.2424312584987934e-12,0.8033040732977348,0.496,0.239,8.207522649231434e-8,6,DNAJC13
2.3109140053555685e-12,0.7734579427746903,0.382,0.178,8.458176351001917e-8,6,GNG5
2.3173477679738006e-12,0.6091880480561621,0.518,0.259,8.481724565560907e-8,6,AP1S2
2.531109696675723e-12,0.5056013213042605,0.455,0.255,9.264114600802814e-8,6,BIN3
2.5423929149575896e-12,0.8307009317182878,0.335,0.149,9.305412308036274e-8,6,SGPL1
3.1220991703024414e-12,0.7645765562845485,0.464,0.224,1.1427195173223965e-7,6,DYNC1LI1
3.4975461267548503e-12,0.7386498607302241,0.551,0.284,1.2801368578535428e-7,6,GRK2
3.760279526389459e-12,1.0984527685767818,0.304,0.119,1.3762999094538058e-7,6,AC008937.2
4.192944934341347e-12,1.265059597630672,0.285,0.103,1.5346597754182763e-7,6,SPIRE1
4.611869013553576e-12,0.5398409339462953,0.475,0.262,1.6879901776507445e-7,6,LYPLA1
5.059259806340646e-12,0.916403098030965,0.486,0.214,1.85173968171874e-7,6,CYTH4
5.32964822339535e-12,0.6939398708928226,0.457,0.229,1.9507045462449322e-7,6,ME2
5.415256232216264e-12,0.5230190882258143,0.756,0.489,1.9820379335534748e-7,6,PHKB
5.7803649201819135e-12,1.233634037627101,0.356,0.131,2.115671364435782e-7,6,GPI
5.9504382859909706e-12,0.9993899702822004,0.263,0.094,2.177919917055555e-7,6,AC004797.1
6.494148313265403e-12,0.6150887506686032,0.692,0.415,2.37692322413827e-7,6,SMURF1
6.78009849494339e-12,0.5112080643975132,0.83,0.53,2.48158385013423e-7,6,IQSEC1
6.811181488431278e-12,0.586567586570484,0.647,0.385,2.492960536580732e-7,6,YBX1
7.014058482134353e-12,1.3272846955257658,0.299,0.104,2.5672155450459945e-7,6,IGSF6
7.014391106671453e-12,0.5010563160978057,0.561,0.329,2.5673372889528187e-7,6,TUBGCP3
8.145271340642724e-12,0.6183192642361315,0.715,0.437,2.9812507633886433e-7,6,PBX3
9.217376690069685e-12,0.8998170990192393,0.313,0.134,3.3736520423324056e-7,6,DPEP2
1.0153824328088143e-11,1.1300721124925879,0.33,0.12,3.7164012423235415e-7,6,WAC-AS1
1.0750588426732941e-11,0.6348269948386016,0.58,0.323,3.934822870068524e-7,6,POLK
1.1086643990574174e-11,1.2545758558292255,0.425,0.15,4.0578225669900537e-7,6,MYO15B
1.1855566024200498e-11,0.679423179159882,0.265,0.124,4.3392557205176245e-7,6,GMEB1
1.2033551541260311e-11,0.5023406140552673,0.439,0.24,4.4044001996166865e-7,6,OGFRL1
1.3070773774327395e-11,0.7446577872207745,0.661,0.362,4.78403390914157e-7,6,TRIM38
1.471181950144003e-11,0.5223087750941436,0.662,0.427,5.384673055722065e-7,6,REPS1
1.5765971462135984e-11,0.7623927986678085,0.334,0.151,5.770503214856392e-7,6,DCLRE1C
1.6355375201210874e-11,0.9820606878281243,0.478,0.204,5.986230877395192e-7,6,VPS29
1.9095615879904965e-11,0.5965040222820801,0.708,0.429,6.989186368204016e-7,6,SLC39A11
1.9139545455240718e-11,1.0910449351650324,0.362,0.136,7.005265032072655e-7,6,NBEAL2
1.9149669925543502e-11,0.5337830891684645,0.535,0.296,7.008970689448177e-7,6,ARHGAP30
2.273183090878012e-11,0.9827265011703986,0.255,0.104,8.320077430922612e-7,6,MAST3
2.3713564032548136e-11,0.7309732891119884,0.316,0.135,8.679401571552943e-7,6,SIRPB2
2.4311869164804216e-11,0.8388269024211394,0.374,0.167,8.898387233009991e-7,6,SLC25A24
2.4593850682482533e-11,0.6856574071280757,0.421,0.214,9.001595288295432e-7,6,CPB2-AS1
2.4975834003661053e-11,0.7396535833004844,0.324,0.149,9.141405003679981e-7,6,KLHL18
2.6017694702259865e-11,1.0294729657204857,0.336,0.135,9.522736437974133e-7,6,PRKCD
2.774283644808753e-11,0.5384412517899321,0.619,0.351,1.0154155568364518e-6,6,ANO6
2.933582890117955e-11,0.9933697904390639,0.316,0.127,1.0737206736120727e-6,6,TGFBI
3.011599273073453e-11,0.7553988451849541,0.254,0.097,1.1022754499376144e-6,6,PRR5L
3.2836661844347814e-11,0.7839884792730984,0.519,0.26,1.2018546601649744e-6,6,PARP12
3.7797333975387e-11,0.7887575018954465,0.431,0.202,1.3834202208331397e-6,6,KLHDC10
3.8802919342946493e-11,0.5328751589272486,0.354,0.193,1.4202256508711847e-6,6,DYNC1I2
3.896106210963423e-11,0.7627593675756645,0.356,0.165,1.4260138342747224e-6,6,GLB1
3.974611147204242e-11,0.5415820725012239,0.575,0.324,1.4547474259882247e-6,6,MAP4
4.40487881432616e-11,0.9454241855331659,0.316,0.126,1.6122296948315178e-6,6,RNPEP
4.524699923876307e-11,0.5183291808986354,0.414,0.233,1.6560854191379671e-6,6,MCU
4.7081997749786056e-11,0.5608185638901113,0.783,0.517,1.7232481996399195e-6,6,MYO5A
4.9219173801143455e-11,0.8310056220876033,0.285,0.129,1.8014709802956516e-6,6,CDADC1
5.4551926321721626e-11,1.1185161844031637,0.332,0.123,1.9966550553013332e-6,6,TLR1
5.4800147036125583e-11,0.7443371016341999,0.344,0.142,2.0057401816692323e-6,6,PPFIBP2
5.94104919415598e-11,0.714425592818674,0.566,0.307,2.17448341555303e-6,6,AKAP10
6.247047437475863e-11,0.5782413835785487,0.675,0.403,2.2864818325905406e-6,6,ARPC3
6.498011826961367e-11,0.940569064931052,0.48,0.224,2.37833730878613e-6,6,ATG3
8.194440822772319e-11,0.5806575172765711,0.401,0.212,2.9992472855428964e-6,6,MOB3A
8.447030772981106e-11,0.7117191535621961,0.533,0.267,3.0916977332188146e-6,6,MSRA
9.376663443810804e-11,0.765329507920154,0.534,0.271,3.4319525870691924e-6,6,STX12
9.79817166663257e-11,0.7943718134572599,0.325,0.147,3.586228811704187e-6,6,CLCN7
9.958399242654063e-11,0.5165570504656649,0.815,0.514,3.6448737068038137e-6,6,PTK2B
1.0883339546637033e-10,0.6399493483810088,0.484,0.251,3.98341110746462e-6,6,ADCY7
1.1140095876730554e-10,1.1549840822459838,0.282,0.101,4.07738649184215e-6,6,GABBR1
1.1653201237976765e-10,0.7244952311600782,0.696,0.416,4.265188185111875e-6,6,ADD1
1.2778461260416002e-10,1.302446551177769,0.27,0.09,4.677044605924861e-6,6,SYNGR2
1.3104925404579667e-10,0.5009221722492126,0.727,0.455,4.796533747330204e-6,6,SUSD6
1.3762477058212677e-10,1.112119932810637,0.281,0.098,5.037204228076421e-6,6,DOK3
1.4491366063617268e-10,0.5976157741134918,0.78,0.491,5.303984892944556e-6,6,AFTPH
1.5943538004067313e-10,0.5925720742844793,0.309,0.162,5.835494344868677e-6,6,ARHGAP31
1.60410790987532e-10,1.137665901776098,0.292,0.105,5.871195360934658e-6,6,DUS2
1.696423074295679e-10,0.7555202005395203,0.47,0.23,6.209078094229615e-6,6,SIL1
1.8023809748574837e-10,1.0079453461658447,0.333,0.13,6.596894606075876e-6,6,SNX5
1.9627186282777868e-10,0.7769919617457768,0.389,0.182,7.183746451359528e-6,6,OGFR
1.9992589536970917e-10,0.8696319188615341,0.312,0.129,7.317487696426725e-6,6,GBP4
2.037367161302181e-10,0.8248968758528947,0.359,0.164,7.456967547082113e-6,6,LY6E
2.037689493927264e-10,0.8093629537334189,0.476,0.228,7.458147316723179e-6,6,OSTF1
2.091274013158631e-10,0.634303392784336,0.628,0.354,7.654272015561905e-6,6,WDFY1
2.113844841183723e-10,0.6841124212093511,0.452,0.228,7.736883503216544e-6,6,DAPP1
2.2540976262220366e-10,0.6108470247917086,0.497,0.258,8.250222721735276e-6,6,NAPG
2.333109705154428e-10,0.5116271518731523,0.419,0.232,8.539414831835721e-6,6,SETD3
2.497857977559573e-10,0.6001256001068909,0.814,0.546,9.142409983665793e-6,6,MSN
2.5018238858235016e-10,1.240581781901693,0.3,0.099,9.156925604502599e-6,6,NPL
2.589618830967403e-10,1.122595015473572,0.332,0.13,9.478263883223793e-6,6,LPCAT3
2.5992041262605e-10,0.6873117254055426,0.678,0.397,9.513347022526056e-6,6,HCLS1
2.8280668574286857e-10,0.9506873794835043,0.278,0.114,1.0351007504874732e-5,6,SLC35A1
2.9355568348076703e-10,0.6521438735727707,0.384,0.19,1.0744431571079554e-5,6,SLC66A2
2.998795378944924e-10,0.6254803660887398,0.298,0.147,1.0975890966476318e-5,6,DENND4B
3.0728766215445374e-10,0.9267374550270088,0.332,0.135,1.1247035722515162e-5,6,DPYSL2
3.1000996988418465e-10,0.8176804986656558,0.387,0.176,1.1346674907731042e-5,6,FAM20B
3.1526586744805495e-10,0.955660401810315,0.308,0.122,1.1539046014466259e-5,6,BLVRA
3.313246326415766e-10,0.70598461244555,0.436,0.211,1.2126812879314345e-5,6,NUP93
3.577952352681954e-10,0.9500223486843327,0.362,0.165,1.309566340605122e-5,6,PIGX
3.977965753783639e-10,0.666759791718154,0.486,0.252,1.4559752455423498e-5,6,TMEM154
4.045114975046856e-10,0.6018487271037859,0.458,0.247,1.4805525320168997e-5,6,TM9SF4
4.299214634432949e-10,0.8839298166784288,0.32,0.122,1.5735555483488035e-5,6,IL21R
4.3884319180703385e-10,0.6052338961855319,0.578,0.337,1.6062099663329245e-5,6,PTGES3
4.4536320114458443e-10,0.5097512897237538,0.608,0.371,1.6300738525092934e-5,6,ADPGK
4.463805939790969e-10,0.8066154742518676,0.475,0.231,1.6337976120228927e-5,6,APAF1
4.762045755093446e-10,0.8636856805402232,0.274,0.116,1.742956366821752e-5,6,ZYX
4.830842184815511e-10,0.5585717621672405,0.69,0.399,1.7681365480643253e-5,6,SNX14
4.856600682288241e-10,0.6723336809110703,0.468,0.238,1.777564415724319e-5,6,TNRC18
5.041379936204557e-10,0.9646100131955818,0.272,0.11,1.84519547045023e-5,6,CLCN6
5.282484030134426e-10,1.1302419329336715,0.278,0.098,1.933441979869501e-5,6,BCLAF3
5.421144473868392e-10,0.5605647022759611,0.438,0.223,1.98419308888057e-5,6,MFSD1
6.115974284643101e-10,0.922242859295489,0.326,0.135,2.2385077479222213e-5,6,ACAA1
6.339956891508496e-10,0.5211291832529672,0.514,0.285,2.3204876218610245e-5,6,TRAPPC8
6.435188913886066e-10,0.8747863697046029,0.253,0.106,2.355343494371439e-5,6,TRIB1
6.625900843303799e-10,0.8235022319223495,0.469,0.218,2.4251459676576234e-5,6,PLEKHM1
6.79762111993452e-10,0.580808389143064,0.598,0.345,2.4879973061072334e-5,6,GALNT7
7.155397574116403e-10,0.5110788572537815,0.604,0.355,2.6189470661023447e-5,6,UHRF1BP1L
7.798636495980027e-10,0.8193252023534944,0.519,0.253,2.8543789438936498e-5,6,DGLUCY
7.885977168397099e-10,0.9991932954233642,0.311,0.125,2.886346503405022e-5,6,DRAP1
8.122176429418587e-10,0.6527864601464038,0.403,0.215,2.972797794931497e-5,6,ARL5A
8.644357912724722e-10,0.7086401496044338,0.276,0.136,3.1639214396363754e-5,6,IFT88
8.747135809493844e-10,0.7256693764128708,0.46,0.228,3.201539177632842e-5,6,ANKFY1
9.4530334424189e-10,0.6965062348840013,0.446,0.221,3.459904770259741e-5,6,CTBS
9.89213382899799e-10,0.7927217998073858,0.275,0.112,3.620619902751554e-5,6,SLC37A1
1.1663794422400781e-9,0.7879780273774916,0.401,0.185,4.26906539654291e-5,6,CRK
1.1890935084914513e-9,0.6549270922281818,0.357,0.175,4.3522011504295605e-5,6,EGLN1
1.4613217225127217e-9,0.8306778719473198,0.45,0.214,5.3485836365688125e-5,6,UHRF1BP1
1.4994376051516625e-9,0.7133351179531668,0.345,0.165,5.4880915786156e-5,6,CCZ1
1.5887110816586018e-9,1.5218596647123315,0.277,0.081,5.814841429978649e-5,6,SLC15A3
1.7134984789921414e-9,0.7558198456977265,0.6,0.36,6.271575782959137e-5,6,OAZ1
1.9746886594849624e-9,1.8731259713687751,0.253,0.058,7.227557962580911e-5,6,SLC4A8
2.151426533048305e-9,0.9682669091662066,0.318,0.129,7.874436253610101e-5,6,NAGK
2.163674720946495e-9,0.6743647084036666,0.706,0.418,7.919265846136266e-5,6,ARPC1B
2.2299252604316852e-9,0.791705573544284,0.266,0.115,8.161749445706011e-5,6,GASK1B
2.4931965293102315e-9,0.5219788970515291,0.478,0.263,9.125348616928379e-5,6,DNAJC5
2.5108495796133262e-9,0.8372701712460531,0.264,0.112,9.189960546342736e-5,6,RARA
2.62659190512212e-9,0.6764405706713026,0.528,0.273,9.61358903193747e-5,6,ARHGAP4
2.8263561927979173e-9,0.7810664208458136,0.306,0.131,1.0344746301259657e-4,6,METRNL
3.072505570500649e-9,0.5199155590138622,0.715,0.474,1.1245677638589426e-4,6,ST3GAL1
3.128242457214875e-9,0.83718637011054,0.262,0.112,1.1449680217652164e-4,6,EPN1
3.413204692451271e-9,0.772401695358792,0.319,0.147,1.2492670494840898e-4,6,CHP1
3.596960648615474e-9,0.6270379259994221,0.38,0.195,1.3165235669997496e-4,6,SLC2A13
3.792234442989162e-9,0.5908828983852097,0.368,0.192,1.387995728478463e-4,6,PLAGL1
3.8737545994166135e-9,0.9269509109963566,0.282,0.115,1.4178329209324746e-4,6,CAMSAP1
3.976067538276695e-9,0.5974812411153423,0.47,0.241,1.455280479684653e-4,6,SLC44A2
4.150086810063992e-9,0.5747088433863017,0.407,0.226,1.5189732733515216e-4,6,XAF1
4.392829914792843e-9,0.9313722089901809,0.306,0.123,1.6078196771133284e-4,6,TEP1
4.437274874750494e-9,0.7884641172583653,0.292,0.138,1.6240869769074283e-4,6,CRYBG3
4.643326513264479e-9,0.6741038879581364,0.31,0.145,1.6995039371199322e-4,6,KCTD12
4.769158484618216e-9,0.5611399509518935,0.636,0.373,1.7455596969551135e-4,6,TLN1
4.896892079090091e-9,0.7051660360518877,0.444,0.225,1.7923114698677642e-4,6,STAT6
5.0911848545455395e-9,1.0646106461880358,0.293,0.112,1.8634245686122128e-4,6,FCGRT
5.398854479026521e-9,0.6753857271522195,0.278,0.13,1.976034727868497e-4,6,PGD
5.540429317657119e-9,0.7844330722651791,0.272,0.119,2.027852534555682e-4,6,ARHGAP1
5.559688252327699e-9,1.027697821807311,0.329,0.135,2.0349014972344612e-4,6,PTPN9
6.135332007772175e-9,0.5715692083021229,0.253,0.127,2.2455928681646938e-4,6,TOP3A
6.528170019391786e-9,0.5336415309156928,0.393,0.206,2.3893755087975877e-4,6,FAM102B
6.613116449088974e-9,1.0292275791564038,0.356,0.148,2.4204667515310553e-4,6,DHRS7B
7.1978848261335735e-9,0.6572558986257431,0.396,0.192,2.634497825213149e-4,6,ATP6V0D1
8.745703571426734e-9,0.7354481437656173,0.394,0.19,3.201014964177899e-4,6,SYNE3
8.891566438138858e-9,0.5050701152293345,0.471,0.269,3.2544022320232037e-4,6,TFRC
9.43302115944943e-9,0.5323537718538232,0.332,0.169,3.4525800745700857e-4,6,PRKAR1A
1.0603930541256493e-8,0.6915675233015538,0.295,0.142,3.881144617405289e-4,6,ATP6V0B
1.0697937488084643e-8,0.7014843846910858,0.38,0.181,3.91555210001386e-4,6,BRI3
1.0999743817138425e-8,1.0424047829313738,0.253,0.095,4.026016234510835e-4,6,PDP1
1.2044427360457391e-8,1.219216580928286,0.277,0.1,4.4083808582010095e-4,6,AL035587.1
1.4152627081200027e-8,0.6871143257327891,0.431,0.212,5.180003037990022e-4,6,ATG16L2
1.4157398976578228e-8,0.6681284071277441,0.375,0.185,5.181749599417397e-4,6,RHBDF2
1.607238624514931e-8,0.8969373281847128,0.258,0.103,5.882654089587098e-4,6,AP1M1
1.7056552670982107e-8,0.7492695368802103,0.266,0.118,6.242868843106161e-4,6,TBC1D2
1.8482922183033294e-8,0.5897535350573299,0.676,0.401,6.764934348212016e-4,6,ERP44
2.1105822105166704e-8,0.7373145153045892,0.346,0.172,7.724941948712065e-4,6,DERA
2.190390027126326e-8,0.5662724145149045,0.353,0.187,8.017046538285066e-4,6,TNK2
2.6596598804130114e-8,0.5215426072910084,0.437,0.242,9.734621128299663e-4,6,TRIM14
2.671894729335893e-8,0.55852051466036845,0.504,0.293,9.779401898842301e-4,6,GABARAP
3.012833326017724e-8,0.7718900965963944,0.342,0.166,0.0011027271256557473,6,GALNT3
3.029221848160994e-8,0.7671977485586338,0.326,0.149,0.0011087254886454052,6,PKP4
3.9645626765670916e-8,0.737282944159885,0.633,0.414,0.0014510695852503212,6,S100A6
4.2692352556569715e-8,1.0246072558000614,0.307,0.121,0.0015625827959230081,6,FKBP1A
4.4612700718282186e-8,0.6265227319834725,0.39,0.195,0.0016328694589898462,6,CD302
4.83024487318202e-8,0.60529243799464,0.264,0.129,0.0017679179260333513,6,TATDN3
5.3608828670196614e-8,0.8249582299682667,0.302,0.133,0.001962136738157866,6,CEP63
5.3833237057334756e-8,0.596829924625108,0.314,0.152,0.0019703503095355093,6,PPT1
5.562815175022846e-8,0.6126472566591559,0.347,0.153,0.002036045982210112,6,CR1
6.291026092238366e-8,0.6753214911400918,0.315,0.154,0.0023025784600201643,6,EIF2AK4
6.330225547152427e-8,0.6455995733968581,0.302,0.148,0.0023169258525132597,6,AGO1
6.837820779001992e-8,0.5890843705049056,0.289,0.143,0.002502710783322519,6,ZNF706
7.016414869488718e-8,0.9740451654874206,0.345,0.14,0.0025680780063815655,6,TDRD7
7.668746576616636e-8,0.6884472386988896,0.487,0.258,0.002806837934507455,6,ZMYM6
7.894107800828506e-8,1.046484882496663,0.594,0.393,0.0028893223961812416,6,PDE4B
8.070212629503003e-8,0.5785104184897033,0.318,0.162,0.002953778524524394,6,RAB11FIP4
8.12724210450289e-8,0.572561793194875,0.328,0.162,0.0029746518826691028,6,INSYN2B
9.516891792486041e-8,0.5084753042641132,0.431,0.237,0.003483277564967816,6,PRR14L
9.960772048987467e-8,0.5971057247746578,0.385,0.189,0.0036457421776499026,6,LGALS1
1.1349760811631883e-7,0.6408792054222734,0.37,0.21,0.004154125954665386,6,ABCA1
1.143358485781782e-7,0.6155153500491827,0.345,0.171,0.0041848063938099,6,VPS26C
1.1644032423265561e-7,0.7052983781120131,0.272,0.127,0.0042618323072394285,6,BICD2
1.5511380457569666e-7,0.7518731948141842,0.309,0.143,0.005677320361275074,6,TUBA1B
1.8773767473569385e-7,0.5660096916166321,0.278,0.145,0.006871386633001131,6,SEH1L
1.9053251955136623e-7,0.9059849600324228,0.275,0.129,0.006973680748099556,6,IFI44L
1.9317557544964337e-7,0.9769166771699191,0.454,0.191,0.007070419237032397,6,IFITM2
2.0126793026763143e-7,0.5802991081584908,0.266,0.126,0.0073666075157255775,6,SSBP4
2.2637926194648696e-7,0.8341644710940537,0.298,0.128,0.008285707366503369,6,GNB2
2.3608454740849473e-7,0.5431519867156479,0.262,0.132,0.008640930519698315,6,ANKRD27
2.377174525544992e-7,0.6956256399854666,0.353,0.195,0.008700696480947226,6,EHD4
2.537298808626764e-7,0.6702924619432463,0.301,0.152,0.009286767369454819,6,MTHFR
2.691597927393024e-7,0.9213294341302464,0.322,0.131,0.009851517574051208,6,OSCAR
2.9710512148868526e-7,0.7641170725027533,0.286,0.138,0.010874344551607368,6,DRAM1
3.342514860715927e-7,0.9773335126645019,0.419,0.177,0.012233938641706365,6,CAPNS1
3.567330561994231e-7,0.6979898766346722,0.288,0.139,0.013056786589955086,6,GCLC
3.6522241438764485e-7,0.7206890357367747,0.288,0.133,0.013367505589002189,6,SH3TC1
4.47591505322024e-7,0.5588449700443868,0.407,0.217,0.0163822966862914,6,EVI2B
4.575354467112446e-7,0.9790166885168519,0.295,0.116,0.016746254885078263,6,COLGALT1
4.6461392230161897e-7,0.6201376761896827,0.277,0.127,0.017005334170161555,6,LIPA
4.795490639684478e-7,1.0055136919697738,0.256,0.102,0.01755197529030916,6,SH3BP1
5.03609423854826e-7,0.6235755903270237,0.265,0.128,0.018432608522510486,6,POGK
5.04005050314905e-7,0.5831036772979883,0.478,0.259,0.018447088846575838,6,AP3S2
5.399507043599164e-7,0.5617665593731527,0.37,0.191,0.0197627357302773,6,TPI1
5.417042957976473e-7,0.6985337030999411,0.355,0.177,0.019826918930489688,6,ZNF433-AS1
5.459774507674574e-7,0.5382339400442375,0.399,0.211,0.019983320675539706,6,NCOA4
5.530546620084851e-7,0.6747389084191188,0.365,0.181,0.020242353684172563,6,ATF7
5.976324198456679e-7,0.5013195711531997,0.373,0.203,0.02187394419877129,6,HADHA
6.260552152907471e-7,0.6006403807218877,0.318,0.16,0.022914246934856636,6,SP1
6.282858036594501e-7,0.7035362188936466,0.397,0.196,0.022995888699739533,6,ARHGEF2
6.504767003800518e-7,0.5373328210007575,0.642,0.394,0.023808097710610276,6,SCAF4
6.739305059210063e-7,0.6059511284007295,0.376,0.197,0.02466653044721475,6,SPECC1
6.815460652543307e-7,0.6130358229776617,0.437,0.227,0.024945267534373757,6,XIAP
8.222565577654078e-7,0.850429612579559,0.284,0.118,0.030095412270771692,6,TANGO2
8.402516791648324e-7,0.8340417292219375,0.369,0.164,0.03075405170911203,6,IRF2
8.541096630353752e-7,0.7343207934200682,0.31,0.14,0.031261267776757765,6,ARFIP1
8.861390761110716e-7,0.6289709837860893,0.406,0.207,0.03243357632474133,6,PLEC
9.100143682532783e-7,0.5038712512809361,0.324,0.18,0.03330743589243824,6,LAP3
9.31659580673738e-7,0.5432261735771305,0.698,0.428,0.03409967231223948,6,KPNA4
1.062833227659529e-6,0.6643915188038872,0.25,0.125,0.03890075896556642,6,RAP2C-AS1
1.0853734338420624e-6,0.7283748364381698,0.348,0.148,0.03972575305205333,6,INPP5F
1.202068315946288e-6,0.6094093075162526,0.336,0.166,0.04399690243195009,6,ZNF100
1.348344290854542e-6,0.5966730127573512,0.454,0.231,0.049350749389567086,6,ZFYVE16
1.421133477444328e-6,0.6609447547953142,0.312,0.149,0.05201490640793985,6,DHX35
1.46933285664642e-6,0.6203722448410562,0.3,0.146,0.05377905188611562,6,BAG4
1.7266704379130974e-6,0.6495248802783489,0.359,0.178,0.06319786469805729,6,KLHL8
2.497508966652236e-6,0.5668974124019815,0.42,0.231,0.09141132568843849,6,ATP6V0C
2.580015123737946e-6,0.5270371675697119,0.601,0.363,0.09443113354393255,6,CDK19
2.606365615950523e-6,0.7107300234649254,0.345,0.163,0.0953955879094051,6,QSER1
3.133947867462245e-6,0.7601097129387424,0.361,0.176,0.11470562589698562,6,P2RX4
3.5706510302899872e-6,0.5003132049810203,0.442,0.245,0.13068939835964383,6,ROCK2
4.079201468948464e-6,0.7602220975537253,0.274,0.127,0.14930285296498272,6,MIRLET7BHG
4.125504451229966e-6,0.7915819504179469,0.316,0.147,0.15099758841946798,6,RNH1
4.984698084328829e-6,0.5498867400850789,0.255,0.137,0.1824449345845195,6,DIPK2A
6.933338417954786e-6,0.7557751589553414,0.299,0.136,0.2537671194355631,6,GMIP
9.076993702730402e-6,0.6499876200181309,0.499,0.29,0.33222704651363544,6,SESN1
1.0225052213717028e-5,0.608768303760594,0.278,0.135,0.3742471360742569,6,CASP3
1.233336305198553e-5,0.6096086543688028,0.256,0.125,0.4514134210657224,6,ABCB10
1.3955520334444929e-5,0.5213021131256095,0.25,0.125,0.5107859997610188,6,CIITA
1.5802402648362052e-5,0.5126103861502856,0.502,0.275,0.5783837393326995,6,GPR155
1.6597408282091516e-5,0.5875805999934646,0.538,0.298,0.6074817405328315,6,MINDY3
1.7404133550608518e-5,0.5945725551841285,0.276,0.138,0.6370086920858223,6,RNF146
1.772845128813937e-5,0.5431145623998155,0.303,0.154,0.648879045597189,6,TMEM127
1.7941120407499207e-5,0.5636444925906587,0.341,0.176,0.6566629480348785,6,TXNRD1
1.8801558424636297e-5,0.6243029050835154,0.258,0.13,0.6881558399001131,6,AC098829.1
2.0544709505469874e-5,0.7393462917419513,0.579,0.35,0.7519569126097029,6,MDM2
2.2656171641100253e-5,0.5844746722131627,0.542,0.293,0.8292385382359103,6,NLK
2.324964044420084e-5,0.5288315001466313,0.313,0.169,0.8509600898981949,6,FAM118A
2.5743639096261166e-5,0.6470622905283508,0.377,0.194,0.9422429345622549,6,P4HA1
2.6293892994834353e-5,0.5536159385123288,0.372,0.206,0.9623827775039321,6,FEM1C
2.7465820615005495e-5,0.5853547463083789,0.312,0.155,1,6,CENPP
2.908436047943436e-5,0.5161746552746763,0.359,0.186,1,6,RMC1
3.300719083194908e-5,0.6308641317933934,0.254,0.124,1,6,DAGLB
4.8504457569704235e-5,0.5268398620722833,0.268,0.135,1,6,RPS6KA1
5.5397652940091905e-5,0.6500339075176824,0.308,0.15,1,6,ITGB2-AS1
5.6564879649806455e-5,0.5180112418969305,0.417,0.225,1,6,DOP1B
6.100363481575537e-5,0.5608378423160395,0.264,0.136,1,6,CYFIP1
7.044545309457344e-5,0.6078808760830022,0.336,0.164,1,6,ABHD15-AS1
7.964852243010678e-5,0.505843159245017,0.296,0.155,1,6,SAMD9L
1.4002381320872475e-4,0.5233063213195694,0.371,0.197,1,6,MAN2B1
1.6853132322968963e-4,0.5464291672636904,0.289,0.147,1,6,CCZ1B
2.2726838040785765e-4,0.5139385912869707,0.276,0.144,1,6,GRAMD1B
2.6903886833252083e-4,0.7018782160370887,0.255,0.117,1,6,SIN3B
3.071702233477579e-4,0.5447300545140098,0.314,0.159,1,6,VTI1B
3.7309390857885534e-4,0.7712037054512197,0.295,0.136,1,6,SFT2D1
3.931981645239361e-4,0.5426105471118475,0.291,0.153,1,6,GANC
4.394435562351911e-4,0.5541542035085922,0.255,0.128,1,6,BCAP31
6.133038483697955e-4,0.5377620280486783,0.403,0.218,1,6,AC004687.1
7.751432294169463e-4,0.6440938814474826,0.266,0.129,1,6,SMIM14
0.0017000135796031606,0.5750130614379042,0.439,0.237,1,6,AAGAB
0.008929215643434012,0.5482572057735888,0.328,0.166,1,6,BST2
8.299921410303193e-9,0.500078635274396,0.962,0.998,3.0378542353850716e-4,7,MTRNR2L12
1.6245292017002226e-8,0.5420957985725683,0.134,0.275,5.945939331142984e-4,7,CSK
2.072469583361686e-8,0.5410440983497031,0.15,0.309,7.585445922062107e-4,7,COX7C
2.899628354828618e-8,0.5152061017658065,0.402,0.672,0.0010612929741508224,7,RPS15
1.0704583483481332e-7,0.6991236956534328,0.266,0.472,0.003917984600789002,7,NACA
6.145614753104251e-7,0.612977539335267,0.199,0.345,0.022493564557836868,7,ABR
6.791053941851418e-7,0.5103265127991891,0.231,0.411,0.024855936532570375,7,CD52
7.174366206524634e-7,0.8035295317167519,0.325,0.538,0.026258897752500815,7,RPL35
7.897837693807458e-7,0.6133839209629885,0.154,0.268,0.028906875743104677,7,RASSF2
1.0293096784916666e-6,0.7013369005615493,0.596,0.518,0.03767376354247349,7,NAMPT
1.95001985197508e-6,0.5637071443457112,0.233,0.428,0.0713726766021399,7,S100A6
3.123100093360527e-6,0.5023594003429246,0.225,0.419,0.11430858651708864,7,ARPC3
1.4807150048277818e-5,0.6151024945248059,0.184,0.337,0.5419564989170164,7,RPS10
1.757243498705537e-5,0.6107115338565032,0.135,0.269,0.6431686929612136,7,SUMO2
1.9315640959132314e-5,0.6219339683848075,0.173,0.302,0.7069717747452018,7,RELB
2.0009109690441657e-5,0.8809854190893596,0.341,0.544,0.7323534237798551,7,RPL36
2.0150815470049016e-5,0.8138419916442288,0.35,0.573,0.737539997019264,7,RPL6
3.0280110623293662e-5,0.5146386986350148,0.143,0.254,1,7,GLIPR2
3.197524737262153e-5,0.5284424871512977,0.176,0.318,1,7,ARRB2
3.2473730201652825e-5,0.6961426784470084,0.176,0.325,1,7,TPM4
3.666397614293052e-5,0.5158683388134576,0.201,0.378,1,7,ARHGEF18
3.7061477735181834e-5,0.6049894549481953,0.132,0.254,1,7,ATP5MG
5.226755374064333e-5,0.5734821563991085,0.152,0.3,1,7,ARHGAP45
5.5570480666860235e-5,0.5205538101326151,0.162,0.335,1,7,JUND
7.467685735523496e-5,0.647856875129559,0.183,0.282,1,7,WARS
7.610665087531409e-5,0.5274909893840951,0.188,0.362,1,7,EEF1B2
7.720515384664555e-5,0.7073395113984663,0.165,0.294,1,7,SNHG5
1.076473895907488e-4,0.5615524802434719,0.409,0.68,1,7,RPL19
1.1297244083222159e-4,0.6676255601568194,0.211,0.377,1,7,PFDN5
1.2555757466952347e-4,0.5754753210602974,0.127,0.254,1,7,SLC44A2
1.3819354937283726e-4,0.9491138953813372,0.235,0.382,1,7,SH3BGRL3
1.52759725740965e-4,0.6065202610177765,0.141,0.256,1,7,TLE3
1.5485633673403086e-4,0.5185740576143176,0.153,0.273,1,7,TYROBP
1.5599614473627376e-4,0.5726322411340785,0.183,0.305,1,7,DHRSX
1.6039510741725716e-4,0.5375002968865088,0.189,0.302,1,7,FGR
2.3265500186980177e-4,0.5175527670607387,0.131,0.251,1,7,CRIP1
2.980709065032052e-4,0.5704859412747977,0.153,0.258,1,7,RTN3
4.2057948123784143e-4,0.6761898096703736,0.344,0.571,1,7,RPL36A
4.422355752368684e-4,0.6002465355287443,0.161,0.259,1,7,IFI30
5.095979628327508e-4,0.5363199515575974,0.264,0.444,1,7,ADGRE5
6.286701091731962e-4,0.8454495009805996,0.314,0.513,1,7,RPL12
6.57924321418699e-4,0.6939137557352603,0.19,0.278,1,7,NCF2
6.981407854732774e-4,0.5716069322213866,0.155,0.286,1,7,S100A10
8.328255043485973e-4,0.5901699442273094,0.295,0.518,1,7,RHOA
0.0011730116487852795,0.8624853342831119,0.176,0.305,1,7,GABARAP
0.00142620716104437,0.5542906435270267,0.158,0.263,1,7,ARRB1
0.001601623659152566,0.5799859129153102,0.316,0.549,1,7,RPL14
0.0019195086924907925,0.6514077521512995,0.349,0.591,1,7,RPS17
0.001955209816951624,0.5758035579389729,0.183,0.278,1,7,MICAL2
0.0026015733729651165,1.0549925607068207,0.361,0.535,1,7,UBA52
0.00268590925506962,0.791674296116459,0.288,0.478,1,7,RPL24
0.002722686927097548,0.8303246034778193,0.24,0.42,1,7,RPS26
0.003078889396007643,0.7391218027807707,0.416,0.66,1,7,RPS23
0.004172764139432406,0.7023977528753211,0.46,0.721,1,7,TMSB10
0.004428128739800826,0.5900908583652549,0.467,0.73,1,7,RPS18
0.004727942977388341,0.5309866458663753,0.161,0.284,1,7,ZMIZ1
0.005674315010476611,0.6199460827097902,0.495,0.757,1,7,RPS27A
0.00568667720598379,0.5870805698751407,0.214,0.381,1,7,USP4
0.006256733622329843,1.3049412620217216,0.262,0.379,1,7,ATP5F1E
0.006301293223427821,0.9070805769148395,0.174,0.257,1,7,ITGAX
0.006493825781778429,0.9255014407968135,0.258,0.414,1,7,RPL27
0.0071097784522604745,0.5704505569939695,0.286,0.412,1,7,COTL1
0.00734707072416125,0.8445188640380856,0.198,0.292,1,7,MNDA
0.007522087286401493,0.7711488802379831,0.295,0.505,1,7,RPS7
0.00756282077599426,0.9348708959630514,0.37,0.588,1,7,RPS25
0.0078054579155689705,0.5332606988091706,0.248,0.426,1,7,PIK3CD
0.008251832543760874,0.5733651504578419,0.169,0.319,1,7,KDM4B
0.009307301832338428,0.6890026473340494,0.222,0.287,1,7,CPPED1
5.8654006083926135e-133,3.4317010940709345,0.969,0.213,2.1467952766777805e-128,8,NELL2
4.25542706399507e-117,2.3125873413916262,0.968,0.299,1.5575288596928356e-112,8,LEF1
2.8719199425608236e-103,1.969741092233913,0.989,0.594,1.0511514181766871e-98,8,PDE3B
2.9725775161759333e-91,1.7046869279900836,0.979,0.392,1.0879930966955533e-86,8,CAMK4
2.0106065102160627e-87,2.158288227081384,0.892,0.31,7.35902088804181e-83,8,THEMIS
2.726356166576899e-85,2.581801641844658,0.827,0.223,9.978736205288108e-81,8,APBA2
6.855810252099193e-82,1.5492515134785365,0.953,0.497,2.5092951103708256e-77,8,PRKCA
1.6657888243699623e-80,2.1242689144843414,0.876,0.302,6.096953676076499e-76,8,TXK
1.43159875700759e-76,1.5922673667174632,0.956,0.72,5.23979461052348e-72,8,TGFBR2
9.822274419386903e-76,1.4357696070803718,0.985,0.426,3.5950506602398004e-71,8,BACH2
4.3712795197217936e-74,2.009194135879441,0.836,0.329,1.5999320170133737e-69,8,OXNAD1
4.666600181207946e-67,1.5185782149662592,0.964,0.718,1.7080223323239204e-62,8,MAML2
5.576484761028924e-66,6.232463080477902,0.513,0.012,2.0410491873841966e-61,8,NRCAM
3.483339257013176e-65,1.6749566524174744,0.837,0.335,1.2749370014593925e-60,8,TCF7
4.2450943134571526e-64,1.3397571634818664,0.964,0.733,1.5537469696684524e-59,8,ATM
2.5127691532191806e-63,1.527073455814081,0.912,0.509,9.196986377697523e-59,8,SERINC5
3.616009150033441e-62,5.963123831933566,0.446,0.011,1.32349550900374e-57,8,AL590006.1
8.549106206838973e-59,1.5736101703509444,0.892,0.584,3.1290583627651325e-54,8,NDFIP1
2.185563023026727e-58,1.608677717552967,0.864,0.406,7.999379220580124e-54,8,CD96
7.677337834222374e-58,4.224387587923058,0.508,0.033,2.8099824207037314e-53,8,PTPRK
2.571690812254339e-57,1.4060278334548217,0.89,0.43,9.412645541932106e-53,8,ITK
1.7592614451937375e-56,0.9119560224737588,0.996,0.94,6.439072815553599e-52,8,FOXP1
2.3961176105946e-55,1.1474829763042136,0.943,0.482,8.770030066537295e-51,8,BCL11B
7.189183405325669e-55,2.046750828371531,0.697,0.191,2.631313018183248e-50,8,CCR7
6.799663656068363e-54,1.7892434092874325,0.802,0.303,2.4887448947575815e-49,8,NR3C2
9.428396562015373e-54,1.901278800093365,0.641,0.191,3.450887425663247e-49,8,RASGRF2
4.77971232352941e-52,2.0888184644082353,0.577,0.149,1.7494225075349995e-47,8,TRABD2A
9.68866382152337e-51,1.4378265106743382,0.744,0.363,3.546147845315769e-46,8,PIK3IP1
1.3737480210598406e-50,3.7242047049530123,0.423,0.035,5.028055131881122e-46,8,LINC02446
3.531986438841066e-50,1.5030986970319078,0.926,0.557,1.2927423564802185e-45,8,ATP8A1
4.801300326374399e-49,1.6513851273788873,0.76,0.286,1.7573239324562939e-44,8,ABLIM1
2.579495009998182e-46,1.4774450015824314,0.612,0.227,9.441209686094346e-42,8,TESPA1
4.145184390340492e-43,1.7205645835631458,0.657,0.253,1.5171789387085235e-38,8,IGF1R
1.0438856710341723e-42,2.0025139988557807,0.517,0.154,3.8207259445521743e-38,8,RETREG1
6.853329641467783e-42,1.2333567942922508,0.874,0.603,2.5083871820736235e-37,8,PDE7A
1.0789104435700309e-41,1.4499418818517724,0.718,0.304,3.94892011451067e-37,8,DOCK9
2.169380094339552e-41,1.5616179347221917,0.794,0.379,7.940148083292194e-37,8,LEPROTL1
3.49824563735691e-41,0.9941207171868114,0.911,0.667,1.2803928857290027e-36,8,SARAF
7.80440366419617e-41,1.1578337346698344,0.873,0.568,2.8564897851324403e-36,8,RAPGEF6
3.520578198083792e-40,1.212347714782124,0.789,0.487,1.288566826280649e-35,8,CERS6
3.804791372266652e-40,1.327889084158518,0.791,0.41,1.3925916901633173e-35,8,PCED1B
1.0065154506875445e-38,2.8258173816936836,0.422,0.064,3.6839472010614817e-34,8,LEF1-AS1
7.451434704385426e-38,1.7039512121348048,0.559,0.184,2.7272996161521098e-33,8,ITGA6
1.941194730617575e-37,1.113545387215587,0.83,0.36,7.104966833533386e-33,8,IL7R
2.363496403229122e-37,2.8997501603731046,0.451,0.064,8.650633185458909e-33,8,CD8B
9.268541750548524e-37,1.4737409426595232,0.626,0.253,3.3923789661182656e-32,8,GRAP2
1.34392299977362e-36,1.4921315093403429,0.743,0.344,4.918892571471426e-32,8,MLLT3
1.5849532978652988e-36,0.930516298197865,0.931,0.701,5.80108756551678e-32,8,AAK1
5.458587588860782e-36,0.8497692664797971,0.975,0.855,1.997897643398935e-31,8,ZBTB20
3.1657868413824414e-35,1.6558559656373657,0.656,0.328,1.1587096418143873e-30,8,NAA16
4.166205996530782e-35,1.5970858664848282,0.657,0.25,1.5248730567902315e-30,8,RCAN3
6.758805481280508e-35,0.663374546242987,0.996,0.994,2.4737903942034788e-30,8,MT-ND3
7.474511490825139e-35,1.5238611856218036,0.676,0.324,2.735745950756909e-30,8,SUPT3H
2.863307780479517e-34,1.1436670137381588,0.877,0.438,1.047999280733308e-29,8,ZEB1
3.6205657018109706e-34,1.7685920262282713,0.59,0.215,1.3251632525198335e-29,8,SATB1
4.0324150696677595e-34,1.559386439774752,0.618,0.301,1.4759042396490966e-29,8,PCSK5
5.860887442934365e-34,0.9941211602994744,0.889,0.602,2.145143412988407e-29,8,CCND3
9.936764597086394e-34,1.7945308010399463,0.405,0.098,3.636955210179591e-29,8,CD8A
1.6766607098119802e-33,0.6027855285852022,0.998,0.963,6.136745863982829e-29,8,ARHGAP15
3.7110883984107655e-33,1.8582698230351191,0.422,0.123,1.3582954647023243e-28,8,RNF157
7.48890737247163e-33,1.0155228157498803,0.961,0.803,2.7410149873983415e-28,8,DOCK10
7.742684951125033e-33,1.9724262565934128,0.508,0.15,2.8339001189612734e-28,8,SATB1-AS1
1.277068966386429e-32,1.3295803023724462,0.705,0.399,4.674200123870969e-28,8,PRMT2
3.9962960372362e-32,1.332240723602772,0.692,0.372,1.4626843125888216e-27,8,ITPKB
4.935045070031956e-32,1.20507228722049,0.794,0.5,1.806275846082396e-27,8,NAP1L4
5.855087497863269e-32,1.6134841068697607,0.55,0.241,2.143020575092935e-27,8,PDK1
1.6292282796969925e-31,1.1071213033049085,0.757,0.434,5.9631384265189625e-27,8,TNRC6C
5.942688890261093e-31,0.8723349758126981,0.881,0.57,2.1750835607244627e-26,8,ETS1
6.870693871742194e-31,1.2912354698839636,0.678,0.299,2.5147426639963606e-26,8,PATJ
7.335530755307003e-31,2.5899105044944974,0.392,0.072,2.6848776117499165e-26,8,SLC16A10
2.43173469119913e-30,0.6963643284616521,0.976,0.642,8.900392143257936e-26,8,PRKCH
3.218454057250924e-30,1.1679678419332624,0.742,0.461,1.1779863694944107e-25,8,SNHG14
7.5014799375869e-30,0.9924815113901013,0.794,0.501,2.745616671956181e-25,8,CASK
8.86910821666225e-30,1.304394793349731,0.653,0.3,3.24618229838055e-25,8,SCML4
1.2096029463221288e-29,1.7272463986903963,0.573,0.216,4.427267743833623e-25,8,PRKN
3.495024241189725e-29,1.2329652326243403,0.744,0.383,1.2792138225178514e-24,8,MGAT4A
1.465560496659469e-28,1.513778715313867,0.575,0.277,5.364097973823323e-24,8,GPR155
4.2471099870459425e-28,0.9170760420073185,0.777,0.563,1.5544847263586854e-23,8,RBL2
1.987335306020162e-27,1.620840709503834,0.353,0.108,7.273845953564394e-23,8,MAL
2.0111323878960952e-27,1.182546657714357,0.817,0.465,7.360945652938498e-23,8,BCL2
2.205795550187408e-27,0.8560480211924935,0.817,0.465,8.073432293240933e-23,8,RHOH
1.0342598231950195e-26,1.6580274205148287,0.553,0.268,3.785494378876091e-22,8,RUNX2
1.2816338466528337e-26,1.518871730022411,0.65,0.373,4.690908042134036e-22,8,PSMA1
1.908325662636885e-26,1.978299374335117,0.412,0.132,6.984662757817263e-22,8,NUCB2
3.297372927181999e-26,0.8058316183710432,0.817,0.462,1.2068714650778834e-21,8,STAT4
6.295021436491227e-26,1.1992672424965511,0.681,0.378,2.304040795970154e-21,8,FUT8
1.0160870033202572e-25,1.930203490043784,0.477,0.178,3.7189800408524736e-21,8,FBXO32
1.0925079798045577e-25,0.738589113600935,0.917,0.73,3.9986884568826614e-21,8,IKZF1
1.52863111501054e-25,0.5429636251505761,0.997,0.992,5.5949427440500775e-21,8,MT-CYB
2.730587268095154e-25,1.0233254286106463,0.759,0.424,9.994222459955074e-21,8,NCK2
3.209177240640777e-25,1.5935007311533014,0.481,0.192,1.1745909618469308e-20,8,KCNQ5
4.244621936680957e-25,0.9004615505720244,0.872,0.637,1.553574075044597e-20,8,PITPNC1
6.791830709589669e-25,1.671732340676419,0.506,0.178,2.4858779580169147e-20,8,FAM102A
4.928640992345355e-24,1.5636144228354425,0.378,0.135,1.8039318896083233e-19,8,RNF144A
8.104521013596217e-24,0.8361211016038439,0.815,0.614,2.9663357361863514e-19,8,PACS1
1.1658063815042244e-23,1.6953386887260362,0.46,0.182,4.266967936943612e-19,8,ACTN1
1.1960319074978458e-23,0.6306006583555321,0.86,0.574,4.377596384632865e-19,8,PAG1
1.2083949066255267e-23,1.2559960206743526,0.48,0.211,4.422846197740091e-19,8,PCAT1
1.2794053690868336e-23,1.8611830028301886,0.459,0.134,4.682751591394719e-19,8,PRKCQ-AS1
2.1535480882311904e-23,1.3629649796510008,0.591,0.293,7.88220135773498e-19,8,SELL
3.430649987246328e-23,2.201116282699088,0.356,0.098,1.2556522018320285e-18,8,SH3RF3
5.06768304150516e-23,1.4590781724007784,0.583,0.249,1.8548226700213036e-18,8,BTBD11
1.0175290275790238e-22,0.9461834590622642,0.807,0.612,3.7242579938419846e-18,8,SUCLG2
3.429293224714013e-22,1.3235034172254356,0.544,0.27,1.2551556131775759e-17,8,TNFSF8
3.980619373915188e-22,1.0225957878068688,0.763,0.491,1.456946497046698e-17,8,PTPN4
4.006277260371495e-22,3.398084469226089,0.256,0.03,1.4663375400685707e-17,8,LRRN3
5.977822432349024e-22,0.9341912332444442,0.718,0.503,2.1879427884640663e-17,8,SEMA4D
8.841256694332198e-22,2.436481108175678,0.335,0.083,3.2359883626925274e-17,8,NBEA
9.428373425009507e-22,0.803784127367696,0.691,0.388,3.45087895728773e-17,8,PRKCQ
1.095117283366297e-21,1.8435431585881514,0.301,0.085,4.008238768848984e-17,8,LINC01550
1.374127826384026e-21,1.6241889047537654,0.293,0.103,5.029445257348174e-17,8,SAMD12
2.1574461250416343e-21,0.903348356844013,0.744,0.492,7.896468562264886e-17,8,IL6ST
2.4238833082387514e-21,0.9180833991528305,0.614,0.305,8.871655296484654e-17,8,CD6
2.906574082574623e-21,1.7324014937407668,0.344,0.108,1.0638351799631377e-16,8,AC233976.1
3.867112532502476e-21,0.8723140851452482,0.742,0.512,1.4154018580212313e-16,8,TMEM123
4.112436192819051e-21,1.3543770636160488,0.444,0.153,1.505192770933701e-16,8,KLRK1
5.163665651085184e-21,0.727113345651754,0.771,0.44,1.8899532649536882e-16,8,TC2N
6.085951659367992e-21,1.284808459220372,0.575,0.244,2.227519166845279e-16,8,LINC01934
7.655258555231953e-21,1.7519562989582584,0.356,0.122,2.8019011838004475e-16,8,FLNB
7.820674705431996e-21,1.6324962655772461,0.441,0.17,2.862445148935165e-16,8,PIK3IP1-AS1
8.712676049469434e-21,0.8632218431627774,0.774,0.522,3.1889265608663076e-16,8,CYFIP2
2.1679912877173963e-20,1.2851399047274006,0.506,0.246,7.935064912174442e-16,8,SGTB
2.1828093154541518e-20,0.6459964607458897,0.802,0.584,7.989300375493741e-16,8,CLEC2D
2.2510170492280673e-20,0.9880260793642897,0.774,0.486,8.238947501879649e-16,8,HIVEP2
2.2721408656899994e-20,0.8602311643409903,0.739,0.46,8.316262782511967e-16,8,EVL
3.3550689369429e-20,0.792773093303333,0.653,0.341,1.2279887816104709e-15,8,LTB
4.5831149383983965e-20,1.1460390032506806,0.68,0.416,1.677465898603197e-15,8,FAM117B
4.5962507361718076e-20,1.2287767448971079,0.526,0.262,1.6822737319462432e-15,8,LDHB
5.828972205128222e-20,0.5294260949709018,0.919,0.809,2.1334621167989805e-15,8,RIPOR2
1.3986696439939753e-19,0.5442512829868305,0.925,0.765,5.119270763982349e-15,8,LRBA
1.9517043192937674e-19,0.771131969636381,0.816,0.636,7.143432979047118e-15,8,CEP85L
2.464292548771218e-19,0.7791106244685448,0.815,0.663,9.019557157757533e-15,8,PHF3
3.554017868906704e-19,1.5968210295042418,0.252,0.092,1.3008060801985427e-14,8,THEM4
4.884402630283001e-19,1.522159215592485,0.361,0.132,1.787740206709881e-14,8,AC010609.1
6.153583894813278e-19,0.9825712743219679,0.764,0.51,2.252273241340608e-14,8,IMMP2L
6.60633080975229e-19,1.400971861416854,0.475,0.228,2.4179831396774357e-14,8,LINC01473
8.005582756795587e-19,0.5461008028964218,0.946,0.866,2.930123344814753e-14,8,TNRC6B
1.1702124426861383e-18,0.9844843369279876,0.675,0.417,4.2830945614755346e-14,8,PRKACB
1.5038365496364144e-18,1.6596119349893959,0.272,0.081,5.50419215532424e-14,8,AK5
1.5516132203748466e-18,0.8200464521845781,0.436,0.276,5.679059547893976e-14,8,TSPOAP1-AS1
1.746447779048277e-18,0.61531344715134,0.742,0.465,6.392173516094599e-14,8,TNIK
2.6366977213768218e-18,0.6886570432599184,0.912,0.769,9.650577330011305e-14,8,RASA2
5.5241795684918684e-18,0.8547418351680018,0.667,0.473,2.0219049638637088e-13,8,GCC2
6.845267364909576e-18,1.3507721843520775,0.421,0.184,2.505436308230554e-13,8,MAGED1
9.552357565551452e-18,0.7004147713845845,0.84,0.673,3.496258392567487e-13,8,EPB41
1.2540938984454616e-17,0.8325873763161189,0.706,0.483,4.590109077700234e-13,8,LRRC8C
1.8860917673340965e-17,0.7595052345436168,0.779,0.584,6.903284477619527e-13,8,SMYD3
1.9779764746296854e-17,0.5614306402281519,0.741,0.621,7.239591694792112e-13,8,OGT
2.4185858511983758e-17,0.8333017731311281,0.811,0.587,8.852266073971176e-13,8,TNFAIP8
4.3744647703257936e-17,0.7533213922802768,0.771,0.623,1.6010978505869437e-12,8,STK38
5.2771164238340854e-17,0.83042026055862594,0.6,0.332,1.9314773822875136e-12,8,SPOCK2
1.2264587042762467e-16,0.6025988906236917,0.839,0.539,4.488961503521491e-12,8,SLC38A1
1.3452349916647828e-16,0.6774931954746104,0.859,0.74,4.9236945929922715e-12,8,UBAC2
1.3883350696957394e-16,1.1368637867983717,0.372,0.192,5.081445188593376e-12,8,ATF7IP2
1.5753132208364577e-16,1.1534949554262797,0.506,0.245,5.765803919583519e-12,8,LINC00861
3.5591101652300145e-16,0.7206243769211027,0.713,0.569,1.3026699115758376e-11,8,EEF1G
5.19155751772631e-16,1.7358249718264385,0.354,0.119,1.9001619670630067e-11,8,ABCD2
8.419680171490249e-16,0.9896130242842994,0.569,0.328,3.081687139567146e-11,8,ATP10A
1.248249035557738e-15,1.845017301512073,0.321,0.098,4.568716295044877e-11,8,CNKSR2
2.1915158147670187e-15,1.121945891421501,0.36,0.178,8.021167033628765e-11,8,ZNF827
4.153738672624918e-15,0.5718085266874042,0.8,0.6,1.520309891567446e-10,8,CCSER2
5.9284389501560595e-15,0.854399468799064,0.473,0.286,2.1698679401466195e-10,8,GOLGA8B
6.814638271074406e-15,1.2335183101949385,0.397,0.197,2.4942257535959433e-10,8,LCLAT1
7.000199515762126e-15,1.0519988677926948,0.47,0.259,2.5621430247640956e-10,8,CCDC7
7.368656886778906e-15,1.5994766646192597,0.33,0.124,2.697002107129947e-10,8,PGGHG
7.790689756297942e-15,1.9326350351525396,0.26,0.084,2.8514703577026094e-10,8,SCML1
1.1768358285179901e-14,1.7815046960298375,0.252,0.07,4.3073368159586955e-10,8,CHRM3-AS2
1.2035359183820402e-14,0.8385420100245694,0.508,0.243,4.4050618148701055e-10,8,TTN
1.3028062488938052e-14,1.3136530461245757,0.392,0.179,4.768401151576216e-10,8,ZNF101
1.3843545640067504e-14,0.7807182266016328,0.79,0.639,5.066876139721107e-10,8,TPP2
2.02052524307789e-14,0.5924284424564314,0.823,0.647,7.395324442189385e-10,8,TMEM131L
2.2639591337848927e-14,1.3143322976267333,0.317,0.156,8.286316825566086e-10,8,BCKDHB
3.745603205619738e-14,0.8545155500431805,0.551,0.343,1.3709282292888802e-9,8,TMC8
5.918284782769321e-14,1.4397710865568405,0.368,0.153,2.1661514133413993e-9,8,MAN1C1
6.341806709350172e-14,1.0453028139464788,0.396,0.222,2.3211646736892568e-9,8,UXS1
7.11491999658921e-14,0.634719449138285,0.646,0.46,2.6041318679516167e-9,8,MPP7
8.905066193290011e-14,1.1540684368397978,0.318,0.147,3.259343277406077e-9,8,DHRS3
1.2947023988256482e-13,1.1415338641286137,0.386,0.188,4.738740249941755e-9,8,FCMR
1.7595519627392178e-13,0.7935019563640131,0.358,0.191,6.440136138821811e-9,8,CD3G
2.2596419256056487e-13,1.414474070872267,0.29,0.121,8.270515411909235e-9,8,CENPK
2.7477289774428393e-13,0.8256873051575437,0.641,0.464,1.0056962830338536e-8,8,CAMKMT
2.8346003183884355e-13,1.2180058733793653,0.498,0.243,1.0374920625333513e-8,8,SFXN1
3.61052222572552e-13,0.9106264907296171,0.584,0.395,1.3214872398377975e-8,8,VWA8
4.843122069375608e-13,0.8114991217272769,0.591,0.433,1.7726311086121664e-8,8,ZNF609
7.223695885888392e-13,1.2549002085335261,0.333,0.153,2.6439449311940106e-8,8,ENOSF1
7.623307319977875e-13,0.6147492689981904,0.731,0.602,2.790206712185102e-8,8,PHC3
8.23789407898053e-13,0.7368832158929712,0.662,0.52,3.015151611847664e-8,8,STXBP5
9.431192910385978e-13,1.008704795959602,0.596,0.367,3.4519109171303716e-8,8,MTR
1.1350062121585607e-12,1.3757837306493341,0.277,0.129,4.1542362371215477e-8,8,GRAMD1A
1.1461084329160639e-12,1.0128370670869429,0.47,0.268,4.1948714753160854e-8,8,SFI1
1.2534111675282186e-12,0.6766561643403168,0.841,0.646,4.587610214270033e-8,8,FKBP5
1.6646611525579126e-12,1.9848271280749268,0.294,0.093,6.092826284477216e-8,8,TTTY14
1.7828058247809607e-12,1.0525801554040575,0.408,0.216,6.525247599280794e-8,8,DGKA
1.829260018367735e-12,0.7082594746718622,0.757,0.604,6.695274593227748e-8,8,SNRK
2.469050156807005e-12,0.5919566474551199,0.876,0.761,9.036970478929319e-8,8,CDKAL1
2.956975112425454e-12,0.85099155438778,0.692,0.469,1.0822824608988405e-7,8,STK17A
6.074344349902952e-12,1.1076347681382814,0.472,0.24,2.2232707755079794e-7,8,PCED1B-AS1
6.727270627267922e-12,0.5887074406842756,0.859,0.717,2.462248322286332e-7,8,CCDC91
6.80076768749522e-12,0.7675193927979707,0.611,0.442,2.489148981300125e-7,8,KIF2A
7.143791027358291e-12,1.1230889589723092,0.363,0.198,2.614698953923408e-7,8,PREPL
7.287034798860183e-12,1.2213751077502764,0.321,0.172,2.6671276067308154e-7,8,AC008014.1
8.340716472766255e-12,1.2814165299762974,0.29,0.145,3.052785636197177e-7,8,LINC00476
8.343101340937749e-12,0.6478843030040367,0.795,0.648,3.0536585217966255e-7,8,RBM26
1.078681750322923e-11,0.5374173738347845,0.646,0.526,3.94808307435693e-7,8,RALGAPA1
1.2354651259307526e-11,0.7585404244980354,0.661,0.496,4.521925907419148e-7,8,TTC3
1.2515035834521353e-11,0.8881965171874007,0.447,0.273,4.5806282657931606e-7,8,ZNF91
1.2934944742682003e-11,0.5412483921792441,0.789,0.616,4.73431912526904e-7,8,TUT4
1.4249619059447893e-11,0.8630362033352899,0.646,0.514,5.215503071948524e-7,8,LMBR1
1.4794177367677216e-11,1.0356773204646683,0.505,0.316,5.414816858343538e-7,8,ERCC6L2
1.550302149538135e-11,1.4125592041877806,0.347,0.143,5.674260897524528e-7,8,TAF4B
1.8130147068679178e-11,1.2074333059640021,0.311,0.153,6.635815128607266e-7,8,NOSIP
1.8804488081996933e-11,0.8240907017859436,0.578,0.417,6.882630682891698e-7,8,SCFD2
1.9367697375525414e-11,0.9236030648595073,0.352,0.178,7.088770916416057e-7,8,CD7
2.1500003089223147e-11,1.5481246731277063,0.259,0.112,7.869216130686565e-7,8,UBE3D
2.5122104946183048e-11,0.8918101020484505,0.374,0.2,9.194941631352457e-7,8,LCK
3.513308483580509e-11,0.9813110436044701,0.376,0.217,1.2859060380753022e-6,8,CCDC66
3.540713492599402e-11,1.6781030522641651,0.264,0.089,1.2959365454263073e-6,8,BCAS4
3.9882435403423176e-11,0.5685311426957411,0.821,0.714,1.4597370182006918e-6,8,RPS16
4.3003746428252126e-11,1.0223306655000044,0.354,0.216,1.5739801230204561e-6,8,PRH1
4.5458260439094315e-11,1.156615694711748,0.283,0.135,1.6638177903312911e-6,8,CHMP7
4.6638090137930916e-11,1.407833536801765,0.298,0.122,1.7070007371384094e-6,8,TMEM263
5.1866726706035425e-11,0.8378014032404688,0.409,0.218,1.8983740641676027e-6,8,TRAC
6.1337922121304e-11,1.0024003590234793,0.394,0.251,2.2450292875618477e-6,8,N4BP2
6.487526969493338e-11,0.7281665239976786,0.56,0.394,2.3744997461042566e-6,8,PSIP1
6.646843295684168e-11,0.6749491550960327,0.693,0.511,2.4328111146533624e-6,8,AC079793.1
8.705949626694862e-11,1.5408815843351993,0.306,0.125,3.1864646228665864e-6,8,C11orf65
9.343685790203766e-11,0.6979192418627544,0.426,0.208,3.4198824360724805e-6,8,SNED1
1.2698921035980998e-10,1.009933439429889,0.28,0.161,4.647932088379405e-6,8,TOB1
1.301061729681858e-10,0.7907270275413018,0.557,0.417,4.762016036808568e-6,8,PIK3CD
1.403626750841565e-10,0.7666964625913262,0.635,0.491,5.137414270755212e-6,8,DENND6A
1.5047013236452712e-10,1.158170429802053,0.325,0.154,5.507357314674057e-6,8,SHISAL2A
1.5622986238377587e-10,1.1290872753269676,0.321,0.166,5.71816919310858e-6,8,PLPP1
1.8179654293882662e-10,0.927711768377887,0.49,0.276,6.653935268103993e-6,8,CMSS1
2.0354857679693257e-10,1.1189768676183964,0.276,0.144,7.450081459344529e-6,8,ZNF14
2.1186468433995983e-10,0.9524833009523843,0.472,0.261,7.75445931152687e-6,8,SPTBN1
2.169278304628766e-10,0.579153399656577,0.586,0.383,7.939775522771747e-6,8,SLFN12L
2.2105550296049086e-10,1.083506249768249,0.383,0.215,8.090852463856925e-6,8,GMCL1
2.995615041765698e-10,0.6132469749359485,0.418,0.222,1.0964250614366631e-5,8,CD28
3.1769063673127186e-10,0.9069833229458811,0.362,0.22,1.1627794995001281e-5,8,MPHOSPH9
4.194170258661332e-10,0.6700270444142783,0.395,0.246,1.5351082563726342e-5,8,TRBC2
6.309462660543392e-10,0.6627396169227139,0.492,0.303,2.309326428385487e-5,8,SIDT1
7.1311869938653e-10,0.9672261702836705,0.417,0.249,2.6100857516246383e-5,8,NPAT
9.11411450629469e-10,0.6267476401432817,0.675,0.517,3.33585705044892e-5,8,MCUB
1.096569317131977e-9,0.9503251135693287,0.475,0.273,4.013553357634749e-5,8,ANKH
1.1383097276417046e-9,0.6524553915478366,0.619,0.471,4.166327434141403e-5,8,SEPTIN6
1.1544278596134964e-9,0.8838948375227532,0.456,0.304,4.2253214089713585e-5,8,CCDC18-AS1
1.2722035151121939e-9,0.5559942733986292,0.553,0.342,4.6563920856621405e-05,8,SFMBT1
1.322250857776871e-9,0.7116587849469354,0.513,0.375,4.839570364549125e-5,8,AC118549.1
1.434221768400557e-9,0.7121245252671963,0.346,0.246,5.2493950945228785e-5,8,PUM3
1.5180068132867474e-9,0.616461889221982,0.754,0.563,5.556056737310824e-5,8,MSI2
1.5463679958997553e-9,0.8671232225099523,0.494,0.325,5.659861501792694e-5,8,GABPB1-AS1
1.5855255613817331e-9,1.227039157311884,0.35,0.159,5.803182107213282e-5,8,USP53
1.7793707069083226e-9,1.1064084657291091,0.348,0.184,6.512674724355151e-5,8,TTC39B
1.863802375340326e-9,0.6608133630579924,0.577,0.419,6.821703073983128e-5,8,CNST
2.1112883151446384e-9,0.7108355580456387,0.368,0.243,7.727526362260891e-5,8,TMEM63A
2.127445542770733e-9,1.2691857542096903,0.261,0.123,7.78666343109516e-5,8,HSF2
2.6054435884827933e-9,0.6767094702807944,0.512,0.374,9.536184078205872e-5,8,TTC14
2.858234848958148e-9,0.7823075421865047,0.322,0.176,1.0461425370671717e-4,8,CD3E
2.869528945531342e-9,0.5024759727496839,0.822,0.697,1.0502762893539264e-4,8,SORL1
4.229799781532809e-9,0.581920443872804,0.346,0.271,1.5481490180388235e-4,8,YPEL2
5.7459701943194035e-9,0.6956583568883312,0.526,0.364,2.1030825508228448e-4,8,USP9Y
7.4437637815800835e-9,1.1162529441183384,0.307,0.168,2.7244919816961263e-4,8,TBC1D32
8.031839983430652e-9,0.6110386629140518,0.61,0.466,2.939733752335453e-4,8,NLRC5
8.326414998499464e-9,0.9127401538327045,0.324,0.198,3.047551153600789e-4,8,CEP68
8.781473696855173e-9,0.9567054407343557,0.294,0.176,3.214107187785962e-4,8,TMEM161B-AS1
1.000740702948087e-8,0.8214758112311304,0.497,0.363,3.662811046860293e-4,8,YLPM1
1.1327250711488435e-8,0.6940656434976153,0.544,0.409,4.145887032911882e-4,8,SYNRG
1.159951128324595e-8,1.0377236665867635,0.344,0.195,4.2455371247808503e-4,8,ZC3H6
1.2147245969597475e-8,1.0316777270459256,0.331,0.187,4.446013497332372e-4,8,LINC01184
1.2819050458705116e-8,1.3312606711361286,0.308,0.14,4.6919006583906594e-4,8,CDC37L1
1.2848253577679612e-8,0.9606244941516517,0.344,0.205,4.7025892919665146e-4,8,GYPC
1.4538395781292215e-8,0.8605082200054355,0.26,0.159,5.321198239910764e-4,8,DNMT3A
1.5236151722908862e-8,0.5473572904676207,0.682,0.563,5.576583892101872e-4,8,RPL5
1.9355159369107314e-8,0.563054724406447,0.259,0.176,7.084181880686967e-4,8,CLYBL
2.7190800897545133e-8,0.7927944192523784,0.311,0.206,9.952105036510493e-4,8,MRPL3
3.023028909404251e-8,0.698391696972344,0.333,0.218,0.00110645881113105,8,DENND11
3.350768377202011e-8,0.6020500681361631,0.604,0.462,0.0012264147337397082,8,WWP1
3.46490300464128e-8,1.1249776451130744,0.318,0.188,0.0012681891487287549,8,MTFR1
3.611000695417612e-8,0.7448446050149751,0.755,0.605,0.0013216623645298001,8,MBD5
4.040755833850409e-8,0.9104475204187364,0.307,0.172,0.0014789570427475882,8,DYRK2
5.508337054069707e-8,0.5852966412660321,0.682,0.559,0.0020161064451600535,8,LNPEP
5.573420373941839e-8,0.5601681973860709,0.457,0.312,0.0020399275910664523,8,PVT1
5.637259103997092e-8,0.6720616461934467,0.58,0.447,0.0020632932046539755,8,G3BP2
5.827280305409352e-8,1.4333677475596696,0.331,0.134,0.002132842864582877,8,HABP4
6.760405818491997e-8,0.5326596449192105,0.653,0.556,0.002474376133626256,8,RFX3
7.150186363139975e-8,0.7784149724944254,0.383,0.258,0.0026170397107728623,8,NT5DC1
7.378085212055939e-8,0.9477470524415509,0.276,0.173,0.002700452968464594,8,AL645568.1
8.528344499708667e-8,0.9744409622909137,0.292,0.17,0.003121459370338369,8,ZBTB25
9.389997548275247e-8,1.2101317191004872,0.309,0.162,0.003436833002644223,8,TARBP1
9.487647971546276e-8,0.654613558625867,0.424,0.287,0.0034725740340656526,8,TCP11L2
9.489105104112549e-8,0.5132937660761736,0.712,0.572,0.003473107359156234,8,RPSA
9.562512328831872e-8,0.5323475416402652,0.729,0.613,0.0034999751374757537,8,SF1
1.0652468812641868e-7,1.0425773303496493,0.313,0.184,0.00389891011011505,8,SLC7A6
1.1150899593831272e-7,0.654834657201655,0.584,0.43,0.004081340760338184,8,RPS5
1.2249514216977235e-7,0.5465509918196247,0.578,0.44,0.004483444698555838,8,HIVEP1
1.2811053717453475e-7,0.7449266822752574,0.508,0.394,0.004688973771125146,8,AEBP2
1.3352017359778928e-7,0.802497829745874,0.506,0.322,0.004886971873852685,8,TMEM243
1.4273905607540196e-7,0.5586660003937804,0.755,0.63,0.005224392191415787,8,BRWD1
1.6559121016654193e-07,0.8237110076126016,0.257,0.162,0.006060803883305601,8,NOL11
1.7253608430742136e-7,0.6615181482314716,0.534,0.412,0.00631499322173593,8,FARS2
1.743368683177779e-7,0.5935996111182069,0.494,0.372,0.006380903717298989,8,MPHOSPH8
1.9452071635455214e-7,0.6896463710483534,0.469,0.321,0.0071196527392929625,8,IPCEF1
2.5693599444749454e-7,0.8957120587945337,0.366,0.241,0.009404114332772748,8,MTAP
2.5776377162872187e-7,1.4430388298383858,0.271,0.122,0.00943441180538285,8,RGS10
2.7659978040388196e-7,0.5183274255825174,0.816,0.703,0.010123828562562484,8,RPS6
2.829274050633585e-7,0.7235108807266067,0.303,0.167,0.010355425952723984,8,CD5
2.946505831647834e-7,0.5375805871455359,0.777,0.655,0.010784505994414237,8,RPL23A
3.429489374567984e-7,0.6411517108950059,0.391,0.269,0.012552274059856278,8,XKR6
3.6367666418655727e-7,0.5091501277830244,0.646,0.553,0.013310929585892183,8,ZRANB2
3.691172994790287e-7,0.9191104537736604,0.303,0.196,0.013510062278231929,8,ANAPC1
3.6996188034961815e-7,0.5983962709764187,0.4,0.322,0.013540974782676374,8,R3HDM1
3.861537217726172e-7,0.5378772851978824,0.406,0.281,0.014133612370599562,8,SLFN5
4.790803647767922e-7,0.9301419961910362,0.272,0.138,0.017534820431195374,8,ABCB1
5.633835276646527e-7,0.6891343954745377,0.549,0.437,0.020620400496053955,8,PHF14
5.831579121061907e-7,0.588546368240467,0.308,0.186,0.021344162740998686,8,CD3D
8.025617683589934e-7,0.9075350931753661,0.364,0.235,0.029374563283707515,8,NUBPL
8.307485302372392e-7,0.9287059591676818,0.254,0.143,0.03040622695521319,8,TECR
8.451168818460894e-7,0.8167277068064798,0.262,0.171,0.030932122992448716,8,ST3GAL3
9.306157476510863e-7,0.5690797773764033,0.419,0.339,0.03406146697977741,8,ELP4
9.590191087428355e-7,1.120699353933735,0.31,0.141,0.035101058399096524,8,FAM169A
9.8707811613497e-7,0.7679795142177344,0.301,0.192,0.036128046128656034,8,CARMIL1
1.0041729549550618e-6,0.9374870973141938,0.26,0.167,0.03675373432431022,8,FAM241A
1.0147781134604182e-6,0.9716292683022878,0.318,0.19,0.03714189373076477,8,AKAP7
1.0518380663714873e-6,0.6712272032613269,0.483,0.358,0.038498325067262806,8,JPX
1.251317937650372e-6,0.7978390310557546,0.4,0.259,0.04579948783594126,8,ZNF506
1.450395496715478e-6,0.5706376800953357,0.488,0.337,0.05308592557528321,8,RNF125
1.6447093721888013e-6,0.911481789657858,0.266,0.159,0.06019800773148232,8,PURA
1.7959114476856422e-6,0.6349882942351385,0.516,0.388,0.0657321548967422,8,SLC16A7
1.8595400231117626e-6,0.61116364378763,0.37,0.268,0.06806102438591362,8,MGMT
1.9737589469939754e-6,0.7265822457398603,0.46,0.318,0.07224155121892649,8,TMEM245
2.0514726412929463e-6,0.6494694173108508,0.41,0.27,0.07508595014396313,8,HELB
2.4221877676373636e-6,0.6757170365024174,0.421,0.3,0.08865449448329514,8,KIFAP3
2.9453347139750866e-6,0.5311946742468914,0.482,0.359,0.10780219586620214,8,VPS13A
3.3310924682158748e-6,0.6985982930602721,0.411,0.301,0.12192131542916923,8,ACYP2
3.447170334117054e-6,0.9408305240506424,0.273,0.162,0.1261698813990183,8,PIGL
3.586733072412883e-6,0.6495508282342525,0.459,0.361,0.13127801718338392,8,TBCK
3.778142313648424e-6,0.5607050697249999,0.546,0.453,0.13828378682184597,8,PPP1R2
3.970829224538606e-6,0.9257941558682949,0.251,0.164,0.14533632044733752,8,SETD1B
4.170543328003974e-6,0.7699974898218023,0.323,0.223,0.15264605634827344,8,FOCAD
4.602505909725672e-6,0.5582318149286534,0.272,0.187,0.16845631880186934,8,GOLGA8A
4.7342190074305294e-6,1.2183611250393698,0.27,0.123,0.17327714989096482,8,MPP6
4.8415613279355804e-6,0.6855279693821371,0.484,0.338,0.17720598616377017,8,NPM1
4.91848708975127e-6,0.508815420011105,0.689,0.575,0.18002154597198622,8,ZNF638
5.536299219850674e-6,0.7576780366984471,0.281,0.187,0.20263408774575453,8,LINC01588
5.638231581436293e-6,0.6270550367934928,0.361,0.282,0.20636491411214974,8,RPRD1A
6.598578620560863e-6,0.6993243142484731,0.655,0.488,0.24151457609114813,8,PCGF5
7.261639316065569e-6,0.5464089417785453,0.388,0.309,0.2657832606073159,8,METTL15
7.529654987560605e-6,1.141801455761938,0.279,0.137,0.2755929021997057,8,TMEM106B
8.157632514158175e-6,0.5888292302505594,0.454,0.344,0.29857750765070334,8,TRAF3IP3
8.251519597216793e-6,0.5386030892468963,0.424,0.331,0.30201386877773184,8,RPS10
8.285240993120262e-6,0.6299808804989545,0.359,0.239,0.3032481055891947,8,OXCT1
8.760171237018674e-6,0.571408345662903,0.341,0.255,0.3206310274461205,8,ATAD1
1.1194457044584403e-5,0.6915670890747323,0.477,0.354,0.4097283222888337,8,EEF1B2
1.1440261915421936e-5,0.524996685363391,0.457,0.374,0.4187250263663583,8,STX16
1.247568600733986e-5,0.6336323239707594,0.544,0.403,0.45662258355464624,8,URI1
1.3014149344906558e-5,0.5992052112192402,0.546,0.442,0.4763308801729249,8,TAF15
1.3213085133800234e-5,0.5942526881526551,0.614,0.489,0.4836121289822224,8,RPL10A
1.3896588715132657e-5,1.0927957534241106,0.272,0.145,0.5086290435625704,8,AK3
1.456250524659268e-5,1.0318872976472384,0.278,0.144,0.5330022545305387,8,NIPAL3
1.5133644524126475e-5,0.5271199080805145,0.5,0.407,0.5539065232275531,8,HNRNPDL
1.565440557172444e-5,0.5946178249724333,0.289,0.186,0.5729668983306863,8,TRBC1
1.889845764394703e-5,0.7026302477076646,0.407,0.278,0.6917024482261053,8,NUDCD3
2.217474576754595e-5,0.905746399881059,0.287,0.186,0.8116178698379493,8,ITFG2
2.3472806231365115e-5,0.6497010117412088,0.292,0.221,0.8591281808741945,8,TMEM168
2.5237860879177195e-5,0.6264442323201869,0.541,0.411,0.9237309460387645,8,RPS26
2.6990775717237373e-5,0.5170265797861305,0.493,0.38,0.9878893820266051,8,CDR2
2.8588163889877324e-5,0.6470242714064637,0.251,0.149,1,8,TBC1D4
3.0496666449606758e-5,0.5280702670402646,0.586,0.473,1,8,NUCKS1
3.333608146730741e-5,0.8224927259151035,0.268,0.178,1,8,ICE2
3.344948003609696e-5,0.6900698759489882,0.302,0.219,1,8,NDUFAF2
3.380299680908262e-5,0.8132795455743755,0.407,0.262,1,8,MDN1
3.446192998789181e-5,0.7235189121661716,0.344,0.223,1,8,PPM1K
3.494757857210642e-5,0.8294910169771061,0.281,0.186,1,8,AL031772.1
3.559976041806499e-5,0.5385464722611035,0.554,0.456,1,8,GMDS
3.740754787534697e-5,0.7558317520601442,0.306,0.199,1,8,IARS
4.097369437038536e-5,0.547194742656633,0.441,0.335,1,8,ARRDC3
4.4716344036174125e-5,0.9329106261613032,0.318,0.203,1,8,RAB43
4.6890506191097806e-5,0.5529387747614758,0.516,0.436,1,8,TPK1
4.958785770788656e-5,0.6378958098599419,0.282,0.218,1,8,ERO1A
5.2058680109870015e-5,0.6654804969906852,0.581,0.447,1,8,SKP1
7.210096399194174e-5,0.6707000680183227,0.269,0.19,1,8,UQCC1
7.262958091432191e-5,0.7634414868303262,0.359,0.247,1,8,OTULINL
8.444709594817046e-5,0.7671757725848655,0.268,0.18,1,8,ZNF141
8.948162729473545e-5,0.7642843143947925,0.37,0.26,1,8,AC079781.5
9.06842256155478e-5,0.6822672849067423,0.464,0.353,1,8,HBS1L
9.600741444712062e-5,0.7788825968539907,0.251,0.173,1,8,MSL3
9.830979847958183e-5,0.658009727838373,0.361,0.238,1,8,ZNF107
1.0068526899678852e-4,0.7277204205618784,0.298,0.197,1,8,GAS5
1.0233326906524788e-4,0.5431034579063034,0.293,0.227,1,8,AIMP1
1.0737125691667705e-4,0.5492744338628246,0.312,0.247,1,8,KIAA1328
1.1287253194123634e-4,0.602990653903344,0.47,0.381,1,8,WDPCP
1.3422997174093544e-4,0.61488770384714,0.471,0.361,1,8,WHAMM
1.4625696583398876e-4,0.619219919216395,0.322,0.222,1,8,PLEKHA1
1.4918442585730074e-4,0.6140062462615398,0.399,0.32,1,8,FNTA
1.5029775853483873e-4,0.6229655056011806,0.389,0.301,1,8,INVS
1.5672162587180644e-4,0.5129185509990735,0.289,0.231,1,8,PMPCB
1.6904252254942035e-4,0.5557049289364118,0.522,0.418,1,8,EXOC6B
1.785280747524625e-4,0.5469049098855989,0.372,0.294,1,8,ALG13
1.8486799361006235e-4,0.5922195893729029,0.299,0.236,1,8,PRMT3
1.8753092388828498e-4,0.7395860320863594,0.251,0.163,1,8,TRMT11
1.888414377747596e-4,0.829001049913364,0.267,0.177,1,8,UGP2
1.9361500027073925e-4,0.654770447722729,0.288,0.216,1,8,XRRA1
1.9938206982741068e-4,0.603502431711637,0.3,0.217,1,8,DDX50
2.0205128542745386e-4,0.5782718872304367,0.271,0.202,1,8,SRP9
2.0270788985927524e-4,0.5845615860944513,0.422,0.319,1,8,ERAP2
2.2920128874377558e-4,0.6440387457048747,0.299,0.222,1,8,ALMS1
2.334222054929425e-4,0.5988574724258073,0.338,0.265,1,8,MGA
2.570890370357824e-4,0.7000225986946633,0.318,0.229,1,8,NUP160
2.675050306550723e-4,0.5335405097138993,0.382,0.292,1,8,LINC01138
3.300170197115629e-4,0.6170367100316048,0.343,0.26,1,8,TMEM41B
3.367677781875813e-4,0.9534180784317519,0.343,0.202,1,8,MTERF4
3.884883698448618e-4,0.7361522754467751,0.334,0.223,1,8,ZMYND11
4.0659595390441357e-4,0.569957508576498,0.319,0.224,1,8,ACAP1
4.112088428814088e-4,0.5564108686268454,0.288,0.198,1,8,STAMBPL1
4.3331264732679177e-4,0.7613879306219579,0.25,0.157,1,8,RCL1
4.392733595154879e-4,0.7255268585588279,0.327,0.24,1,8,MYCBP2-AS1
4.400767058693842e-4,0.604680437746404,0.34,0.259,1,8,FBXO38
4.419604325755314e-4,0.7529256876750279,0.399,0.266,1,8,KPNA5
4.891675464305295e-4,0.6424700731134134,0.514,0.387,1,8,BBS9
6.511871452054387e-4,0.6432202256115559,0.342,0.261,1,8,FBXL4
6.776289662810419e-4,0.8035044210302412,0.253,0.167,1,8,TUBGCP5
6.814734326782001e-4,0.5180123434828702,0.48,0.368,1,8,MYLIP
7.504829259360114e-4,0.602890540980645,0.395,0.295,1,8,FBXO3
7.759778762493348e-4,0.6139535090816379,0.522,0.401,1,8,PIBF1
8.703441773155446e-4,0.7295999687403356,0.26,0.178,1,8,VRK1
8.793188597649384e-4,0.5242729987831287,0.33,0.257,1,8,ZNF254
9.018804917233921e-4,0.6369892231416365,0.326,0.243,1,8,KDM1A
9.416022913618182e-4,0.6973404622248449,0.337,0.244,1,8,SLC39A10
9.428771487117895e-4,0.5825197407366721,0.395,0.309,1,8,PPWD1
0.0010040549174655808,0.5280293136059815,0.332,0.269,1,8,KLF9
0.0010066120191480543,0.6418861374860534,0.478,0.357,1,8,ELP2
0.0011983454651719472,0.527448105259513,0.453,0.346,1,8,JMY
0.0012604113143992294,0.5849819934202334,0.315,0.235,1,8,KLHDC2
0.0014911953316270661,0.8083972597781005,0.329,0.239,1,8,ATP11C
0.001506010220352388,0.508819472802616,0.491,0.398,1,8,CRTC3
0.0015774291873342592,0.6832431605240014,0.319,0.229,1,8,IKZF5
0.0016390935590924927,0.5422264294637964,0.394,0.293,1,8,DTNB
0.001658685277216326,0.5667737676115173,0.299,0.236,1,8,ZNF280D
0.0016776220265667327,0.6438657737309488,0.314,0.203,1,8,GNB5
0.0017439601072364137,0.5591855813953605,0.446,0.342,1,8,ARHGEF1
0.0017934581859620768,0.528142670485854,0.378,0.307,1,8,LPXN
0.0018311853855168692,0.5244473077984936,0.508,0.423,1,8,ACBD6
0.0018615168447923254,0.5386195684722537,0.448,0.35,1,8,G3BP1
0.0020081608035553066,0.5417986709944274,0.272,0.217,1,8,HIBCH
0.002427916432650763,0.5364051697640418,0.403,0.309,1,8,ZNF721
0.002459229088236314,0.5729569540741586,0.342,0.267,1,8,ERGIC2
0.0024633605907686124,0.6654049429485726,0.361,0.273,1,8,RALA
0.002463455495610798,0.5148866032810685,0.359,0.285,1,8,MFSD6
0.002550893820707257,0.504881748846129,0.647,0.541,1,8,PIK3CA
0.00264487116555956,0.6352502688743973,0.437,0.337,1,8,PPA2
0.0026974650360538847,0.6838239368103141,0.272,0.192,1,8,ZBTB10
0.0027721110725127665,0.5346270221372911,0.432,0.36,1,8,CRLF3
0.0027757794163048876,0.527740083260739,0.379,0.311,1,8,INTS6
0.0028860052090169575,0.5332679789302889,0.375,0.293,1,8,ZMYND8
0.002999445590662455,0.70580783547806,0.261,0.183,1,8,TTC27
0.003475866911244326,0.663165188616673,0.265,0.201,1,8,SUPT20H
0.0035264526617769937,0.507598393509268,0.569,0.475,1,8,THADA
0.003921776930448416,0.5317306863571514,0.322,0.252,1,8,CABIN1
0.004831251061969281,0.5862382088570276,0.394,0.302,1,8,CAND1
0.004910773182325466,0.7554714946783173,0.288,0.213,1,8,AC005670.3
0.005271069095750216,0.555476103600696,0.293,0.232,1,8,DDX10
0.005806629618660106,0.6166172627208224,0.469,0.349,1,8,CD2AP
0.00635281449394278,0.5765128690171955,0.287,0.212,1,8,TARSL2
0.007043264399235282,0.5653596857571118,0.301,0.237,1,8,MRPS28
0.0070709186974405504,0.5524537796319251,0.312,0.25,1,8,RSU1
0.007861224467708669,0.6076635493689253,0.25,0.184,1,8,NSUN6
0.009227301516781838,0.5200138218897774,0.28,0.216,1,8,NEK1
0.009529393424487104,0.61701445044765,0.318,0.244,1,8,DDX18
0.009758982472035872,0.5440374679140948,0.374,0.29,1,8,KIAA0355
2.0383422194642e-123,3.887984436234084,0.859,0.11,7.460536357460919e-119,9,IKZF2
4.439014667590789e-106,2.2996834601545757,0.936,0.499,1.624723758484905e-101,9,CASK
1.3201020913536588e-88,2.528647976909142,0.86,0.282,4.831705664563527e-84,9,PLCL1
4.6716354163418306e-88,2.997878155659894,0.834,0.273,1.7098652787352735e-83,9,STAM
5.758410157339323e-87,3.945150410354045,0.651,0.061,2.1076357016877654e-82,9,AC093865.1
1.130189892438456e-80,1.50008665676536,0.986,0.62,4.136608025313993e-76,9,SKAP1
6.668179340756134e-78,5.790932869842003,0.608,0.024,2.4406203205101526e-73,9,RTKN2
2.039017877620717e-75,4.626387718853377,0.575,0.068,7.463009333879586e-71,9,AL136456.1
1.3592608563377261e-74,4.180953618629533,0.586,0.064,4.9750306602817115e-70,9,IL2RA
2.2894461168455236e-65,1.2971149858320072,0.951,0.59,8.3796017322663e-61,9,SYNE2
5.552824859277262e-63,1.8582563663340814,0.818,0.413,2.0323894267440706e-58,9,TTC39C
7.237599537611554e-63,1.717289254248231,0.832,0.304,2.6490338067612048e-58,9,LEF1
1.4109019574033264e-58,1.3477705694854176,0.926,0.395,5.164042254291915e-54,9,CAMK4
3.9837324903377535e-57,2.000235515186977,0.709,0.297,1.4580859287885211e-52,9,GLCCI1
6.242656274450073e-56,5.05405692078976,0.465,0.044,2.284874623011471e-51,9,LINC02694
4.775531915170693e-55,2.2042546825242253,0.683,0.24,1.7478924362716255e-50,9,TTN
3.2641722136108833e-52,1.3200256977570333,0.917,0.672,1.1947196719037195e-47,9,EPB41
3.811006129488414e-52,1.367693149520055,0.86,0.463,1.3948663534540542e-47,9,TNIK
7.307395704127026e-51,1.1519458594372356,0.926,0.514,2.6745799016675327e-46,9,RORA
1.9561725219202895e-50,1.8459591058986513,0.787,0.442,7.159787047480452e-46,9,LDLRAD4
1.1503550879515186e-49,2.257683323571202,0.637,0.212,4.210414657411353e-45,9,TOX
5.334061241119073e-48,1.1492278271468348,0.863,0.439,1.9523197548619917e-43,9,ZEB1
3.595901151035114e-46,1.258242205417564,0.858,0.432,1.316135780290362e-41,9,ITK
3.213466534110171e-45,0.8669518484240086,0.993,0.952,1.1761608861496636e-40,9,SMCHD1
3.0997918034415445e-44,1.106470973468129,0.911,0.57,1.1345547979776397e-39,9,ETS1
4.58499854671263e-41,1.7981876228818001,0.662,0.217,1.6781553180822897e-36,9,CD28
4.607325952979068e-41,2.625985849691802,0.44,0.102,1.6863273720498687e-36,9,CCDC141
3.4187324107137444e-40,0.8160536648690284,0.946,0.529,1.2512902496453375e-35,9,CD247
4.820167069912661e-40,2.366080169928161,0.57,0.174,1.7642293492587331e-35,9,DUSP16
4.3650732929529724e-39,1.7003682870322374,0.654,0.308,1.5976604759537175e-34,9,PVT1
6.724427484533733e-39,1.7967662283032473,0.645,0.29,2.4612077036141915e-34,9,ABLIM1
1.285565273449576e-38,1.6467946578793085,0.637,0.252,4.705297457352794e-34,9,RCAN3
1.6177493086148362e-38,1.0180957295278712,0.88,0.598,5.921124244461162e-34,9,PDE3B
2.3000423798078226e-38,1.3422911465704113,0.826,0.485,8.418385114334611e-34,9,ARID5B
4.964633444588543e-37,0.9356461507860225,0.896,0.696,1.8171054870538527e-32,9,FOXO1
9.544829196284923e-37,1.6594605486136995,0.622,0.263,3.4935029341322445e-32,9,ZNF831
1.237069540684829e-36,1.1200120120797237,0.766,0.512,4.527798225860543e-32,9,SLC4A7
2.5379314202101084e-35,0.8974982383476924,0.905,0.484,9.289082791111017e-31,9,BCL11B
9.473637575708903e-35,0.8936558622031847,0.962,0.897,3.4674460890852155e-30,9,USP15
6.245912468889738e-34,0.7832335869990468,0.941,0.765,2.286066422738333e-29,9,LRBA
2.3652460496607468e-33,1.425427652975124,0.63,0.321,8.657037066363299e-29,9,BIRC3
6.1575662882610705e-33,2.249778736204399,0.473,0.144,2.2537308371664342e-28,9,TBC1D4
1.977092028235813e-32,4.999615773817847,0.282,0.028,7.2363545325458995e-28,9,RBMS3
6.363286989384005e-32,0.505939410796266,0.997,0.964,2.32902667098444e-27,9,ARHGAP15
7.282671942999306e-31,1.121770269570237,0.747,0.461,2.665530757857176e-26,9,EVL
1.4578858286193735e-30,1.5283407937611304,0.686,0.393,5.336007921329769e-26,9,CCM2
1.877938925327251e-30,3.0434476651341034,0.331,0.065,6.873444260590271e-26,9,F5
3.598293965020357e-30,2.80111419365921,0.371,0.074,1.3170115741371008e-25,9,SLC16A10
3.66287728064301e-30,1.0546796943170829,0.778,0.487,1.3406497134881482e-25,9,HIVEP2
6.639185688471688e-30,3.1571803329485126,0.324,0.044,2.4300083538375224e-25,9,CTLA4
8.550858181238858e-30,2.2370325349644196,0.517,0.176,3.1296996029152344e-25,9,CEP128
2.0040473882231257e-29,0.906825649413973,0.634,0.342,7.335013845635462e-25,9,LTB
2.0082776375736392e-29,1.6840183188238986,0.546,0.212,7.350496981283277e-25,9,LRIG1
3.8128027053938883e-29,1.3207484750417748,0.776,0.525,1.395523918201217e-24,9,PHACTR2
1.3974409918739001e-28,1.7602050153677262,0.546,0.22,5.114773774357662e-24,9,GBP5
1.7837653119387068e-28,1.8472956341982647,0.478,0.179,6.528759418226861e-24,9,TSPAN5
4.539487485569582e-28,2.3814712912578173,0.416,0.129,1.6614978145933226e-23,9,MCF2L2
6.396924209113934e-28,1.0918120487279348,0.703,0.404,2.341338229777791e-23,9,RASGRP1
6.802311998240382e-28,1.2344667377378489,0.639,0.347,2.489714214475962e-23,9,MLLT3
9.717342696754483e-28,0.8556195449992186,0.797,0.467,3.556644600439108e-23,9,BCL2
1.84587099905854e-27,2.071941133963156,0.38,0.106,6.756072443654163e-23,9,PKIA
2.0151268115225102e-27,1.0322912659627497,0.738,0.387,7.37556564285354e-23,9,PRKCQ
3.020854467829605e-27,4.141157862974694,0.297,0.046,1.1056629437703138e-22,9,AC013652.1
3.2158859421946863e-27,1.0779978194971762,0.809,0.615,1.1770464137026772e-22,9,PACS1
6.221993199877992e-27,1.5606557932300589,0.694,0.418,2.277311731087344e-22,9,NIBAN1
8.104869158356399e-27,0.8424370085462547,0.93,0.813,2.9664631606500257e-22,9,PCNX1
1.1442051686477467e-26,1.033387180591327,0.827,0.576,4.1879053377676174e-22,9,PAG1
1.497707532606393e-26,0.6845925293984569,0.769,0.407,5.481759340092659e-22,9,INPP4B
1.6255647826335956e-26,2.926741529429783,0.266,0.045,5.949729660917223e-22,9,LINC00426
2.0270166725093934e-26,2.0972640680404115,0.422,0.112,7.419083723051631e-22,9,ICOS
3.5162637722279986e-26,1.9583192756589505,0.475,0.187,1.2869877032731698e-21,9,CYTOR
3.67207099089463e-26,0.7198295906158654,0.986,0.94,1.3440147033773435e-21,9,FOXP1
3.704640968097878e-26,1.6308906274410755,0.614,0.323,1.3559356407335044e-21,9,GPHN
6.267846575682965e-26,2.7683935305410774,0.39,0.08,2.294094525165722e-21,9,CDHR3
8.161227167643282e-26,0.7105097126982245,0.875,0.736,2.9870907556291177e-21,9,IQGAP2
1.4147196400505584e-25,1.5322617183746976,0.567,0.258,5.178015354549049e-21,9,CCDC7
2.368142178621669e-25,0.800288090381148,0.913,0.769,8.667637187973171e-21,9,RASA2
2.7187795867472054e-25,1.4826442853739565,0.573,0.272,9.951005165453447e-21,9,ANKH
3.019704715140255e-25,1.5399364764957646,0.366,0.118,1.1052421227884847e-20,9,PALM2-AKAP2
3.7717486536400516e-25,1.0903764348789526,0.74,0.483,1.3804977247187953e-20,9,LRRC8C
5.938575716979492e-25,2.0440556230800557,0.407,0.116,2.1735780981716637e-20,9,MAST4
1.4309226856166898e-24,0.8067715909128399,0.886,0.703,5.237320121625646e-20,9,AAK1
3.525892128218893e-24,1.1380554662149622,0.629,0.411,1.290511777849397e-19,9,CASP8
3.543010618789353e-24,2.769187740699103,0.262,0.049,1.296777316583091e-19,9,TIGIT
5.8707176262970745e-24,3.3601275639839647,0.318,0.046,2.1487413584009922e-19,9,GCNT4
5.902426614689598e-24,0.7829827449966955,0.845,0.602,2.16034716524254e-19,9,CDC14A
6.787706616858512e-24,2.1094423996001757,0.415,0.134,2.484368498836384e-19,9,DGKH
1.2773543138809132e-23,1.659373645788977,0.412,0.147,4.675244524235531e-19,9,FAAH2
1.4580227714184e-23,2.2566644462897267,0.324,0.091,5.336509145668486e-19,9,HS3ST3B1
3.387115709112867e-23,1.3552096085458842,0.481,0.212,1.2397182206924005e-18,9,PCAT1
3.877452379385154e-23,0.704303330487682,0.903,0.81,1.4191863453787601e-18,9,RIPOR2
4.9911472956078044e-23,1.0046497165678658,0.752,0.502,1.8268098216654125e-18,9,NAP1L4
6.559383738096404e-23,1.7982104248468596,0.444,0.161,2.400800041980665e-18,9,TRAF1
1.2920159455358982e-22,1.1265339019765759,0.716,0.46,4.728907562255941e-18,9,WWP1
2.626296834319715e-22,1.5814744195788955,0.582,0.318,9.612509043293588e-18,9,ATXN7L1
4.362268782388639e-22,1.232800897549616,0.512,0.305,1.596633997042066e-17,9,TULP4
4.400805955843783e-22,0.8401034191682903,0.862,0.674,1.610738987898383e-17,9,SAMHD1
5.225625899406792e-22,0.6344449204701657,0.909,0.654,1.91263133544188e-17,9,KLF12
9.353085252292371e-22,1.1182324680155007,0.59,0.295,3.423322733191531e-17,9,PYHIN1
1.2772540095809286e-21,0.6029269051254658,0.973,0.643,4.674877400467157e-17,9,PRKCH
1.5531845882240847e-21,1.1396934569348978,0.686,0.507,5.684810911358972e-17,9,MAN1A2
1.767939298963003e-21,1.2874505963333147,0.647,0.37,6.470834628134487e-17,9,PAM
2.1279388069684174e-21,1.3229865673404504,0.725,0.523,7.788468827385104e-17,9,SGMS1
2.3862234258071354e-21,1.0541005848735423,0.693,0.414,8.733816360796697e-17,9,PCED1B
4.6047564381319275e-21,0.8601271045217083,0.7,0.427,1.6853869039206667e-16,9,NCK2
1.1300428841431932e-20,1.3042564759143085,0.532,0.279,4.1360699602525015e-16,9,SLFN5
1.6738761030096602e-20,1.1419328447420463,0.509,0.262,6.126553924625657e-16,9,CD2
2.806667488261152e-20,1.8686875528469582,0.382,0.122,1.0272683673784643e-15,9,MIAT
4.569070668907163e-20,0.7574492939750694,0.623,0.383,1.6723255555267109e-15,9,SLFN12L
6.773598270439603e-20,1.1054305175554506,0.659,0.418,2.479204702963599e-15,9,CNST
7.576463893233368e-20,0.7440233157426812,0.876,0.712,2.7730615495623454e-15,9,ATXN1
9.898472371512105e-20,1.855508375889176,0.324,0.121,3.622939872697146e-15,9,COX10-AS1
1.3645085235952238e-19,1.196455737582809,0.431,0.242,4.994237647210878e-15,9,TMEM63A
1.9481115364288937e-19,0.7264034983761116,0.76,0.624,7.130283034483395e-15,9,STK38
3.2038459942154707e-19,1.1204443033940439,0.694,0.428,1.1726396723428044e-14,9,PPP1R16B
5.139139972509186e-19,1.022398961423864,0.682,0.426,1.8809766213380872e-14,9,SESN3
5.3576589369057e-19,0.8001851366626418,0.756,0.564,1.9609567474968554e-14,9,MSI2
1.0311933744897698e-18,1.149928133664154,0.51,0.295,3.774270869970007e-14,9,SELL
1.127616657330517e-18,1.3533752907987942,0.421,0.188,4.127189727495425e-14,9,FCMR
3.1041375225391186e-18,1.3920780200124256,0.483,0.217,1.1361453746245427e-13,9,TRAC
6.1174861546389795e-18,1.6069131717178342,0.325,0.14,2.2390611074594128e-13,9,SGO1-AS1
1.3115409643227995e-17,0.6627603715312793,0.769,0.594,4.800371083517879e-13,9,RASA3
1.8788683523253903e-17,1.1117650480294663,0.581,0.314,6.876846056346161e-13,9,IL32
2.404278081601776e-17,0.9569225411807001,0.645,0.384,8.79989820647066e-13,9,LEPROTL1
3.8974885866744955e-17,1.9803922940642855,0.25,0.079,1.426519797608732e-12,9,SLC14A1
4.017092736162816e-17,0.5442494514922713,0.848,0.704,1.4702961123629523e-12,9,ADK
4.6986380040752824e-17,1.3393754370201556,0.523,0.279,1.719748495871594e-12,9,GPR155
4.886602329874119e-17,0.8204982759692323,0.737,0.566,1.7885453187572263e-12,9,NSD3
5.475353443476064e-17,0.6988647496064779,0.564,0.381,2.004034113846674e-12,9,FUT8
8.322981065730066e-17,1.6869816481543187,0.339,0.12,3.0462942998678615e-12,9,ABCD2
1.8312490294884614e-16,0.5630138342409641,0.797,0.701,6.702554572830718e-12,9,OGA
2.1668220484688163e-16,1.6410042927184845,0.265,0.092,7.930785379600714e-12,9,THEM4
2.2020835089703209e-16,1.1509128821489703,0.417,0.214,8.059845851182271e-12,9,GPR174
2.4400762886045377e-16,2.4361614158979874,0.347,0.161,8.930923223921469e-12,9,TAFA2
4.071778824200746e-16,0.7577625172566029,0.794,0.652,1.4903117674457152e-11,9,MAP3K5
4.081076297092152e-16,1.0075537823593643,0.708,0.523,1.4937147354986986e-11,9,ITGB1
4.74818045174564e-16,1.3255517497654887,0.417,0.195,1.737881527143422e-11,9,STAMBPL1
5.857748064016859e-16,0.9675661237465585,0.699,0.541,2.1439943689108105e-11,9,ZNRF2
6.011133325658942e-16,1.4322491365677201,0.516,0.246,2.2001349085244292e-11,9,SGTB
6.137611706412022e-16,0.8618158595559603,0.589,0.333,2.2464272606638642e-11,9,SPOCK2
7.3433311594490585e-16,0.856934208040748,0.453,0.247,2.6877326376699498e-11,9,LINC00861
8.673960104211585e-16,0.9370354201525458,0.478,0.294,3.174756137742482e-11,9,SPTAN1
1.0466386311700681e-15,1.2597703501142425,0.478,0.276,3.830802053945566e-11,9,FAM160B1
1.2193938443743607e-15,0.59582400575328,0.89,0.805,4.463103409794598e-11,9,CHST11
1.4761648897367293e-15,0.9715429723668056,0.488,0.286,5.402911112925403e-11,9,GOLGA8B
1.764362049466815e-15,1.4835157345360726,0.375,0.167,6.45774153725349e-11,9,PBXIP1
2.4435735435706216e-15,0.8964249388017813,0.408,0.244,8.943723526822832e-11,9,RFX3-AS1
2.776338755437116e-15,0.5951815313328332,0.709,0.567,1.0161677478775388e-10,9,CD47
2.898547087323013e-15,0.8779598202514074,0.584,0.419,1.0608972194310959e-10,9,SLC12A6
3.1015520838531592e-15,1.9387673513425487,0.292,0.093,1.1351990782110949e-10,9,ZC3H12D
3.2900822291013486e-15,1.9207430179734075,0.393,0.146,1.2042029966733846e-10,9,ACVR1
4.225906188022252e-15,0.6147975386737987,0.857,0.717,1.5467239238780246e-10,9,CCDC91
4.264810046958583e-15,0.7681877941510283,0.564,0.395,1.560963125287311e-10,9,PSIP1
4.535977884893815e-15,0.8314423705727352,0.601,0.367,1.6602132656499852e-10,9,PIK3IP1
6.220110534264996e-15,1.7592256100490857,0.382,0.174,2.2766226566463313e-10,9,SETD7
7.04339787281287e-15,1.1277936296008624,0.403,0.217,2.5779540554282387e-10,9,DGKA
8.271028784660264e-15,1.0952196524954512,0.64,0.404,3.027279245473503e-10,9,AC016831.7
4.099709961690297e-14,0.7330094264001363,0.53,0.364,1.5005348430782654e-9,9,USP9Y
4.20757614527818e-14,0.5581002272237137,0.825,0.746,1.5400149449332667e-9,9,EPC1
4.441414103964025e-14,0.5908638257408789,0.806,0.541,1.6256019761918728e-9,9,SLC38A1
4.8093745026871816e-14,1.0483902572636186,0.511,0.318,1.7602791617285354e-9,9,TMEM245
5.906015335255832e-14,0.5339494649318244,0.847,0.69,2.1616606728569868e-9,9,MAP3K1
1.0525863015621754e-13,1.3751954247906912,0.374,0.173,3.852571122347718e-9,9,PIK3IP1-AS1
1.1319401178677907e-13,1.6453924240525866,0.386,0.151,4.1430140254079e-9,9,TENT5C
1.3382651216310121e-13,0.790957203495101,0.516,0.304,4.898184171681667e-9,9,PATJ
1.6837086045124105e-13,0.6977555963328208,0.699,0.57,6.1625418633758735e-9,9,ARHGAP25
2.5622021705274995e-13,0.5639652588044501,0.71,0.468,9.377916164347701e-9,9,RHOH
3.0199352449080806e-13,0.5462899902284946,0.727,0.638,1.1053264989888066e-8,9,CEP85L
3.6106554718822705e-13,0.7977222731175879,0.691,0.544,1.3215360092636298e-8,9,ARHGEF3
5.479288661500768e-13,0.6640568736458445,0.82,0.669,2.0054744429958964e-8,9,SARAF
5.985075774497369e-13,1.1829976222223737,0.434,0.246,2.190597584223782e-8,9,TRBC2
8.663826146866103e-13,0.9404892795809126,0.528,0.352,3.1710470080144625e-8,9,STAT5B
9.339274158910655e-13,0.6895768547069561,0.614,0.472,3.418267734902889e-8,9,SEPTIN6
1.0905178774526554e-12,0.9188865352842273,0.466,0.286,3.991404483264464e-8,9,ODF2L
1.1164867767915427e-12,0.8838948492233015,0.643,0.447,4.0864532517347255e-8,9,ASXL1
1.511355625512865e-12,0.8290841753035093,0.541,0.411,5.5317127249396367e-8,9,KAT2B
1.8778997771575804e-12,1.2134034046565705,0.396,0.181,6.87330097437446e-8,9,FAM102A
1.972994266696305e-12,1.3454347462415504,0.331,0.169,7.221356315535146e-8,9,HNRNPLL
2.012383012049752e-12,0.533732781185015,0.901,0.796,7.365523062403298e-8,9,EML4
3.2209183399428334e-12,1.0614443041866413,0.327,0.199,1.1788883216024764e-7,9,AKAP11
4.369690324136112e-12,0.624534587408208,0.881,0.802,1.5993503555370584e-7,9,ZNF292
4.490989641694065e-12,0.7829418157657908,0.627,0.498,1.6437471187564447e-7,9,RFX7
4.91543474394039e-12,0.8483419190452981,0.51,0.326,1.7990982706296222e-7,9,ANKRD36C
5.495856347322391e-12,1.019903488051654,0.465,0.256,2.0115383816834682e-7,9,OPTN
5.596367641702163e-12,0.8751147433130516,0.53,0.337,2.0483265205394088e-7,9,ANKRD36
5.898639336016792e-12,0.6476189338085241,0.664,0.566,2.158960983375506e-7,9,DDHD1
5.977628382093821e-12,1.1347177089193659,0.407,0.225,2.1878717641301595e-7,9,SGPP1
6.046055261440923e-12,0.762133227433675,0.787,0.698,2.212916686239992e-7,9,SORL1
6.524166873839727e-12,1.106455415690525,0.407,0.243,2.3879103174940786e-7,9,SLC39A10
7.11583498492623e-12,0.7853700838498181,0.558,0.41,2.6044667628328497e-7,9,GBP2
7.370590794667543e-12,0.9743581859423077,0.429,0.249,2.6977099367562674e-7,9,LINC00342
8.322702679066677e-12,0.9860635984593185,0.541,0.386,3.0461924075651946e-7,9,UBL3
8.373257689972459e-12,1.1219997288031895,0.323,0.183,3.0646960471068193e-7,9,NSUN6
8.578863795910666e-12,1.7621536206852229,0.266,0.087,3.139949937941263e-7,9,ATP8B2
8.737037300602197e-12,1.298198029002322,0.274,0.124,3.19784302239341e-7,9,CMTM8
9.113518658150007e-12,1.2801884042437308,0.337,0.165,3.3356389640694843e-7,9,PRDM1
1.0145730698079213e-11,0.8007342078078632,0.504,0.345,3.713438892803973e-7,9,JMY
1.2395796015138406e-11,0.8104866520120331,0.653,0.519,4.5369852995008076e-7,9,RAP1GDS1
1.3864554436200971e-11,0.5987784299026657,0.73,0.589,5.074565569193918e-7,9,TNFAIP8
2.1862733163416697e-11,1.5801230884253195,0.263,0.1,8.001978965142145e-7,9,CNKSR2
3.3388820611366474e-11,1.0116449343873486,0.36,0.209,1.2220642231966243e-6,9,ZBTB38
3.7843425308003094e-11,0.7506381451448159,0.699,0.489,1.3851072096982212e-6,9,GPRIN3
4.766548041923865e-11,1.373015596822042,0.285,0.122,1.7446042488245537e-6,9,CENPK
5.633807592438566e-11,0.7535947463287713,0.431,0.27,2.0620299169084395e-6,9,HELB
6.418636880655853e-11,0.9930728993212621,0.518,0.321,2.3492852846888488e-6,9,IPCEF1
6.533553586286052e-11,0.7359925539920973,0.686,0.556,2.391345948116558e-6,9,RFX3
8.32184400554066e-11,0.573541595743325,0.715,0.565,3.045878124467937e-6,9,RBL2
9.908108262176434e-11,0.7093288627909455,0.499,0.372,3.6264667050391966e-6,9,MPHOSPH8
1.3290107975612728e-10,0.741783690049625,0.547,0.408,4.864312420154014e-6,9,PCSK7
2.2784653848847365e-10,0.6656146976130344,0.661,0.506,8.339411155216625e-6,9,EMB
2.2921572752573814e-10,1.7533487199320303,0.266,0.097,8.389524843169542e-6,9,C1orf112
3.103682373079561e-10,0.5301205525384358,0.465,0.36,1.13597878537085e-5,9,VPS13A
3.294222322148531e-10,0.6873832793348222,0.681,0.493,1.2057183121295839e-5,9,PTPN4
3.8460368752986156e-10,0.9344291216465004,0.515,0.373,1.4076879567280464e-5,9,RFFL
4.3302710946316837e-10,1.0720966813938184,0.283,0.157,1.5849225233461426e-5,9,BCKDHB
4.6107137462493673e-10,0.7950701667649496,0.401,0.293,1.6875673382647308e-5,9,RNASEH2B
7.330243673443348e-10,1.2599639151439213,0.295,0.133,2.6829424869169997e-5,9,P2RY10
8.499783820045536e-10,0.8464697084335444,0.444,0.292,3.1110058759748666e-5,9,DTNB
8.550720360877992e-10,0.9886703786251491,0.273,0.154,3.129649159284954e-5,9,ANKRD36B
8.638786615465205e-10,0.7514849353037751,0.621,0.483,3.16188228912642e-5,9,RPS6KA5
8.731704545845002e-10,0.9613727200402844,0.298,0.187,3.1958911808247295e-5,9,NDUFAF6
9.69049553460051e-10,0.6348328535815828,0.505,0.37,3.546818270619132e-5,9,MTR
1.335392207453066e-9,0.6737083818083749,0.609,0.49,4.887669018498967e-5,9,IFI16
1.3408727479240041e-9,1.35893955286559,0.272,0.126,4.9077283446766476e-5,9,CEACAM21
1.3859745123781603e-9,0.8349563577572362,0.463,0.319,5.072805312755305e-5,9,LINC-PINT
1.4100756290672793e-9,0.662076144569909,0.468,0.313,5.161017809949149e-5,9,TXK
1.5155525521861819e-9,0.6374164029642397,0.842,0.757,5.547073896256644e-5,9,FTX
2.201360028226506e-9,0.9731275527054171,0.633,0.492,8.057197839311835e-5,9,PHTF2
2.404039265428941e-9,0.8641773155185875,0.55,0.379,8.799024115396467e-5,9,CDR2
2.7108242362265586e-9,1.306975901350388,0.314,0.176,9.921887787012827e-5,9,UGP2
3.2328108010017244e-9,0.6217506986778625,0.727,0.573,1.1832410812746411e-4,9,RAPGEF6
3.3575282970367416e-9,0.8439213547163767,0.381,0.242,1.228888931998418e-4,9,PCED1B-AS1
4.060977731027516e-9,1.3383697079353185,0.286,0.13,1.4863584593333812e-4,9,NMT2
5.168187566316653e-9,0.5898255870024681,0.515,0.404,1.891608331147558e-4,9,URI1
5.355248285886533e-9,1.2826144307777754,0.398,0.219,1.96007442511733e-4,9,TRAK2
5.658855647409278e-9,0.9861163356828813,0.321,0.186,2.0711977555082698e-4,9,GOLGA8A
6.857646574037956e-9,0.567823701078638,0.731,0.64,2.5099672225636324e-4,9,TPP2
7.545144161098679e-9,1.1569305656020354,0.405,0.222,2.7615982144037275e-4,9,UXS1
8.819965154601725e-9,0.5855718866418108,0.442,0.338,3.2281954462357775e-4,9,TLE5
9.550116651255135e-9,0.8263392711749877,0.638,0.466,3.495438195525892e-4,9,ABCC1
1.0608099426808012e-8,0.5435991979558258,0.324,0.19,3.8826704712060004e-4,9,ITGA6
1.0805767053982202e-8,0.5305658537297924,0.705,0.622,3.955018799428026e-4,9,OGT
1.1062329441033296e-8,0.5884140389861718,0.626,0.509,4.0489231987125965e-4,9,MALT1
1.2642148304374092e-8,1.1005064605568344,0.278,0.157,4.6271527008839614e-4,9,SCAI
1.2915947592461216e-8,0.7054536849262798,0.563,0.466,4.7273659783167297e-4,9,CAMKMT
1.2936872573591233e-8,0.564038269842924,0.899,0.83,4.735024730660127e-4,9,STK4
1.4675001144918033e-8,0.7990629895095325,0.541,0.422,5.371197169051449e-4,9,RANBP9
1.4965389037308225e-8,0.7143788462775704,0.628,0.473,5.477482041545183e-4,9,FAM214A
1.5197707810596727e-8,0.839459823199309,0.482,0.298,5.562513035756508e-4,9,TIAM1
1.6278214796748675e-8,0.8177780226266961,0.314,0.176,5.957989397757982e-4,9,CD3E
1.6307712274147706e-8,1.0068464498666576,0.386,0.223,5.968785769460802e-4,9,AMMECR1
2.1171877626694395e-8,0.6435655761685513,0.716,0.593,7.749118930146416e-4,9,TLK1
2.2952189388657604e-8,0.8899113069013995,0.292,0.188,8.40073083814257e-4,9,BTG3
2.5176893125122483e-8,0.6054102129393556,0.58,0.463,9.21499465272608e-4,9,UHRF2
3.282277408560472e-8,0.7099266199314719,0.475,0.377,0.0012013463543072184,9,PSMA1
3.448313169954129e-8,1.085854963430273,0.435,0.245,0.0012621171033349106,9,PDK1
3.6107049953970135e-8,0.5311886309865312,0.703,0.603,0.0013215541353652608,9,PHC3
3.710475566292618e-8,0.7393804570140476,0.462,0.335,0.001358071162018761,9,ARRDC3
3.867879400604975e-8,0.835309946065291,0.574,0.427,0.001415682539415427,9,USP48
4.417348514945661e-8,1.1079205690696365,0.313,0.179,0.0016167937299552612,9,AP000787.1
4.670324444966951e-8,0.9712075353245208,0.275,0.141,0.0017093854501023537,9,GATA3
4.9807463114808926e-8,1.06875324272586,0.251,0.147,0.0018230029574651215,9,HERC5
5.3089667516624046e-8,0.8075085878857418,0.396,0.26,0.0019431349207759568,9,CEP120
5.494481874933593e-8,0.5075802554028555,0.709,0.66,0.0020110353110444445,9,PUM1
5.5178707545829345e-8,0.7681266136483021,0.487,0.36,0.0020195958748848997,9,EIF4E3
5.536163907981549e-8,0.7149309287015186,0.711,0.576,0.0020262913519603267,9,RESF1
5.997055278235296e-8,0.6137472274163529,0.43,0.346,0.0021949822023869005,9,ANKRD13C
7.341810737272972e-8,0.9947387725896445,0.378,0.201,0.0026871761479492808,9,LCK
7.348708495888607e-8,0.5935746755151828,0.395,0.233,0.002689700796580189,9,TESPA1
7.912151829272404e-8,0.5640548920365787,0.729,0.631,0.0028959266910319925,9,BRWD1
8.610857773639436e-8,0.8032046573174036,0.422,0.252,0.00315166005372977,9,RORA-AS1
1.0122726921760728e-7,0.7587511669884952,0.415,0.309,0.0037050192806336443,9,METTL15
1.0783157929492058e-7,0.8959411999933447,0.269,0.144,0.003946743633773388,9,AF165147.1
1.2486948982937944e-7,0.5024907587110612,0.617,0.519,0.004570348197245117,9,ARHGDIB
1.2979684850651468e-7,0.600212372949608,0.356,0.253,0.004750694452186944,9,DBF4
1.558561165739536e-7,0.6008625465000441,0.58,0.484,0.005704489722723275,9,TPR
1.7346312394297075e-7,0.5045507700394013,0.478,0.398,0.0063489237994366725,9,VWA8
1.7934794392634255e-7,1.0523986304128266,0.289,0.135,0.006564314095648064,9,HABP4
1.868396613166051e-7,0.5191575163618161,0.751,0.675,0.0068385184438490634,9,ATRX
1.8695798876546278e-7,0.994925906192893,0.296,0.189,0.006842849346804704,9,NSD2
2.0202759742651667e-7,1.1418582251727991,0.331,0.186,0.007394412093407937,9,TRBC1
2.0240779146537992e-7,0.5011402291286782,0.796,0.739,0.007408327575424371,9,COG5
2.0433071959811253e-7,0.6894438097468945,0.533,0.434,0.007478708668010517,9,ANKIB1
2.3090432758372305e-7,0.5435863783657626,0.633,0.526,0.008451329293891847,9,RALGAPA1
2.556730201680541e-7,0.5092720043379539,0.75,0.672,0.009357888211170949,9,CYLD
3.499802015380691e-7,0.5742272247567665,0.496,0.41,0.012809625356494868,9,SYNRG
3.728943019387466e-7,0.5150300040136075,0.598,0.499,0.013648304345260064,9,KMT2A
4.119516885469527e-7,1.1589372905058057,0.307,0.16,0.015077843752507016,9,USP53
4.270281990560508e-7,0.6994659857947099,0.418,0.277,0.015629659113650513,9,CSGALNACT1
4.4976383461389646e-7,0.9621115737778025,0.27,0.168,0.016461806110703223,9,DDB2
4.7283613395070734e-7,0.5453439423452757,0.72,0.614,0.01730627533872984,9,SUCLG2
5.126594620082838e-7,0.7913097334982474,0.397,0.274,0.018763848968965192,9,ATP2B4
5.14786369693418e-7,0.8017362461378501,0.348,0.249,0.018841695917148793,9,CMTM7
5.326083193741487e-7,0.7921060938010305,0.257,0.182,0.01949399709741322,9,TOM1L2
5.340334573487952e-7,0.5630630268181529,0.657,0.557,0.019546158572423252,9,RASSF3
6.352512445267145e-7,0.7402882632973173,0.577,0.475,0.023250830800922277,9,THADA
6.492515764730367e-7,0.7980708581729216,0.403,0.292,0.023763256950489618,9,RSBN1
6.693132587275982e-7,1.1594506194886143,0.361,0.18,0.024497534582688822,9,ZNF101
7.064539805203104e-7,0.8479144413234744,0.413,0.246,0.02585692214102388,9,SFXN1
8.06943738025944e-7,0.9128098728399012,0.26,0.151,0.029534947755487578,9,LANCL1
8.125341608197554e-7,0.6927615609807918,0.37,0.284,0.029739562820163868,9,TDRD3
1.0696628526018682e-6,0.9301573641168607,0.26,0.162,0.03915073006808098,9,DGKE
1.083835660777625e-6,0.7374400889114887,0.716,0.575,0.039669469020121854,9,AP001011.1
1.1317825189757655e-6,0.8516830988105116,0.447,0.332,0.04142437197703199,9,LINC00513
1.521906396296196e-6,0.9047950037388032,0.368,0.247,0.055703296010837074,9,TRIM14
1.5776104442831772e-6,0.5962698853278752,0.709,0.614,0.05774211987120857,9,EIF3A
1.639366086236338e-6,0.8518941990072237,0.49,0.344,0.06000243812233621,9,TRAF3IP3
1.7673048033717036e-6,0.567519332319167,0.71,0.639,0.06468512310820773,9,TBL1XR1
1.895258602935231e-6,0.5682379796819064,0.41,0.327,0.06936836012603238,9,SPATA5
2.2199965060379976e-6,1.4088192977696778,0.349,0.257,0.08125409211749675,9,DLEU1
2.297995774554558e-6,0.6008938757590778,0.443,0.305,0.08410894334447137,9,SIDT1
2.439775064464236e-6,0.9379365183616384,0.268,0.145,0.0892982071344555,9,MARCH3
2.511687705187194e-6,0.9417377026083202,0.461,0.316,0.09193028169755649,9,TMEM65
2.6172054505487674e-6,1.1231513956737542,0.342,0.196,0.09579233669553544,9,AC016831.5
2.8435068645822414e-6,1.0166805915273667,0.341,0.201,0.10407519475057461,9,RBL1
3.0722163308559037e-6,0.5353926322971267,0.617,0.521,0.11244618992565693,9,STXBP5
3.1449744339779168e-6,0.890223878494421,0.346,0.218,0.11510920925802573,9,CCDC66
3.1906752855249705e-6,0.5465557415093919,0.472,0.364,0.11678190612549945,9,ANKRD28
3.793237235977076e-6,0.9425983550201755,0.297,0.176,0.13883627607399696,9,CLYBL
4.023123508994003e-6,0.706208317346239,0.257,0.188,0.1472503435526895,9,CSTF3
4.732522065249575e-6,0.8505751934274519,0.325,0.217,0.1732150401101997,9,MIATNB
4.942323628155131e-6,0.7146662713744338,0.311,0.186,0.18089398711410595,9,CD3D
5.584740772578033e-6,1.0555570775720564,0.307,0.18,0.2044070970171286,9,BICD1
6.378035184747793e-6,0.8514858040792743,0.259,0.144,0.233442465796954,9,NLRC3
6.392653149192552e-6,0.6181023423638246,0.384,0.299,0.2339774979135966,9,EPSTI1
6.406979691982464e-6,0.6967601778155914,0.473,0.326,0.23450186370625017,9,NABP1
7.179305689805916e-6,0.5913464061650547,0.373,0.274,0.26276976755258635,9,HERC2
7.192662496905698e-6,0.6037016589495827,0.572,0.464,0.26325864004924543,9,FTO
7.728559476385084e-6,0.7995973444523761,0.259,0.17,0.28287300539517046,9,RETREG3
7.805670588210216e-6,0.7007416613560795,0.301,0.218,0.2856953491990821,9,ERO1A
7.929168385858027e-6,0.7703000429225924,0.262,0.16,0.2902154920907896,9,RETREG1
8.168757533347907e-6,0.7502628153065282,0.405,0.265,0.29898469447806675,9,LDHB
8.19066766050194e-6,0.7981051416520057,0.409,0.27,0.29978662704203146,9,SFI1
9.59698981861251e-6,0.9146703271382969,0.305,0.167,0.35125942435103646,9,CD5
9.80197487846157e-6,0.6079285523394096,0.404,0.301,0.35876208252657193,9,KIFAP3
1.1343043292559502e-5,1.1847329478819355,0.262,0.132,0.41516672755097034,9,GALM
1.1676633631564445e-5,0.727332800095829,0.632,0.496,0.42737646754889025,9,IL6ST
1.178679261427905e-5,0.8285349389798933,0.306,0.199,0.43140839647522755,9,PREPL
1.1904488269462725e-5,0.5497250144447192,0.558,0.463,0.43571617515060523,9,CNTRL
1.2660588103544702e-5,0.5286374668955243,0.298,0.223,0.46339018517783964,9,PLEKHA1
1.338899591966849e-5,0.7585143298039593,0.347,0.243,0.49005063965578644,9,ATAD2
1.5633482057951835e-5,0.7849410693189485,0.44,0.335,0.5722010768030952,9,ATP2C1
1.7584294514738944e-5,0.9058260064997481,0.362,0.232,0.6436027635339601,9,CDKN1B
1.9911323799542087e-5,0.7117802989707199,0.261,0.162,0.72877436238704,9,TRAF5
1.9957499815875115e-5,0.5057776719845293,0.335,0.211,0.7304644507608451,9,SNED1
2.458783257296973e-5,0.6159627468612752,0.462,0.371,0.8999392600032651,9,ARHGEF18
2.485954173108672e-5,0.7164082602057884,0.592,0.443,0.9098840868995051,9,KIF2A
2.5939679764809122e-5,0.5570519516974872,0.514,0.412,0.9494182190717787,9,FARS2
2.7018760772139328e-5,0.5280390931013123,0.545,0.467,0.9889136630210715,9,XPO1
3.0418544069650375e-5,0.5632534303864472,0.596,0.505,1,9,HERC4
3.951847362910449e-5,0.911720208465465,0.37,0.252,1,9,SMC4
4.056836409908907e-5,1.0388877246592516,0.366,0.223,1,9,CLDND1
4.065744184439044e-5,0.5024896826052485,0.558,0.486,1,9,CRYBG1
4.275782786886937e-5,0.9861171613697466,0.273,0.135,1,9,AC010609.1
5.0929316610244817e-5,0.5194844251787246,0.302,0.224,1,9,PPM1K
5.414898559289001e-5,0.5794210747133738,0.487,0.404,1,9,CD52
5.4164594016016e-5,0.5305921782717269,0.384,0.288,1,9,TCP11L2
5.6391931383456216e-5,0.6902166307430373,0.546,0.436,1,9,TPK1
6.499233068943337e-5,0.5455861159032301,0.281,0.217,1,9,GMCL1
6.977441426412237e-5,0.6195169932214027,0.574,0.463,1,9,IFNAR2
7.30999529359516e-5,0.7155177264376831,0.283,0.189,1,9,LINC01184
7.630173388153821e-5,0.7333315142080353,0.376,0.262,1,9,SP4
8.76265278136077e-5,0.6997419027630276,0.291,0.217,1,9,HIBCH
8.792754380714398e-5,0.755831875961873,0.28,0.177,1,9,LIME1
8.807160326144249e-5,0.8169284112824878,0.253,0.168,1,9,TPT1-AS1
9.770031735048173e-5,0.6297905357408682,0.358,0.264,1,9,MDN1
1.0386820523793671e-4,0.5061306120502247,0.712,0.635,1,9,TAB2
1.0435284961086101e-4,1.0410714379931798,0.534,0.435,1,9,ANTXR2
1.0488269680173491e-4,0.5221467371656444,0.27,0.165,1,9,RAB30
1.1215962666941097e-4,0.7727988406386439,0.519,0.415,1,9,IL10RA
1.2333746960504498e-4,0.5264832584488089,0.266,0.21,1,9,SRPK1
1.3622019957515002e-4,0.5088123663763285,0.523,0.435,1,9,EXOC2
1.412350560427742e-4,0.9863114859441506,0.376,0.263,1,9,MIB1
1.697792004604506e-4,0.5498680134586089,0.39,0.298,1,9,CRY1
1.72705931557667e-4,0.673073373573222,0.36,0.239,1,9,OXCT1
1.9798652829177316e-4,1.3448136653993874,0.37,0.24,1,9,MIR4435-2HG
1.9842381926873565e-4,0.5464260492774771,0.602,0.535,1,9,WDR7
2.034949572533748e-4,0.8896121577088167,0.276,0.164,1,9,KIF20B
2.235783446075322e-4,0.5323921689955124,0.358,0.265,1,9,DIPK1A
2.3821610562778297e-4,0.8575949186198506,0.254,0.17,1,9,TRIM37
2.3970549295520215e-4,0.5735949892432928,0.369,0.306,1,9,DGCR2
2.510840569242806e-4,0.6853135725202036,0.32,0.204,1,9,GNB5
2.529585094586147e-4,0.6020311665458654,0.32,0.256,1,9,ATAD1
2.5983737452805995e-4,0.6765442697397598,0.304,0.229,1,9,FAM13A
2.6023630022998986e-4,0.5615632697526053,0.439,0.358,1,9,RPRD2
2.779428155654141e-4,0.579411531812263,0.602,0.522,1,9,DENND1B
3.0206860502185034e-4,0.9348699483329407,0.284,0.17,1,9,ZBTB25
3.1635734654880015e-4,0.5128242533713312,0.626,0.552,1,9,DLG1
4.2596653047927054e-4,0.7385819868305834,0.328,0.21,1,9,ISG20
4.393214311351692e-4,0.5367679865224272,0.432,0.362,1,9,TBCK
5.218658824331967e-4,0.6447155281900736,0.41,0.297,1,9,PCNX2
5.394063627030203e-4,0.6059247288911603,0.269,0.199,1,9,NEDD1
5.503949724399902e-4,1.0205342854068378,0.313,0.184,1,9,SMC6
5.705825496550352e-4,0.8406904013929409,0.256,0.166,1,9,WASHC3
6.092823605582745e-4,0.5677009084277944,0.268,0.214,1,9,CERK
6.154545942558779e-4,0.541703031085551,0.296,0.236,1,9,CLSTN1
6.369428057313079e-4,0.5265702190011035,0.452,0.369,1,9,RSBN1L
6.448387186228919e-4,0.5192174556106655,0.251,0.186,1,9,TTC39B
6.932322820376269e-4,0.5292027155045314,0.497,0.407,1,9,UMAD1
7.361606004161636e-4,0.6644310096964904,0.547,0.445,1,9,RASA1
7.649865663123957e-4,0.7596667855337169,0.323,0.192,1,9,CD3G
7.895256013989848e-4,0.6355108254063278,0.524,0.398,1,9,CRTC3
8.409878079230529e-4,0.6542344189681465,0.321,0.265,1,9,EDEM3
0.001009315912493528,0.6195746931078493,0.333,0.255,1,9,ATG2B
0.0010111395037079223,0.5344398782443389,0.547,0.498,1,9,PHKB
0.0011403722931879218,0.6825713789449208,0.365,0.274,1,9,ARHGAP12
0.0015273507653767338,0.7369657322068455,0.28,0.217,1,9,RDX
0.0017877291794012966,0.6014708696095862,0.327,0.272,1,9,YPEL2
0.0018216802162623234,0.5538591696252441,0.311,0.263,1,9,DGLUCY
0.0018335409673527394,0.5452243936687844,0.376,0.292,1,9,ARHGAP5
0.0020021021377849466,0.553488728009597,0.436,0.351,1,9,G3BP1
0.002039281832536249,0.5597854958968252,0.293,0.227,1,9,ABHD18
0.0028027530086107777,0.6323166257650321,0.321,0.256,1,9,IBTK
0.0030554800481645333,0.5184361633445738,0.378,0.296,1,9,FBXO3
0.0032494500544793044,0.5653867468869918,0.393,0.309,1,9,OSBPL3
0.0035057434634982593,0.5751205735258823,0.307,0.25,1,9,RSU1
0.004329189729112757,0.6406374457399451,0.384,0.318,1,9,OGDH
0.004357249135816073,0.5196379627018042,0.288,0.242,1,9,ACACA
0.0048327662276769125,0.5013881271325886,0.451,0.388,1,9,MCM9
0.005283573273547743,0.5231058783070657,0.357,0.28,1,9,CMSS1
0.005712885803620331,0.7540007407332963,0.274,0.207,1,9,TXNDC16
0.005781013797117043,0.594013422422215,0.283,0.218,1,9,PRH1
0.0064329868107389,0.940283288162298,0.274,0.179,1,9,TVP23C
0.006548254354553583,0.7102551019931185,0.3,0.197,1,9,ZC3H6
1.2546264239641445e-144,7.885366774858453,0.862,0.011,4.592058174351165e-140,10,SLC4A10
6.98391527611571e-118,2.1865911207822952,0.993,0.516,2.556182830211111e-113,10,RORA
1.9122340571643897e-105,1.9268822732491615,0.99,0.785,6.998967872627383e-101,10,PARP8
5.904803008976055e-96,2.1913855698363265,0.948,0.524,2.1612169493153259e-91,10,PHACTR2
4.543850758210302e-91,4.198616016430321,0.683,0.07,1.6630948160125527e-86,10,AL136456.1
7.952469417629606e-90,6.5729792131309,0.619,0.013,2.910683331546612e-85,10,ADAM12
1.3469228229236108e-87,5.192540832678928,0.62,0.037,4.929872224182708e-83,10,ME1
3.5314642636696206e-83,1.974995945613546,0.929,0.364,1.2925512351457179e-78,10,IL7R
5.873341542594954e-83,2.090523188451459,0.818,0.256,2.1497017380051792e-78,10,ZBTB16
6.34598822664694e-83,2.422639286105265,0.864,0.252,2.3226951508350466e-78,10,MYBL1
6.790361028136249e-83,1.7464834173216937,0.952,0.441,2.485340039908148e-78,10,TC2N
1.9474845782567235e-79,2.599644695260028,0.797,0.196,7.127988304877434e-75,10,SYTL2
1.3503859470934226e-78,1.6282021623988978,0.952,0.453,4.942547604956636e-74,10,PLCB1
1.416992687270353e-76,1.3038751293350455,0.986,0.796,5.186334934678219e-72,10,EML4
2.64607611851608e-73,4.074319062246559,0.6,0.048,9.684903201380705e-69,10,GZMK
6.694094890626851e-70,1.9140174878686442,0.889,0.465,2.450105670918334e-65,10,TNFAIP3
6.060948662989723e-68,1.9465568253644303,0.83,0.332,2.2183678201408686e-63,10,SPOCK2
1.3914164955600632e-66,2.4363755105920424,0.687,0.149,5.092723515399387e-62,10,A2M
1.4601404932972356e-66,3.1590604274038867,0.578,0.089,5.344260219517212e-62,10,KLRB1
3.766251789976924e-65,1.61389113892329,0.871,0.455,1.378485817649454e-60,10,PDE4D
6.431250580601446e-64,2.235289411600188,0.751,0.249,2.3539020250059354e-59,10,RORA-AS1
5.408708263271409e-63,3.580670479959031,0.526,0.052,1.9796413114399683e-58,10,IL18RAP
9.484581966876912e-63,2.001000883174775,0.722,0.268,3.4714518456966184e-58,10,RUNX2
5.45723804995489e-58,3.9646387198443795,0.543,0.061,1.9974036986639894e-53,10,COLQ
1.4997227065516126e-57,1.0227564962891345,0.996,0.979,5.4891350782495575e-53,10,B2M
3.0191252229847123e-56,1.4979635745377498,0.938,0.465,1.1050300228646346e-51,10,STAT4
6.596756805847312e-56,1.0890249382860273,0.985,0.898,2.4144789585081748e-51,10,HLA-B
1.0931130659349587e-54,2.225507006976134,0.76,0.312,4.0009031326285424e-50,10,ERN1
1.2218163264331503e-54,2.667258828261135,0.652,0.134,4.471969936377974e-50,10,ABCB1
1.4743575956005436e-53,1.2055822981837303,0.952,0.767,5.396296235657549e-49,10,HLA-C
2.659271728329766e-52,2.848208499327339,0.537,0.124,9.733200452859777e-48,10,SLC7A5
5.145315099674928e-52,2.674162292942598,0.56,0.102,1.8832367796320205e-47,10,LINC00299
6.93765437910925e-52,1.5518761288480531,0.839,0.416,2.5392508792977767e-47,10,TTC39C
2.6059690825151823e-50,1.4082432816448536,0.817,0.52,9.538107438913818e-46,10,NFKBIA
5.478936525340718e-50,10.044441811397256,0.385,0.001,2.0053455576399562e-45,10,AC010967.1
2.8618040939382354e-49,1.3742370057818007,0.91,0.64,1.0474489164223335e-44,10,ZFP36L2
1.7616355184151967e-48,1.1546620110355712,0.968,0.593,6.447762160951461e-44,10,SYNE2
6.541104952774357e-48,1.0603441795638622,0.802,0.306,2.3941098237649423e-43,10,CCL5
9.064967382541128e-48,1.6690833311149096,0.562,0.173,3.317868711683878e-43,10,GZMA
1.380006819436494e-47,1.6056771331853479,0.735,0.314,5.050962959819512e-43,10,IL32
2.1279726088600127e-47,1.521228804070136,0.787,0.374,7.788592545688532e-43,10,ARL4C
2.558264807508676e-46,1.0646580531271321,0.959,0.702,9.363505021962504e-42,10,CBLB
4.814170111759615e-46,1.5468158486561623,0.784,0.406,1.7620344026051366e-41,10,CXCR4
1.0091721386457258e-45,2.237744501927864,0.541,0.12,3.693670944657221e-41,10,PZP
2.205373602012199e-45,1.0498951796682654,0.91,0.399,8.07188792072485e-41,10,CAMK4
2.6047773936524643e-45,0.8908359786058906,0.988,0.87,9.533745738507385e-41,10,FYN
3.514919066587571e-45,0.6006114128004434,0.997,0.992,1.2864955275617169e-40,10,MT-CYB
8.608224366439422e-45,2.3051573802222975,0.565,0.163,3.150696200360493e-40,10,PRDM1
1.0348777207622843e-44,2.2560176759728447,0.518,0.12,3.787755945762037e-40,10,KLRG1
1.7100503876127388e-44,1.2116099986500877,0.892,0.658,6.258955423701386e-40,10,RPS6KA3
1.2762392167691277e-43,1.160804459626759,0.942,0.767,4.671163157296685e-39,10,CNOT6L
2.935722116693395e-43,0.5904942128320627,0.999,0.997,1.0745036519309495e-38,10,MT-CO3
3.3627108558442218e-43,1.8330949442915425,0.635,0.17,1.2307858003475436e-38,10,PRF1
6.910227193927686e-43,1.6876954209911748,0.76,0.342,2.529212255249472e-38,10,LTB
8.771743208162638e-42,0.9528682222775684,0.954,0.813,3.210545731619607e-37,10,HLA-A
1.2588024768316833e-41,0.5456158460065286,0.998,0.992,4.607342945451644e-37,10,MT-ND2
3.481066610996101e-41,1.4553256189018462,0.798,0.415,1.2741051902906828e-36,10,SYTL3
5.739388774874944e-41,1.7753237519626008,0.675,0.285,2.1006736854919785e-36,10,ODF2L
6.763489545684951e-41,2.4426278313408956,0.533,0.116,2.4755048086161488e-36,10,AGAP1
7.294763051904907e-39,2.2151915504156134,0.547,0.113,2.669956224627715e-34,10,IFNG-AS1
7.922645616172933e-39,3.599401585247116,0.376,0.038,2.899767521975455e-34,10,CCR6
1.781875665833578e-38,2.857269186087704,0.489,0.098,6.521843124517478e-34,10,PBX4
1.9102775395021989e-38,1.330291989547232,0.815,0.412,6.991806822331998e-34,10,RUNX3
2.0764222688581297e-38,3.023210196874688,0.431,0.065,7.59991314624764e-34,10,NEO1
7.577675140195205e-38,6.047374553914445,0.301,0.005,2.773504878062847e-33,10,LINC01644
7.729971249401718e-38,2.647808543239707,0.419,0.075,2.8292467769935228e-33,10,IL18R1
1.2787711679108323e-37,0.6263867260121172,0.998,0.994,4.6804303516704374e-33,10,MT-ND3
3.0818245705229728e-37,1.208396050987091,0.795,0.505,1.1279786110571133e-32,10,EMB
7.161231876097174e-37,2.435244517773225,0.45,0.09,2.6210824789703267e-32,10,LINC00612
2.0181646738718328e-36,1.9170837741051439,0.569,0.215,7.386684522838295e-32,10,MVB12B
3.449397713742088e-36,0.9935164402747731,0.896,0.542,1.2625140572067418e-31,10,SLC38A1
1.292834726595976e-35,1.5060794893422478,0.56,0.197,4.731904382813932e-31,10,RASGRF2
1.3907980469205153e-35,2.2490276274295944,0.383,0.083,5.090459931533778e-31,10,DPP4
1.5389764085060067e-35,1.2598236807704297,0.703,0.279,5.6328075527728355e-31,10,NCALD
2.3751054218652106e-35,1.8246976515572648,0.597,0.214,8.693123354568857e-31,10,LRIG1
8.446549149730935e-34,0.9246700373917802,0.967,0.893,3.0915214542930194e-29,10,PABPC1
8.487168524980317e-34,2.138522621263563,0.487,0.169,3.106388551828046e-29,10,GALC
1.2783583508304062e-33,3.138093296706003,0.317,0.038,4.67891939987437e-29,10,HPGD
1.452838587794705e-33,1.8100652445838255,0.635,0.252,5.3175345151874e-29,10,BTBD11
1.476585284672002e-33,1.2082654126655723,0.749,0.518,5.404449800427994e-29,10,S100A4
2.5135445594784987e-33,2.400931257344964,0.556,0.156,9.199824442147253e-29,10,DUSP2
2.8017641978711352e-33,0.9367469867628819,0.889,0.6,1.0254737140628142e-28,10,PDE3B
1.0792118826249319e-32,2.9544137627297467,0.546,0.255,3.950023411595513e-28,10,DLEU1
2.534423815895771e-32,1.3175833178485432,0.822,0.618,9.276244608560111e-28,10,RBMS1
2.9935953447488115e-32,1.1825391747572866,0.738,0.387,1.0956858321315124e-27,10,MGAT4A
4.0419192870795693e-32,2.593229235808707,0.427,0.082,1.4793828782639932e-27,10,A2M-AS1
9.855065008076068e-32,3.1631964718470322,0.395,0.059,3.6070523436059214e-27,10,KIF5C
8.180386080208967e-31,0.8623030283104662,0.947,0.755,2.9941031092172843e-26,10,RPL3
4.536447423412962e-30,1.2685756514017001,0.825,0.411,1.6603851214433784e-25,10,CD96
7.30915926055418e-30,3.760727498796697,0.293,0.028,2.675225380955436e-25,10,SCART1
2.4844982498812403e-29,2.826058648849753,0.355,0.056,9.093512044390327e-25,10,IL12RB2
4.244088505273657e-29,0.7492976267516194,0.965,0.875,1.5533788338152112e-24,10,RPL13
5.369502639268624e-29,0.6864629156195043,0.688,0.286,1.9652916609987092e-24,10,NKG7
9.182861318056508e-29,2.771228257062847,0.334,0.063,3.361019071021862e-24,10,ARHGAP8
1.2259017567456365e-28,2.3171242970602988,0.407,0.126,4.486923019864704e-24,10,PLXND1
2.5180605813004984e-28,2.2454264981417627,0.415,0.111,9.216353533617954e-24,10,FKBP11
4.9569506855342895e-27,1.0539286674609603,0.722,0.468,1.8142935204124054e-22,10,RPLP0
7.215917037643009e-27,2.0951288856287684,0.446,0.153,2.6410977949477173e-22,10,APOL3
1.0312097985067579e-26,0.8937237509116174,0.91,0.715,3.7743309835145843e-22,10,RPL10
1.4481553530131747e-26,2.140336033884323,0.396,0.094,5.300393407563521e-22,10,TLE1
1.8388250170438836e-26,3.550326295655148,0.297,0.042,6.730283444882319e-22,10,DLEU7
5.725215892260967e-26,1.7784546179521623,0.459,0.179,2.0954862687264363e-21,10,AC068587.4
7.218431085823413e-26,1.2552377516836752,0.646,0.336,2.642017961722227e-21,10,RNF125
1.6885770467910398e-25,0.7304113796004721,0.942,0.82,6.180360848959885e-21,10,RPS2
2.2649097510175523e-25,0.9545285193712476,0.864,0.655,8.289796179699343e-21,10,RPL23A
5.1478898738958105e-25,1.4797465304183943,0.508,0.236,1.8841791727446055e-20,10,PTPN22
6.296010832686892e-25,2.0992634251930196,0.368,0.116,2.3044029248717293e-20,10,GPR65
6.542403121957111e-25,2.287453468129004,0.355,0.069,2.394584966667522e-20,10,AC093865.1
8.065207029101782e-25,1.3277121142973383,0.689,0.411,2.951946424721543e-20,10,RPS26
1.0982449457845357e-24,1.4392712551112163,0.442,0.148,4.0196863260659794e-20,10,CTSW
1.3585056968646877e-24,0.8480521937197345,0.938,0.8,4.9722667010944434e-20,10,RPL41
1.7037625199968177e-24,1.8786851525338695,0.378,0.102,6.235941199440353e-20,10,CD8A
1.71675150444733e-24,1.111337480082509,0.64,0.39,6.283482181427672e-20,10,PDE8A
2.066248185326443e-24,0.9797720521653264,0.793,0.61,7.562674983113313e-20,10,RPL17
2.5309910969720304e-24,1.5043304733638596,0.515,0.221,9.263680514027328e-20,10,SATB1
2.7282996675851336e-24,1.5703278959190023,0.411,0.161,9.985849613328347e-20,10,CD81
3.141183474802623e-24,0.7533003080960614,0.918,0.774,1.149704563612508e-19,10,RPL34
5.45599752039213e-24,0.8957208138220563,0.591,0.28,1.9969496524387235e-19,10,GNLY
7.417831978919328e-24,1.6039195154916137,0.417,0.168,2.7150006826042635e-19,10,PBXIP1
1.1822578766608805e-23,1.8517589667110705,0.38,0.104,4.3271820543664885e-19,10,SAMD12
1.3940217336265082e-23,1.918351462885693,0.336,0.094,5.102258947246383e-19,10,TNFRSF25
1.4059017175330958e-23,1.2691070397110429,0.647,0.416,5.145740876342884e-19,10,ARHGEF7
1.4228436820609115e-23,1.005536024479519,0.649,0.311,5.207750160711143e-19,10,NR3C2
2.121150951059725e-23,0.7286616061412503,0.958,0.848,7.763624595973699e-19,10,BTG1
2.343621117590055e-23,1.4831582479364696,0.468,0.121,8.577887652491361e-19,10,IKZF2
4.091810908671504e-23,1.3594854725589973,0.719,0.371,1.4976437106828573e-18,10,CD69
5.3974542915901306e-23,1.28233436533711,0.631,0.392,1.9755222452649036e-18,10,HSP90AB1
7.615597555044694e-23,1.5303177963313837,0.495,0.229,2.7873848611219084e-18,10,TANC2
1.1104833806962213e-22,1.7826206807526457,0.471,0.152,4.064480221686239e-18,10,TENT5C
3.654060384130078e-22,0.86495636993032,0.83,0.606,1.3374226411954497e-17,10,CALM1
5.589793547762416e-22,1.3596411161724928,0.411,0.179,2.045920336416522e-17,10,DUSP16
1.0613867657771549e-21,1.1523827824342774,0.542,0.202,3.8847817014209647e-17,10,PPP2R2B
1.2242826300026807e-21,0.7171270283942892,0.91,0.747,4.4809968540728114e-17,10,RPS27A
1.3554171161645688e-21,0.8207173878525675,0.864,0.669,4.9609621868739385e-17,10,RPL19
1.4772486572989546e-21,0.683960262794236,0.868,0.715,5.406877810579904e-17,10,RPS16
1.5842000915087093e-21,1.3617984318850636,0.418,0.176,5.798330754931027e-17,10,CD3E
1.9060982203444863e-21,2.684231282897701,0.266,0.057,6.976510096282854e-17,10,FURIN
1.9174054919868092e-21,0.7462151114589517,0.851,0.66,7.017895841220921e-17,10,RPL27A
2.770235913105027e-21,1.986279663801391,0.299,0.075,1.013934046555571e-16,10,TRGC2
3.518572313365768e-21,2.9183417448182216,0.353,0.124,1.2878326524150047e-16,10,PTPRM
5.733253166213704e-21,2.3600064541911663,0.253,0.059,2.0984279913658778e-16,10,LINC01871
6.347208432675042e-21,0.9478454748425349,0.771,0.489,2.323141758443392e-16,10,GPRIN3
7.974390495436648e-21,0.7341920732879328,0.838,0.604,2.9187066652347675e-16,10,CDC14A
9.573699518261382e-21,1.4404658537454291,0.524,0.223,3.5040697606788486e-16,10,GBP5
1.9943262171698956e-20,0.7939804818390943,0.876,0.729,7.299433387463535e-16,10,PIP4K2A
2.1691680323662422e-20,1.7480704904251074,0.314,0.099,7.939371915263683e-16,10,PRR5
2.2631200623243638e-20,1.5069540872300342,0.471,0.201,8.283245740113404e-16,10,TMEM117
2.7542699740559667e-20,0.5907544115919063,0.88,0.488,1.0080903532042243e-15,10,BCL11B
5.411020489357971e-20,2.188623347720535,0.311,0.093,1.9804876093099108e-15,10,CYTH3
5.45945446651949e-20,0.7459137630253991,0.893,0.743,1.9982149292907983e-15,10,RPL37A
5.584012109701785e-20,0.5650971596497278,0.952,0.877,2.0438042722719504e-15,10,HLA-E
8.728015354102521e-20,0.8104959527690301,0.708,0.505,3.1945408997550637e-15,10,FLNA
1.0853249801974438e-19,0.6031076281419878,0.975,0.921,3.972397960020664e-15,10,EEF1A1
1.1137725567200534e-19,0.7776218412547586,0.909,0.757,4.0765189348510674e-15,10,RPS27
1.212116742092402e-19,0.7355845754604875,0.929,0.813,4.436468487732401e-15,10,RPLP1
1.4050848919212701e-19,0.6556170578355545,0.832,0.654,5.142751212921041e-15,10,RPS3
1.497796843747654e-19,1.2907941394450964,0.592,0.333,5.482086227800788e-15,10,NCOA7
1.6330549765933613e-19,1.1634074858215468,0.652,0.396,5.9771445198293614e-15,10,NPC1
2.0147464463307534e-19,1.188866838724316,0.716,0.484,7.37417346821519e-15,10,CRYBG1
2.359875945078055e-19,1.3110782243972772,0.566,0.304,8.63738194658019e-15,10,GALNT10
2.3802588663638084e-19,0.7511996102340537,0.838,0.661,8.711985476778176e-15,10,RPS15
2.482582438508622e-19,1.1615301603597386,0.366,0.185,9.086499983185407e-15,10,RPS4Y1
2.9609579971805515e-19,0.9843155890607538,0.742,0.511,1.0837402365480537e-14,10,P2RY8
3.8297078133840853e-19,0.8981468376348514,0.778,0.579,1.401711356776709e-14,10,RPS25
4.0400952390275724e-19,1.3871349922420804,0.574,0.314,1.478715258436482e-14,10,MAP3K8
4.519132998646637e-19,0.8629682880109701,0.696,0.438,1.6540478688346556e-14,10,TNRC6C
4.880640783601908e-19,0.7703049112600091,0.792,0.467,1.7863633332061344e-14,10,TNIK
4.995335445026419e-19,0.664554922598728,0.827,0.651,1.8283427262341194e-14,10,RPS23
6.356969237773525e-19,0.8560708877578684,0.851,0.662,2.3267143107174878e-14,10,RPS12
8.277884409728295e-19,0.6693116489669526,0.841,0.689,3.029788472804653e-14,10,RPS28
8.689955814269644e-19,0.8061703983442556,0.874,0.699,3.180610727580832e-14,10,PDCD4
9.863442864904172e-19,0.7354751829169981,0.891,0.719,3.610118722983576e-14,10,RPS18
1.2816738907926517e-18,1.1922392332548668,0.598,0.356,4.691054607690184e-14,10,BRD1
1.4934699790677448e-18,1.2155683530881207,0.532,0.265,5.4662494703858527e-14,10,HCST
1.6507753280684212e-18,0.5609449877843549,0.939,0.889,6.042002778263228e-14,10,TXNIP
1.6677528761671336e-18,0.6300812272267331,0.936,0.866,6.104142302059326e-14,10,KMT2E
1.810673697495327e-18,0.7952537971525866,0.806,0.601,6.627246800202647e-14,10,RPL18A
1.9188106119100953e-18,0.8425551048628439,0.714,0.43,7.02303872065214e-14,10,PPP1R16B
3.859870219043269e-18,0.7770789174228807,0.801,0.572,1.412751098872027e-13,10,RPSA
4.1474926340334284e-18,0.6751996383405559,0.646,0.28,1.5180237789825752e-13,10,TGFBR3
4.18088068287438e-18,0.7715531205976294,0.781,0.62,1.5302441387388519e-13,10,HSP90AA1
5.04905874776162e-18,1.7077388567939327,0.394,0.142,1.8480059922682306e-13,10,FAM169A
6.275194487625085e-18,1.4930317391545462,0.309,0.132,2.2967839344156575e-13,10,STOM
1.0723085967809477e-17,0.6860256075375379,0.85,0.685,3.9247566950779466e-13,10,RPS19
1.1071792289531121e-17,1.0388444505852026,0.767,0.538,4.0523866958912857e-13,10,JUNB
1.722064075293672e-17,0.5897839974719727,0.798,0.67,6.302926721982368e-13,10,FAU
1.8964024635842923e-17,0.7252802301403911,0.775,0.581,6.941022656964868e-13,10,RPS17
1.912789293568951e-17,0.6735805243696853,0.803,0.661,7.001000093391718e-13,10,TPT1
2.35323627685614e-17,0.5280728978342784,0.952,0.858,8.613080096921158e-13,10,RPL13A
2.404488610330877e-17,1.0534049999022883,0.467,0.202,8.800668762672043e-13,10,YES1
2.465772913382344e-17,0.8267803999970862,0.721,0.528,9.024975440270717e-13,10,RPL32
2.528918837433173e-17,0.6784366930584573,0.806,0.618,9.256095836889157e-13,10,RPL18
2.6845605619738335e-17,0.890089636356269,0.591,0.308,9.825760112880428e-13,10,CD6
3.4908032865313307e-17,0.7131377826333685,0.727,0.562,1.2776689109033323e-12,10,RPL36A
4.055067729787089e-17,0.9850844357666528,0.717,0.478,1.4841953397793723e-12,10,LITAF
4.311438068020633e-17,2.2740306770369596,0.257,0.085,1.5780294472762317e-12,10,SIPA1L2
5.701238819218367e-17,1.171266357871312,0.416,0.186,2.0867104202221147e-12,10,CD3D
5.986188079358294e-17,1.4953782306878471,0.47,0.192,2.191004698925929e-12,10,ATF7IP2
7.964372874930339e-17,1.364793701216043,0.408,0.213,2.9150401159532534e-12,10,CERK
9.316855887766201e-17,1.183418553692463,0.526,0.274,3.410062423481307e-12,10,ZNF331
9.492409402052533e-17,0.5057493220414293,0.966,0.922,3.4743167652452475e-12,10,CDC42SE2
1.0981719833683313e-16,1.1332193382995663,0.394,0.18,4.0194192763264296e-12,10,CD7
1.5099244561945645e-16,0.8860407316197707,0.465,0.271,5.526474502117725e-12,10,HELB
1.8124186787092257e-16,1.1685846656824053,0.568,0.359,6.633633605943637e-12,10,RNF115
2.1964791429037306e-16,0.8571011143330085,0.718,0.529,8.039333310941944e-12,10,RPL35
2.6364784544115207e-16,0.6425390753025577,0.851,0.574,9.649774790991607e-12,10,ETS1
2.659603063910865e-16,1.5235988090226662,0.34,0.161,9.734413174220158e-12,10,LUZP1
2.6842170249420746e-16,0.7315764104997755,0.73,0.556,9.824502732990488e-12,10,RPL9
4.89552708627322e-16,0.8868805810114542,0.587,0.388,1.7918118688468612e-11,10,HLA-F
7.856313220296261e-16,1.1821601643678423,0.641,0.37,2.8754892017606343e-11,10,ID2
8.587497179747072e-16,0.6459599441491117,0.855,0.691,3.143109842759226e-11,10,RPS29
9.180744249145511e-16,0.6199775205246141,0.854,0.675,3.360244202629749e-11,10,RPS14
9.674188288000087e-16,0.5608344914910033,0.765,0.528,3.540849655290912e-11,10,SYNE1
1.0358463077911444e-15,1.1175054598816767,0.517,0.321,3.791301071146368e-11,10,GTDC1
1.7031319693909321e-15,0.7197124510434947,0.698,0.49,6.233633321167751e-11,10,RPL10A
1.7725581559631101e-15,0.7467773019873194,0.865,0.705,6.487740106640579e-11,10,NFKB1
1.819978446894274e-15,1.446957153397912,0.394,0.143,6.661303113477732e-11,10,AF165147.1
1.879415027338779e-15,0.9185283898964343,0.604,0.304,6.878846941562665e-11,10,PATJ
2.2622210216048903e-15,0.6851882105139391,0.657,0.513,8.27995516117606e-11,10,UBC
4.022000727336113e-15,1.9287146522066205,0.312,0.101,1.4720924862122909e-10,10,MPZL3
4.112339721773899e-15,0.7135462745664332,0.757,0.573,1.5051574615664648e-10,10,RPS15A
4.41771384074483e-15,0.9233554448622496,0.505,0.298,1.6169274428510152e-10,10,CRY1
4.6700147220208055e-15,0.8398025729595338,0.53,0.361,1.709272088406835e-10,10,MAPKAPK2
5.301685430930143e-15,0.6171747602688482,0.908,0.777,1.9404698845747416e-10,10,PPP2R5C
5.924263611377508e-15,1.6015346541104456,0.271,0.106,2.1683397244002817e-10,10,ALOX5AP
6.398854738424123e-15,1.9974156979322029,0.306,0.104,2.342044822810613e-10,10,BHLHE40
6.836953735758959e-15,0.6280115368713435,0.65,0.497,2.5023934368251365e-10,10,RPS7
7.772253964809519e-15,1.9718220717620958,0.287,0.101,2.844722673659932e-10,10,MT2A
9.578268147448592e-15,0.8761330228605757,0.687,0.479,3.505741924647659e-10,10,DNAJC1
1.0468980700228649e-14,1.6564602780598592,0.371,0.139,3.8317516260906875e-10,10,CATSPERB
1.1335235929412464e-14,0.5140278738363069,0.958,0.885,4.148809702524256e-10,10,MT-ATP8
1.2123870808546649e-14,0.6930077596967936,0.832,0.713,4.437457954636159e-10,10,EIF1
1.5463269090333945e-14,0.7061731071091377,0.844,0.694,5.659711119753127e-10,10,RPL28
1.774859917350706e-14,0.960842729332507,0.511,0.288,6.496164783495319e-10,10,GOLGA8B
1.868985668703452e-14,0.9250134857391651,0.59,0.44,6.840674446021504e-10,10,TGFB1
3.1568028850012917e-14,0.6147873311727239,0.779,0.616,1.1554214239393228e-9,10,RPL37
3.7156390136658145e-14,1.9495120903961836,0.283,0.09,1.3599610353918248e-9,10,PLEKHA5
4.242466223998858e-14,0.5470511347639335,0.775,0.444,1.552785062645822e-9,10,ZEB1
4.5874715340793055e-14,0.5778741551781861,0.714,0.494,1.6790604561883666e-9,10,PTPN4
4.7883046428404844e-14,0.9246102358101711,0.531,0.248,1.7525673823260457e-9,10,LINC01934
6.515478255675501e-14,0.8745785046410438,0.452,0.272,2.38473019635979e-9,10,RPL36AL
6.543343954606906e-14,0.8885315093075424,0.422,0.22,2.3949293208256735e-9,10,TRAC
7.164138685077344e-14,0.5662972616592894,0.735,0.571,2.6221464001251584e-9,10,EEF1G
8.007688877828403e-14,0.7483878297592008,0.742,0.563,2.9308942061739736e-9,10,RPL5
8.322540853242552e-14,0.6215576587606053,0.489,0.247,3.0461331776953063e-9,10,AUTS2
1.0688814286644142e-13,1.175704259309992,0.328,0.144,3.912212917054623e-9,10,ESR2
1.9091127044611238e-13,0.90462462096637,0.638,0.456,6.987543409598159e-9,10,SRSF7
1.9658354467917503e-13,1.4360540927991583,0.374,0.169,7.195154318802486e-9,10,ATG2A
2.6892007174390017e-13,0.5442014654198037,0.661,0.499,9.84274354589849e-9,10,IRF1
3.1978285655239607e-13,1.674781366405205,0.251,0.084,1.1704372332674248e-8,10,SLAMF1
3.801914680599285e-13,0.8367836092232213,0.601,0.406,1.3915387922461443e-8,10,RPL27
4.705373158626338e-13,0.7030939050261458,0.727,0.547,1.722213629788826e-8,10,RPL7A
5.036612161838665e-13,1.0535501740464863,0.329,0.141,1.84345041735457e-8,10,CST7
8.247920274944899e-13,0.7664561218975923,0.62,0.421,3.018821299832582e-8,10,NIBAN1
9.676584986134626e-13,0.7700162001720519,0.72,0.536,3.541726870775135e-8,10,RPL36
9.810797531846483e-13,0.6981418075154671,0.732,0.567,3.5908500046311315e-8,10,RPS20
1.4086283292035835e-12,2.121783221818777,0.254,0.068,5.155720547718036e-8,10,GRAMD2B
1.4458184903926196e-12,0.6494762331121455,0.671,0.524,5.291840256686027e-8,10,RPL38
1.5463181625639784e-12,1.6472979851405143,0.349,0.124,5.6596791068004176e-8,10,EVA1C
1.967706261591265e-12,1.6314935153639745,0.368,0.161,7.202001688050189e-8,10,TOB1
3.4642520386657764e-12,0.5256878243256793,0.436,0.234,1.267950888672061e-7,10,SAMD3
3.4954554999571328e-12,1.0368819849442448,0.518,0.329,1.27937166753931e-7,10,GSPT1
3.911385210102584e-12,0.7057783670956992,0.694,0.545,1.4316061007496467e-7,10,RALGAPA2
4.3368711491162235e-12,1.3925350611002825,0.288,0.125,1.587338209288029e-7,10,FLNB
5.5719511687618596e-12,1.0813121451229655,0.378,0.21,2.0393898472785282e-7,10,PPIB
6.955023100468495e-12,0.7638350139978871,0.657,0.384,2.545608005002474e-7,10,SLFN12L
7.024902965084569e-12,0.9994874214051837,0.337,0.157,2.5711847342506033e-7,10,SATB1-AS1
7.137493777745982e-12,0.962125092169076,0.551,0.346,2.612394097592807e-7,10,PER1
7.229126073844551e-12,0.7707230114266288,0.7,0.535,2.645932434287844e-7,10,RPL31
8.597097254099384e-12,1.124039178933645,0.328,0.143,3.1466235659729154e-7,10,GZMM
9.841691332757327e-12,0.6817737890114965,0.788,0.653,3.6021574447025093e-7,10,RPS8
9.884178286896576e-12,0.5898650580314135,0.712,0.586,3.617708094787016e-7,10,RPS24
1.031425173651908e-11,1.0805936443203685,0.559,0.352,3.7751192780833487e-7,10,ELL2
1.4422576464659055e-11,0.6286807716402911,0.708,0.537,5.278807211829861e-7,10,RPL23
1.7728193352137298e-11,1.0206980375225818,0.554,0.33,6.488696048815773e-7,10,RPS10
1.7877376029201338e-11,0.6850985183865794,0.617,0.431,6.543298400447982e-7,10,RPS5
2.0417943698952038e-11,0.5549473235480793,0.618,0.343,7.473171573253436e-7,10,TCF7
2.0705283734965438e-11,0.7570943366891421,0.743,0.527,7.5783408998347e-7,10,RPS21
2.087111626514904e-11,0.6758013096881142,0.578,0.369,7.6390372642072e-7,10,PIK3IP1
2.538085362733544e-11,0.8722621402181533,0.519,0.33,9.289646236141044e-7,10,MYL12A
2.9244221969283955e-11,0.5431313028271503,0.788,0.602,1.070367768297762e-6,10,CCSER2
3.738380629191995e-11,1.3366646262719821,0.343,0.17,1.3682846940905623e-6,10,SLC12A2
4.5183487086287115e-11,0.5406477580512443,0.851,0.721,1.6537608108451948e-6,10,RPLP2
6.279129471153179e-11,0.5068137848122827,0.655,0.519,2.298224177736775e-6,10,ARHGDIB
6.508000198364254e-11,1.4626111345985344,0.302,0.126,2.3819931526033004e-6,10,MYO1D
7.294923378291653e-11,0.8095679546124597,0.592,0.397,2.670014905688528e-6,10,VWA8
7.72458936094634e-11,0.9288895170588042,0.459,0.28,2.8272769519999698e-6,10,HSPA5
8.010627665028905e-11,1.024246992547845,0.353,0.187,2.9319698316772295e-6,10,GOLGA8A
9.270456295258193e-11,1.3662799065552487,0.362,0.17,3.393079708627451e-6,10,SSR4
1.2131931492183166e-10,1.005811126061912,0.403,0.192,4.4404082454539606e-6,10,CD3G
1.308509028750705e-10,0.7448078641863864,0.623,0.458,4.789273896130455e-6,10,TAPBP
1.333046861931277e-10,0.6501502853013836,0.488,0.339,4.879084819354667e-6,10,ANKRD36
1.360496353091456e-10,0.9768424116411041,0.305,0.142,4.979552701950038e-6,10,GATA3
1.5223225425001128e-10,0.5851921664719142,0.775,0.636,5.571852737804663e-6,10,PIK3R1
1.675845658158788e-10,0.6588980281635342,0.694,0.54,6.13376269342698e-6,10,RPL14
1.758709109972234e-10,0.9036902405174537,0.375,0.237,6.437051213409374e-6,10,XBP1
2.6950262399627786e-10,0.6320350431270538,0.637,0.407,9.864065540887766e-6,10,RASGRP1
3.047916874337888e-10,1.3571621843302313,0.396,0.216,1.1155680551764103e-5,10,NR4A2
3.5441498444352846e-10,0.6313522207241491,0.687,0.565,1.2971942845617586e-5,10,RPL6
4.047401816284485e-10,0.846440196805285,0.607,0.416,1.4813895387782844e-5,10,NOP53
4.211391873776096e-10,0.6367497810037286,0.717,0.539,1.5414115397207888e-05,10,RPL39
4.62177166322632e-10,0.8481334098486902,0.598,0.42,1.6916146464574656e-5,10,S100A6
4.97281903224866e-10,0.9083320059539599,0.525,0.345,1.820101493993332e-5,10,USP36
7.331626307910466e-10,0.6419135150646991,0.708,0.559,2.6834485449583097e-5,10,RPL15
8.603412117826762e-10,1.0260739456424,0.4,0.219,3.148934869245773e-5,10,IL2RG
8.907240689180884e-10,0.9318597723992534,0.363,0.243,3.260139164647095e-5,10,BRD9
9.892934369755365e-10,0.526086238203419,0.654,0.517,3.620912908674161e-5,10,RPL7
1.1326888755546645e-9,1.0505106401771356,0.391,0.222,4.145754553417628e-5,10,CRACR2A
1.133193640687919e-9,0.6091733845954596,0.544,0.311,4.147602044281852e-5,10,DOCK9
1.2834711404172142e-9,0.5427369609504984,0.702,0.562,4.697632721041046e-5,10,RPL26
1.3958496078085597e-9,0.7073856170541619,0.634,0.463,5.108949149540109e-5,10,RPS13
1.507898620168192e-9,0.9504731864899968,0.263,0.169,5.5190597396776e-5,10,SPTY2D1
1.5423227761064376e-9,0.58076686546246,0.813,0.656,5.645055592827172e-5,10,RPL30
1.6697557044930214e-9,0.5017380036685077,0.898,0.825,6.111472854014908e-5,10,CHD1
1.940945173447254e-9,0.5126740913974803,0.859,0.705,7.104053429334294e-5,10,AAK1
2.1725017357581545e-9,0.7255751034317585,0.301,0.217,7.951573603048421e-5,10,TMED10
2.2715266171299386e-9,0.8675777089043357,0.491,0.297,8.314014571357289e-5,10,PCNX2
2.302975436468848e-9,0.6968038300908129,0.642,0.488,8.429120395019631e-5,10,HNRNPA1
2.5302696883177006e-9,0.5261451372835271,0.789,0.651,9.261040086211616e-5,10,RPL21
2.5603818687900354e-9,1.4767250576606201,0.318,0.138,9.371253677958409e-5,10,DNAJB1
2.728233291259409e-9,0.810433204740928,0.439,0.247,9.985606669338564e-5,10,TRBC2
2.9153861651256545e-9,1.1958754274237864,0.341,0.182,1.0670604902976409e-4,10,ZBED4
3.470840268235358e-9,0.6387930586318498,0.739,0.585,1.2703622465768234e-4,10,RPL35A
3.924636186665056e-9,0.8760824990817305,0.384,0.222,1.4364560906812772e-4,10,UBB
4.300322916324866e-9,0.594647043917713,0.731,0.58,1.573961190604064e-4,10,RPS3A
4.883695805456054e-9,0.5079359488842755,0.534,0.426,1.7874815017549704e-4,10,NCL
5.910956854641704e-9,0.6554533993335083,0.721,0.588,2.1634693183674098e-4,10,RPL8
6.389635504768458e-9,0.9371366071686873,0.455,0.296,2.3386704911003032e-4,10,RELB
6.518660955870282e-9,0.68405039989505,0.518,0.36,2.385895096458082e-4,10,VPS13A
6.8590476228240694e-9,0.8502405970995566,0.342,0.218,2.5104800204298376e-4,10,JAK3
7.59345416163125e-9,0.5046263204302335,0.91,0.656,2.779280157698654e-4,10,KLF12
8.190186640871931e-9,1.1632985226759307,0.321,0.175,2.9976902124255353e-4,10,FAM177A1
9.029298616671354e-9,0.6561391600673204,0.54,0.404,3.3048135866878823e-4,10,KLF2
9.596551075056072e-9,1.316632357477433,0.343,0.175,3.512433658981273e-4,10,CREM
1.111900439060212e-8,0.5149526040279175,0.892,0.798,4.069666797004282e-4,10,H3F3B
1.1169568931417749e-8,0.7832017250799641,0.435,0.288,4.0881739245882104e-4,10,HINT1
1.2504281866289087e-8,1.3271077262969244,0.335,0.175,4.5766922058804686e-4,10,SURF4
1.3261019299807556e-8,0.8856198629120571,0.279,0.149,4.853665673922564e-4,10,SLC39A8
1.7451953894946492e-8,1.475567345326153,0.255,0.119,6.387589645089366e-4,10,USP45
1.8557592046309202e-8,0.6636472692092577,0.546,0.41,6.792264264869632e-4,10,RPL29
2.0378593766404152e-8,0.8083450881441392,0.351,0.211,7.458769104441583e-4,10,ISG20
2.07519892973253e-8,0.6875179696293886,0.449,0.224,7.595435602714033e-4,10,CD28
3.1008588908999956e-8,0.9251566799327517,0.485,0.297,0.0011349453626583073,10,BORCS5
3.299113415265363e-8,1.1851749901225768,0.314,0.161,0.0012075085011212755,10,SLC35D1
4.2165691647924525e-8,0.8731378757630013,0.51,0.332,0.0015433064800056855,10,LINC00513
4.47335758899732e-8,0.5827887021882158,0.532,0.419,0.001637293611148909,10,ARNTL
8.599566529309293e-8,0.692007392201737,0.389,0.28,0.0031475273453924943,10,ACTN4
9.092207317404718e-8,0.7721866300788698,0.537,0.356,0.003327838800243301,10,TOMM7
9.648323127644783e-8,0.9475168191541204,0.443,0.267,0.003531382747949267,10,FOSL2
9.69071171966218e-8,0.624825721444625,0.579,0.403,0.0035468973965135544,10,CD52
1.0993094631151263e-7,0.5689466649780441,0.787,0.563,0.004023582565947674,10,ATP8A1
1.1107471000389589e-7,0.5741114905278608,0.659,0.544,0.004065445460852593,10,EIF4A1
1.2234447605565155e-7,0.7816573862147704,0.51,0.346,0.004477930168112903,10,JMY
1.293190257464098e-7,0.587965036703773,0.824,0.64,0.0047332056613443455,10,PITPNC1
1.3460550612516539e-7,0.8507092350371701,0.431,0.277,0.004926696129687178,10,TSPOAP1-AS1
1.8152726958721007e-7,0.7091088389498392,0.77,0.627,0.006644079594161476,10,CDK17
1.8529683839451406e-7,0.6578727311151301,0.445,0.265,0.006782049582077609,10,CD2
1.9939261477290485e-7,0.8567228403808995,0.39,0.242,0.007297969093303091,10,OFD1
2.453599605242841e-7,0.7515670733554464,0.483,0.339,0.008980419915149323,10,NPM1
3.2598510072354527e-7,0.5047599209061759,0.634,0.528,0.01193138067158248,10,UBA52
3.366492515055162e-7,0.5952378324326713,0.741,0.613,0.0123216992543534,10,RAB8B
3.653879910313619e-7,0.8447492034868714,0.335,0.183,0.013373565859738878,10,TSPAN5
3.6912145028878353e-7,0.6862050246692455,0.64,0.481,0.013510214202019765,10,EEF1D
4.226408619203689e-7,0.6015377531593844,0.283,0.151,0.015469078187147422,10,FAAH2
4.6904623016910273e-7,0.5359139886555503,0.536,0.411,0.017167561070419328,10,CSNK1G3
4.886026997239663e-7,0.8591557091803188,0.404,0.246,0.017883347412596888,10,MLLT6
4.920936557700918e-7,0.9409762473350716,0.297,0.171,0.01801111989484113,10,HNRNPLL
5.739806712592183e-7,0.5340252639786476,0.723,0.63,0.02100826654875865,10,ITCH
6.262791486047429e-7,0.9418936486864012,0.294,0.168,0.022922443118082194,10,ABCG1
7.86441705891393e-7,1.1902920604054334,0.295,0.151,0.028784552877330876,10,MIF
9.270922789555342e-7,0.6501914917396178,0.444,0.317,0.03393250450205151,10,LINC02328
1.0504980945907051e-6,0.6049122725884002,0.544,0.442,0.0384492807601144,10,ZBTB1
1.0639389841786834e-6,0.568413571185397,0.624,0.504,0.03894123075992399,10,CFL1
1.1731967188248492e-6,0.6241336411049466,0.605,0.471,0.0429401731057083,10,RPL24
1.413320620868552e-6,0.8536647555413591,0.289,0.181,0.05172894804440987,10,LMAN1
1.7900893677572065e-6,0.6930940571209464,0.499,0.305,0.06551906094928152,10,SIDT1
2.183297852112412e-6,0.6186253664726322,0.615,0.482,0.0799108846851664,10,RPL22
2.4161511084468115e-6,0.8192888579193824,0.389,0.288,0.08843354672026175,10,H1FX
2.4612637433117385e-6,0.5941627597845318,0.299,0.221,0.09008471426895294,10,SSR2
2.4908440427342724e-6,0.8660010072972766,0.466,0.332,0.0911673828081171,10,MAP3K4
2.575786088688764e-6,0.9078874639596537,0.405,0.249,0.09427634663209744,10,TIPARP
2.6642300859756786e-6,1.2354435329949571,0.284,0.133,0.09751348537679581,10,GALM
2.8171496399752147e-6,0.6812618123057659,0.371,0.264,0.10311049397273284,10,BTF3
2.9321742717132708e-6,1.0658624914103167,0.336,0.208,0.10732051051897742,10,PRNP
3.0044939060680167e-6,0.9955424014161136,0.304,0.152,0.10996748145599548,10,TPD52
3.057175112599242e-6,0.5445792735326002,0.541,0.407,0.11189566629624485,10,AC016831.7
3.106132089358516e-6,0.567104310867833,0.498,0.392,0.11368754060261105,10,SERBP1
3.1982403217267604e-6,0.5868810270776139,0.844,0.704,0.11705879401552116,10,RPS6
3.2645095066784965e-6,0.6315438644652325,0.637,0.506,0.11948431245393965,10,RPL12
3.8127780229661138e-6,0.563217705863305,0.568,0.365,0.13955148841858273,10,USP9Y
4.040297508707761e-6,1.1334998317258327,0.315,0.178,0.14787892911621275,10,GTF3C1
4.772089858620502e-6,0.8056956774432045,0.387,0.267,0.17466326091536902,10,GALNT11
4.83052477468053e-6,0.8695446948625406,0.3,0.19,0.17680203727808208,10,ICAM3
4.975409939190835e-6,1.1311498677945577,0.32,0.174,0.18210497918432375,10,ZFYVE28
5.193523537705684e-6,0.549337277313948,0.395,0.316,0.19008815500356574,10,RBM3
6.060858768358768e-6,0.5642096550380042,0.5,0.386,0.22183349178069925,10,CLIP4
6.580722380101166e-6,0.6657508959964208,0.363,0.257,0.24086101983408278,10,CHCHD2
6.917835487421712e-6,0.5057568979126514,0.554,0.373,0.2531996966751221,10,PAM
7.342947466660964e-6,0.7999009875422946,0.532,0.368,0.26875922022725796,10,DIP2A
8.16308758970799e-6,0.6311281044717776,0.265,0.188,0.2987771688709021,10,COX6C
8.226678379487857e-6,0.682666536674172,0.267,0.184,0.30110465536763503,10,GTF3A
8.371464101489793e-6,0.6081250487466053,0.366,0.283,0.30640395757862793,10,SACM1L
8.524225213775492e-6,0.5963942191515768,0.275,0.178,0.3119951670493968,10,LIME1
8.992628295305012e-6,0.7923962754143904,0.546,0.379,0.32913918823645877,10,NR1D2
9.0490888304295e-6,0.5745209580656656,0.481,0.373,0.33120570028255014,10,BZW1
9.580793377948658e-6,1.3034631205570282,0.279,0.113,0.3506666184262988,10,MAF
1.0046266250155417e-5,0.9469960988982954,0.28,0.173,0.36770339102193844,10,GLMN
1.0187327057249285e-5,0.5064510855480042,0.624,0.513,0.3728663576223811,10,AKNA
1.0414178543205569e-5,0.5040563681701313,0.707,0.596,0.38116934885986703,10,SND1
1.1327361763867123e-5,0.610982107480798,0.482,0.367,0.4145927679193006,10,TERF2IP
1.2084595072153557e-5,0.8029672523116824,0.429,0.296,0.44230826423589237,10,SESN1
1.3551499099838113e-5,0.7534468841318466,0.31,0.219,0.4959984185531748,10,P4HB
1.4161637828208953e-5,0.7834580088531251,0.348,0.238,0.5183301061502759,10,TSHZ1
1.7888473164068536e-5,0.862593692195283,0.27,0.173,0.6547360062780725,10,SEC61B
1.9293977528404617e-5,0.7588789228639621,0.361,0.244,0.7061788715171374,10,SRP14
1.9495967775546396e-5,0.7166640987140267,0.446,0.344,0.7135719165527736,10,CORO7
1.9595125428252746e-5,0.6836330302239368,0.317,0.217,0.7172011857994788,10,GMCL1
2.3358852014937934e-5,0.6854103952177284,0.414,0.298,0.8549573425987433,10,B4GALT5
2.468585795792377e-5,0.8086670781908469,0.391,0.259,0.9035270871179679,10,CEBPZ
2.685642398512295e-5,0.8823121785888124,0.256,0.168,0.982971974279485,10,EIF5A
2.8314111939111257e-5,0.8450279025178634,0.304,0.199,1,10,EDF1
3.1549200113425605e-5,0.6375961542261217,0.385,0.293,1,10,LINC01138
3.310659645911e-5,0.7341890501464712,0.348,0.232,1,10,HSPA8
4.0123613257900735e-5,0.5473749483387023,0.703,0.606,1,10,SNRK
4.346802840436156e-5,0.6943234303369169,0.374,0.24,1,10,OXCT1
4.405040780839146e-5,0.5749725319246992,0.453,0.271,1,10,RRAS2
4.607536481188563e-5,0.6313433396570205,0.305,0.223,1,10,ATP6V1G1
4.620219381219666e-5,0.6538962962295771,0.497,0.355,1,10,EEF1B2
4.643307598807671e-5,1.032024439555561,0.264,0.163,1,10,FYCO1
4.8423448018107754e-5,0.5407088161885034,0.401,0.317,1,10,ZBTB44
5.990262555391452e-5,0.577040772498003,0.414,0.303,1,10,COX7C
6.020515107923047e-5,0.6229235452887134,0.34,0.255,1,10,SNU13
6.35721699963845e-5,0.6965809241666239,0.276,0.191,1,10,KARS
7.266601955854508e-5,1.2502066685353594,0.266,0.127,1,10,PGGHG
7.761182471202523e-5,0.6162828262302384,0.428,0.331,1,10,SNRNP200
7.988979939773505e-5,0.6602501247510477,0.281,0.198,1,10,AC016831.5
8.755506452634816e-5,0.6247693227177195,0.343,0.246,1,10,TMC6
8.768190095763536e-5,0.5325460313656898,0.381,0.259,1,10,OPTN
9.306654667739298e-5,0.6473111821762556,0.509,0.368,1,10,DYNLT1
9.417461166399902e-5,0.9609458416156414,0.292,0.184,1,10,LATS2
9.620841310388926e-5,0.5159224537477897,0.312,0.246,1,10,C9orf78
9.927677416900774e-5,0.6996404063873647,0.264,0.167,1,10,APMAP
9.952242998983423e-5,0.666676725011503,0.424,0.297,1,10,SPTAN1
1.0558670942714466e-4,0.8266746890503069,0.309,0.204,1,10,PILRB
1.0875919242161414e-4,0.5473612171652942,0.314,0.245,1,10,TMA7
1.2470775062581075e-4,0.6235281486856008,0.415,0.268,1,10,ZNF831
1.2680565107166453e-4,0.6662030218250208,0.254,0.185,1,10,EIF3G
1.3175691415940433e-4,0.7583506642092117,0.284,0.163,1,10,ZAP70
1.711609384752534e-4,0.6293565485114911,0.559,0.427,1,10,EEF2
1.7171193464364046e-4,0.5171984282964108,0.636,0.571,1,10,NEK7
1.8150838146105682e-4,0.5674759800231564,0.465,0.363,1,10,AC245297.3
1.8525381059195225e-4,0.5956997508914703,0.376,0.305,1,10,SRSF2
1.8878908572168997e-4,0.627020456894934,0.382,0.293,1,10,EIF3K
2.037834929709288e-4,0.5775140270621264,0.296,0.219,1,10,ERO1A
2.043012215629382e-4,0.5347599830669397,0.517,0.364,1,10,ANKRD28
2.0454407573047717e-4,0.6648899200242584,0.456,0.359,1,10,PDZD8
2.087033081550677e-4,0.5251412373867661,0.271,0.2,1,10,IARS
2.1897786138417918e-4,0.6557869042974916,0.302,0.208,1,10,GYPC
2.817544379748747e-4,0.5576639209397946,0.563,0.448,1,10,G3BP2
2.843634569857809e-4,0.7325200184322366,0.325,0.223,1,10,UQCRB
3.2822386914327134e-4,0.8069025394545217,0.343,0.21,1,10,ABCA5
3.334946438238425e-4,0.6059141910697473,0.486,0.377,1,10,SERF2
3.540185209334931e-4,0.5762395694507239,0.259,0.187,1,10,TAF7
4.2927344529739974e-4,0.595753637833367,0.32,0.235,1,10,MPRIP
4.6925818393217674e-4,0.5513882396683053,0.297,0.22,1,10,LPIN1
4.879558749669654e-4,0.6454376859308423,0.449,0.34,1,10,HSP90B1
5.27626136206601e-4,0.6585416583054732,0.258,0.183,1,10,DDB1
5.372314934549347e-4,0.556532600895009,0.419,0.346,1,10,HNRNPUL1
6.257368613615707e-4,0.6117458971235381,0.43,0.317,1,10,RPAP2
6.606474250492154e-4,0.8769513767854294,0.287,0.181,1,10,PSME1
6.676558089725612e-4,0.5010872879475183,0.409,0.357,1,10,RAB18
6.83248107257088e-4,0.5442189408180703,0.338,0.287,1,10,GSE1
7.106497084200681e-4,0.5048335541478334,0.304,0.226,1,10,ACAP1
7.314105935648851e-4,0.6472255692236377,0.478,0.366,1,10,CIRBP
7.513284795982576e-4,0.7340090809435353,0.369,0.268,1,10,ZFP36
7.647116770050166e-4,0.5856643140872144,0.313,0.237,1,10,NDUFA13
9.195394847262292e-4,0.6217457053658539,0.265,0.196,1,10,CALR
9.243844685871731e-4,0.5772559405981157,0.253,0.185,1,10,EHD1
9.7859488266438e-4,0.5185779573055361,0.334,0.281,1,10,SF3B2
0.0011648962311620681,0.6044309255128368,0.421,0.342,1,10,SPCS3
0.0011873437024863176,0.5991825576886478,0.271,0.196,1,10,SNHG6
0.0012682296874308974,0.6123004930233316,0.267,0.193,1,10,SNRPB
0.001428705574801955,0.7019697106515677,0.274,0.229,1,10,ZNF267
0.0014591440407670335,0.5121929359594244,0.363,0.335,1,10,MACO1
0.0016393260121790791,0.6545364202138162,0.312,0.225,1,10,CLDND1
0.0017820069790981947,0.6866076370775284,0.259,0.192,1,10,ABCF1
0.0017874468388350607,0.503198456788315,0.413,0.321,1,10,LINC-PINT
0.001880283708858,0.7525405679172172,0.325,0.232,1,10,CMC1
0.0019809249047921347,0.6085028421134359,0.274,0.198,1,10,GAS5
0.0021243166838156233,0.5570590641482822,0.334,0.252,1,10,MYL12B
0.00221985279889767,0.536858200920224,0.467,0.369,1,10,MYLIP
0.002771496328843355,0.5966091332083168,0.315,0.237,1,10,REEP5
0.0030188651687142877,0.5095348059847493,0.274,0.205,1,10,EID1
0.003154249228231546,0.684483147853836,0.314,0.225,1,10,RNF166
0.0036285257601669147,0.5172365958742577,0.272,0.2,1,10,IFITM2
0.004436096001332312,0.6143920294416032,0.316,0.232,1,10,GAB3
0.006478385198257251,0.5109635341426415,0.406,0.317,1,10,DDX3Y
0.007056900909106195,0.586416520896953,0.267,0.194,1,10,ARHGAP10
0.0071290050181172515,0.6139281825627747,0.266,0.187,1,10,MZT2B
0.007487309796754427,0.5215710453912547,0.513,0.417,1,10,PPIA
0.007642418684586072,0.6663809149126085,0.256,0.178,1,10,UST
0.009491749312974765,0.5374439592463544,0.324,0.25,1,10,ATP5MG
2.1566604639612997e-124,3.5206418320240696,0.938,0.258,7.893592964144754e-120,11,CST3
1.0300647354824585e-118,3.0269850087417303,0.991,0.427,3.7701399383393466e-114,11,HLA-DRA
4.277849369359968e-115,2.990488303698374,0.981,0.393,1.5657356476794418e-110,11,HLA-DRB1
7.509022260451466e-112,2.4125316695209316,0.999,0.603,2.748377237547841e-107,11,CD74
1.2744982349458243e-106,4.039258192241688,0.773,0.07,4.664790989725211e-102,11,CCSER1
1.3034536035542942e-103,3.597223539922524,0.883,0.164,4.770770534369073e-99,11,HLA-DQA1
2.3295183966649845e-101,2.139939393905874,0.957,0.329,8.52627028363351e-97,11,MIR181A1HG
9.43901114902416e-101,3.1222221831008588,0.78,0.124,3.454772470654333e-96,11,CIITA
3.237911858365968e-99,3.117299016448373,0.912,0.247,1.185108119280528e-94,11,HLA-DPA1
6.6743455679264984e-99,2.8680253777829554,0.937,0.321,2.4428772213167777e-94,11,HLA-DPB1
4.666377205367572e-98,5.146991855684431,0.666,0.025,1.707940720936585e-93,11,DTNA
1.18749578925553e-97,2.846827955233614,0.916,0.243,4.3463533382541656e-93,11,HLA-DQB1
7.893493624276417e-97,3.6295326405503263,0.703,0.069,2.8890976014214113e-92,11,FLT3
1.2326164308577067e-93,2.851045194785018,0.848,0.185,4.5114993985822926e-89,11,RTN1
1.2469407221804903e-92,2.5984904163234788,0.807,0.151,4.5639277372528125e-88,11,FMN1
1.610477058622064e-92,2.517759421255656,0.952,0.352,5.894507082262617e-88,11,HDAC9
9.836242098257106e-92,2.324023055520363,0.99,0.547,3.6001629703830834e-87,11,LYZ
5.093708308078079e-91,2.299747500225915,0.889,0.224,1.8643481778396577e-86,11,CD86
1.906751446948756e-89,1.9420460546684684,0.977,0.369,6.978900970977142e-85,11,CCDC88A
3.1260252480234458e-87,2.3784738749737175,0.896,0.234,1.1441565010290615e-82,11,CPVL
3.9637010746855493e-84,1.9915546791065781,0.854,0.234,1.450754230345658e-79,11,PID1
3.092523048780149e-83,1.8568073040474207,0.981,0.371,1.1318943610840222e-78,11,MEF2C
2.3077156661171507e-82,1.7157506767191257,0.959,0.324,8.446470109555383e-78,11,MAML3
2.908826092795816e-82,1.5211838750606899,0.996,0.348,1.0646594382241967e-77,11,SLC8A1
2.204739614652097e-81,2.3776993720307416,0.796,0.181,8.06956746358814e-77,11,AC020656.1
1.6728654560618765e-79,1.9384568031197245,0.85,0.27,6.122854855732074e-75,11,JAML
2.161059266364715e-78,1.5808986767250115,0.982,0.344,7.909693020821493e-74,11,LRMDA
4.954725700429159e-78,2.5974665499785186,0.736,0.125,1.8134791536140768e-73,11,IL13RA1
2.909445438925738e-77,1.6281952207473334,0.923,0.301,1.0648861251012094e-72,11,EMILIN2
9.099884768860062e-77,2.677085966739667,0.691,0.105,3.330648824250471e-72,11,GPAT3
9.784625459115042e-77,4.629106760534183,0.609,0.043,3.5812707642906963e-72,11,NEGR1
1.0227605859912178e-76,0.8940132417792359,1,0.996,3.7434060207864563e-72,11,MT-CO1
1.2562381059303138e-73,2.403366641458934,0.781,0.194,4.597957091515542e-69,11,ALCAM
2.6663603495477786e-72,1.4652317627388851,0.998,0.382,9.759145515379824e-68,11,PLXDC2
9.685951347224475e-72,2.384143994701142,0.779,0.172,3.5451550525976303e-67,11,GRN
1.1135068292124569e-71,1.4317239341629275,0.96,0.329,4.0755463456005135e-67,11,MCTP1
2.4097248230220045e-71,1.9855589267838356,0.764,0.2,8.819833824742838e-67,11,EPB41L3
1.4561237816494848e-69,1.268850387873234,0.997,0.649,5.3295586532152794e-65,11,ETV6
2.5307242714374195e-69,1.5012449594152133,0.94,0.332,9.262703905888099e-65,11,RAB31
1.1704527629012782e-68,2.792093852566721,0.663,0.105,4.283974157494968e-64,11,DST
8.871353041027423e-68,1.192069747361955,0.993,0.61,3.247003926546447e-63,11,GNAQ
3.8348856680328274e-66,0.9818804036598285,0.857,0.223,1.4036065033566952e-61,11,AFF3
1.3731035652083013e-64,2.8756157180058235,0.72,0.159,5.025696359018904e-60,11,HLA-DRB5
3.0560314282132937e-63,1.2094406654160053,0.992,0.629,1.1185380630403476e-58,11,MEF2A
1.9130794150628496e-62,1.7336318364595174,0.828,0.278,7.002061967071536e-58,11,RUFY3
2.581214296386452e-62,1.5640203652108096,0.736,0.144,9.447502446204053e-58,11,ADAM28
3.763299246299692e-62,2.379497996560283,0.716,0.139,1.3774051571381502e-57,11,HLA-DMB
4.529010686835144e-62,2.3634078213063763,0.717,0.152,1.657663201488531e-57,11,HLA-DMA
5.461708526154339e-62,1.8849490323145608,0.779,0.224,1.9990399376577494e-57,11,PAK1
5.590606106354026e-62,6.774651434155503,0.47,0.005,2.046217740986637e-57,11,FCER1A
5.9961415220955665e-62,1.7008905391009987,0.823,0.25,2.1946477585021983e-57,11,IFI30
3.370622173900045e-61,1.9281327647940834,0.862,0.276,1.2336814218691556e-56,11,FGL2
3.8979082436800726e-60,3.5762484278754734,0.534,0.054,1.4266733962693434e-55,11,CACNA2D3
4.7175995724432423e-60,1.1115171361397786,0.988,0.605,1.7266886195099512e-55,11,TET2
1.4471913952709935e-59,1.715127927137405,0.722,0.191,5.296865225831363e-55,11,CSF2RA
1.8155746079959322e-59,1.4886303828524705,0.929,0.472,6.645184622725911e-55,11,JAK2
2.064641398971674e-59,1.4009459576491554,0.894,0.326,7.556793984376224e-55,11,SULF2
3.1694415484318833e-59,1.7904727612334295,0.758,0.201,1.1600473011415537e-54,11,MPEG1
1.1174134508393714e-58,2.162048127871266,0.694,0.146,4.089844971417183e-54,11,KCTD12
2.63930564972276e-58,1.3639005968513322,0.946,0.567,9.660122608550274e-54,11,VIM
6.133209643645312e-58,2.0499507923902054,0.719,0.169,2.2448160616706207e-53,11,SHTN1
2.005963337009763e-57,1.954500993987974,0.674,0.163,7.342026409789433e-53,11,ARHGAP31
2.645402910200885e-57,1.5821153263361143,0.783,0.234,9.682439191626257e-53,11,MAP3K20
1.2655276204789084e-56,1.9752208659794352,0.753,0.189,4.631957643714852e-52,11,ATP8B4
1.7532560188269539e-56,2.0117668578846457,0.612,0.136,6.417092354508534e-52,11,MOB3B
5.4068215351374075e-56,1.6128573641988337,0.703,0.195,1.9789507500756426e-51,11,ETS2
8.130733923701129e-56,1.5806254256226597,0.701,0.208,2.97592992341385e-51,11,TBC1D9
1.6026730113518851e-55,1.2176111690637121,0.999,0.862,5.865943488849035e-51,11,ACTB
2.7660842713254514e-55,2.7096737036957617,0.497,0.069,1.0124145041478285e-50,11,CPED1
3.2852323697625564e-55,1.9416727182909495,0.692,0.208,1.2024278996567933e-50,11,GPR183
3.711056990266118e-55,1.5371763960801137,0.804,0.258,1.358283969007302e-50,11,PLSCR1
5.6518192451160036e-55,1.1264139582239647,0.946,0.462,2.0686223619049084e-50,11,H2AFY
1.1205309859967216e-54,1.492747735312455,0.802,0.29,4.101255461846601e-50,11,SH2B3
1.8328188631808402e-54,0.9760560229434854,0.881,0.303,6.708300321128193e-50,11,WDFY3
2.6621888089898716e-54,1.2170771807824639,0.98,0.435,9.74387725978383e-50,11,SYK
3.578527556493638e-54,1.2353550724277835,0.871,0.283,1.3097768709522363e-49,11,FGD4
2.290059932158924e-53,1.218824783426385,0.96,0.403,8.381848357694878e-49,11,RNF130
2.3181130409112574e-53,3.5348245607964763,0.466,0.039,8.484525541039293e-49,11,TNFRSF21
7.109336428005052e-53,2.1958885645021367,0.611,0.127,2.602088226014129e-48,11,PHACTR1
1.2670510341880975e-52,1.0759514021836716,0.781,0.263,4.6375334902318555e-48,11,RNF144B
1.6829749407603276e-52,1.5632754066988541,0.741,0.224,6.159856580676876e-48,11,WDFY4
2.109479401014148e-52,1.2675195945397362,0.959,0.434,7.720905555651883e-48,11,UBE2E2
5.946127193311879e-52,1.7536979684746918,0.719,0.199,2.176342014024081e-47,11,SPECC1
1.475687095498111e-51,1.3237131004906206,0.868,0.328,5.401162338232636e-47,11,ANXA2
1.5150823443131026e-51,1.1097345640146101,0.947,0.407,5.545352888420386e-47,11,MARCH1
1.6707764170013212e-51,2.288106800123998,0.542,0.103,6.115208763866536e-47,11,F13A1
2.5816243518074292e-51,1.1625297705232178,0.9,0.433,9.449003290050372e-47,11,DISC1
8.242764978698259e-51,1.3175543428906389,0.888,0.404,3.01693440985335e-46,11,MAP2K1
2.969729544379393e-50,2.1105464761183184,0.664,0.143,1.0869507105383018e-45,11,CTSZ
4.2505309314426646e-50,1.8623951249923576,0.577,0.131,1.5557368262173298e-45,11,TBC1D12
4.58254867243666e-50,1.0512203600622148,0.918,0.392,1.6772586395985422e-45,11,FAM49A
6.346610838482053e-50,1.819164109938642,0.822,0.319,2.3229230329928165e-45,11,AC009093.2
2.3311839362463193e-49,1.799430172919694,0.716,0.208,8.532366325055153e-45,11,FAM102B
3.508885349129199e-49,3.031266228427408,0.568,0.103,1.284287126634778e-44,11,MS4A4E
3.5112681305677224e-49,1.0811828316550234,0.942,0.389,1.285159248469092e-44,11,TRIO
4.413098753530917e-49,1.0337790932285338,0.988,0.646,1.615238274779851e-44,11,JARID2
4.464860006686512e-49,6.03798473093555,0.367,0.006,1.6341834110473302e-44,11,CLEC10A
4.930826809281414e-49,1.0060015835357548,0.718,0.243,1.8047319204650902e-44,11,CLEC12A
4.0559952502159694e-48,1.0364605497201653,0.919,0.359,1.484534821531547e-43,11,EVI5
4.40809362035268e-48,0.8076988254918782,0.894,0.322,1.6134063459852844e-43,11,RBM47
4.826324113314735e-48,1.2696735610895427,0.718,0.24,1.7664828887143262e-43,11,ZFHX3
5.3319720948292557e-48,1.1205727686074773,0.937,0.344,1.951555106428456e-43,11,DOCK5
5.528091076169523e-48,1.1044668302775587,0.962,0.538,2.023336614788807e-43,11,PSAP
9.421450694968212e-48,0.6870652236466475,1,0.997,3.448345168865315e-43,11,MT-CO3
3.30380882233297e-47,1.2653444813072983,0.827,0.31,1.2092270670620903e-42,11,SRGAP2
5.04505639985162e-47,1.8765300346243885,0.663,0.177,1.8465410929096914e-42,11,ZNF124
1.1889591577351567e-46,1.07095158884122,0.954,0.572,4.351709413226447e-42,11,RTN4
1.6525554336871577e-46,1.0266153219761078,0.879,0.387,6.048518142838366e-42,11,CEP170
2.2985457601206868e-46,1.5691796887548455,0.681,0.236,8.412907336617726e-42,11,APAF1
9.231176269746525e-46,1.3600395678925563,0.817,0.313,3.3787028264899256e-41,11,ACER3
1.083445482634892e-45,1.2050790723868352,0.788,0.284,3.9655188109919683e-41,11,MNDA
1.1060211740770796e-45,1.0240634470941081,0.898,0.445,4.048148099239519e-41,11,LDLRAD4
1.3308568825659994e-45,1.678389948553813,0.696,0.216,4.871069275879815e-41,11,RCC2
1.4762486806673783e-45,1.4181646109737742,0.67,0.219,5.403217796110671e-41,11,SSR1
1.958012384078163e-45,1.0892959699146814,0.984,0.675,7.166521126964484e-41,11,SAMHD1
5.128042487947378e-45,1.0238763888889608,0.961,0.4,1.8769148310136198e-40,11,GRK3
1.8312382140750432e-44,1.3811525505748987,0.631,0.197,6.7025149873360656e-40,11,HEXB
1.99152395816957e-44,1.6097862350433003,0.709,0.216,7.289176839296443e-40,11,CHKA
3.4351997066231713e-44,0.6834185621047459,0.898,0.335,1.2573174446211469e-39,11,IRAK3
5.515189158936059e-44,1.0821224171887414,0.838,0.343,2.0186143840621868e-39,11,FCN1
6.372366498111079e-44,1.6351323959579158,0.593,0.161,2.332349861973636e-39,11,GNB4
8.927388881667842e-44,0.7827647687000931,0.994,0.66,3.267513604579247e-39,11,QKI
2.0189331143140398e-43,1.1174143112186232,0.847,0.324,7.389497091700817e-39,11,TYMP
2.776511213085151e-43,0.7103186607158083,0.994,0.836,1.0162308691012962e-38,11,STK17B
4.04767094858088e-43,2.118765890434992,0.512,0.094,1.481488043890088e-38,11,EPB41L2
6.199349739065009e-43,3.7159650620930784,0.364,0.026,2.2690239979951839e-38,11,KCNK13
6.69760361264645e-43,1.4000016778273605,0.841,0.402,2.451389898264727e-38,11,FOXN2
7.70519338284157e-43,1.58580695419005,0.62,0.169,2.820177830053843e-38,11,LRRK1
1.581041589308179e-42,1.3808719313967681,0.789,0.278,5.786770321026866e-38,11,ENTPD1
1.6792137068768904e-42,1.0356223402568259,0.846,0.317,6.146090088540106e-38,11,KYNU
1.9714852966626444e-42,0.7620489193449314,0.749,0.273,7.215833334314945e-38,11,CD36
1.9968852588428177e-42,1.412481267508129,0.85,0.385,7.308799735890597e-38,11,GAPDH
2.917073914644913e-42,2.01717621717149,0.503,0.108,1.0676782234991846e-37,11,IGSF6
2.9457347842967036e-42,1.0727284412847102,0.961,0.653,1.0781683884004365e-37,11,PTEN
3.05312963466641e-42,1.9582743122900033,0.604,0.15,1.1174759775842527e-37,11,HIP1
3.595777730943365e-42,1.5454098231760645,0.633,0.193,1.3160906073025809e-37,11,LGALS1
8.560501951158355e-42,4.170240629181142,0.384,0.018,3.1332293191434695e-37,11,CLIC2
8.569785042170494e-42,3.7413713194380844,0.384,0.03,3.1366270232848224e-37,11,SLC41A2
9.416641174905705e-42,0.6210674129276468,1,0.997,3.446584836427237e-37,11,MT-CO2
9.615140448904862e-42,0.5342024823312128,1,0.993,3.5192375557036686e-37,11,MT-ND4
1.149666602779001e-41,0.5309805603082705,1,0.984,4.207894732831422e-37,11,MT-ND5
2.091086854830354e-41,6.2881356299163516,0.312,0.005,7.65358699736458e-37,11,ST18
3.792417802389033e-41,0.8682098653096018,0.713,0.276,1.3880628398524101e-36,11,ZMIZ1
4.604014922732116e-41,1.4899009040343079,0.689,0.225,1.685115501869182e-36,11,FNIP2
6.358390627686819e-41,1.3384199588825745,0.7,0.231,2.327234553639653e-36,11,DSE
7.926869780858001e-41,0.7086186537733297,0.921,0.456,2.9013136084918367e-36,11,PTPRE
8.688487419362264e-41,1.0745154230303378,0.751,0.28,3.1800732803607825e-36,11,STK3
1.0020657711444683e-40,1.2376558325776748,0.902,0.403,3.6676609289658685e-36,11,COTL1
1.1728504358906668e-40,1.5165456793857752,0.764,0.239,4.29274988040343e-36,11,CEBPD
1.3584814873255023e-40,1.7686200316110483,0.562,0.145,4.972178091760071e-36,11,SLC2A9
4.252037690176825e-40,1.2024200675708747,0.606,0.207,1.55628831498162e-35,11,FRMD4B
7.930526534764687e-40,4.009509406614552,0.318,0.018,2.9026520169892233e-35,11,SEZ6L
8.178064402631346e-40,1.1795162953837586,0.561,0.161,2.993253352007099e-35,11,PLBD1
8.351351050175295e-40,2.351124508827477,0.456,0.079,3.05667799787466e-35,11,KCNK6
8.586430297140488e-40,3.638780050613678,0.422,0.038,3.1427193530563904e-35,11,CALCRL
1.9912151990982893e-39,4.244478315890332,0.334,0.014,7.288046750219649e-35,11,PLD4
2.646346208420661e-39,1.1924312602581153,0.664,0.236,9.685891757440461e-35,11,ANXA5
8.351898170404618e-39,0.9811413681652805,0.917,0.495,3.056878249349794e-34,11,RBPJ
8.507658983973173e-39,0.5643405190474917,0.999,0.991,3.113888264724021e-34,11,MT-ND1
1.1658373493597681e-38,1.1712672392925831,0.759,0.249,4.267081282391687e-34,11,ITGAX
1.2754764411450325e-38,1.9548958119783022,0.589,0.138,4.6683713222349335e-34,11,DPYSL2
1.4239777469207058e-38,1.093670669681945,0.634,0.243,5.211900951504475e-34,11,GLIPR1
1.6759636563501444e-38,1.2649180001430453,0.667,0.227,6.1341945786071635e-34,11,FAM135A
1.9429129247325891e-38,1.0977838523633556,0.966,0.632,7.111255595813749e-34,11,UVRAG
2.6029502507353813e-38,1.831419143730232,0.556,0.135,9.52705821271657e-34,11,MYO1E
3.0500962562686e-38,1.0947503425778875,0.733,0.271,1.1163657307568704e-33,11,MICAL2
3.903304530766932e-38,1.5391847280315585,0.543,0.157,1.4286484913060048e-33,11,EIF2AK4
5.407215287494031e-38,1.1289734772678774,0.7,0.238,1.9790948673756903e-33,11,TNS3
8.899194509370242e-38,1.0914578015680096,0.703,0.264,3.2571941823746024e-33,11,RNF24
1.0659879819422095e-37,1.6358847062564845,0.707,0.203,3.9016226127066806e-33,11,SNX30
1.1780134847214661e-37,0.5544778643575725,0.907,0.463,4.311647155429038e-33,11,VCAN
2.1190728337330434e-37,0.981979823904539,0.847,0.355,7.756018478746312e-33,11,FOS
2.90688446331937e-37,0.5880529723983647,1,0.996,1.0639487824195227e-32,11,MT-ATP6
3.208262668178238e-37,0.9760622724059451,0.878,0.408,1.1742562191799169e-32,11,SPTLC2
3.5336986840203104e-37,0.8060295689207104,0.856,0.413,1.2933690553382738e-32,11,AHR
3.6932207140527977e-37,2.2708025851823583,0.48,0.086,1.3517557135504645e-32,11,CFP
4.05815935901384e-37,5.363685312326736,0.269,0.007,1.4853269069926557e-32,11,SH3BP4
5.313493308365539e-37,1.4723397222114307,0.504,0.14,1.9447916857948707e-32,11,CRYBG3
6.561960871094211e-37,0.7446929702993006,0.948,0.568,2.4017432984291923e-32,11,DENND1A
8.66657317655515e-37,1.4975905200262956,0.701,0.233,3.17205244835095e-32,11,BID
1.2585722935554703e-36,1.135474676975648,0.853,0.325,4.606500451642377e-32,11,GAS7
1.8399166654048545e-36,1.8183354820345188,0.44,0.093,6.734278987048308e-32,11,GSN
2.2011173996571014e-36,0.9606947193600281,0.926,0.519,8.056309794484956e-32,11,WDFY2
3.688865782430251e-36,1.7859333126498096,0.491,0.118,1.350161765027296e-31,11,PLA2G4A
5.129008354242572e-36,1.726418943797535,0.602,0.168,1.8772683477363237e-31,11,MAT2A
5.531833118118502e-36,1.2384423945322154,0.582,0.2,2.024706239562553e-31,11,RIN2
5.7345449722208575e-36,1.7778651607189013,0.472,0.115,2.098900805282556e-31,11,ARHGAP32
5.865410772794328e-36,1.736238090447682,0.539,0.13,2.1467989969504517e-31,11,TGFBI
7.762697843999496e-36,1.4215317160055023,0.633,0.195,2.841225037882256e-31,11,PLAGL1
7.885117686308856e-36,1.0165949909053023,0.74,0.256,2.8860319243659042e-31,11,SPI1
1.689677246794116e-35,1.0177974535391399,0.777,0.349,6.184387690991144e-31,11,MAP4K3
1.699199612430841e-35,0.9380840009103318,0.758,0.332,6.219240501458121e-31,11,SKAP2
5.099295058074386e-35,0.9591968262505084,0.804,0.383,1.866392984205806e-30,11,RPS6KC1
5.324576136192926e-35,1.1757348165848212,0.784,0.335,1.9488481116079727e-30,11,RAC1
6.131623347385766e-35,2.365803390489676,0.399,0.062,2.2442354613766643e-30,11,REPS2
9.209907741806982e-35,0.7898096746218174,0.764,0.352,3.3709183325787735e-30,11,SLC25A13
1.3059156485346668e-34,1.773330108573449,0.533,0.129,4.779781865201734e-30,11,IGF2BP2
1.7488393868527212e-34,0.6126995928882204,0.996,0.885,6.400927039819645e-30,11,DPYD
2.5353267650011794e-34,1.0123960809367587,0.916,0.453,9.279549492580817e-30,11,MANBA
2.798886032585317e-34,1.0082739632836226,0.69,0.27,1.0244202767865519e-29,11,RUNX2
2.968304642823878e-34,2.1303519592801132,0.474,0.088,1.0864291823199676e-29,11,ST3GAL6
3.577872057823723e-34,1.0250415574512224,0.676,0.222,1.309536951884061e-29,11,ZNF804A
5.520063336780357e-34,2.7638721624017943,0.352,0.043,2.0203983818949785e-29,11,NAV1
5.779695660499971e-34,1.3204702008656168,0.618,0.204,2.1154264086995945e-29,11,SRGAP2B
7.47042518725433e-34,1.5291215263521072,0.657,0.198,2.734250322786957e-29,11,CD302
1.0596141127416855e-33,1.3306960492254454,0.727,0.265,3.878293614045843e-29,11,TYROBP
1.060629692699641e-33,0.9047158204486836,0.889,0.522,3.882010738249956e-29,11,PTK2B
1.715238275685395e-33,2.6249848154613504,0.371,0.052,6.277943612836115e-29,11,LGALS2
2.0796474125906064e-33,1.3184810661138875,0.584,0.138,7.611717494822878e-29,11,SLC9A7
2.3468040754720182e-33,6.0601458488756235,0.268,0.004,8.589537596635134e-29,11,CD1C
2.369007210796476e-33,1.0273580678018195,0.679,0.262,8.670803292236182e-29,11,CTSB
4.9080774420112845e-33,1.363199321773402,0.556,0.162,1.7964054245505503e-28,11,LPCAT2
4.9781247591165627e-33,1.0993535587732977,0.644,0.23,1.822043443084253e-28,11,CORO1C
5.9164823876005544e-33,1.1882619726874417,0.719,0.248,2.165491718685679e-28,11,TNFSF13B
6.703506693193935e-33,1.6252693846181037,0.562,0.165,2.453550484775912e-28,11,GSTP1
9.361599830409395e-33,1.294713761691993,0.637,0.233,3.4264391539281427e-28,11,DAPP1
1.0199600162921125e-32,2.6795495805963725,0.316,0.049,3.733155655630761e-28,11,LMNA
1.0301140622782593e-32,3.63461245472834,0.279,0.017,3.7703204793446567e-28,11,FAM160A1
1.0899621482703996e-32,1.170692214105244,0.706,0.267,3.9893704588844896e-28,11,ADA2
1.1794922718834077e-32,1.1326608137783798,0.531,0.168,4.317059664320461e-28,11,CCDC50
1.296637151538624e-32,1.573248107229397,0.407,0.112,4.745821638346518e-28,11,TIMP1
1.3952459415653432e-32,1.0152069006914954,0.832,0.387,5.106739670723313e-28,11,CMTM6
1.6680158127980425e-32,0.5928775148523671,0.978,0.612,6.105104676422115e-28,11,AOAH
1.9233054638778125e-32,1.0356479944725383,0.836,0.429,7.039490328339181e-28,11,MIS18BP1
2.3886643160674656e-32,3.4124425994534127,0.418,0.073,8.74275026323853e-28,11,AREG
2.4037444932113564e-32,1.4279696101448427,0.547,0.164,8.797945219602885e-28,11,TPP1
3.08080134514963e-32,1.046008556097473,0.876,0.433,1.1276041003382161e-27,11,ANTXR2
3.2356517575619497e-32,1.624302025734766,0.494,0.121,1.1842808997852493e-27,11,INSR
3.7095258828318845e-32,1.6653250393171115,0.432,0.101,1.357723568375298e-27,11,GRASP
3.847543964047025e-32,0.8913961527597964,0.759,0.318,1.4082395662808518e-27,11,CPNE8
4.946694495911929e-32,1.3977724923914618,0.573,0.194,1.810539652448725e-27,11,MS4A6A
7.734870732575431e-32,1.1269130837423091,0.628,0.228,2.8310400368299338e-27,11,MFSD1
9.868771760455741e-32,1.579049848880867,0.549,0.155,3.612069152044406e-27,11,PPT1
1.142190813400997e-31,1.1289423961104879,0.636,0.242,4.180532596128989e-27,11,FAM126A
1.1575236582569492e-31,2.696557433754764,0.35,0.046,4.23665234158626e-27,11,PRKAR2B
1.3925045772283554e-31,1.8318438322299317,0.382,0.08,5.096706003113504e-27,11,CLCN5
1.3969683223427244e-31,1.958802337077773,0.499,0.116,5.113043756606606e-27,11,FCGRT
1.5177755204379088e-31,1.0962516379119926,0.656,0.265,5.55521018235479e-27,11,DNAJC15
1.6503617493290527e-31,0.662243690810086,0.786,0.342,6.0404890387192655e-27,11,CTBP2
1.67097785216123e-31,1.188241232392948,0.492,0.153,6.115946036695318e-27,11,SGMS2
1.675920128084348e-31,1.3824128823941206,0.519,0.146,6.134035260801522e-27,11,TFEC
1.7880991854614302e-31,1.1107711784464738,0.638,0.21,6.544621828707381e-27,11,TNFAIP2
1.8935487016406732e-31,0.9247231266011906,0.646,0.278,6.930577602875029e-27,11,CPEB2
2.104167240862265e-31,0.8049534103052913,0.936,0.558,7.701462518279976e-27,11,TRPS1
2.18639852307029e-31,1.1762740775342684,0.813,0.418,8.00243723428957e-27,11,S100A6
2.608258812441203e-31,0.7510751670176086,0.833,0.425,9.546488079416047e-27,11,RCOR1
2.8508306672149516e-31,1.6930392688671438,0.332,0.07,1.0434325325073445e-26,11,ACPP
3.580012409022232e-31,1.8057953608519286,0.418,0.09,1.3103203418262272e-26,11,CSF1R
6.948898673480224e-31,0.8614524858249146,0.899,0.427,2.5433664034804967e-26,11,APLP2
7.023744788336282e-31,1.2736609288414653,0.713,0.284,2.5707608299789626e-26,11,CCDC6
8.596355151066493e-31,1.1037241674640088,0.694,0.265,3.146351948841847e-26,11,AP1S2
1.299380271156449e-30,2.027806986050031,0.392,0.074,4.755861730459719e-26,11,GOLIM4
1.6767245455268326e-30,1.3673509158765782,0.419,0.119,6.13697950908276e-26,11,UNC93B1
1.9298518621369878e-30,1.0009738160475787,0.709,0.293,7.063450800607589e-26,11,DENND3
2.9471545616658448e-30,1.3189784456517228,0.554,0.172,1.0786880411153158e-25,11,MOB1B
3.2443262127080286e-30,1.6874072311822363,0.51,0.114,1.1874558371132654e-25,11,ALDH2
9.08534665179834e-30,0.8454567092013963,0.664,0.252,3.3253277280247104e-25,11,TMEM170B
1.0318335034887836e-29,0.960677088303203,0.694,0.293,3.776613806119297e-25,11,C20orf194
1.234267102491527e-29,0.8634154380727014,0.737,0.294,4.517541021829238e-25,11,FGR
1.3104849561322657e-29,0.769675924765034,0.884,0.468,4.796505987939705e-25,11,BAZ2B
1.702324225474304e-29,1.1511425172062495,0.643,0.235,6.230676897658499e-25,11,PHLPP1
1.7210946541684353e-29,1.7859563392002995,0.433,0.105,6.29937854372189e-25,11,SLC8A1-AS1
1.7643939194112064e-29,1.6181518634052392,0.413,0.098,6.457858184436956e-25,11,LY86
2.338653333970348e-29,0.6460155864542896,0.609,0.223,8.559705067664872e-25,11,ADGRE2
2.579488727633247e-29,1.331149476342142,0.654,0.244,9.441186692010448e-25,11,OGFRL1
2.9601882658139814e-29,1.375053395691868,0.616,0.195,1.0834585071705753e-24,11,AIF1
3.1793906411881036e-29,1.2245910207568769,0.742,0.313,1.1636887685812578e-24,11,MAP3K8
3.294795686047389e-29,0.985130166701357,0.669,0.256,1.2059281690502048e-24,11,IL6R
3.392639803518401e-29,4.9166480911475485,0.299,0.011,1.24174009448577e-24,11,LHFPL6
3.5413699859018756e-29,1.14065125072594,0.557,0.194,1.2961768285399455e-24,11,TSPO
4.2596434441047046e-29,2.5533962540384225,0.282,0.033,1.559072096976763e-24,11,CD109
4.421432503181995e-29,0.6293213821338193,0.647,0.272,1.6182885104896421e-24,11,NCF2
4.914243883867775e-29,1.3016944541224251,0.756,0.297,1.798662403934444e-24,11,GABARAP
4.977687999512151e-29,0.6717987163845187,0.914,0.516,1.8218835847014423e-24,11,PRKAG2
7.229103621842513e-29,0.8463978858926111,0.85,0.409,2.645924216630578e-24,11,NRIP1
8.388658812059456e-29,1.3120585586803333,0.458,0.145,3.0703330118018817e-24,11,BASP1
1.0710577102698455e-28,1.2929813438050255,0.521,0.166,3.920178325358661e-24,11,JDP2
2.2172726164997957e-28,0.7795206783889257,0.573,0.241,8.115439503650902e-24,11,SERTAD2
2.6412877431101767e-28,3.312759997288201,0.286,0.021,9.667377268557559e-24,11,HLA-DOA
3.6252476944137196e-28,1.6160742586591406,0.38,0.078,1.3268769086323654e-23,11,IGFBP7
4.385244041582956e-28,0.8141482066105663,0.974,0.696,1.605043171659778e-23,11,AHNAK
4.713371911287695e-28,1.2125769751617737,0.603,0.2,1.7251412532504093e-23,11,MAN2B1
5.8067834549384965e-28,1.190147881170085,0.571,0.198,2.1253408123420392e-23,11,ADAM9
7.065054925994677e-28,1.4109668852269692,0.438,0.132,2.585880753463312e-23,11,CNTLN
7.781226289971112e-28,0.8909854774407444,0.758,0.35,2.848006634392327e-23,11,STX7
1.0884845872706456e-27,0.7175880157291561,0.811,0.414,3.98396243786929e-23,11,LCORL
1.1269293621989337e-27,0.5863060124546217,0.832,0.414,4.1246741585843173e-23,11,NOTCH2
1.1738272830235602e-27,1.4032423733504669,0.491,0.132,4.296325238594533e-23,11,PLXNB2
1.2074610867813972e-27,0.7091775503169966,0.791,0.356,4.419428323728592e-23,11,SESTD1
1.662730012338287e-27,1.2065502313575727,0.436,0.132,6.085758118159364e-23,11,LILRB3
1.744839043860928e-27,0.7529439148203645,0.643,0.225,6.386285384435382e-23,11,CREB5
1.808246090284705e-27,1.3820336764748538,0.374,0.102,6.618361515051049e-23,11,AP2S1
2.2424296880132112e-27,1.64012433974169,0.357,0.094,8.207516901097154e-23,11,TCTN3
2.3900496038316314e-27,0.9605145226077244,0.778,0.364,8.747820554984154e-23,11,ENO1
2.7561110005978762e-27,1.53169786268984,0.379,0.102,1.0087641873288287e-22,11,UGGT2
2.984202290705906e-27,1.4758889523675875,0.37,0.1,1.0922478804212688e-22,11,TUBB6
3.26880281844872e-27,1.3357570048051404,0.497,0.154,1.196414519580416e-22,11,WDR41
3.677920806146776e-27,3.6147424187702186,0.291,0.022,1.3461557942577815e-22,11,CTTNBP2NL
4.100092691837991e-27,1.0051448281267865,0.593,0.222,1.500674926139623e-22,11,LACTB
6.521370606799004e-27,1.1026806569095093,0.54,0.194,2.386886855794503e-22,11,TPI1
6.584117771473352e-27,0.8602954633508194,0.612,0.244,2.409852945536962e-22,11,ZNF710
7.115384904372722e-27,0.8815402728871936,0.544,0.192,2.60430202884946e-22,11,NLRP3
8.873214375595282e-27,2.2172774162682245,0.296,0.048,3.247685193611629e-22,11,CD1D
9.138288371680378e-27,0.9410565966523059,0.609,0.238,3.344704926918735e-22,11,ATP6V1A
9.168582346750878e-27,2.1867745983531144,0.297,0.053,3.355792824734289e-22,11,BCAT1
1.2960756120434304e-26,0.9017881773783567,0.586,0.234,4.74376634764016e-22,11,NAIP
1.6324955395130165e-26,0.9625412660241668,0.737,0.342,5.9750969241715915e-22,11,LSP1
1.7522529634859118e-26,0.6342091200293823,0.583,0.254,6.413421071654786e-22,11,PITPNA
2.3467137014745413e-26,0.9791395715871313,0.691,0.289,8.589206818766968e-22,11,RIPK2
2.5103265956150295e-26,1.6311011279258338,0.372,0.088,9.188046372610569e-22,11,SH3RF1
2.549177320427303e-26,0.9285400529804131,0.716,0.338,9.33024391049597e-22,11,HSP90B1
3.0302081089384465e-26,0.8482798370793504,0.63,0.264,1.1090864699525608e-21,11,ANKS1A
3.4858919863134037e-26,1.9886406750916183,0.382,0.073,1.275871325910569e-21,11,LMO2
4.5243389049138203e-26,0.8060971533735445,0.642,0.294,1.6559532825875073e-21,11,HERPUD1
4.724202874032601e-26,0.8094550676597448,0.779,0.377,1.729105493924672e-21,11,SPOPL
5.508679434485383e-26,1.6683798114402215,0.312,0.07,2.016231759815995e-21,11,ZNF385A
5.610628351318952e-26,0.6865258071015852,0.988,0.665,2.0535460828662494e-21,11,ZEB2
6.289664254209901e-26,1.0388528931532417,0.527,0.178,2.302080013683366e-21,11,TIMP2
6.659598708486596e-26,1.587775714023163,0.413,0.109,2.437479723293179e-21,11,TEC
7.408856648927764e-26,1.2115880831779717,0.693,0.278,2.711715622074051e-21,11,S100A10
8.039366540265389e-26,0.6598211684906521,0.971,0.665,2.942488547402535e-21,11,CTSS
8.277185411415184e-26,0.8993010948039302,0.609,0.232,3.0295326324320714e-21,11,CTNNA1
1.3882763338163372e-25,2.1438217968772526,0.318,0.062,5.0812302094011756e-21,11,RGL1
1.6738046456515525e-25,1.2518797944608724,0.61,0.201,6.126292383549247e-21,11,FCER1G
1.8143216721156874e-25,2.5212286667968296,0.298,0.038,6.640598752110628e-21,11,PON2
2.2299098981621764e-25,0.8246731229795928,0.876,0.429,8.161693218263381e-21,11,IFNGR1
2.287705246495735e-25,0.5639451625845653,0.999,0.83,8.37322997269904e-21,11,PICALM
2.5306787710140525e-25,0.7063326930658708,0.827,0.444,9.262537369788533e-21,11,ITGB2
3.6879092071870534e-25,1.5727253861465234,0.307,0.067,1.3498116489225334e-20,11,UCK2
3.9166084666021603e-25,0.9646072296716968,0.57,0.214,1.4335178648610568e-20,11,NCOA4
3.9548541553945825e-25,0.5983019796939759,0.964,0.674,1.447516169415971e-20,11,LCP1
3.9936073040730867e-25,1.6248284801245405,0.496,0.129,1.4617002093637905e-20,11,CTSH
4.0015584576089623e-25,1.1386735626695559,0.552,0.193,1.4646104110694563e-20,11,CD4
5.916007773464601e-25,0.5820791671059649,0.942,0.592,2.1653180051657786e-20,11,ZSWIM6
6.149815895874421e-25,0.7239991176160328,0.742,0.351,2.250894116048997e-20,11,GALNT7
6.623974112306878e-25,1.3236961976921886,0.47,0.13,2.4244407648454403e-20,11,MYOF
6.735751571280949e-25,2.2672740070416504,0.267,0.053,2.46535243260454e-20,11,MYBPC1
7.583853288564394e-25,1.8624487175342885,0.359,0.07,2.775766142147454e-20,11,SPATS2L
7.638861806755291e-25,1.0616680095844142,0.523,0.194,2.7958998098905043e-20,11,PTTG1IP
9.745537102959506e-25,0.6084008128786111,0.991,0.783,3.566964035054209e-20,11,LRRFIP1
1.06275678091213e-24,0.5457426674677135,0.677,0.282,3.8897960938164867e-20,11,HCK
1.7829251679412562e-24,0.5982070314131613,0.874,0.548,6.525684407181792e-20,11,SCLT1
1.9024908692404574e-24,0.8764985680513248,0.766,0.358,6.963306830506998e-20,11,VCL
1.9309383613206042e-24,2.7201512356338133,0.289,0.043,7.067427496269543e-20,11,MS4A4A
2.4113659368877327e-24,0.9250942437991267,0.879,0.52,8.825840465602791e-20,11,DENND1B
3.0417266009225585e-24,0.7797679109425645,0.779,0.408,1.1133023532036656e-19,11,NF1
3.1336420526207656e-24,0.970296968944201,0.437,0.154,1.1469443276797265e-19,11,LGALS3
3.245482549879553e-24,1.1221840333995408,0.474,0.158,1.187879068081415e-19,11,KLF10
3.928126659313797e-24,0.6805345380709757,0.558,0.207,1.4377336385754428e-19,11,DAPK1
3.986880262867303e-24,1.6168135464414648,0.394,0.097,1.4592380450120617e-19,11,C1orf162
4.068152449013668e-24,0.8810046155293536,0.487,0.188,1.4889844778634927e-19,11,ABHD12
4.0801966190996715e-24,1.5634240415321565,0.398,0.102,1.4933927645566707e-19,11,KLF4
4.1248516811584175e-24,1.0770207470723463,0.551,0.2,1.5097369638207923e-19,11,CTNND1
4.4153272665432134e-24,0.8023942174116541,0.954,0.639,1.6160539328274816e-19,11,FTH1
5.6324524291979816e-24,1.9133351389113602,0.289,0.056,2.0615339136107532e-19,11,DUSP3
5.660621640833731e-24,0.6729474722142154,0.691,0.281,2.071844126761554e-19,11,CPPED1
5.713928986163759e-24,1.8546387544105172,0.321,0.066,2.0913551482257976e-19,11,NRROS
6.619779331322156e-24,1.220322473561395,0.42,0.121,2.422905433057222e-19,11,LST1
6.722554244727903e-24,0.9497535113710256,0.643,0.26,2.4605220791128594e-19,11,RILPL2
6.801873080509463e-24,1.0396026166667223,0.611,0.246,2.4895535661972686e-19,11,AUTS2
7.096001428989327e-24,1.2414359703307436,0.542,0.187,2.597207483024384e-19,11,CNPY3
8.17929433513111e-24,1.4373845740500832,0.469,0.134,2.9937035196013377e-19,11,PPA1
8.665678453157665e-24,1.316609603973693,0.319,0.092,3.171724970640237e-19,11,NIPSNAP3A
8.714515505223171e-24,1.015962478861741,0.441,0.151,3.1895998200667327e-19,11,RNH1
8.993559101574783e-24,0.548592428324755,0.971,0.761,3.2917325667673864e-19,11,ACTR2
9.28767912967812e-24,1.2375724595884225,0.522,0.169,3.3993834382534886e-19,11,CKLF
1.3004570282995211e-23,0.8426533241896845,0.566,0.226,4.759802769279077e-19,11,FARP2
1.3068954922765189e-23,1.0807552607900788,0.547,0.219,4.783368191281287e-19,11,ARL5A
1.4517740431174492e-23,0.6113966341431354,0.764,0.382,5.313638175214176e-19,11,IL17RA
1.4829432778756167e-23,1.343352380109216,0.452,0.136,5.427720691352545e-19,11,SH3TC1
1.666606198441022e-23,0.687539364952636,0.907,0.578,6.099945346913984e-19,11,RB1
1.860848288849347e-23,0.8760449816339296,0.577,0.223,6.810890822017495e-19,11,LRP1
1.9852994565139807e-23,1.0083870429071802,0.46,0.17,7.266394540786821e-19,11,GALNT3
2.240475350979482e-23,0.7480278978149998,0.694,0.292,8.200363832120003e-19,11,STX11
2.5296968960437819e-23,0.598993335758632,0.77,0.299,9.258943609209846e-19,11,CLEC7A
2.807983719670529e-23,0.5455463869243511,0.939,0.639,1.0277501212366103e-18,11,IQGAP1
3.5322185166239984e-23,1.15668344526826,0.442,0.151,1.2928272992695496e-18,11,MIR646HG
3.719612272883154e-23,0.5952049840591129,0.674,0.275,1.361415287997963e-18,11,WARS
4.160319279601672e-23,1.3481213256369533,0.473,0.138,1.522718459527008e-18,11,CYFIP1
4.4986302020968016e-23,2.3480169847364047,0.292,0.045,1.6465436402694503e-18,11,SEMA4A
4.5851139161516193e-23,1.1434403146986363,0.648,0.253,1.678197544450654e-18,11,STK38L
4.673783174963426e-23,0.9093138118683896,0.82,0.425,1.7106513798683635e-18,11,ARPC1B
5.800015857951446e-23,0.5949734069576236,0.566,0.263,2.1228638041688085e-18,11,E2F3
6.947531720617277e-23,0.8914757429053318,0.647,0.274,2.5428660850631297e-18,11,CANX
8.944885653378968e-23,0.6005280690587713,0.889,0.542,3.273917597993236e-18,11,EIF4A1
1.0031234046127188e-22,1.0610072517730844,0.696,0.271,3.671531973223012e-18,11,PLEKHO1
1.200818826180064e-22,0.5615520744359777,0.916,0.576,4.395116985701653e-18,11,EIF4G3
1.3041477466416422e-22,0.7182625477687892,0.787,0.401,4.773311167483075e-18,11,UBE2W
1.3634284918491602e-22,0.5386748345982806,0.802,0.414,4.990284623017111e-18,11,ATP11A
1.5706075853816353e-22,0.7229977156408989,0.898,0.586,5.748580823255323e-18,11,CYBA
1.9395016329092352e-22,0.9709744566137346,0.608,0.243,7.098769926611092e-18,11,OSBPL11
2.0144740886617847e-22,0.8487043976663067,0.83,0.432,7.373176611910999e-18,11,GNAI2
2.3087368870577914e-22,1.1274890506110093,0.401,0.13,8.450207880320223e-18,11,RGS18
2.4970497052022534e-22,0.8172304126571273,0.597,0.244,9.139451626010767e-18,11,TNRC18
2.5520175292147015e-22,1.3559711685383378,0.438,0.129,9.340639358678728e-18,11,PLCB2
2.787699435748262e-22,0.6133145976148908,0.924,0.648,1.0203258704782214e-17,11,FKBP5
2.9572010755862195e-22,1.759711924592899,0.25,0.053,1.0823651656753122e-17,11,TNFSF13
3.043140966479767e-22,0.8797774301182003,0.617,0.258,1.1138200251412596e-17,11,ARSB
3.1550476483013604e-22,1.21551330080019,0.377,0.117,1.154778989754781e-17,11,NOD2
3.2151319025053345e-22,0.6069618029578357,0.767,0.384,1.1767704276359776e-17,11,TET3
3.6427365342586192e-22,0.6402527964812684,0.84,0.457,1.3332779989039973e-17,11,RREB1
3.9039674190612952e-22,1.0549939599241271,0.511,0.16,1.4288911150506245e-17,11,SIRPA
4.027237678857026e-22,0.7119352677726424,0.663,0.323,1.47400926283846e-17,11,BMP2K
4.873144616901263e-22,0.7614703936363761,0.802,0.387,1.783619661232031e-17,11,VSIR
5.185870613796127e-22,0.8865279617839477,0.858,0.496,1.8980805033555205e-17,11,ACTG1
5.237399111035106e-22,0.7464828978399356,0.63,0.264,1.916940448629959e-17,11,APP
5.603988960521267e-22,1.8453812909587117,0.349,0.077,2.051115999440389e-17,11,CD163
5.765850914890011e-22,2.3948458285638146,0.327,0.051,2.1103590933588927e-17,11,CAPG
6.283128584484173e-22,0.6684468092003923,0.718,0.355,2.299687893207052e-17,11,ZNF106
7.073758821207609e-22,0.7082199681779295,0.65,0.308,2.5890664661501968e-17,11,TMTC2
7.491987907643262e-22,0.8724743980260806,0.693,0.304,2.7421424940765103e-17,11,PKM
7.740464402781471e-22,0.858052511620669,0.509,0.176,2.833087376062046e-17,11,UST
8.27924364508018e-22,1.018270023601067,0.557,0.212,3.0302859665357966e-17,11,PARVG
8.736848634596965e-22,0.631400382072989,0.873,0.536,3.197773968748835e-17,11,TPM3
9.200641739463135e-22,0.5106908010160138,0.941,0.645,3.367526883060902e-17,11,CAMK1D
1.0649197050807703e-21,1.859725854005661,0.329,0.062,3.897712612566127e-17,11,ZNF618
1.1784162987293334e-21,1.0161548130354352,0.401,0.139,4.313121494979233e-17,11,DIPK2A
1.20556251324308e-21,1.1984472458342064,0.408,0.127,4.412479354720997e-17,11,DAGLB
1.350377788492384e-21,1.5034294644797321,0.343,0.088,4.9425177436609747e-17,11,METTL7A
1.5121663063408775e-21,0.7025070067314555,0.576,0.246,5.534679897838246e-17,11,ALOX5
1.5567834010036628e-21,1.0676414765435924,0.683,0.299,5.697982926013506e-17,11,SLC25A6
2.1799582282042447e-21,0.8308416666277528,0.712,0.37,7.978865111050356e-17,11,ID2
2.2969387732286832e-21,0.5663828680452574,0.807,0.454,8.407025603894303e-17,11,MRTFA
2.6791635812315012e-21,1.4421739928846224,0.367,0.097,9.806006623665417e-17,11,NHSL1
2.776720193133664e-21,0.549500276922172,0.704,0.36,1.0163073578888523e-16,11,GALNT1
2.7947639220567916e-21,2.6718938641459946,0.25,0.03,1.0229115431120064e-16,11,RNASE6
2.810688877763672e-21,0.6007353034167462,0.642,0.319,1.0287402361502815e-16,11,FER
2.896857430094542e-21,1.6417849151165465,0.272,0.055,1.0602787879889033e-16,11,SPINT2
3.461221854264104e-21,1.5042376629474914,0.372,0.094,1.2668418108792047e-16,11,SYNGR2
4.157085998391221e-21,0.7549658739535205,0.78,0.391,1.521535046271171e-16,11,RNASET2
4.312420921770661e-21,0.5473842262506987,0.834,0.523,1.5783891815772796e-16,11,RNF13
4.5855787185247716e-21,0.6179082046334963,0.961,0.636,1.6783676667672516e-16,11,GRB2
7.267179372855643e-21,0.5510129636314534,0.75,0.402,2.659860322258894e-16,11,TES
7.478364855360247e-21,0.6524849340473131,0.466,0.215,2.737156320710404e-16,11,ATRN
7.722036491083204e-21,1.7251612874310087,0.344,0.077,2.8263425761013636e-16,11,INSL6
8.247837465288385e-21,1.5716236108624344,0.328,0.083,3.0187909906702017e-16,11,GRAMD4
8.637369367667662e-21,1.151910997694291,0.583,0.225,3.161363562260041e-16,11,TAGLN2
9.196058558490195e-21,0.642307267902681,0.717,0.357,3.365849392992996e-16,11,ANO6
9.885809384560255e-21,0.5983167376971908,0.634,0.292,3.618305092842899e-16,11,KCNQ1
1.0062384392633207e-20,0.5446819976930068,0.744,0.39,3.6829333115476803e-16,11,ANXA1
1.0174414596505388e-20,1.3142692324639604,0.434,0.123,3.7239374864669367e-16,11,PRCP
1.1270373275679122e-20,1.5360230871447453,0.37,0.094,4.1250693226313153e-16,11,FGD2
1.1620085543348455e-20,1.4862629105920933,0.313,0.081,4.253067509720968e-16,11,CPM
1.339311357146767e-20,0.8433242650312057,0.549,0.228,4.902013498292882e-16,11,M6PR
1.4600495209360723e-20,0.6542523131988083,0.928,0.59,5.343927251578118e-16,11,KDM7A
1.5381993337409215e-20,1.2133429313171624,0.44,0.142,5.629963381425146e-16,11,GCLC
1.7025605202341322e-20,1.248279322314927,0.332,0.089,6.231541760108947e-16,11,MTHFD1L
1.730863191795537e-20,0.7547378795474804,0.4,0.106,6.335132368290845e-16,11,AC120193.1
1.9450201352149822e-20,0.9414370698308454,0.568,0.244,7.118968196900356e-16,11,TCOF1
2.325138790741262e-20,0.7286157238574686,0.759,0.388,8.510240487992093e-16,11,PACSIN2
2.8737271344932355e-20,0.5355976133879565,0.958,0.667,1.0518128684958692e-15,11,DIAPH2
2.9068045553745423e-20,0.6010277398902155,0.969,0.705,1.0639195353126363e-15,11,ATAD2B
3.094663507956182e-20,0.7175315597379832,0.636,0.29,1.1326777905470422e-15,11,ARHGAP5
3.427041740965626e-20,0.6446852898444483,0.667,0.3,1.2543315476108288e-15,11,ZNF516
3.7193896448231035e-20,1.4296111032494145,0.334,0.086,1.3613338039017041e-15,11,SLC15A3
4.237309757674403e-20,0.5507122892004339,0.84,0.506,1.5508977444064082e-15,11,HOOK3
4.257607692732541e-20,0.5168057380541391,0.792,0.38,1.5583269916170372e-15,11,C9orf72
5.438223332929605e-20,1.6385638702543959,0.349,0.082,1.9904441220855645e-15,11,PYCARD
6.051665195020306e-20,1.8428510307154207,0.318,0.072,2.214969978029382e-15,11,VDR
6.299584822444851e-20,1.2190273158595057,0.449,0.173,2.3057110408630402e-15,11,AC008014.1
6.664947736060178e-20,0.6600573117940756,0.477,0.197,2.439437520875386e-15,11,ASPH
8.619281204483664e-20,0.6703033097042832,0.661,0.322,3.1547431136530657e-15,11,CD58
9.828008075727736e-20,1.3302128957004653,0.263,0.062,3.597149235797108e-15,11,EREG
1.1489431610495444e-19,2.251416001070596,0.263,0.038,4.2052468637574376e-15,11,SRGAP3
1.552842123936559e-19,1.2346481594786536,0.304,0.086,5.6835574578202e-15,11,PIP4P2
1.5942472079836686e-19,0.9189710799121854,0.468,0.143,5.8351042059410256e-15,11,BCL11A
1.6673947471319228e-19,0.639117199651996,0.474,0.192,6.102831513977551e-15,11,ARHGAP10
1.711927123818283e-19,1.2458330592421278,0.363,0.109,6.265824465887298e-15,11,CAT
1.7187800542806597e-19,1.172934838748236,0.37,0.114,6.290906876672642e-15,11,NCKAP5L
1.7349028489846807e-19,0.6477008488520049,0.634,0.321,6.34991791756883e-15,11,LRRC8D
1.8024343096806053e-19,0.618914812543782,0.691,0.348,6.597089816861983e-15,11,NSMAF
1.8590446135893657e-19,1.4210983983892747,0.321,0.082,6.804289190198437e-15,11,SLC12A9
1.9644887813546558e-19,1.6996958228949095,0.266,0.056,7.190225388636176e-15,11,FES
2.0440442431626718e-19,1.6234480853865307,0.264,0.061,7.481406334399694e-15,11,BRI3BP
2.1047934306777755e-19,0.7272017676562862,0.641,0.261,7.703754435623727e-15,11,RASSF2
2.4551800052211006e-19,0.8800955281650709,0.54,0.222,8.986204337109751e-15,11,CD63
2.556622250662465e-19,0.7783342536414375,0.583,0.272,9.357493099649688e-15,11,RALA
3.2331735903799926e-19,1.1500186526121952,0.419,0.126,1.1833738658149811e-14,11,AC090559.1
4.2604747702052377e-19,0.7253048297884135,0.436,0.169,1.559376370642819e-14,11,DOCK4
4.264299822999501e-19,0.8889748467551776,0.463,0.169,1.5607763782160473e-14,11,GLB1
4.890764848382632e-19,0.8046242722647314,0.453,0.194,1.7900688421565274e-14,11,PHC2
4.985885110792952e-19,0.7644967859660835,0.663,0.307,1.8248838094013283e-14,11,SFT2D2
5.224056569082924e-19,1.3805799766251725,0.34,0.092,1.912056944850041e-14,11,PPARGC1B
5.254122354684662e-19,1.8301889645723572,0.266,0.058,1.923061323038133e-14,11,PDE7B
5.620118951853124e-19,0.5681961789931336,0.929,0.561,2.057019737567762e-14,11,VAV3
5.783848256633708e-19,0.5063135184473833,0.896,0.603,2.1169463004105035e-14,11,FCHSD2
6.126805902583332e-19,0.5639308116863386,0.493,0.2,2.2424722284045253e-14,11,GCA
6.508446926878238e-19,1.0351948991412645,0.423,0.144,2.382156659706704e-14,11,VCAN-AS1
7.308582040060802e-19,0.9899819169377786,0.422,0.147,2.675014112482654e-14,11,TUBA1B
7.502430374078387e-19,0.6338634439481047,0.777,0.418,2.7459645412164303e-14,11,PIK3CB
8.435971720203247e-19,0.8993566714460569,0.526,0.205,3.0876500093115907e-14,11,MGAT1
9.464766334379137e-19,0.9391284686148926,0.44,0.169,3.464199126046108e-14,11,YBX3
9.664340558688471e-19,1.4273647556043974,0.268,0.064,3.537245287885567e-14,11,CLEC4A
1.2661577492357974e-18,0.6396335665410913,0.957,0.709,4.6342639779779424e-14,11,RPS9
1.48193308615337e-18,0.6345872469298891,0.678,0.297,5.4240232886299496e-14,11,KIF13A
1.763700111913854e-18,0.8402226867846576,0.374,0.135,6.455318779615897e-14,11,METRNL
2.1798600446891168e-18,1.0962328475601544,0.391,0.123,7.978505749566637e-14,11,DOCK7
2.2586186498199187e-18,1.342014916901603,0.272,0.078,8.266770120205885e-14,11,FUCA2
2.451957835253931e-18,0.9230554675484947,0.533,0.22,8.974410872812913e-14,11,LAPTM4A
2.5216052700998006e-18,0.5381189244473915,0.539,0.257,9.22932744909228e-14,11,SH3BP2
2.8560253209869228e-18,0.9371663870903553,0.502,0.197,1.0453338277344237e-13,11,S100A11
2.9799430110302723e-18,2.0395959724874633,0.259,0.047,1.09068894146719e-13,11,MGST2
3.0248222310528566e-18,0.8683462159304163,0.388,0.14,1.1071151847876561e-13,11,SIRPB2
3.679874166688924e-18,1.547610178513137,0.271,0.064,1.3468707437498132e-13,11,CSTA
4.015531692996567e-18,0.7566185782455888,0.533,0.215,1.4697247549536733e-13,11,TMED10
4.6598082496025765e-18,0.9958870420877126,0.284,0.104,1.705536417437039e-13,11,LDLRAD3
4.9011075909526805e-18,1.080501130027678,0.538,0.194,1.7938543893645906e-13,11,SLC66A2
4.9908668394324565e-18,0.7510525097054578,0.441,0.184,1.8267071719006735e-13,11,CAPNS1
4.9930794838681705e-18,0.8086625116114665,0.468,0.198,1.827517021890589e-13,11,FKBP15
5.2712092652851844e-18,0.7137807821527072,0.296,0.119,1.9293153031870304e-13,11,CAMSAP1
5.430619480060119e-18,0.8291993189677894,0.566,0.238,1.9876610358968041e-13,11,TKT
5.524955346653469e-18,1.3507510313693003,0.306,0.082,2.0221889064286363e-13,11,BTK
5.842454502135668e-18,0.8019292400763102,0.557,0.247,2.1383967723266757e-13,11,GDI2
5.869961100039442e-18,0.6183396003582997,0.812,0.48,2.1484644622254363e-13,11,RPL22
6.568398073120777e-18,0.592663230135164,0.892,0.577,2.4040993787429357e-13,11,RAB7A
7.241266851194273e-18,0.5751482626261328,0.656,0.317,2.650376080205616e-13,11,YWHAE
7.647940490632232e-18,0.9433934477717598,0.447,0.17,2.7992226989763033e-13,11,PTK2
8.636319155402627e-18,1.4623454925116024,0.278,0.072,3.1609791740689153e-13,11,TTYH2
8.723289981261822e-18,1.430350794825561,0.276,0.072,3.19281136604164e-13,11,CREG1
9.392930427962335e-18,0.6606661734152102,0.598,0.259,3.4379064659384943e-13,11,BCL6
1.045570030206514e-17,0.973042370501847,0.303,0.104,3.8268908675588615e-13,11,IDH3A
1.2141823145281087e-17,0.6721840307164422,0.553,0.247,4.444028689404331e-13,11,GLIPR2
1.21832670449286e-17,0.7608228295688287,0.639,0.298,4.459197571114317e-13,11,RNASEK
1.2351932994183247e-17,0.7190650364375477,0.93,0.711,4.52093099520101e-13,11,TMSB10
1.3031871686054311e-17,0.808748306607188,0.734,0.365,4.769795355812739e-13,11,OAZ1
1.311699835469564e-17,0.7259590349899874,0.444,0.178,4.800952567802151e-13,11,GUSB
1.3412441107309172e-17,0.8584030127335514,0.419,0.165,4.90908756968623e-13,11,TIGAR
1.3624872360796427e-17,0.6022205397638685,0.723,0.369,4.9868395327751e-13,11,ANP32A
1.3844781780950226e-17,1.008921775981096,0.457,0.146,5.067328579645592e-13,11,FCGR2A
1.480318796276153e-17,0.8520549485995171,0.48,0.19,5.418114826250347e-13,11,ZDHHC7
1.5543662820673827e-17,0.778498101701211,0.481,0.2,5.689136028994827e-13,11,ATP5F1A
1.5691072403819918e-17,0.5365777426357226,0.669,0.323,5.743089410522128e-13,11,ASAH1
1.751288842779088e-17,0.9398906883286289,0.559,0.221,6.40989229345574e-13,11,VPS35
1.7601826876977464e-17,0.956925807135279,0.498,0.183,6.442444655242521e-13,11,LATS2
1.820364172483444e-17,0.6741092172591051,0.592,0.283,6.662714907706654e-13,11,TEX14
1.8302343894015054e-17,1.3835552192146696,0.313,0.079,6.69884088864845e-13,11,CHML
1.9544061516499223e-17,1.2441210624724166,0.294,0.077,7.153321955653881e-13,11,ARF3
2.5410979878394188e-17,0.6792707635710391,0.654,0.33,9.300672745291056e-13,11,POLK
2.6101438641110628e-17,0.5901381461363168,0.593,0.27,9.5533875570329e-13,11,TENT5A
2.8117202204486406e-17,0.7158411956920107,0.664,0.316,1.029117717886407e-12,11,AP003086.1
2.8278283600163354e-17,1.1238059871054067,0.404,0.13,1.035013458049579e-12,11,BICD2
2.907126577182296e-17,0.7482373985501187,0.527,0.227,1.0640373985144922e-12,11,FEZ2
2.93586706107722e-17,0.6713381457419247,0.894,0.497,1.0745567030248732e-12,11,RIN3
3.088321778180068e-17,0.7614695068379075,0.773,0.415,1.1303566540316867e-12,11,TTC7A
4.391717116969438e-17,1.2192977395961702,0.266,0.08,1.6074123819819838e-12,11,NR6A1
5.1241462276068443e-17,0.7346395013195355,0.654,0.339,1.875488760766381e-12,11,SH3BP5
5.1888036435780946e-17,1.029828007467862,0.34,0.117,1.8991540215860184e-12,11,ATP10D
6.055390631180116e-17,1.3611633677858823,0.354,0.098,2.216333524918234e-12,11,MBOAT7
6.216025862666303e-17,1.3227382466213933,0.366,0.105,2.2751276259944933e-12,11,RASSF4
7.394218914123253e-17,1.0396206924368863,0.322,0.106,2.706358064758252e-12,11,SLC25A5
9.215871240341324e-17,0.8179488320226146,0.364,0.141,3.373101032677328e-12,11,NBPF14
9.823205097580411e-17,1.0311237207765416,0.549,0.207,3.5953912977654063e-12,11,SRGAP2C
1.05158931095956e-16,0.7466704775272376,0.35,0.133,3.848922037043085e-12,11,CNN2
1.0592883062136192e-16,1.2903411889640832,0.331,0.098,3.877101129572468e-12,11,TRIT1
1.1045563300222589e-16,0.6738818222207453,0.419,0.183,4.04278662351447e-12,11,KLHL8
1.143538098736887e-16,0.5098154433888376,0.628,0.339,4.18546379518688e-12,11,LINC00278
1.1959931301944852e-16,0.8954017986670453,0.354,0.132,4.377454455824836e-12,11,S100Z
1.1978631953846997e-16,0.9379709931600938,0.48,0.174,4.3842990814275396e-12,11,HAVCR2
1.3966698954024633e-16,1.2638615783311171,0.279,0.078,5.1119514841625555e-12,11,STX3
1.441526806875105e-16,1.034503795780021,0.452,0.162,5.276132265843571e-12,11,TALDO1
1.4810204531049295e-16,0.8404128797087171,0.47,0.193,5.420682960409352e-12,11,ITPRID2
1.510372212089968e-16,1.2961742639261877,0.278,0.077,5.528113333470492e-12,11,LRRC25
1.5221412791855745e-16,0.5128694796443724,0.55,0.257,5.571189295947121e-12,11,ADCY7
1.5857029045672002e-16,0.8455474435824655,0.393,0.161,5.803831201006409e-12,11,TOB1
1.6383845626493156e-16,0.6704560355256012,0.693,0.368,5.99665133775276e-12,11,PCCA
1.8386637500038743e-16,1.7193814797913116,0.254,0.06,6.72969319138918e-12,11,WDR49
1.979123964337846e-16,1.1494297613476716,0.383,0.121,7.243791621872951e-12,11,NPC2
2.1630475188330958e-16,1.0996756332655102,0.341,0.111,7.916970223681014e-12,11,SCO2
2.256482270550478e-16,0.6592902338209026,0.858,0.517,8.258950758441804e-12,11,S100A4
2.3737020958717717e-16,1.4978606830255954,0.259,0.06,8.687987041100271e-12,11,B3GALNT2
2.3821647085320306e-16,0.950059952375207,0.324,0.105,8.718961049698085e-12,11,ADAM8
2.392136368905061e-16,0.9679767103291571,0.47,0.183,8.755458323829414e-12,11,LAP3
2.414597257104142e-16,1.037554670029805,0.513,0.192,8.83766742072687e-12,11,ARHGAP21
2.8572983423849372e-16,1.8279411178885296,0.273,0.063,1.0457997662963109e-11,11,HBEGF
2.873251434829625e-16,1.1420476121414112,0.459,0.148,1.0516387576619911e-11,11,VAMP8
2.944280102237842e-16,0.8833203386945334,0.436,0.17,1.0776359602200726e-11,11,PIGX
2.9627669819192263e-16,0.7794893703629944,0.559,0.232,1.084402343052256e-11,11,PIK3CG
3.103052652097745e-16,0.654384835872126,0.528,0.247,1.1357483011942956e-11,11,OTULINL
3.1843106483098136e-16,0.6321115420572139,0.469,0.216,1.1654895403878749e-11,11,RDX
3.5681580639830626e-16,1.0550436613470469,0.328,0.107,1.3059815329984407e-11,11,HPS5
3.7781496579611297e-16,1.090700226354413,0.392,0.124,1.382840556310353e-11,11,LAT2
3.94762943842504e-16,0.5424239189695015,0.752,0.398,1.444871850757949e-11,11,USP32
4.0131655777211965e-16,1.1196927707010793,0.291,0.091,1.4688587331017352e-11,11,CLN8
5.119007606014943e-16,0.5788969528162018,0.816,0.459,1.8736079738775293e-11,11,RAB11FIP1
5.225670955415918e-16,1.409667825701134,0.316,0.087,1.9126478263917802e-11,11,DACH1
5.266495717078577e-16,0.7354730098017228,0.368,0.138,1.92759009740793e-11,11,CD93
5.347313036154587e-16,1.0561270998349463,0.413,0.141,1.9571700443629402e-11,11,PARVB
5.437038853728313e-16,0.5203114343834381,0.668,0.357,1.9900105908530998e-11,11,KPNA3
5.541363217300858e-16,0.573469199410318,0.933,0.613,2.028194351164287e-11,11,LAPTM5
5.94943315559537e-16,1.352483783348224,0.342,0.093,2.1775520292794614e-11,11,ATG4C
6.123038411300184e-16,1.5209321055703693,0.268,0.066,2.2410932889199802e-11,11,AC012358.3
6.449489443586501e-16,0.8510022665441627,0.371,0.133,2.3605776312470954e-11,11,TPCN1
7.7256407414514815e-16,0.718208317751589,0.309,0.112,2.8276617677786566e-11,11,LINC02245
7.898801725173425e-16,0.7055428325368147,0.477,0.201,2.8910404194307253e-11,11,RP2
8.320700079761465e-16,1.4516859389340357,0.278,0.077,3.0454594361934937e-11,11,OSBPL1A
8.490947913945117e-16,0.6046155190282518,0.554,0.253,3.107771845983052e-11,11,RHOT1
1.08532355128627e-15,0.5574690212379174,0.666,0.335,3.972392730062877e-11,11,TUBGCP3
1.1836979269334622e-15,0.6306643206876008,0.744,0.415,4.332452782369165e-11,11,DEK
1.3056077047816847e-15,0.701987440582031,0.383,0.152,4.778654760271444e-11,11,FLVCR2
1.3318343215594904e-15,0.5371357181483002,0.514,0.245,4.874646800339891e-11,11,TUBGCP2
1.3331192060898362e-15,1.0679212879211157,0.427,0.145,4.879349606209409e-11,11,ATP6V0B
1.3425960544718003e-15,1.1295095726840472,0.398,0.127,4.914035818972236e-11,11,CASP1
1.5258329244982906e-15,0.6336848727168568,0.56,0.247,5.5847010869561934e-11,11,AHCYL2
1.5297205982346993e-15,1.034532138075431,0.3,0.09,5.598930361598823e-11,11,PLEKHA5
1.5407129444233068e-15,1.0054523433064788,0.299,0.1,5.639163447883745e-11,11,NIBAN2
1.5574514861020342e-15,0.5350045929076614,0.734,0.395,5.7004281842820556e-11,11,SGK3
1.6805143712615455e-15,0.539149321048128,0.857,0.519,6.150850650254383e-11,11,MCL1
1.7277829963482502e-15,0.6794219511235384,0.502,0.219,6.32385854493423e-11,11,VASP
1.7456090095697582e-15,1.244444843911957,0.34,0.105,6.389103535926272e-11,11,KIAA0930
1.7585596972646108e-15,0.5108425843627098,0.69,0.337,6.436504347958202e-11,11,ABR
1.8844803098593206e-15,0.6047310759542994,0.712,0.379,6.8973863821161e-11,11,TLN1
1.914565918095821e-15,0.7401988034557103,0.558,0.232,7.007502716822514e-11,11,THEMIS2
1.989049460922301e-15,1.7106360328677819,0.289,0.064,7.280119931921714e-11,11,RAB32
2.018831447507376e-15,0.6528376910975977,0.318,0.13,7.389124981021747e-11,11,WAS
2.0793291916598745e-15,0.7932814873814689,0.289,0.11,7.610552774394306e-11,11,FANCL
2.092845897321055e-15,0.6054709266874915,0.773,0.425,7.660025268784792e-11,11,CAP1
2.2548608490854822e-15,0.79775680938177,0.379,0.147,8.253016193737774e-11,11,GRAMD1B
2.3149564035648257e-15,1.1377584950947266,0.28,0.098,8.472971932687619e-11,11,B3GNT5
2.4590172214748543e-15,0.7080014716084544,0.491,0.213,9.000248932320115e-11,11,SSH1
2.499206924611452e-15,1.1057265723760503,0.254,0.084,9.147347264770375e-11,11,PPP1R9B
3.05812304035347e-15,1.2346016035205793,0.354,0.103,1.1193036139997736e-10,11,SCRN1
3.1403710783168213e-15,1.7304194932519488,0.25,0.052,1.1494072183747397e-10,11,RPS6KA4
3.145777684225024e-15,0.8053985878436002,0.568,0.235,1.151386090203201e-10,11,RRBP1
3.414870022308612e-15,0.8487566884798377,0.458,0.203,1.249876576865175e-10,11,MARCKS
3.685191933355077e-15,0.9955899879895287,0.28,0.091,1.3488170995272918e-10,11,NR1H2
4.0807139827420214e-15,0.7523145296563478,0.516,0.229,1.4935821248234072e-10,11,YWHAG
4.302533080975851e-15,1.0057580118204519,0.299,0.099,1.5747701329679714e-10,11,VDAC1
4.4073543497878376e-15,0.7496212068917678,0.387,0.136,1.6131357655658464e-10,11,OSCAR
4.8747135431310434e-15,0.7849051164360132,0.273,0.104,1.7841939039213933e-10,11,AP2M1
6.167258695439112e-15,0.7418454646207093,0.412,0.167,2.2572783551176693e-10,11,PTPN18
7.037509514099646e-15,0.5574568203171115,0.844,0.5,2.575798857255611e-10,11,HIPK3
7.075146293167254e-15,0.8341959078983691,0.444,0.167,2.589574294762147e-10,11,HRH2
8.227186143955535e-15,0.9174274005130622,0.361,0.134,3.011232400549165e-10,11,NAGK
9.520575699960586e-15,0.7152647435724921,0.333,0.139,3.4846259119425743e-10,11,TMEM104
9.902072587963603e-15,0.7186697661020742,0.628,0.277,3.6242575879205584e-10,11,LIMD1
1.0224455676235354e-14,0.7071109836769032,0.469,0.206,3.742253022058902e-10,11,ATF4
1.0824053368054233e-14,0.8567507123605325,0.554,0.224,3.9617117732415294e-10,11,TRIM8
1.0903433339717924e-14,0.9386218023924002,0.407,0.14,3.9907656366701574e-10,11,NME2
1.160772446087739e-14,1.1222356496208057,0.327,0.102,4.2485432299257335e-10,11,PRELID1
1.2153314664892434e-14,0.7109552702396301,0.458,0.181,4.4482347004972795e-10,11,QSOX1
1.2157906861731532e-14,1.0635055907739646,0.373,0.119,4.4499154904623584e-10,11,ZYX
1.381799636223464e-14,1.4033050330853016,0.253,0.065,5.057524848541501e-10,11,TRMT6
1.4261306048409398e-14,0.769189747140705,0.322,0.106,5.219780626778323e-10,11,SNX8
1.500295214636521e-14,0.924077865751051,0.35,0.134,5.491230515091131e-10,11,PPM1F
1.6891897162744233e-14,0.9091532697094715,0.317,0.092,6.182603280536016e-10,11,AP1S3
1.7562561606139666e-14,0.6657314656787503,0.661,0.308,6.428073173463179e-10,11,OSBPL3
1.8866576644046182e-14,1.0417971875680558,0.292,0.089,6.905355717487343e-10,11,TXN
1.985788345850361e-14,0.5843410188708481,0.381,0.173,7.268183924646906e-10,11,PRKAR1A
2.0260821731233377e-14,0.6714718661829638,0.61,0.306,7.415663361848728e-10,11,HIF1A-AS3
2.2740026238743128e-14,0.536290769163392,0.647,0.347,8.323077003642372e-10,11,CAPN2
2.319944200020628e-14,0.5202948719168777,0.553,0.284,8.4912277664955e-10,11,PDLIM5
2.3304071094250698e-14,0.704315177695241,0.577,0.288,8.529523061206698e-10,11,SIRT1
2.3377900236891244e-14,1.2225847938188628,0.38,0.122,8.556545265704564e-10,11,TRAPPC5
2.616550732476846e-14,0.5302658489915648,0.497,0.237,9.576837335938504e-10,11,SIL1
2.7052053633446587e-14,0.7594806621205172,0.419,0.161,9.901322150377786e-10,11,PDIA6
2.742325479565756e-14,0.5085245261559397,0.836,0.502,1.0037185487758623e-9,11,CFL1
3.043763561907549e-14,0.6365253833394235,0.427,0.183,1.1140479012937819e-9,11,GNG5
3.070878681096084e-14,0.8396614867828938,0.309,0.112,1.1239723060679777e-9,11,LAMTOR1
3.340251124869983e-14,0.5207273554978666,0.954,0.691,1.2225653142136624e-9,11,FBXO11
3.370435205515303e-14,0.6784787334068311,0.392,0.154,1.233612989570656e-9,11,CLIC4
3.766012618477532e-14,1.8311077712229882,0.257,0.053,1.3783982784889616e-9,11,MBOAT2
3.929390831985775e-14,0.5120288155033156,0.552,0.266,1.4381963384151136e-9,11,FOSL2
4.1860127035836885e-14,0.6847962800746655,0.663,0.291,1.5321225096386659e-9,11,ENTPD1-AS1
4.4906231183184986e-14,0.5012382494007044,0.939,0.654,1.6436129675357538e-9,11,REL
4.512927766595671e-14,0.5654759520545947,0.554,0.257,1.6517766918516814e-9,11,ARRB1
4.5742417818679364e-14,0.5236498362768118,0.606,0.32,1.6742182345814833e-9,11,AKIRIN2
5.175389079141391e-14,0.6793225279470055,0.556,0.268,1.8942441568565406e-9,11,KLF9
5.193052117338593e-14,0.6028433177406702,0.489,0.219,1.9007090054670983e-9,11,CPB2-AS1
5.5396071882379245e-14,0.8035603168809357,0.418,0.175,2.027551626966963e-9,11,CBX6
5.625096370417468e-14,0.8432477843016237,0.376,0.146,2.0588415225364973e-9,11,CNDP2
7.488680605489274e-14,1.0809359617063743,0.298,0.09,2.7409319884151293e-9,11,CRTAP
9.727033419339703e-14,0.6029496451188234,0.883,0.587,3.5601915018125247e-9,11,RPL8
1.0568635955020848e-13,0.7118633523358183,0.466,0.194,3.8682264458971805e-9,11,CLIC1
1.0785384274597028e-13,0.5951384914106927,0.82,0.494,3.947558498345258e-9,11,SUMF1
1.0833522388613304e-13,0.6521151430771328,0.557,0.264,3.9651775294563555e-9,11,ZMYM6
1.110896855540115e-13,0.8254664564372833,0.39,0.15,4.065993580962375e-9,11,BAG4
1.1322650683000516e-13,1.2109895039509169,0.28,0.083,4.144203376485019e-9,11,MYD88
1.343884895094563e-13,0.6708821397053978,0.631,0.293,4.91875310453561e-9,11,PLEKHB2
1.3659439617527855e-13,0.6643039838442676,0.578,0.249,4.99949149441137e-9,11,TLE3
1.434860117747628e-13,0.5009632482687474,0.723,0.397,5.251731516968093e-9,11,TRAK1
1.613397098234554e-13,1.0008211213392824,0.318,0.11,5.905194719248291e-9,11,HDGF
1.6425473251704151e-13,0.8101084952538146,0.548,0.232,6.011887464856237e-9,11,ERP29
1.7110199322009867e-13,0.7384681878222644,0.433,0.178,6.262504053848831e-9,11,RXRA
1.731147187312073e-13,0.6395382166943079,0.303,0.125,6.336171820280918e-9,11,ITGA5
1.8498102651685136e-13,0.561379181584623,0.404,0.179,6.770490551543276e-9,11,GNS
1.8637992541359083e-13,0.6347944282381834,0.483,0.217,6.8216916500628376e-9,11,NUP93
1.9461892151360277e-13,1.0142253441799323,0.34,0.11,7.123247146319375e-9,11,MAST2
1.9785009960587117e-13,0.5550120987463668,0.521,0.245,7.241511495674491e-9,11,ATP6AP2
2.1080254109288072e-13,0.6743466467317196,0.369,0.155,7.715583806540528e-9,11,ATP6V0A1
2.1082880236488757e-13,1.11485896224502,0.341,0.109,7.71654499535725e-9,11,PGLS
2.51188400222032e-13,0.5530330885482017,0.253,0.11,9.193746636526593e-9,11,ARHGAP18
2.5751690664094834e-13,0.7447786218193132,0.686,0.366,9.42537629996535e-9,11,ATP1B3
2.83874660853855e-13,0.8369879767921657,0.382,0.156,1.0390096461911946e-8,11,GANC
2.8394941373176037e-13,1.1553607733219746,0.252,0.078,1.0392832491996161e-8,11,RNF217
3.1083817613407227e-13,0.6937920944338952,0.356,0.146,1.1376988084683179e-8,11,EVI2A
3.224497069580612e-13,0.6651254691016127,0.461,0.19,1.1801981724371998e-8,11,PRAM1
3.52354816539636e-13,1.2499273171524847,0.312,0.094,1.2896538640167217e-8,11,LGALS9
3.5365372190889915e-13,0.5452979251226948,0.329,0.141,1.2944079875587618e-8,11,PLIN3
3.637448597360601e-13,0.7529100724653256,0.283,0.113,1.3313425611199536e-8,11,SORT1
3.829781832883115e-13,0.5024649499668278,0.723,0.424,1.4017384486535489e-8,11,MT-ND6
4.717279330473549e-13,0.5044410088499423,0.662,0.351,1.7265714077466237e-8,11,TBK1
5.321565920563286e-13,0.7862564425669331,0.368,0.142,1.9477463425853684e-8,11,HNRNPAB
5.341249055005722e-13,1.0016063289546906,0.393,0.143,1.9549505666226443e-8,11,MYADM
5.67009521712862e-13,0.7272057772094852,0.327,0.138,2.0753115504212463e-8,11,CHMP2B
5.75028640045904e-13,0.5777179262868266,0.526,0.237,2.1046623254320136e-8,11,RTF2
5.896866906396996e-13,0.7141899624944494,0.617,0.281,2.1583122564103645e-8,11,APPL1
5.970885695626899e-13,0.5662629595033217,0.789,0.446,2.1854038734564012e-8,11,FAM120A
6.429215800751181e-13,0.656250319139238,0.522,0.247,2.3531572752329397e-8,11,PSTPIP2
6.703073089981889e-13,0.6083361947047927,0.668,0.344,2.4533917816642712e-8,11,DNM1L
6.964693863876417e-13,0.8877317168988936,0.414,0.153,2.5491476011174074e-8,11,CEP83
7.027688035110679e-13,0.645110930503564,0.381,0.154,2.5722040977308596e-8,11,PKD2
7.299471322395451e-13,0.5630250517876146,0.349,0.153,2.671679498709959e-8,11,DHX35
7.367380340529954e-13,0.8597485365273584,0.362,0.139,2.6965348784373687e-8,11,PLD3
7.665190120204836e-13,0.6014993967699596,0.256,0.103,2.8055362358961722e-8,11,B3GNTL1
7.821180915066731e-13,0.529084544702695,0.391,0.177,2.862630426723574e-8,11,XPNPEP1
8.890509407115897e-13,0.6666407346400376,0.737,0.392,3.254015348098489e-8,11,YBX1
1.0383662131396917e-12,0.6055867857446038,0.311,0.136,3.8005241767125853e-8,11,MPC1
1.09649729675132e-12,0.755400941287814,0.377,0.155,4.013289755839506e-8,11,HEATR5A
1.1156306459419892e-12,0.7455850186723079,0.409,0.166,4.083319727212275e-8,11,NUDT3
1.1413493856407547e-12,0.7865807410088577,0.332,0.147,4.1774528863837264e-8,11,MTRNR2L1
1.144532908017087e-12,0.6843689864251564,0.452,0.209,4.1891048966333405e-8,11,KLHDC10
1.3813257561061658e-12,0.7656643649956956,0.541,0.231,5.055790399924178e-8,11,ATG3
1.3936112173407876e-12,0.7331709179976362,0.328,0.124,5.100756416589017e-8,11,RAP2A
1.400120951048275e-12,0.5148565151639404,0.704,0.393,5.1245826929317915e-8,11,CACUL1
1.4161190135494635e-12,0.6834805773478602,0.318,0.129,5.183137201492391e-8,11,TLR1
1.4312808965458e-12,0.5945112133894863,0.367,0.145,5.2386312094472824e-8,11,ABCC4
1.443258514567077e-12,0.6538461168013769,0.81,0.468,5.282470489166959e-8,11,RPLP0
1.7791248828932405e-12,0.8513287048485272,0.253,0.087,6.511774983877549e-8,11,PLP2
1.9055494348210384e-12,0.5625969883153501,0.771,0.462,6.974501486388483e-8,11,S100A9
2.289303898471562e-12,0.8026332987099677,0.52,0.219,8.379081198795763e-8,11,HGSNAT
2.530584456587773e-12,1.301654649057522,0.306,0.084,9.262192169556908e-8,11,ATP6AP1
2.575572033668162e-12,0.7716019448500948,0.382,0.155,9.42685120042884e-8,11,MTHFR
2.5797026309520717e-12,0.5137569636950714,0.496,0.234,9.441969599547678e-8,11,ALPK1
2.806451058015626e-12,0.6857809664905864,0.333,0.134,1.0271891517442992e-7,11,ELF4
2.824045595720631e-12,0.6501872067142068,0.467,0.211,1.0336289284897082e-7,11,TMEM164
2.9353669022464033e-12,0.853347419623467,0.288,0.096,1.0743736398912061e-7,11,SPATS2
3.011744372595263e-12,0.6448510525714056,0.592,0.275,1.1023285578135922e-7,11,OS9
3.201946733917927e-12,0.6033087529737085,0.424,0.196,1.1719445240813004e-7,11,MAP2K3
3.256962333075365e-12,0.6477229963150853,0.47,0.21,1.1920807835289143e-7,11,PPIB
3.2937976434039307e-12,1.1626079784778987,0.279,0.083,1.2055628754622727e-7,11,DNAJC25
3.508469010700302e-12,0.5655860825831701,0.747,0.447,1.2841347426064175e-7,11,CUL1
3.651492895906231e-12,0.5432166538659882,0.493,0.239,1.3364829148306398e-7,11,SEC24D
4.069072890330002e-12,0.6435538539692216,0.56,0.271,1.4893213685896843e-7,11,MLXIP
4.084010732547708e-12,0.7324694875921189,0.372,0.141,1.4947887682197865e-7,11,TTYH3
4.347346936191892e-12,0.728893714548843,0.409,0.172,1.5911724521155942e-7,11,RAP2B
4.39753172013764e-12,1.0643778893898515,0.346,0.112,1.6095405848875776e-7,11,MLEC
4.428063696959842e-12,0.7168063734327432,0.353,0.152,1.6207155937242716e-7,11,MED26
4.432243701817592e-12,0.5723242863311091,0.308,0.141,1.6222455173022567e-7,11,SFT2D1
4.5390830287750675e-12,0.500351699754642,0.301,0.138,1.6613497793619624e-7,11,NSFL1C
4.6366339540726965e-12,0.6108373085797593,0.593,0.292,1.6970543935301477e-7,11,DPYD-AS1
4.646614975995401e-12,0.5554290259914847,0.473,0.209,1.7007075473640766e-7,11,SERPINA1
4.970040406757135e-12,0.9808822303742516,0.381,0.14,1.819084489277179e-7,11,ACAA1
5.2601556492284586e-12,0.7307030790144537,0.36,0.139,1.925269569174108e-7,11,AC114760.2
5.658235384373115e-12,1.5120136143615266,0.251,0.063,2.0709707330344039e-7,11,SIGLEC9
5.804693012918376e-12,0.6539800375628736,0.442,0.185,2.1245756896582548e-7,11,RHOG
6.249026233073825e-12,0.6127418187554559,0.411,0.173,2.2872060915673507e-7,11,ARF6
6.249200006270391e-12,0.6830016663148707,0.474,0.207,2.2872696942950256e-7,11,PRNP
6.6045420056506485e-12,0.8914612901700907,0.258,0.096,2.417328419488194e-7,11,AGAP3
6.74348319356789e-12,1.535559362285782,0.318,0.077,2.4681822836777833e-7,11,APOBR
6.7696219666277224e-12,0.7719636879577123,0.428,0.173,2.477749336005413e-7,11,LAMP2
6.8740495205049094e-12,0.5995088746155839,0.442,0.203,2.515970865000002e-7,11,EHBP1L1
6.880331687097441e-12,0.5445243450166346,0.779,0.461,2.518270200794534e-7,11,SYNCRIP
6.88375514651242e-12,0.721219438138253,0.306,0.132,2.519523221175011e-7,11,ITSN1
8.785493681798053e-12,1.0923762655400746,0.303,0.097,3.2155785424749056e-7,11,PDE4A
9.832021123044257e-12,0.7885823822009693,0.452,0.198,3.5986180512454283e-7,11,SKIL
1.0970972732967228e-11,0.7149032184051607,0.291,0.122,4.015485729993335e-7,11,CHMP1B
1.153332095182542e-11,1.2194659916643373,0.326,0.094,4.221310801577622e-7,11,GCNT1
1.1626922002369714e-11,0.6218279637282447,0.517,0.237,4.255569722087339e-7,11,HMGN3
1.1976514272929045e-11,0.9509580579607013,0.252,0.09,4.38352398903476e-7,11,TNFRSF1A
1.3669321666069852e-11,0.5836330115500366,0.556,0.266,5.003108422998226e-7,11,IRF2BP2
1.4005548648943362e-11,0.5259110213504954,0.864,0.585,5.126170860999759e-7,11,RPS24
1.4098706834937547e-11,0.7119247095750623,0.523,0.237,5.160267688655491e-7,11,ZFYVE16
1.4445189146318404e-11,0.6078663748804494,0.432,0.19,5.287083679443999e-7,11,CPT1A
1.4567816633978852e-11,0.562745956605549,0.416,0.199,5.3319665662026e-7,11,P4HA1
1.4763076782262667e-11,0.7877230774140547,0.276,0.107,5.403433733075959e-7,11,GABBR1
1.5847227266570967e-11,0.872305246058868,0.357,0.136,5.800243651837639e-7,11,GCNT2
1.7585668944084272e-11,1.325752617193143,0.289,0.092,6.436530690224285e-7,11,EPS8
1.7872664329120317e-11,0.5083764905110304,0.562,0.279,6.541573871101327e-7,11,RPN2
1.8729274564954665e-11,0.8368758574592151,0.336,0.123,6.855101783519057e-7,11,CCT6A
1.9892202382919735e-11,0.5849031796395153,0.307,0.134,7.280744994172452e-7,11,PGD
2.0393304093007016e-11,0.6348382587414125,0.269,0.088,7.464153231081498e-7,11,SDC2
2.08298800014236e-11,0.7476531025842477,0.284,0.104,7.623944379321052e-7,11,BRK1
2.1981427837774012e-11,1.0841511586933024,0.261,0.086,8.045422402903666e-7,11,GM2A
2.6109074929671285e-11,0.597123762430525,0.749,0.456,9.556182515008987e-7,11,GNA13
2.7148840697309205e-11,0.621035775532068,0.392,0.176,9.936747183622143e-7,11,SPIN1
2.966963759771657e-11,0.6002567430944669,0.468,0.212,1.0859384057140241e-6,11,PLEC
3.274082191786823e-11,0.5993552829475728,0.284,0.122,1.1983468230158952e-6,11,EFCAB2
3.5861266946700954e-11,0.5276219530064075,0.862,0.57,1.3125582315162017e-6,11,EEF1G
3.611744387343304e-11,0.7908129777520372,0.412,0.172,1.3219345632115227e-6,11,RELT
3.85022533928469e-11,0.5850339463700054,0.456,0.206,1.4092209764315894e-6,11,AP1B1
4.029293316048975e-11,0.6074487813890913,0.473,0.212,1.4747616466070853e-6,11,EIF4G1
4.074743519767104e-11,1.1763306927584338,0.276,0.085,1.4913968756699578e-6,11,SCIMP
4.3111373698722654e-11,0.905673218443742,0.344,0.12,1.577919388746948e-6,11,COMMD9
4.5065645032200887e-11,0.7510842898480157,0.543,0.241,1.6494476738235846e-6,11,EIF3L
4.8213586659126725e-11,0.7193014595590994,0.36,0.142,1.7646654853106973e-6,11,TCIRG1
5.0729338389048466e-11,0.6082232847369586,0.61,0.309,1.8567445143775629e-6,11,ARPC5
5.4424418361252975e-11,0.5485017815924762,0.576,0.288,1.9919881364402203e-6,11,MIDN
7.367543243815173e-11,1.193652037349815,0.309,0.109,2.6965945026687913e-6,11,PDGFC
7.621962193458229e-11,0.7565212794991967,0.31,0.118,2.789714382427646e-6,11,DUSP22
7.766137584579252e-11,0.8554505461397999,0.411,0.157,2.842484017331852e-6,11,PABPC4
8.01951031069501e-11,0.6136373730536779,0.288,0.114,2.9352209688174805e-6,11,TMX1
8.927690310543873e-11,0.615308621661448,0.281,0.114,3.2676239305621627e-6,11,RAB20
9.216046128844819e-11,0.7199686975568679,0.346,0.142,3.373165043618492e-6,11,HEATR3
9.852061963224439e-11,0.5878936429228927,0.52,0.243,3.6059531991597767e-6,11,PXK
1.0024389500736023e-10,0.8134821323481709,0.268,0.102,3.669026801164392e-6,11,MTHFD2
1.0195785675907085e-10,0.7677397768671985,0.276,0.104,3.731759515238752e-6,11,NANS
1.0310793452907056e-10,0.7862999831703995,0.483,0.211,3.7738535116985117e-6,11,TNFRSF10B
1.1412350058545121e-10,0.5254303334836643,0.289,0.127,4.1770342449281e-6,11,TYK2
1.1544304272035492e-10,0.6367647416300982,0.604,0.291,4.225330806607711e-6,11,EIF3K
1.2519570324665637e-10,0.5058046434072523,0.717,0.383,4.582287934530869e-6,11,EMP3
1.378369257593239e-10,0.7966266961464955,0.444,0.187,5.044969319717014e-6,11,RPS6KA2
1.4137388581899192e-10,0.5724845769632385,0.37,0.156,5.174425594860924e-6,11,DCLRE1C
1.7067710439367196e-10,1.060803982049948,0.281,0.1,6.246952697912788e-6,11,ARHGEF10L
1.7110852092058493e-10,0.9869906017570746,0.274,0.089,6.2627429742143294e-06,11,CMTM3
1.858965964396122e-10,0.702933865706638,0.291,0.111,6.804001326286246e-6,11,ATOX1
1.9934056262306445e-10,0.7351917141611596,0.36,0.148,7.2960639325667814e-6,11,SEH1L
2.0301975476875665e-10,0.6700654231835881,0.284,0.116,7.430726044291262e-6,11,RARA
2.1730841404664177e-10,0.8431160488506155,0.339,0.13,7.953705262521135e-6,11,BZW2
2.2576432200581658e-10,0.6548921203366906,0.271,0.11,8.263199949734892e-6,11,TRIB1
2.2674419681138976e-10,0.5915689711750969,0.793,0.508,8.299064347493677e-6,11,FTL
2.348348224517486e-10,0.6794109385730394,0.364,0.147,8.595189336556451e-6,11,IRF8
2.3512652198505894e-10,0.8088086329071087,0.27,0.093,8.605865831175141e-6,11,FBL
2.4346249690041923e-10,0.9699745082524285,0.261,0.097,8.910970849052244e-6,11,AL355075.4
2.762610818365349e-10,0.6189565900092694,0.564,0.296,1.0111431856299014e-5,11,OXSR1
3.097443567269532e-10,0.5567840731719667,0.482,0.23,1.1336953200563216e-5,11,PLEKHM2
4.0291018919289576e-10,0.8017900271142357,0.314,0.114,1.4746915834649177e-5,11,UQCRC1
4.142524528398874e-10,0.6607649970662834,0.324,0.123,1.5162054026392717e-5,11,RGS10
4.950878618729275e-10,0.7863523248176407,0.261,0.092,1.8120710832411022e-5,11,CTNNBIP1
5.923009693390231e-10,0.5639308807550298,0.409,0.179,2.1678807778777585e-5,11,STARD7
6.330536486992544e-10,0.7102679555759782,0.409,0.181,2.3170396596041408e-5,11,ZNF433-AS1
6.502623720468255e-10,0.8090048154819419,0.288,0.111,2.3800253079285863e-5,11,SPATA6
6.525023359910163e-10,1.0110686060632652,0.297,0.103,2.3882237999607187e-5,11,HK2
7.059281965600866e-10,0.7248570821307896,0.268,0.105,2.583767792229573e-5,11,MICAL1
7.238012303432004e-10,0.967901788220354,0.384,0.143,2.6491848831791478e-5,11,SLC25A33
7.381840147715532e-10,0.9004063189154219,0.289,0.1,2.701827312465362e-5,11,SOX4
7.443614643133976e-10,0.6947667695128343,0.272,0.107,2.7244373955334667e-5,11,ZSWIM7
7.747750575096027e-10,0.6356681454465939,0.33,0.133,2.835754187990897e-5,11,GNB2
8.011178673239515e-10,0.7151984541376254,0.33,0.134,2.932171506192395e-5,11,P2RX7
8.679216809015602e-10,0.8688834197048418,0.252,0.094,3.1766801442678004e-5,11,CDC42BPB
9.894956900856907e-10,0.6588103005116113,0.421,0.174,3.621653175282637e-5,11,PTPN6
1.1436519274441972e-9,0.5288247943772794,0.326,0.147,4.185880419638506e-5,11,SFXN5
1.143891550169539e-9,1.1480029165642698,0.269,0.081,4.18675746277553e-5,11,CSTB
1.14489050821358e-9,0.5011597319511586,0.342,0.152,4.190413749112524e-5,11,LILRB2
1.2068029523440987e-9,1.3862862499469857,0.258,0.076,4.417019485874635e-5,11,EAF2
1.25551536336701e-9,0.6488368744870177,0.75,0.397,4.5953117814595934e-5,11,COX4I1
1.3609834777375365e-9,0.7554126438098248,0.407,0.17,4.981335626867157e-5,11,BST2
1.4251815746128872e-9,0.5160674416707148,0.337,0.156,5.216307081240629e-5,11,VAV2
1.4628314807026258e-9,0.618128996771939,0.268,0.113,5.3541095025196805e-5,11,KLF11
1.4796945797815888e-9,0.7863581004356792,0.289,0.099,5.415830131458593e-5,11,LINC02256
1.7539492481133376e-9,0.7239107144026616,0.45,0.204,6.419629643019627e-5,11,CEBPB
1.919453877021818e-9,0.5010429974664672,0.391,0.184,7.025393135287557e-5,11,EIF4EBP2
1.9533944887867328e-9,0.554602339426802,0.324,0.141,7.14961916840832e-5,11,PRKCD
2.0058710371886785e-9,1.215027968812359,0.267,0.076,7.341688583214282e-5,11,SLC12A7
2.030313289109234e-9,0.6941171981183448,0.323,0.13,7.431149669468708e-5,11,DNAJB12
2.322516716602841e-9,0.5646608380719891,0.266,0.117,8.500643434438059e-5,11,GK
2.3732761606338546e-9,0.9128881592499575,0.348,0.126,8.686428075535972e-5,11,FKBP1A
2.4810325873184552e-9,0.7282885573574314,0.347,0.145,9.080827372844277e-5,11,CDH23
2.624687211080581e-9,0.7062924968917608,0.299,0.121,9.606617661276034e-5,11,LEPROT
2.7495239370154583e-9,0.8492235610235617,0.261,0.096,1.0063532561870279e-4,11,TTTY14
2.759375776892894e-9,0.7706256251326481,0.312,0.132,1.0099591281005681e-4,11,AC087286.2
2.7682558752969202e-9,0.5434059540749976,0.696,0.371,1.0132093329174258e-4,11,ETF1
2.934569158820635e-9,0.7027762583511226,0.262,0.101,1.0740816578199406e-4,11,COX5A
4.0566507594761404e-9,0.5876839207976594,0.356,0.153,1.4847747444758622e-4,11,MAPKAPK3
4.906965879654475e-9,1.061673956826719,0.253,0.085,1.7959985816123344e-4,11,SPRED2
5.250953864522764e-9,0.749394623082577,0.257,0.098,1.9219016239539768e-4,11,PPP2CB
5.298527791940592e-9,0.5828092715248638,0.398,0.169,1.9393141571281763e-4,11,ATP5F1B
5.992739394313261e-9,0.5217978853164926,0.312,0.151,2.1934025457125966e-4,11,UBN2
6.439946863125356e-9,0.8240912295501843,0.261,0.097,2.3570849513725116e-4,11,TMTC4
6.521244513050318e-9,0.6446117587972587,0.288,0.128,2.386840704221547e-4,11,ERCC8
7.067553303049659e-9,0.5755445488212994,0.668,0.351,2.5867951844492056e-4,11,PRKD3
7.823347262530343e-9,0.5106176174248407,0.424,0.204,2.863423331558731e-4,11,ZNF592
7.896312403673928e-9,0.8627265923899895,0.331,0.126,2.8901293028686946e-4,11,CD68
8.03426255706987e-9,0.5760801026939031,0.394,0.178,2.940620438513143e-4,11,KIAA0100
1.1810731136031988e-8,0.5496519554195644,0.707,0.375,4.322845703099068e-4,11,SH3BGRL3
1.2020920458140593e-8,0.7263104480855505,0.263,0.095,4.3997770968840383e-4,11,ACADVL
1.369499699353137e-8,0.8792099446206016,0.282,0.099,5.012505849602417e-4,11,TK2
1.3888349847983914e-8,0.68569702561957,0.429,0.18,5.083274927860593e-4,11,TXNRD1
1.4178458516456343e-8,0.5513645613360811,0.272,0.128,5.189457601608187e-4,11,PLXND1
1.5480188418922905e-8,0.927186627455589,0.262,0.092,5.665903763209972e-4,11,ZNF532
1.597165773451842e-8,0.5922441343104107,0.49,0.219,5.845786447411087e-4,11,ITPK1
1.7614927610975412e-8,0.5505263948691823,0.483,0.23,6.44723965489311e-4,11,DYNC1LI1
1.7794522130510007e-8,1.1574074196425514,0.266,0.08,6.512973044987967e-4,11,GAA
1.807210262727727e-8,0.5366373990910707,0.262,0.116,6.614570282609754e-4,11,GPX4
1.811991930238397e-8,0.5952277022405659,0.254,0.109,6.632071663865557e-4,11,AMZ1
1.9194735859935323e-8,0.687487658446815,0.252,0.096,7.025465272094927e-4,11,NDUFV3
2.3884933673932444e-8,0.5762522286941743,0.351,0.152,8.742124573996013e-4,11,CHP1
2.542624525728301e-8,0.5389206593413773,0.286,0.12,9.306260026618155e-4,11,LYRM4
2.8342180197371393e-8,0.5551395284983935,0.341,0.14,0.0010373521374039904,11,PTPN9
3.224435299400615e-8,0.7235556024588313,0.289,0.122,0.001180175563933619,11,FGD6
3.322648656030778e-8,0.5179486270417323,0.453,0.223,0.001216122634593825,11,LONRF1
3.776250055495278e-8,0.623504828111944,0.277,0.113,0.0013821452828118267,11,CARD19
4.020399179178681e-8,0.6256222314929176,0.297,0.132,0.001471506303571189,11,POGK
4.2851981673847e-8,0.5033364156033368,0.529,0.279,0.001568425381244474,11,AC023424.3
4.8320988814868985e-8,0.5275327627232924,0.273,0.127,0.0017685965116130196,11,SLC35E1
4.917763677177541e-8,0.821287033185367,0.254,0.098,0.0017999506834837518,11,IL3RA
5.248923780951868e-8,0.5125897853944978,0.294,0.129,0.0019211585930661932,11,ZBTB18
5.529098787933662e-8,0.569410556497184,0.326,0.144,0.0020237054473715996,11,NAA38
5.716574516310936e-8,1.0000280528779981,0.25,0.089,0.002092323438714966,11,NLN
6.704652811773105e-8,0.8405531160379953,0.254,0.093,0.0024539699756370745,11,NDST1
7.135417236329182e-8,0.6142642969994122,0.338,0.141,0.002611634062668844,11,DGKG
7.647289046260541e-8,0.7939311146752994,0.274,0.105,0.0027989842638218207,11,AL035587.1
8.26155800985997e-8,0.5072365933206511,0.287,0.12,0.003023812847188848,11,DDOST
9.006126143683577e-8,0.7856628261594298,0.25,0.098,0.0032963322298496262,11,ZNF787
1.3995297650886846e-7,0.8275006526631685,0.253,0.098,0.005122418893201095,11,FLVCR1
1.586453215821193e-7,0.7881868327373855,0.331,0.132,0.005806577415227148,11,RNPEP
1.984732451545138e-7,0.5693051158501581,0.309,0.136,0.00726431924590036,11,ADAP2
2.024816113605711e-7,0.5513399199021908,0.251,0.128,0.007411029457408263,11,SLC7A5
2.0447841558763385e-7,0.5388376252485001,0.302,0.133,0.007484114488922986,11,SMIM14
2.204681825244544e-7,0.5019757166839296,0.327,0.152,0.008069355948577555,11,CLCN7
2.8358420110060644e-7,0.5202130919030455,0.369,0.173,0.010379465344483297,11,SLC25A24
3.3079151033499273e-7,0.7088211716451982,0.283,0.112,0.012107300069771069,11,TBC1D9B
3.7499073894254155e-7,0.5402197083220357,0.291,0.13,0.013725036036035964,11,QTRT2
3.8986431549750724e-7,0.7126400272514499,0.303,0.117,0.014269423811524263,11,SSR3
4.430342493989947e-7,0.670892097110126,0.299,0.133,0.016215496562252605,11,SEPTIN11
4.88082697408616e-7,0.5857363043695079,0.277,0.12,0.017864314807852753,11,SRFBP1
5.06830189278599e-7,0.9647634405772845,0.317,0.111,0.018550491757786,11,DDIT4
5.19741470071468e-7,0.5439499889280701,0.406,0.184,0.0190230575460858,11,MKNK2
5.27161079017098e-7,0.7228977130802647,0.318,0.13,0.019294622653104804,11,DOK2
5.444162251761261e-7,0.5575390710326085,0.76,0.425,0.01992617825767139,11,EEF2
6.413255284278117e-7,0.847288139204686,0.297,0.114,0.023473155665986338,11,ARHGAP27
6.463724258207947e-7,0.5179563520277051,0.309,0.13,0.02365787715746691,11,KHSRP
9.032583474630193e-7,0.7430172786231343,0.283,0.115,0.033060158775493974,11,CCDC200
9.962852533882774e-7,0.7727866498035607,0.264,0.109,0.03646503655926434,11,ARHGEF11
1.0430593537502502e-6,0.5201186434174819,0.314,0.139,0.038177015406612905,11,SH3GL1
1.802179311237933e-6,0.6008543907644108,0.473,0.221,0.06596156497061959,11,EVI2B
2.4333825161508184e-6,0.7380362349208696,0.297,0.12,0.08906423347363611,11,PHTF1
2.827579147674717e-6,0.6082848113202366,0.293,0.139,0.10349222438404232,11,AC011933.4
5.077049148363065e-6,0.5425493113818994,0.447,0.207,0.18582507587923655,11,HADHA
7.802716826749305e-6,0.8489113311162522,0.288,0.105,0.2855872385758513,11,FLII
1.3198508952699414e-5,0.7879069623827615,0.947,0.744,0.48307862617775127,11,MTRNR2L8
2.224703419464158e-5,0.6487163731026948,0.278,0.107,0.8142636985580765,11,TUFM
2.404930127010127e-5,0.5135522137038244,0.449,0.204,0.8802284757869766,11,ATP6V1B2
2.4567800968777625e-5,0.5828825528566359,0.301,0.148,0.8992060832582298,11,AP000331.1
7.635872090618936e-4,0.5139278702325545,0.427,0.195,1,11,LAMTOR4
4.575190375601084e-136,7.717959581358391,0.834,0.013,1.6745654293737528e-131,12,GP1BB
1.2616037674473937e-129,5.817886264737027,0.857,0.076,4.6175959492342057e-125,12,NRGN
5.234089668352009e-124,7.043880861794161,0.806,0.033,1.9157291595135188e-119,12,PPBP
4.631169491630513e-112,7.196246760025209,0.74,0.017,1.695054345631684e-107,12,TUBB1
6.978548233965454e-100,6.897303814767848,0.678,0.019,2.554218439113696e-95,12,PF4
3.870569612373203e-96,7.055394726376861,0.653,0.011,1.4166671838247162e-91,12,CAVIN2
4.2102811307013525e-79,6.722799858814184,0.558,0.011,1.541004996648002e-74,12,ITGA2B
8.098334635314979e-78,6.31587881333872,0.556,0.017,2.9640714598716355e-73,12,CLU
2.955835085403962e-70,8.240157074254299,0.497,0.003,1.0818651996087043e-65,12,ITGB3
3.101646420141529e-62,4.343924141125122,0.519,0.047,1.135233606236001e-57,12,PRKAR2B
1.1853085435914529e-53,2.4561977880511847,0.755,0.381,4.338347800399076e-49,12,TLN1
8.020315506944694e-51,2.6889284331036825,0.558,0.105,2.9355156786968275e-46,12,F13A1
8.79397125077383e-50,6.704710687780366,0.377,0.006,3.2186814174957294e-45,12,GNG11
2.30027661614507e-49,7.018895088101597,0.375,0.005,8.419242442752571e-45,12,SPARC
4.670152779191811e-47,8.13795230257351,0.36,0.002,1.7093226187119948e-42,12,GP9
2.737156266994343e-40,1.9522185795912317,0.744,0.36,1.0018265652825995e-35,12,VCL
3.6218924539929123e-38,6.603440514094302,0.322,0.006,1.3256488570859459e-33,12,MPIG6B
2.0651126787287303e-37,5.750201793355424,0.289,0.011,7.558518915415025e-33,12,TRIM58
8.71451959240997e-35,0.9714094477730835,0.965,0.863,3.189601316017973e-30,12,ACTB
1.995562368706728e-34,7.525705612018823,0.274,0.002,7.303957825703496e-30,12,TREML1
1.0892882106234142e-33,2.7424044447193907,0.47,0.131,3.986903779702758e-29,12,RGS18
3.2947298267450567e-32,2.85563781972054,0.426,0.097,1.2059040638869582e-27,12,TUBA4A
5.739662428103687e-31,1.7053655744958216,0.678,0.367,2.1007738453102306e-26,12,OAZ1
3.168240427337666e-30,1.8701149440846614,0.709,0.379,1.159607678809859e-25,12,LIMS1
4.943355945379017e-30,1.902302646294527,0.545,0.227,1.809317709568174e-25,12,TAGLN2
4.22155520042337e-29,2.0565645574112446,0.468,0.149,1.5451314189069576e-24,12,HIST1H2AC
6.133780126271941e-29,2.8473977500624574,0.408,0.099,2.245024864016793e-24,12,CTSA
3.4056825796563453e-28,0.8693046493459007,0.943,0.796,1.246513880980019e-23,12,TMSB4X
5.760952766661529e-28,1.431799874573206,0.797,0.507,2.1085663221257862e-23,12,FLNA
5.209302939358404e-27,1.1159387686044044,0.876,0.709,1.9066569688345694e-22,12,H3F3A
6.681357170103004e-25,1.9415182869000125,0.497,0.216,2.4454435378294004e-20,12,NCOA4
7.763142348273363e-25,1.7503930778152565,0.479,0.188,2.8413877308915337e-20,12,ACTN1
5.485428143985591e-24,1.8453532960265282,0.422,0.164,2.007721554980166e-19,12,FERMT3
1.1248202675916097e-22,0.8977177163868029,0.706,0.311,4.11695466141205e-18,12,CCL5
2.2848956833018404e-22,0.874768565948989,0.954,0.878,8.362946690453066e-18,12,HLA-E
8.18506858116296e-20,1.5288582412418497,0.302,0.075,2.995816951391455e-15,12,THBS1
5.642019410390665e-19,1.0828310023514638,0.627,0.377,2.0650355243970872e-14,12,SH3BGRL3
1.0463605914452379e-18,1.1890446897058657,0.678,0.419,3.829784400748715e-14,12,MYL6
3.891889187176002e-18,0.8676692469636897,0.843,0.696,1.4244703613982886e-13,12,MYH9
1.6137152090861057e-17,0.8253617992154398,0.759,0.59,5.906359036776056e-13,12,NAP1L1
1.9541515544090633e-17,0.6856349144023177,0.812,0.641,7.152390104292613e-13,12,FTH1
1.2256712070034254e-16,0.9541767768781788,0.656,0.441,4.486079184753237e-12,12,TGFB1
1.7368342793059536e-16,1.8567833079838232,0.34,0.123,6.35698714568772e-12,12,CALM3
2.072067350999021e-16,1.4480490565118924,0.4,0.202,7.583973711391517e-12,12,RUFY1
4.762729832362338e-16,1.9580424434599448,0.322,0.114,1.7432067459429395e-11,12,TIMP1
3.2606591073897285e-15,1.0627967805177165,0.53,0.306,1.1934338398957146e-10,12,PKM
3.48850979787643e-14,2.27780296977497,0.265,0.086,1.2768294711207523e-9,12,MPP1
8.165337064861239e-14,1.1402957306533616,0.512,0.32,2.988595019109862e-9,12,TPM4
4.333588521145797e-13,1.0788069152989772,0.439,0.275,1.586136734624573e-8,12,PLEKHO1
7.047508760644051e-13,1.5768481158455527,0.305,0.124,2.579458681483329e-8,12,RGS10
1.218960165188805e-12,0.7125242569605783,0.746,0.526,4.461516100607546e-8,12,ITGB1
1.99200291293004e-12,0.6773673494095139,0.422,0.264,7.290929861615239e-8,12,CST3
3.0238979814419523e-12,0.9277871402314393,0.627,0.428,1.1067769001875689e-7,12,ARPC1B
1.8946150373955618e-11,0.8108908099254892,0.682,0.51,6.934480498371496e-7,12,FTL
3.203582100038747e-11,1.9561891781536507,0.274,0.093,1.1725430844351816e-6,12,YWHAH
1.39305998616677e-10,0.7708159208038718,0.552,0.378,5.098738855368995e-6,12,SERF2
3.6878379738050715e-10,1.1773875819133017,0.294,0.169,1.3497855767923943e-5,12,PTPN18
7.476463840077232e-10,1.1663324633727252,0.26,0.128,2.7364605301066676e-5,12,CDKN2D
2.875000998959037e-9,0.6502565577414867,0.698,0.499,1.0522791156289971e-4,12,ACTG1
3.2454000298944008e-9,1.3487766929352025,0.389,0.21,1.1878488649416496e-4,12,NORAD
1.5971688941603533e-8,0.6567977545485213,0.424,0.277,5.845797869516309e-4,12,CD36
2.7058470699353812e-8,1.0365168905157884,0.364,0.211,9.90367086067049e-4,12,TSC22D1
4.1189777591711044e-8,1.0139936350321082,0.276,0.143,0.001507587049634216,12,PARVB
4.483698704357296e-8,1.5050706830037108,0.291,0.148,0.001641078562781814,12,MTRNR2L1
5.203127622177861e-8,0.7480272917254693,0.318,0.175,0.0019043967409933188,12,USF2
5.258847680661396e-8,0.8021769114344282,0.38,0.231,0.0019247908395988774,12,MFSD1
5.438785579260104e-8,1.0397333540773617,0.258,0.127,0.001990649909864991,12,CD68
5.7128367107187673e-8,0.7018279984061513,0.623,0.464,0.002090955364490176,12,S100A9
9.62345501350958e-8,1.1403199021497694,0.32,0.164,0.003522280769494641,12,TALDO1
9.639884538373407e-8,0.6570444208969528,0.554,0.389,0.003528294139890051,12,GAPDH
9.73920450221103e-8,1.389063827038795,0.265,0.116,0.0035646462398542587,12,OST4
1.3516181589778252e-7,1.2672467654291584,0.265,0.138,0.004947057623674738,12,GSTO1
1.7979058611594868e-7,1.5819468303300281,0.269,0.111,0.006580515242429838,12,ARHGAP18
2.238546297511199e-7,0.715552882385835,0.446,0.311,0.008193303303520739,12,ARPC5
5.34938564957357e-7,0.5865901027419578,0.371,0.259,0.019579286416004222,12,ARRB1
7.766598770263426e-7,0.5198713261255596,0.673,0.539,0.028426528159041165,12,TPM3
8.563688761737468e-7,0.7209979407183629,0.62,0.456,0.03134395723683531,12,MTPN
1.2867589215579237e-6,0.7495259731243888,0.38,0.236,0.04709666328794156,12,DAPP1
2.4865567607457e-6,0.5668690321081498,0.786,0.662,0.09101046400005337,12,TPT1
3.1483633034715155e-6,0.7981473530206189,0.488,0.332,0.11523324527036094,12,MYL12A
5.920056292547723e-6,0.8370663258549651,0.263,0.162,0.21667998036353922,12,CCDC85B
7.0903493948013295e-6,0.6012850337117709,0.329,0.21,0.25951387819912347,12,FRMD4B
1.1620826646315356e-5,0.5883869293791582,0.307,0.209,0.42533387608178835,12,CD84
1.4723496219258852e-5,0.5386109405562429,0.512,0.374,0.5388946851210933,12,SOD2
1.738714094776361e-5,0.5562430558512395,0.574,0.427,0.6363867458290959,12,CAP1
2.3198838368673922e-5,0.5517285890791495,0.536,0.389,0.8491006831318342,12,ARL6IP5
3.489907115960677e-5,0.6240240199692927,0.28,0.194,1,12,NACC2
5.1653985217654815e-5,0.6328770227952683,0.269,0.175,1,12,PRKAR1A
5.358974849731564e-5,1.0397429407581367,0.258,0.143,1,12,FKBP8
6.389864596510496e-5,0.5981558613607565,0.307,0.203,1,12,SPECC1
9.675006191627078e-5,0.6541207894809199,0.329,0.222,1,12,STXBP2
1.2800396326368235e-4,0.6092801306844097,0.389,0.228,1,12,CD226
1.2916916574903266e-4,0.7387453930002509,0.294,0.175,1,12,MOB1B
1.3232942159338486e-4,0.7567845750143771,0.276,0.174,1,12,RAP2B
1.3792281398661437e-4,0.6712647648643217,0.47,0.321,1,12,S100A8
1.7256262085139936e-4,0.5918318907877256,0.285,0.192,1,12,PRAM1
2.1251018237781712e-4,0.5270954131357942,0.364,0.263,1,12,RILPL2
2.1484016705949335e-4,0.6240824223656358,0.296,0.197,1,12,MS4A6A
2.4375847100942418e-4,0.5251412781162907,0.331,0.247,1,12,CLEC12A
2.5042346522452264e-4,0.629575007851574,0.289,0.196,1,12,PTTG1IP
2.911907830665132e-4,0.6646762602004171,0.377,0.263,1,12,WDR1
3.597609776482271e-4,0.6221832042268148,0.494,0.36,1,12,ANO6
4.1566862206932417e-4,0.5151435785499043,0.404,0.322,1,12,CPNE8
5.420098230846e-4,0.7615741802835163,0.265,0.167,1,12,TPP1
8.950822555848692e-4,0.6646309228703791,0.351,0.254,1,12,RTN3
9.688263849785308e-4,0.5630007505700951,0.369,0.289,1,12,MNDA
0.0018251701679444315,0.6332493767688794,0.252,0.172,1,12,SSR4
0.0018342189921140035,0.5102697527433133,0.26,0.193,1,12,ZDHHC7
0.002805136325483436,0.7370925729603014,0.265,0.17,1,12,UQCRH
0.004030701327348428,0.5322279995047414,0.373,0.289,1,12,KCTD20
1.9296221100316194e-129,8.334627449972524,0.866,0.006,7.06260988492673e-125,13,MKI67
2.770183641403701e-119,7.2162919894674316,0.832,0.012,1.0139149145901685e-114,13,RRM2
5.6707600943341025e-113,5.761573385553256,0.825,0.024,2.075554902127225e-108,13,STMN1
9.676860693733222e-107,7.180838813606467,0.761,0.009,3.5418277825132966e-102,13,DTL
1.4533443331875156e-104,7.215893486325693,0.743,0.008,5.319385593899626e-100,13,POLQ
7.617790404961608e-104,4.75322354505356,0.84,0.05,2.788187466119998e-99,13,BRIP1
1.4075071605771692e-100,8.314165519081435,0.716,0.006,5.151616958428497e-96,13,DIAPH3
4.506969631591774e-100,5.508782040602233,0.75,0.029,1.6495959548589052e-95,13,NUSAP1
6.670944262376998e-97,6.613930076588975,0.705,0.01,2.441632309472605e-92,13,CLSPN
2.031484716074388e-96,4.39333852485369,0.772,0.061,7.435437209303868e-92,13,HELLS
2.6391688401415564e-95,6.803397610159893,0.698,0.01,9.659621871802111e-91,13,CENPF
5.026316561810349e-93,7.821726942249692,0.664,0.007,1.8396821247882058e-88,13,ASPM
1.4431627412119777e-92,5.226922015171528,0.713,0.023,5.28211994910996e-88,13,MCM4
1.4902593277985623e-90,6.6985904338699545,0.668,0.013,5.454498165675518e-86,13,TOP2A
4.607392959191732e-90,3.2260248053087097,0.869,0.159,1.686351896993766e-85,13,CENPP
1.240506581005805e-89,4.473292186459734,0.754,0.045,4.5403781371393467e-85,13,NCAPG2
8.05945131212886e-84,4.174342539721743,0.709,0.04,2.949839774752284e-79,13,SMC2
7.107675419978154e-83,2.8620491945147233,0.84,0.169,2.601480280466204e-78,13,NASP
2.0406617401178126e-82,3.082902743058513,0.881,0.252,7.469026035005206e-78,13,SMC4
2.857082990739299e-82,6.150022906243478,0.638,0.011,1.0457209454404907e-77,13,NCAPG
3.978289239394091e-81,4.938633529465636,0.657,0.032,1.4560936445106312e-76,13,KNL1
4.556732866395308e-80,3.642444477802335,0.746,0.075,1.6678097964293466e-75,13,ATAD5
9.861334821516043e-80,2.9450690800797523,0.873,0.243,3.6093471580230867e-75,13,ATAD2
4.0969877138311256e-79,6.629738965709726,0.616,0.007,1.4995384731393304e-74,13,MELK
1.7131632756511762e-78,5.05070940812702,0.623,0.02,6.27034890521087e-74,13,CENPU
3.335795836505778e-78,2.756991474893853,0.866,0.196,1.2209346341194799e-73,13,DNMT1
6.592911470414811e-78,3.6865231412467185,0.72,0.059,2.413071527286525e-73,13,BRCA2
3.6206931860438245e-77,3.449911119169582,0.75,0.09,1.3252099130239e-72,13,FANCI
5.1270794059052936e-77,3.1970327450766125,0.746,0.117,1.8765623333553966e-72,13,DUT
7.564791297053698e-77,6.802862196088834,0.575,0.005,2.768789262634624e-72,13,PCLAF
1.5189706514145365e-76,2.3830725032126527,0.91,0.333,5.559584481242344e-72,13,TMPO
2.5489158853214434e-76,5.120149831616729,0.593,0.022,9.329287031865016e-72,13,ECT2
3.320336184154107e-76,4.7840875562204594,0.631,0.031,1.2152762467622448e-71,13,PCNA
4.164339499139044e-76,6.475265230531168,0.571,0.006,1.5241899000798815e-71,13,TYMS
1.1067453927718506e-75,6.157706494203519,0.578,0.01,4.05079881208425e-71,13,KIF11
1.2856559434491097e-75,2.8669410586340787,0.858,0.189,4.705629318618087e-71,13,NSD2
5.4532639214784165e-74,3.7889594350040685,0.675,0.053,1.9959491279003153e-69,13,ZNF367
2.7823152436145614e-73,4.0741272833168765,0.739,0.082,1.0183552023153657e-68,13,TUBB
4.866845209566371e-73,3.762115161908347,0.813,0.148,1.7813140151533875e-68,13,TUBA1B
2.5751233972946673e-72,3.935275485842027,0.687,0.045,9.425209146438212e-68,13,WDR76
1.278904565768669e-71,2.6805293584362158,0.869,0.256,4.680918601169905e-67,13,EZH2
1.334247317644366e-71,4.799209113576127,0.612,0.03,4.883478607310144e-67,13,CENPE
2.7986225589613646e-71,3.9982582321616302,0.623,0.034,1.024323842805449e-66,13,WDHD1
9.423807907025884e-71,3.450713971939958,0.694,0.063,3.449207932050544e-66,13,KNTC1
1.5674025939997044e-70,5.075713109347656,0.56,0.015,5.736850234298318e-66,13,STIL
2.0324896791725486e-70,7.980507027673024,0.522,0.002,7.439115474739445e-66,13,SPC25
3.857526110570483e-70,2.9821183653262295,0.746,0.106,1.4118931317299023e-65,13,NCAPD3
7.794909927874773e-69,3.62522747798398,0.631,0.04,2.8530149827014455e-64,13,CHEK1
2.3042567456474706e-68,7.863842673436593,0.515,0.002,8.433810114744308e-64,13,E2F7
2.9802712367025665e-68,3.0367673821092582,0.81,0.204,1.0908090753455063e-63,13,HMGB2
5.028134213676655e-68,5.824193290682437,0.534,0.011,1.8403474035477926e-63,13,CIT
5.882833240069481e-67,4.175806978048687,0.567,0.025,2.153175794197831e-62,13,C21orf58
6.805533194919918e-67,6.57778293756825,0.534,0.006,2.490893204672639e-62,13,TPX2
2.822504981550904e-66,3.4872212664719875,0.709,0.08,1.0330650482974464e-61,13,BARD1
5.036238151467914e-66,2.9321532042843073,0.75,0.148,1.8433135258187713e-61,13,POLA1
7.264133377303299e-66,3.8765374010168503,0.578,0.034,2.6587454574267805e-61,13,GMNN
2.386015322837317e-65,6.556874134248998,0.526,0.006,8.733054683116864e-61,13,KIF15
2.845376912581931e-65,4.28019928487877,0.586,0.031,1.0414364037741125e-60,13,BRCA1
4.227972299268491e-65,3.5384850939828842,0.582,0.042,1.5474801412552603e-60,13,FANCA
5.182906017407262e-65,3.971586638790845,0.604,0.037,1.896995431431232e-60,13,NDC80
7.036852764598684e-65,6.343600650679537,0.493,0.005,2.5755584803707644e-60,13,RAD51AP1
1.6945461922781175e-64,3.2106178792399853,0.649,0.076,6.202208518357138e-60,13,CEP152
3.0515550039589986e-64,2.9919673223964063,0.694,0.103,1.116899646999033e-59,13,H2AFZ
3.175012927672676e-64,2.4415182751670645,0.746,0.141,1.1620864816574762e-59,13,RRM1
4.246861619712072e-64,3.419069288457102,0.634,0.063,1.5543938214308156e-59,13,CIP2A
1.0893932902454223e-63,2.738904743091771,0.728,0.111,3.98728838162727e-59,13,LMNB1
1.424162684748873e-62,6.592318813793267,0.478,0.004,5.212577842449351e-58,13,GTSE1
1.7188037674106256e-62,4.690747709690844,0.53,0.019,6.290993669099631e-58,13,FBXO5
1.8563792292793065e-62,5.292359300860432,0.511,0.018,6.79453361708519e-58,13,HIST1H1B
4.917133568477485e-62,3.660551033703485,0.541,0.035,1.7997200573984445e-57,13,MCM8
6.850226621000878e-62,4.562309410811691,0.511,0.017,2.5072514455525316e-57,13,POLE2
1.2733951109083108e-61,6.938121996002675,0.478,0.003,4.6607534454355086e-57,13,TTK
1.5737119124935645e-61,3.9008156794839426,0.575,0.045,5.759942970917696e-57,13,ARHGAP11B
2.2602801851258203e-61,6.641000078427179,0.481,0.006,8.272851505579015e-57,13,KIF14
2.8985163284490706e-61,3.9652072464334855,0.567,0.036,1.0608859613756443e-56,13,MCM3
6.499224132511039e-61,6.271444778898356,0.478,0.005,2.378781024740365e-56,13,BUB1B
1.0672988432029397e-60,5.002402586443638,0.507,0.015,3.9064204960070796e-56,13,SHCBP1
1.4287451737512143e-60,3.8974794930660512,0.571,0.038,5.229350210446819e-56,13,MCM7
2.2432243391004836e-60,3.5325847907080097,0.593,0.047,8.210425403541681e-56,13,ZGRF1
3.8432928370350365e-60,6.333346806991905,0.47,0.007,1.4066836112831938e-55,13,ANLN
4.8694019083270774e-60,2.358448237989934,0.765,0.157,1.7822497924667935e-55,13,USP1
6.423179071817185e-60,1.9509547211804483,0.914,0.417,2.350947772075808e-55,13,DEK
8.388908634641634e-60,3.401180837185478,0.567,0.05,3.0704244493651844e-55,13,MCM5
1.2115030615998272e-59,2.9426941914344455,0.638,0.066,4.4342223557615275e-55,13,BLM
2.132494905307414e-59,2.2279060249985907,0.832,0.261,7.805144602915667e-55,13,HMGN2
2.8518091044457017e-59,6.502527522732221,0.463,0.004,1.0437906503181712e-54,13,MYBL2
3.079156711417579e-59,1.940816069126118,0.884,0.316,1.127002147945948e-54,13,ANP32B
6.476008284641876e-59,3.253630963127117,0.563,0.056,2.370283792261773e-54,13,CHAF1A
1.7942282316602674e-58,7.54004557298759,0.444,0.002,6.567054750699744e-54,13,CDC45
2.279422243353832e-58,4.128282639072909,0.489,0.023,8.342913352899361e-54,13,NUF2
3.22309795573422e-58,2.4583713394543314,0.914,0.388,1.1796860827782818e-53,13,GAPDH
7.797577028321577e-58,2.4215590892969043,0.735,0.156,2.8539911681359805e-53,13,CKAP5
3.919574553252354e-57,2.5980100063403118,0.705,0.132,1.434603482235894e-52,13,MMS22L
6.954907785386853e-57,5.150923687260566,0.455,0.01,2.545565798529442e-52,13,NCAPH
9.83468848444564e-57,1.506865935550941,0.981,0.84,3.599594332191949e-52,13,PTMA
2.3776068076011564e-56,1.624411572096419,0.989,0.863,8.702278676500992e-52,13,ACTB
3.9928205528510544e-56,5.271215668910335,0.451,0.01,1.4614122505490144e-51,13,DEPDC1B
4.151776812303573e-56,2.220301768228988,0.705,0.123,1.5195918310712308e-51,13,CENPK
1.9998969346170012e-55,7.115963566809574,0.437,0.003,7.319822770391686e-51,13,ESCO2
2.181589224525486e-55,8.040292934789852,0.429,0.001,7.984834720685732e-51,13,BIRC5
3.293709112606918e-55,4.295488254770226,0.493,0.019,1.205530472305258e-50,13,PLK4
7.430231389067886e-55,2.810933938343719,0.616,0.091,2.719538990712737e-50,13,LINC01572
1.4188127770681563e-54,3.911336932744041,0.507,0.029,5.192996645347159e-50,13,DNA2
1.8348051671483123e-54,6.956910195325979,0.429,0.004,6.715570392279538e-50,13,EXO1
2.1015409917488784e-54,2.3786040527804357,0.821,0.202,7.69185018390007e-50,13,RBL1
2.257116976178686e-53,3.2876485226198957,0.563,0.048,8.261273844511609e-49,13,LIG1
2.27734810511231e-53,2.287119794668918,0.608,0.119,8.335321799521566e-49,13,RFWD3
4.783001741098063e-53,6.834448573696985,0.418,0.003,1.750626467259302e-48,13,KIF4A
9.340580477055129e-53,2.530374907922272,0.653,0.109,3.4187458604069476e-48,13,RFC3
9.415570830566395e-53,2.7407650586111307,0.549,0.061,3.446193079695606e-48,13,YEATS4
9.4281128178263e-53,7.597263110176514,0.418,0.003,3.4507835724526046e-48,13,HIST1H3B
1.1991102374780208e-52,6.784073032779528,0.41,0.003,4.388863380193304e-48,13,KIFC1
1.2181984437626585e-52,3.748445421660414,0.466,0.029,4.458728124015706e-48,13,CDC7
2.0905395071654524e-52,2.292038667613563,0.668,0.119,7.651583650176272e-48,13,CBX5
1.0244415124969324e-51,3.305430131242987,0.757,0.19,3.7495583798900223e-47,13,HIST1H4C
1.9349193399006522e-51,3.501274590284277,0.493,0.027,7.081998275970377e-47,13,FAM111B
2.256243609130679e-51,1.9325213812876583,0.843,0.263,8.258077233779198e-47,13,TOPBP1
5.404646514005141e-51,3.2721762729972967,0.451,0.031,1.978154670591022e-46,13,DDX11
6.170017214747882e-51,1.712670695552103,0.866,0.327,2.2582880007698723e-46,13,H2AFV
6.443307520731016e-51,6.388302616964651,0.425,0.003,2.3583149856627593e-46,13,MCM10
9.741935226806867e-51,2.35162339751607,0.597,0.094,3.565645712363581e-46,13,FANCC
2.3233980845014117e-50,6.043075498705816,0.396,0.004,8.503869329083617e-46,13,MND1
2.86628472258162e-50,2.114853518893678,0.914,0.498,1.0490888713120988e-45,13,ACTG1
3.2033252326674257e-50,4.027566886084794,0.463,0.028,1.1724490684086045e-45,13,PRR11
4.051710345456451e-50,3.7126891394659842,0.485,0.03,1.4829665035405155e-45,13,UHRF1
9.332363260476085e-50,1.5542425661277246,0.966,0.696,3.415738276966852e-45,13,HMGB1
1.0965493988976253e-49,2.913936344974929,0.541,0.056,4.0134804549051983e-45,13,POLE
1.256711857181346e-49,1.9953059039977037,0.933,0.472,4.599691068469445e-45,13,PFN1
2.4889073287084676e-49,7.283281525868931,0.388,0.002,9.109649713805863e-45,13,CDCA5
4.048493070586654e-49,2.3375958538816137,0.646,0.133,1.4817889487654213e-44,13,ANP32E
6.940579787407847e-49,2.7012786642555544,0.481,0.045,2.540321607989146e-44,13,SASS6
7.43039815671557e-49,7.123496305106802,0.392,0.002,2.7196000293394657e-44,13,CDK1
1.2594111127348124e-48,2.2755515356287703,0.642,0.116,4.609570613720687e-44,13,SAE1
1.3186682922831143e-48,1.8799447867584735,0.847,0.276,4.826457816585427e-44,13,PRIM2
2.812750868345158e-48,2.2539193317782877,0.619,0.123,1.0294949453230113e-43,13,CALM3
3.321750754025678e-48,8.48179634191351,0.373,0.001,1.2157939934809384e-43,13,KIF18B
3.321750754025678e-48,5.7404380896662905,0.373,0.004,1.2157939934809384e-43,13,DSCC1
3.533092107617298e-48,4.975115214213644,0.418,0.01,1.2931470423090072e-43,13,CDCA7
7.912803998091983e-48,4.884046761552592,0.407,0.01,2.8961653913416466e-43,13,CENPM
9.316981968099909e-48,6.95720408317265,0.384,0.003,3.4101085701442477e-43,13,CKAP2L
9.774998332296797e-48,2.444434931857209,0.646,0.096,3.5777471396039508e-43,13,C12orf75
1.117051072233992e-47,7.3055285046867295,0.369,0.002,4.088518629483634e-43,13,CDCA2
1.1470736229058622e-47,4.487676883829125,0.396,0.013,4.198404167197746e-43,13,FEN1
2.8496641080809936e-47,2.950694323730008,0.493,0.045,1.0430055601987244e-42,13,SKA2
3.0550760442718404e-47,3.290370131345572,0.478,0.035,1.1181883829639363e-42,13,AP001347.1
4.58503224405505e-47,2.92725178495572,0.582,0.063,1.678167651646589e-42,13,FANCD2
4.786979115381648e-47,1.7431156638736658,0.843,0.334,1.7520822260208372e-42,13,SUZ12
5.140781918277551e-47,1.4990352564552853,0.951,0.475,1.8815775899087664e-42,13,NUCKS1
2.51898140370258e-46,1.8563469305522458,0.817,0.273,9.219723835691813e-42,13,SMC3
3.2628376782490956e-46,4.714058014587422,0.41,0.011,1.1942312186159514e-41,13,RAD51
4.1702267969130446e-46,8.442759385257439,0.358,0.001,1.5263447099381434e-41,13,HJURP
4.2997265361455226e-46,2.2492581962493583,0.56,0.104,1.5737429094946228e-41,13,DHFR
8.581328265179539e-46,5.2132718235798645,0.399,0.009,3.140851958338363e-41,13,BUB1
1.5335495306688962e-45,2.3250772303596037,0.612,0.124,5.612944637201227e-41,13,TACC3
2.845822168250473e-45,1.8189809020499457,0.698,0.192,1.0415993718013556e-40,13,CYTOR
2.8943138264369027e-45,5.1851447334536065,0.377,0.009,1.0593478036141707e-40,13,E2F2
3.617391758407567e-45,2.199704536662794,0.59,0.107,1.3240015574947537e-40,13,MCM6
4.1635107538260506e-45,3.5637307839759784,0.414,0.024,1.5238865710078727e-40,13,LIN9
7.126445377513207e-45,3.306510256169889,0.459,0.037,2.608350272623609e-40,13,PARPBP
1.0344922671621846e-44,2.2861109857120927,0.541,0.078,3.786345147040312e-40,13,MSH2
1.7570426009008389e-44,4.526060145903096,0.407,0.016,6.43095162355716e-40,13,SGO2
1.993421504329792e-44,1.7243506880141373,0.843,0.363,7.296122047997472e-40,13,SET
2.5516837613652895e-44,5.304461896745701,0.358,0.007,9.339417734973096e-40,13,CCNA2
5.207436056763273e-44,3.1978771559649446,0.481,0.05,1.9059736711359255e-39,13,PRC1
5.857853632672788e-44,4.273952315922206,0.384,0.012,2.1440330080945672e-39,13,WDR62
7.017461869228539e-44,2.4428496666304373,0.571,0.087,2.5684612187563378e-39,13,RBBP8
7.166137746942451e-44,1.6611785141249877,0.91,0.504,2.6228780767584065e-39,13,CFL1
2.0924861518718457e-43,3.637843122978345,0.392,0.02,7.658708564466142e-39,13,CENPO
2.3791141529680433e-43,3.3218254834352563,0.418,0.031,8.707795711278335e-39,13,NUDT1
4.784645071559705e-43,7.372910658553593,0.343,0.001,1.7512279426415678e-38,13,PBK
5.027518662624685e-43,1.9428361890388601,0.634,0.165,1.840122105707261e-38,13,KIF20B
5.030593983429435e-43,5.875133599574282,0.362,0.006,1.8412477038750075e-38,13,TK1
6.40484283122277e-43,6.275614541176258,0.369,0.004,2.344236524655846e-38,13,CEP55
6.8186645378573036e-43,4.407064663581929,0.399,0.013,2.495699407501152e-38,13,CCNE2
9.2835074445228e-43,3.0653155078546552,0.399,0.028,3.39785655976979e-38,13,FANCB
9.665074759902935e-43,4.482742876605286,0.369,0.01,3.537514012872073e-38,13,MCM2
9.9571580365334e-43,7.842959632838676,0.34,0.001,3.64441941295159e-38,13,DLGAP5
1.0348971689103424e-42,2.134250026126501,0.563,0.086,3.787827127928744e-38,13,GEN1
1.7527048777819837e-42,2.0114641684023122,0.675,0.196,6.415075123169839e-38,13,TPI1
1.8726422942174572e-42,1.5708629071433686,0.687,0.179,6.854058061065315e-38,13,VRK1
3.606732899932964e-42,1.7232793379039246,0.791,0.255,1.320100308704464e-37,13,RTTN
9.379554247929778e-42,1.780079745836215,0.672,0.181,3.4330106502847778e-37,13,PARP1
9.564907504526246e-42,4.7373960427399275,0.354,0.008,3.500851795731651e-37,13,CCDC150
1.1221062701903242e-41,2.277713723143898,0.619,0.143,4.107021159523606e-37,13,HNRNPAB
1.2758329646921047e-41,5.137827608278692,0.358,0.007,4.669676234069572e-37,13,ASF1B
2.485433259846966e-41,3.7288836600316175,0.369,0.022,9.09693427436588e-37,13,ARHGAP11A
2.644944355785191e-41,1.646404826218235,0.72,0.202,9.680760836609377e-37,13,SLF1
3.294727366915055e-41,2.348280723897281,0.705,0.182,1.2059031635645792e-36,13,CEP128
5.951827542945187e-41,9.957608112231506,0.321,0,2.1784283989933677e-36,13,E2F8
1.217635388746768e-40,6.004634733276681,0.332,0.004,4.456667286352045e-36,13,E2F1
1.8031727579942292e-40,2.632158195199527,0.504,0.066,6.599792611534678e-36,13,CD38
3.934275663436675e-40,1.5286121946838738,0.735,0.228,1.4399842355744575e-35,13,HMGN1
5.354128794560671e-40,1.4205557410332486,0.765,0.292,1.9596646800971512e-35,13,BAZ1B
5.462473876684461e-40,1.4147312492805666,0.914,0.515,1.9993200636052795e-35,13,PRKDC
7.3514219914217e-40,4.111767681743984,0.34,0.012,2.690693963080256e-35,13,H2AFX
7.539796624400668e-40,1.5158411964272014,0.757,0.241,2.7596409624968884e-35,13,SUPT16H
8.209181215668934e-40,1.9149050171537163,0.634,0.153,3.004642416746986e-35,13,LIN54
1.3163871966980509e-39,7.025878452197809,0.325,0.002,4.818108778634536e-35,13,CDC6
1.3743696615564189e-39,3.939022318595029,0.392,0.022,5.030330398262648e-35,13,KIF18A
1.8704989302656237e-39,4.134134986381067,0.373,0.019,6.846213134665209e-35,13,RACGAP1
1.975494956749161e-39,6.634826158119817,0.31,0.003,7.230509091197604e-35,13,KIF23
4.4741666060343817e-39,1.681202571736354,0.597,0.163,1.637589719474644e-34,13,PDIA6
4.714279516129855e-39,2.1714544361726906,0.481,0.081,1.7254734456986883e-34,13,POLD3
7.057394078458882e-39,4.534708895719665,0.351,0.011,2.5830768066567357e-34,13,ORC6
8.354133474919664e-39,2.3335144899955425,0.549,0.09,3.0576963931553464e-34,13,CARHSP1
1.0726587713081611e-38,2.178134669112602,0.504,0.081,3.926038368865001e-34,13,DNAJC9
2.4690091278953243e-38,1.8223601240787763,0.698,0.187,9.036820309009676e-34,13,MZT2B
5.482980194735366e-38,1.4592905741050217,0.649,0.194,2.0068255810750912e-33,13,CSE1L
1.0118455793960505e-37,1.4762849871726949,0.683,0.185,3.703456005147484e-33,13,SMC6
2.0223387413779344e-37,6.864922289619507,0.295,0.002,7.401962027317378e-33,13,CDT1
2.4616961102625327e-37,1.273754371289198,0.944,0.622,9.010053933171896e-33,13,HSP90AA1
2.770902107475619e-37,3.2315901805753784,0.377,0.026,1.0141778803571514e-32,13,CENPJ
3.1782548293637884e-37,6.396247855548604,0.306,0.003,1.1632730500954403e-32,13,CDCA8
4.7576214256462594e-37,6.547261907068279,0.306,0.002,1.7413370180007874e-32,13,NEIL3
1.2367370129475823e-36,1.7076084211501452,0.701,0.219,4.526581141089446e-32,13,TOX
2.469416586130034e-36,1.9415010397879437,0.526,0.111,9.038311646894537e-32,13,HDGF
2.676322290906796e-36,1.813258030466625,0.507,0.111,9.795607216947964e-32,13,MSH6
2.7708852880284324e-36,2.453310414147901,0.433,0.052,1.0141717242712866e-31,13,POLA2
4.5327160542660583e-36,2.2841907475200927,0.481,0.075,1.65901940302192e-31,13,INTS7
5.119198400937058e-36,3.5034360357817897,0.291,0.014,1.8736778067269725e-31,13,CENPH
5.97963016181157e-36,2.121802947365254,0.66,0.191,2.1886044355246525e-31,13,HIST1H1C
1.002818372948518e-35,2.0624553502862697,0.437,0.084,3.6704155268288705e-31,13,ARHGAP19
1.331748877862655e-35,1.3775224271979698,0.877,0.432,4.874334067865104e-31,13,RAD21
1.384890912104093e-35,2.135734418015074,0.545,0.119,5.068839227392191e-31,13,IDH2
1.426561847646644e-35,1.9987165523051633,0.638,0.159,5.221359018571482e-31,13,HIST1H1D
1.6106545654199465e-35,2.346217109991067,0.429,0.058,5.895156774893546e-31,13,SSRP1
1.6354572687200135e-35,2.787814534591538,0.466,0.075,5.985937149242121e-31,13,HIST1H3D
1.810227726440028e-35,5.057871243095806,0.295,0.005,6.625614501543147e-31,13,KIF2C
1.973798966815334e-35,2.6579572208869306,0.354,0.033,7.224301598440804e-31,13,ACOT7
3.8233917129185565e-35,2.1080593403230687,0.526,0.111,1.399399600845321e-30,13,FANCL
5.047267496666496e-35,5.609146564922646,0.291,0.004,1.8473503764549043e-30,13,CCNB2
5.842954932293005e-35,1.7688173913384482,0.56,0.12,2.138579934768563e-30,13,HACD3
6.14078681796204e-35,3.8172930351851457,0.317,0.013,2.2475893832422863e-30,13,FOXM1
6.438033980746677e-35,6.810234483443992,0.284,0.002,2.3563848172930914e-30,13,SKA3
7.514352269061513e-35,1.1917556583718487,0.929,0.558,2.7503280739992044e-30,13,SRSF10
1.0559380020081521e-34,1.6152788511229224,0.735,0.245,3.8648386811500375e-30,13,SPN
1.2500762520037203e-34,4.522220490614677,0.332,0.01,4.5754040899588165e-30,13,TIMELESS
2.565905601042358e-34,1.4032369338529873,0.757,0.27,9.391471090375135e-30,13,CDK5RAP2
2.7890653779937997e-34,2.9575418942173854,0.336,0.026,1.0208258189995107e-29,13,RFC5
3.4465590469197186e-34,2.38637008604294,0.418,0.05,1.2614750767630862e-29,13,UBR7
3.5984085557458307e-34,1.6052274779767146,0.578,0.142,1.3170535154885314e-29,13,CEP295
3.612867870613023e-34,2.2281045870637635,0.481,0.073,1.3223457693230726e-29,13,KIF22
3.985473183596127e-34,4.512516448571997,0.291,0.008,1.4587230399280186e-29,13,CCNF
4.210510883918444e-34,4.711669162591725,0.291,0.006,1.5410890886229899e-29,13,TCF19
4.8626879850203915e-34,1.7476202602790567,0.437,0.078,1.7797924293973136e-29,13,NDC1
4.956862395087257e-34,1.6914225120563176,0.608,0.168,1.814261205225887e-29,13,PPP1CA
5.286209019044044e-34,2.679073663947119,0.403,0.045,1.9348053630603105e-29,13,CTNNAL1
5.368200132652459e-34,1.6967115806791973,0.862,0.431,1.9648149305521264e-29,13,CORO1A
9.841421962335048e-34,1.9797061780539589,0.526,0.108,3.602058852434251e-29,13,TTF2
1.06095180350495e-33,5.213241164706202,0.295,0.005,3.883189696008467e-29,13,XRCC2
1.0670302077567514e-33,1.4432807774113656,0.757,0.184,3.905437263410486e-29,13,CEP78
1.6360049897798398e-33,8.17173527515438,0.272,0.001,5.987941863093191e-29,13,HIST1H3G
1.8449856560456195e-33,6.182771377457425,0.265,0.004,6.752831999692572e-29,13,CDC25C
2.4102647140124465e-33,1.8851917224047088,0.47,0.08,8.821809879756955e-29,13,PHF19
2.78859096571751e-33,3.8686792924069766,0.317,0.011,1.0206521793622658e-28,13,ORC1
3.6696283442634504e-33,1.9212136665420356,0.522,0.123,1.3431206702838655e-28,13,SLBP
1.2297742765404412e-32,1.597364931669799,0.728,0.232,4.501096829565669e-28,13,HSPA8
1.4922383091196943e-32,5.535975216512128,0.265,0.004,5.461741435208993e-28,13,CENPI
1.710200528718698e-32,1.3720173597457697,0.683,0.208,6.259504955163306e-28,13,RABL6
3.4644255846294704e-32,1.9655414211525708,0.478,0.121,1.2680144082302325e-27,13,COX8A
3.5588114483893925e-32,2.4799440764606793,0.429,0.063,1.3025605782250016e-27,13,HMGA1
3.642649168704433e-32,1.6943753273340327,0.485,0.119,1.3332460222375097e-27,13,Z94721.1
4.37765743632763e-32,1.34177034945823,0.709,0.207,1.602266398270276e-27,13,TXNDC16
6.461137395046192e-32,1.462324250884499,0.817,0.417,2.3648408979608568e-27,13,PPIA
6.50458144283499e-32,2.0911046302359697,0.399,0.068,2.3807418538920344e-27,13,NCAPD2
1.0378232943190562e-31,2.9134927930058687,0.317,0.026,3.7985370395371775e-27,13,WEE1
1.362534187347411e-31,4.238425506384668,0.272,0.008,4.987011379110259e-27,13,HMMR
1.3808440383812868e-31,2.329244194552327,0.493,0.107,5.054027264879348e-27,13,SLC25A5
1.534408392700519e-31,1.7463572286807745,0.683,0.246,5.61608815812317e-27,13,CRIP1
1.6069095142229017e-31,6.461367089326143,0.257,0.003,5.881449513007242e-27,13,HIST1H3F
1.8283000997884325e-31,2.0049095402303974,0.511,0.122,6.691761195235643e-27,13,RAN
1.969276249540529e-31,2.9189275171523255,0.388,0.043,7.20774800094329e-27,13,HIST1H2AG
2.7254180280287685e-31,1.8952756005035631,0.496,0.105,9.975302524388095e-27,13,FDPS
2.9111910035838753e-31,1.2039982075926001,0.787,0.363,1.0655250192217341e-26,13,LBR
2.9776580220476232e-31,1.1877205491699672,0.832,0.399,1.0898526126496505e-26,13,HNRNPR
3.355779577093556e-31,2.0679099229528908,0.41,0.085,1.2282488830120124e-26,13,PRDX1
4.437274491788293e-31,2.505933234074433,0.347,0.038,1.6240868367394332e-26,13,NCAPH2
6.0612847224679125e-31,2.191498813986423,0.444,0.063,2.2184908212704806e-26,13,KATNAL1
6.256505087092237e-31,1.4678796948682789,0.586,0.171,2.2899434269266298e-26,13,NUP50
6.576468664245483e-31,2.5045439231638884,0.425,0.083,2.407053295800489e-26,13,APOLD1
7.253015382008828e-31,1.2055065299268934,0.743,0.24,2.654676159969051e-26,13,OXCT1
8.717323396550402e-31,1.642628449767045,0.575,0.149,3.1906275363714125e-26,13,PPM1G
8.863273459864207e-31,1.6310178499044072,0.709,0.222,3.2440467190448985e-26,13,MPHOSPH9
9.169314953920596e-31,5.412817521466297,0.272,0.004,3.356060966284477e-26,13,AURKB
9.18389216223383e-31,1.7438613502901377,0.604,0.161,3.361396370299204e-26,13,PA2G4
1.287277920918972e-30,6.242610657272741,0.265,0.002,4.711565918355529e-26,13,SKA1
1.4641221884440425e-30,4.398461047606804,0.287,0.014,5.35883362192404e-26,13,HIST1H2AL
1.7132868682583914e-30,1.549556972193611,0.545,0.14,6.270801266512538e-26,13,SNRPD1
1.8288640022812595e-30,3.2451618147398826,0.299,0.022,6.693825134749638e-26,13,INCENP
1.8321153992550377e-30,1.8723289422194611,0.481,0.086,6.705725572813364e-26,13,MTBP
1.9486566984424386e-30,4.5926248112706904,0.295,0.007,7.132278381969169e-26,13,RAD54L
2.5429439947789764e-30,1.7358818143976333,0.567,0.13,9.307429315290532e-26,13,KHSRP
3.403815658959926e-30,3.1200142212823043,0.328,0.025,1.2458305693359225e-25,13,DTYMK
3.846502353181483e-30,5.085696245749821,0.254,0.005,1.4078583262879547e-25,13,GINS2
3.994405895176905e-30,3.216369425867443,0.313,0.026,1.461992501693699e-25,13,CENPN
4.4564316927292786e-30,2.582583081589462,0.396,0.051,1.6310985638558433e-25,13,CDCA4
4.8692054544596085e-30,1.8271063200447253,0.619,0.147,1.7821778883867612e-25,13,PCNT
5.267117483136718e-30,1.8491018214947692,0.489,0.108,1.9278176700028701e-25,13,CASP2
6.125498353911771e-30,1.0490154786380208,0.884,0.468,2.241993652515247e-25,13,XPO1
7.52234217355529e-30,1.0748394149500027,0.657,0.242,2.7532524589429715e-25,13,NONO
8.585314515018142e-30,1.679945314016148,0.567,0.147,3.1423109656417902e-25,13,MASTL
9.961488808051988e-30,3.005263083160685,0.347,0.027,3.646004518635108e-25,13,RFC4
1.1721124670455104e-29,1.3129723650305323,0.619,0.184,4.290048840633273e-25,13,TSPAN5
1.9418312295570876e-29,1.508111472362459,0.672,0.218,7.107296483301897e-25,13,SMC1A
2.3984170297805215e-29,2.295147314323445,0.418,0.07,8.778446170699687e-25,13,UBE2S
2.4944223429377005e-29,1.4700856123823582,0.873,0.47,9.129835217386277e-25,13,RPLP0
2.8875399183731407e-29,2.258839726206591,0.343,0.045,1.0568684855237532e-24,13,CEP97
2.929618567535075e-29,2.971424140960255,0.295,0.025,1.0722696919035129e-24,13,LRR1
3.0297463548343774e-29,2.877918909028807,0.291,0.022,1.1089174633329304e-24,13,PRIM1
3.2962112793634297e-29,1.545770921790818,0.608,0.167,1.206446290359809e-24,13,LAMTOR5-AS1
3.4001974768219297e-29,5.762100549213795,0.254,0.002,1.2445062784915945e-24,13,SPC24
4.636027289219826e-29,1.1617399860952866,0.627,0.21,1.6968323481273485e-24,13,SRPK1
6.174928672035742e-29,1.5096140118146044,0.422,0.074,2.260085643251802e-24,13,RAD18
6.735857760484387e-29,1.2782352417868368,0.571,0.171,2.4653912989148906e-24,13,SELENOI
7.324401780167557e-29,1.1278631593745598,0.627,0.223,2.6808042955591275e-24,13,ANXA6
8.139041378094322e-29,3.11751666627684,0.257,0.017,2.978970534796303e-24,13,IFI27L1
1.2133850093372877e-28,0.9786531396431246,0.937,0.71,4.441110472675407e-24,13,FAF1
1.3119412763442253e-28,3.789957894232801,0.28,0.011,4.801836265547499e-24,13,MAD2L1
1.400502658118916e-28,2.2630879641437605,0.41,0.088,5.125979778981044e-24,13,HIST1H4E
1.5292421440194498e-28,1.355842607789785,0.567,0.178,5.597179171325588e-24,13,MCMBP
1.9555244988488236e-28,1.4572881139129406,0.53,0.136,7.157415218236579e-24,13,ITGB3BP
2.1558509661076486e-28,1.8610031226431762,0.418,0.096,7.890630121050605e-24,13,JPT1
2.222034640860119e-28,2.085425198798209,0.571,0.198,8.132868989012123e-24,13,KCNQ5
3.226448761624181e-28,1.1909231132328062,0.59,0.201,1.1809125112420665e-23,13,RBBP7
3.6210893641834164e-28,2.698377521549272,0.369,0.044,1.325354918184772e-23,13,RANBP1
3.6824844312906516e-28,1.7951029385072634,0.485,0.097,1.3478261266966913e-23,13,CDC25B
5.214345795683178e-28,1.171208579957149,0.75,0.31,1.908502704678e-23,13,OSBPL3
5.336046388441139e-28,1.3640172720984212,0.5,0.149,1.9530463386333414e-23,13,PSMA4
5.466254303131928e-28,1.676829688332306,0.381,0.067,2.000703737489317e-23,13,GSTCD
7.584378592459754e-28,1.5471548029830187,0.608,0.192,2.7759584086261947e-23,13,SNRPB
1.2443140356352868e-27,1.6770209852703764,0.638,0.241,4.554313801828713e-23,13,MIR4435-2HG
1.3161215219629932e-27,2.219086027394174,0.396,0.062,4.8171363825367513e-23,13,BRI3BP
1.4782188746696854e-27,1.4818712897936692,0.578,0.164,5.410428903178516e-23,13,CCDC14
1.649387856774888e-27,0.8710201007924634,0.888,0.522,6.036924494581768e-23,13,RALY
2.0198040074468366e-27,0.9056459857237749,0.776,0.359,7.392684647656167e-23,13,ILF3
2.1555236838428852e-27,3.6571562938077817,0.28,0.018,7.889432235233344e-23,13,HIST1H2AH
2.284884811288087e-27,3.4267553642389896,0.257,0.016,8.362906897795527e-23,13,HELLPAR
2.9257380920510177e-27,1.66626531186205,0.646,0.178,1.070849399071593e-22,13,LIME1
3.120348401309924e-27,1.8805432228434045,0.403,0.076,1.1420787183634453e-22,13,LSM4
3.145745760845865e-27,1.7397592466871141,0.463,0.099,1.1513744059271951e-22,13,NDUFB11
3.154843268929974e-27,1.420809815235184,0.369,0.095,1.1547041848610598e-22,13,CCT3
3.557664787204381e-27,1.9067691493826906,0.388,0.069,1.3021408887646755e-22,13,MAZ
3.766443387150353e-27,1.3685984262514836,0.642,0.204,1.3785559441309008e-22,13,GMPS
3.786856520366132e-27,1.7363831306300932,0.664,0.243,1.386027355019208e-22,13,HIST1H1E
4.069523480227828e-27,1.8003193165941365,0.511,0.105,1.4894862889981873e-22,13,DDX39A
6.61366000294204e-27,1.7016456047119966,0.455,0.106,2.4206656976768156e-22,13,NOP56
6.959744553438899e-27,1.5925144498313863,0.634,0.188,2.5473361040041713e-22,13,NDUFAF6
7.887985201817391e-27,1.889260250115283,0.306,0.048,2.8870814637171835e-22,13,RFC2
8.25282106275678e-27,1.3821949725398759,0.761,0.367,3.0206150371796093e-22,13,ENO1
1.3442712928854618e-26,0.6126604077012114,1,0.997,4.9201673590900785e-22,13,MT-CO2
1.4121305870350968e-26,1.9486970401737098,0.369,0.064,5.168539161607157e-22,13,EBP
1.580102363890065e-26,2.015814630961868,0.403,0.094,5.783332662074027e-22,13,TUBB4B
1.782444098144562e-26,3.4172349950677603,0.269,0.017,6.523923643618911e-22,13,CHEK2
1.91541139132057e-26,1.1164697833178743,0.862,0.425,7.010597233372418e-22,13,RIF1
2.1282065260511857e-26,1.6549394031160731,0.44,0.084,7.789448705999944e-22,13,TFDP1
2.2781769256645387e-26,1.7599457683010322,0.396,0.07,8.338355365624778e-22,13,TRIM59
2.407422847480319e-26,1.4702929644786455,0.515,0.133,8.811408364062715e-22,13,SEPTIN11
2.5572678450079984e-26,2.5477419153203407,0.302,0.032,9.359856039513775e-22,13,SHMT1
2.7156746009853135e-26,1.9938956183762764,0.407,0.073,9.939640607066345e-22,13,ERI1
2.907032244156003e-26,1.0790347399598634,0.922,0.507,1.0640028716835386e-21,13,FLNA
2.9648371970656385e-26,1.1547616276897694,0.578,0.188,1.0851600624979943e-21,13,NUP107
3.240913470763702e-26,0.8846036643628663,0.955,0.648,1.1862067394342225e-21,13,HNRNPD
3.493101850488083e-26,1.0729503034996315,0.757,0.334,1.2785102082971432e-21,13,YWHAQ
3.642542652724209e-26,1.6847407546187174,0.437,0.089,1.3332070363235877e-21,13,CACYBP
4.378609327023522e-26,1.7694850590315712,0.369,0.071,1.6026147997838792e-21,13,MGME1
4.5402579710879173e-26,1.3605319327251908,0.425,0.093,1.6617798199978886e-21,13,SLC16A1
4.921207563193031e-26,1.23503803963041,0.604,0.199,1.801211180204281e-21,13,UBAP2
4.924168500165649e-26,1.064478391277687,0.866,0.446,1.802294912745629e-21,13,DHX15
5.83835186033652e-26,1.0896484477115167,0.69,0.22,2.1368951644017696e-21,13,IL2RG
7.232694750445557e-26,1.3711444889809252,0.567,0.19,2.6472386056105784e-21,13,HSPD1
8.234657636063108e-26,1.4572529799750737,0.59,0.173,3.0139670413754583e-21,13,BUB3
9.259239437064267e-26,1.7365011898054041,0.567,0.169,3.388974226359892e-21,13,PSME2
1.4635429671930874e-25,1.0861315578881914,0.701,0.248,5.3567136142234196e-21,13,SFXN1
1.4679427318720757e-25,1.2968324821601198,0.731,0.292,5.372817192924984e-21,13,NUP210
1.4815522233213694e-25,3.8318234751728264,0.25,0.011,5.422629292578544e-21,13,CKS1B
1.598783522347412e-25,2.1289849157142218,0.317,0.056,5.851707570143763e-21,13,BANF1
1.7427280353011112e-25,3.0144929800340847,0.284,0.022,6.378558882005597e-21,13,CHAF1B
1.8814533898653884e-25,1.2192201681338248,0.761,0.343,6.886307552246308e-21,13,CEP192
1.9952178164484308e-25,1.6540208595602153,0.496,0.124,7.302696729982902e-21,13,NDUFB7
2.1101843528590856e-25,1.4854024728801094,0.451,0.122,7.723485749899539e-21,13,COPS3
2.225046529867592e-25,1.288297158370658,0.616,0.25,8.143892803968374e-21,13,PSMA7
2.269084446842798e-25,1.4670828030285628,0.422,0.096,8.305075983889324e-21,13,C15orf41
2.30717883675884e-25,1.194987915106747,0.701,0.265,8.444505260421031e-21,13,SPTBN1
2.4424389879845944e-25,1.6385407690159761,0.56,0.155,8.939570939922415e-21,13,FAM111A
2.5609387467275542e-25,0.8997962990146068,0.843,0.464,9.373291906897521e-21,13,CNTRL
2.644651378563096e-25,1.0717778879752164,0.765,0.304,9.679688510678788e-21,13,GLCCI1
2.6978258214793675e-25,3.1036254988670047,0.261,0.019,9.874312289196634e-21,13,CHTF18
2.8967138307134344e-25,1.2267166058286771,0.56,0.169,1.0602262291794241e-20,13,DDB2
2.939842086151093e-25,1.3862395139498294,0.534,0.171,1.0760116019521616e-20,13,LDHA
3.611903999856096e-25,1.1978952418344346,0.616,0.206,1.3219929829873297e-20,13,SLF2
3.641337579615031e-25,1.989637317256543,0.325,0.052,1.3327659675148974e-20,13,MTHFD1
3.6791533694409323e-25,1.4893644518020086,0.612,0.196,1.3466069247490756e-20,13,CALR
4.423326398123183e-25,1.5805011676218859,0.511,0.117,1.618981694977066e-20,13,NUDT21
4.5925248883487205e-25,2.174701087993514,0.321,0.038,1.6809100343845152e-20,13,UBL7-AS1
4.858175402481641e-25,0.9554969725334066,0.78,0.299,1.7781407790623055e-20,13,PYHIN1
4.9334143055238e-25,2.3394529095328425,0.299,0.037,1.805678969964766e-20,13,C19orf48
4.951590866360502e-25,1.1290761502225979,0.802,0.42,1.8123317729966074e-20,13,MYL6
5.279015713117534e-25,1.166667143149306,0.515,0.144,1.9321725411581485e-20,13,C2CD3
5.301015595677688e-25,1.2278417691615287,0.575,0.191,1.9402247181739906e-20,13,HMGXB4
5.508464960359049e-25,1.5774433741622202,0.429,0.099,2.0161532601410154e-20,13,ESYT1
6.801599395139641e-25,1.4259466489175878,0.41,0.089,2.4894533946150598e-20,13,ZNF714
8.769323167326827e-25,1.2998320235528378,0.832,0.339,3.209659972473292e-20,13,TLE5
9.794889947559593e-25,1.403363686581749,0.481,0.117,3.5850276697062864e-20,13,CTPS1
9.818007894917956e-25,0.7551933545970835,0.955,0.781,3.5934890696189213e-20,13,HNRNPA2B1
9.970793004550729e-25,1.3407262009152003,0.481,0.127,3.649409947595612e-20,13,BICDL1
1.0917106518678374e-24,2.3134635709257423,0.284,0.035,3.995770156901472e-20,13,RCC1
1.4015993598391844e-24,1.0311403101311778,0.847,0.439,5.129993816947399e-20,13,KPNB1
1.4330727782391581e-24,1.751077224487676,0.388,0.086,5.2451896756331427e-20,13,NUP85
1.4711850977889901e-24,1.3146264644174515,0.627,0.195,5.3846845764174827e-20,13,SLC9A3R1
1.6010914712709778e-24,1.5636190530904435,0.526,0.14,5.860154893998905e-20,13,USP37
1.8180520641906064e-24,1.5457391536766802,0.455,0.107,6.654252360144039e-20,13,RBM15
1.8348846295591076e-24,1.2393456010595263,0.429,0.117,6.71586123264929e-20,13,TTF1
2.3933399800672966e-24,1.270233995650361,0.653,0.236,8.759863661044312e-20,13,NDUFA13
2.7519963154467307e-24,1.5759525935819934,0.347,0.074,1.0072581714166579e-19,13,ADCY3
3.216014390037548e-24,1.1661070772066013,0.709,0.235,1.177093426897643e-19,13,SAMD3
3.486292980136457e-24,0.8357606147487937,0.981,0.597,1.2760180936597448e-19,13,SYNE2
3.874972828823545e-24,1.3127399238014021,0.418,0.119,1.4182788050777059e-19,13,PGAM1
4.677834325628696e-24,2.8556802577045843,0.25,0.023,1.712134141523359e-19,13,HIST1H2BF
4.969737426187963e-24,1.1758418791440683,0.948,0.713,1.8189735953590563e-19,13,TMSB10
5.073429930217069e-24,1.0416396039339524,0.81,0.337,1.8569260887587496e-19,13,TFDP2
5.209094674087009e-24,2.50698030753435,0.25,0.028,1.9065807416625863e-19,13,MICB
5.349420032579672e-24,1.3307477947321695,0.563,0.186,1.9579412261244858e-19,13,RAC2
5.6697572765265125e-24,3.29745119805622,0.276,0.018,2.0751878607814689e-19,13,KHDC1
5.687048291593182e-24,1.0902370035337356,0.802,0.328,2.0815165452060207e-19,13,ANKRD36C
7.699672829730282e-24,1.469059974374462,0.478,0.124,2.818157252409581e-19,13,CCT6A
8.216212632035404e-24,0.8617055818090118,0.899,0.48,3.007215985451278e-19,13,DNAJC1
9.53128807052488e-24,1.9584112693089435,0.332,0.063,3.4885467466928114e-19,13,C1QBP
1.0298758098077889e-23,1.6454068109206443,0.384,0.08,3.769448451477488e-19,13,SLFN13
1.1577175898787595e-23,1.9497222376184231,0.287,0.038,4.237362150715248e-19,13,TIFA
1.1609715324667033e-23,2.415297478312274,0.272,0.035,4.2492719059813807e-19,13,MRPL51
1.1776191301482387e-23,1.0787600230091257,0.571,0.171,4.3102037782555684e-19,13,TRIM37
1.2496175982217574e-23,1.6529434263572411,0.41,0.091,4.573725371251454e-19,13,TMEM160
1.3083058857702704e-23,1.306731772843715,0.507,0.151,4.788530372507767e-19,13,ARPC5L
1.4570737766052653e-23,0.6962165906244574,0.683,0.3,5.333035729752932e-19,13,MTF2
1.610130283718438e-23,1.19673643751014,0.53,0.15,5.893237851437856e-19,13,RPA1
1.8971978736576323e-23,2.0141940091942145,0.358,0.073,6.9439339373743e-19,13,KPNA2
1.935311552165749e-23,0.8521864632312041,0.493,0.179,7.083433812081857e-19,13,NDUFA9
1.978083481532918e-23,1.1490633282861813,0.649,0.229,7.239983350758633e-19,13,NUP160
2.7045726902612884e-23,1.06309586624444,0.582,0.163,9.899006503625342e-19,13,ZAP70
3.11697415610345e-23,1.7735881767702086,0.306,0.044,1.1408437108754236e-18,13,ZWILCH
3.1505301509515553e-23,2.6874887115314157,0.257,0.027,1.1531255405497787e-18,13,XYLB
3.375879055463456e-23,1.7681342087425693,0.336,0.068,1.2356054930901796e-18,13,PSMC3
3.4998830647846597e-23,1.2739997050136664,0.418,0.104,1.2809922005418333e-18,13,BLMH
3.64928149421306e-23,1.4510900664385493,0.44,0.134,1.335673519696922e-18,13,CNN2
4.1187998064674484e-23,1.3239434667178778,0.552,0.164,1.5075219171651508e-18,13,LIN52
4.3845888597196114e-23,0.6327443930172589,0.534,0.213,1.604803368545975e-18,13,SUMO1
4.544182696762211e-23,1.615330310342596,0.485,0.099,1.663216308841937e-18,13,MZT2A
4.5462475029600876e-23,1.6328886304788586,0.556,0.14,1.6639720485584216e-18,13,ARL6IP6
4.7805667513483617e-23,1.160140378933951,0.526,0.175,1.749735236661014e-18,13,PRF1
5.0130484295691846e-23,1.1871314575226304,0.455,0.105,1.8348258557066173e-18,13,FANCM
5.428899921490756e-23,1.0356005236052608,0.858,0.453,1.9870316602648316e-18,13,NUP153
5.534283645265285e-23,1.2063508062557409,0.597,0.22,2.025603157003547e-18,13,EIF2S2
6.303097990835735e-23,1.8506911953548606,0.265,0.045,2.3069968956257875e-18,13,SLC1A4
6.512061072915365e-23,1.2047113476733116,0.616,0.215,2.3834794732977525e-18,13,ARHGDIA
6.548902974601271e-23,1.8649999749171347,0.306,0.052,2.3969639777338115e-18,13,LINC02694
7.77449135482202e-23,1.9364106473706661,0.369,0.071,2.8455415807784074e-18,13,PRDX2
1.0961993308895715e-22,0.8056625408270555,0.94,0.767,4.0121991709889206e-18,13,STAG1
1.1401891921796333e-22,1.7191400980038551,0.313,0.058,4.173206462296676e-18,13,PAXIP1
1.5280845151190252e-22,1.0898395060865629,0.69,0.264,5.592942133787144e-18,13,SUMO2
1.532822977764016e-22,0.8945008368547294,0.937,0.522,5.610285380914075e-18,13,RORA
1.7796673942663048e-22,1.0867109068565353,0.66,0.234,6.513760629754103e-18,13,PSMD14
1.8025343959418849e-22,1.2880546472389354,0.47,0.131,6.5974561425868925e-18,13,LMAN2
1.8245123167128916e-22,2.0581849559706216,0.373,0.061,6.6778975304008544e-18,13,HLTF
1.8335291888340505e-22,1.2343101795703437,0.646,0.214,6.7109001840515085e-18,13,RECQL
1.8349533017530277e-22,0.9548285471357767,0.787,0.328,6.716112579746256e-18,13,SPATA5
1.9692749654755354e-22,1.8077448004679044,0.276,0.041,7.207743301137007e-18,13,HPF1
2.108323613801041e-22,1.025621862064253,0.81,0.389,7.71667525887319e-18,13,CD99
2.1095950014250695e-22,1.0109550163388596,0.888,0.488,7.721328664715896e-18,13,HNRNPA1
2.4250364569235307e-22,1.1037421221917554,0.631,0.252,8.875875935985814e-18,13,CBX3
2.948288555370248e-22,1.7321538482157133,0.351,0.072,1.0791030941510646e-17,13,PGM2L1
3.700596761125434e-22,1.5142103326245706,0.414,0.103,1.3544554205395201e-17,13,MT2A
3.7990548489581054e-22,0.9728587113688945,0.601,0.207,1.390492065267156e-17,13,CEP135
3.9817271248712705e-22,0.952872645413635,0.634,0.217,1.4573519449741338e-17,13,GMCL1
4.0924809340250813e-22,1.0671498633364052,0.78,0.427,1.49788894666252e-17,13,NCL
4.873917383026926e-22,1.831752976798806,0.511,0.172,1.783902501361685e-17,13,HIST2H2AC
5.226863707464804e-22,1.104318520738773,0.601,0.213,1.913084385569193e-17,13,IPO7
5.537672154995221e-22,1.2974996402467234,0.56,0.17,2.026843385449801e-17,13,PTBP1
5.633867564289354e-22,1.4836192759091134,0.369,0.085,2.0620518672055466e-17,13,EIF4A3
6.911834685142161e-22,2.8305838463670643,0.261,0.02,2.5298006131088824e-17,13,LMNB2
7.835890677705939e-22,0.8828446469823326,0.907,0.617,2.8680143469471507e-17,13,DLEU2
7.971562997051177e-22,1.5723919687543222,0.306,0.06,2.9176717725507014e-17,13,LSM5
8.843781419560847e-22,1.1205958800437623,0.795,0.36,3.2369124373734655e-17,13,RFC1
9.099733059213813e-22,2.2889710917466566,0.261,0.033,3.3305932970028477e-17,13,ZDHHC12
9.264771773023328e-22,1.4146450510908855,0.433,0.109,3.390999116644268e-17,13,SNRPD2
1.0375071506818976e-21,1.667912873050624,0.418,0.102,3.7973799222108135e-17,13,COX5A
1.2570015519523545e-21,1.481248327535661,0.284,0.061,4.600751380300813e-17,13,CD2BP2
1.2937190851889324e-21,1.2813779125683775,0.608,0.228,4.7351412237000116e-17,13,TAGLN2
1.6603043025504867e-21,0.6450204834135796,0.668,0.315,6.076879777765036e-17,13,RNF4
1.9697007991105165e-21,1.4991168792211318,0.272,0.051,7.209301894824401e-17,13,CBX1
2.0326727955362627e-21,1.2352599351577518,0.474,0.139,7.439785698942275e-17,13,NUP155
2.08938242143692e-21,0.7981876802302001,0.892,0.523,7.647348600701271e-17,13,DENND1B
2.1540410383732333e-21,1.37262959121998,0.429,0.113,7.884005604549871e-17,13,CCT5
2.4536573313261412e-21,2.2520990680876443,0.269,0.032,8.980631198386809e-17,13,DSN1
2.884462220146229e-21,0.916520885503862,0.754,0.34,1.0557420171957213e-16,13,ANKRD36
2.9115512047984998e-21,0.9935957967430205,0.866,0.52,1.0656568564682989e-16,13,ARHGDIB
3.105664145032268e-21,1.8898984215808046,0.272,0.049,1.1367041337232604e-16,13,ANAPC11
3.872914135140695e-21,1.9250194693240035,0.295,0.047,1.4175253026028458e-16,13,CD59
3.919203511967149e-21,1.7237333418210503,0.534,0.177,1.4344676774150963e-16,13,GZMA
3.9470565472998984e-21,1.7239322702126274,0.302,0.06,1.4446621668772358e-16,13,DYNLL1
4.824561700071119e-21,0.975432728994635,0.907,0.608,1.7658378278430304e-16,13,CALM1
4.853743779627843e-21,1.2038231782050972,0.597,0.192,1.7765187607815868e-16,13,NUP205
4.958864097881199e-21,1.018028167842511,0.772,0.342,1.8149938484654977e-16,13,DDX46
5.210904849916135e-21,0.9072449874125482,0.806,0.427,1.9072432841178045e-16,13,CAP1
5.4411120695766476e-21,1.0336239310721502,0.709,0.294,1.9915014285857487e-16,13,RNASEH2B
5.5960208528516475e-21,1.4222308739732088,0.399,0.095,2.0481995923522314e-16,13,SIVA1
6.0182269164524075e-21,1.2543466788573256,0.433,0.144,2.2027312336907456e-16,13,PSMB10
6.220565407320577e-21,0.8859783574079726,0.638,0.277,2.276789144733404e-16,13,CANX
6.298516901837318e-21,0.9808301828570837,0.698,0.312,2.3053201712414767e-16,13,CTCF
6.4248345783604846e-21,1.3173287951362616,0.522,0.149,2.351553704025721e-16,13,AHI1
6.663648722225061e-21,1.6409032921415545,0.388,0.084,2.4389620688215943e-16,13,AURKAIP1
6.7404513001594326e-21,1.5719462308312548,0.437,0.108,2.467072580371354e-16,13,ATP5MC3
7.143125133623555e-21,1.4691505393746163,0.381,0.088,2.6144552301575574e-16,13,MRPS34
7.711626659643579e-21,1.1583157837196556,0.563,0.217,2.822532473696146e-16,13,RDX
8.552627110726499e-21,1.1009136324619435,0.34,0.089,3.130347048797006e-16,13,HTATSF1
9.63046781625874e-21,1.5995047724641476,0.388,0.093,3.524847525428861e-16,13,YWHAH
9.640309525080371e-21,0.9782984330940423,0.903,0.574,3.5284496892746666e-16,13,RPSA
1.0374496791497199e-20,1.2118895819942204,0.541,0.17,3.79716957065589e-16,13,LY6E
1.1839572220587182e-20,0.8819948065954436,0.69,0.311,4.3334018284571146e-16,13,RHEB
1.2173788549424682e-20,1.179228274845414,0.44,0.116,4.455728346974928e-16,13,CASP8AP2
1.221364467986986e-20,1.098416050955169,0.545,0.178,4.470316089279167e-16,13,SF3B3
1.295685403218266e-20,1.403228934116247,0.575,0.195,4.742338144319175e-16,13,CLIC1
1.3496342576179948e-20,0.8258001636205538,0.828,0.485,4.939796346307623e-16,13,TPR
1.3889538297331588e-20,1.4505991887908682,0.388,0.1,5.083709912206335e-16,13,VDAC1
1.3955110850910503e-20,1.0626872982958453,0.526,0.156,5.107710122541753e-16,13,ANKRD36B
1.4579628948523993e-20,0.9500028195726896,0.612,0.239,5.336289991449267e-16,13,SPCS2
1.5659987068668092e-20,0.916984591108289,0.907,0.521,5.731711867003208e-16,13,STK39
1.616207942254729e-20,1.4769587512363431,0.59,0.212,5.915482689446533e-16,13,PPIB
1.6452298037734414e-20,0.9023610194734588,0.41,0.134,6.021705604791173e-16,13,CEP44
1.6984626635871705e-20,0.8924811787898024,0.653,0.31,6.216543194995403e-16,13,ARPC5
1.8194863448942343e-20,1.6460846225356032,0.504,0.196,6.659501970947387e-16,13,LGALS1
1.9869972538774878e-20,0.9200952868914408,0.81,0.361,7.272608648916993e-16,13,VPS13A
2.0115829159600012e-20,1.5629324672730656,0.507,0.158,7.3625946307052e-16,13,PSMB8
2.1127414675285927e-20,0.6748575281232754,0.444,0.166,7.732845045301402e-16,13,RRP1B
2.455091918392881e-20,0.9676310980120435,0.466,0.171,8.985881930509783e-16,13,FAR2
2.715732796650834e-20,1.0599955666893572,0.422,0.122,9.939853609021718e-16,13,CUTA
2.7301028176168786e-20,1.0057517073305264,0.567,0.203,9.992449322759538e-16,13,ARL6IP4
2.7362834310960034e-20,1.05194929419623,0.769,0.392,1.0015070986154482e-15,13,SERBP1
2.8369056473925195e-20,1.7717874684860635,0.388,0.08,1.0383358360021361e-15,13,PSMB6
3.115302010105853e-20,1.4290787901058484,0.343,0.077,1.1402316887188432e-15,13,TPGS2
3.545859359734603e-20,1.5344036789719249,0.396,0.094,1.297819984256462e-15,13,FBL
3.9600803457513123e-20,1.660997964749393,0.272,0.05,1.4494290073484379e-15,13,IRF4
4.126115876617855e-20,0.9352502443493106,0.59,0.231,1.5101996720009011e-15,13,NDUFS6
4.3261225836783253e-20,0.9847692688613137,0.604,0.234,1.583404126852104e-15,13,ARPC4
4.4001592563546713e-20,1.4257259850992519,0.358,0.088,1.6105022894183733e-15,13,HCFC1
4.416025674882772e-20,1.0006184125380182,0.597,0.223,1.6163095572638434e-15,13,ALMS1
4.4481513960136894e-20,1.2374680560073044,0.5,0.154,1.6280678924549705e-15,13,PKP4
4.649624457030951e-20,0.810311128210341,0.851,0.386,1.7018090475178984e-15,13,SLFN12L
4.6589748677616444e-20,1.0109698555972981,0.571,0.22,1.7052313913494395e-15,13,P4HB
5.09473501310085e-20,1.0239967799891385,0.951,0.796,1.8647239621450423e-15,13,TMSB4X
5.27001041928768e-20,1.4460214911946205,0.403,0.094,1.9288765135634836e-15,13,HACE1
6.001705096577901e-20,0.9777281303548797,0.47,0.172,2.1966840823984776e-15,13,HNRNPLL
6.551639402049413e-20,1.7959630528153105,0.284,0.051,2.3979655375441054e-15,13,RNASEH2C
6.765254152402291e-20,1.2949960177061772,0.321,0.079,2.4761506723207626e-15,13,NDUFA6
6.777618147516078e-20,1.4059621471543415,0.414,0.114,2.4806760181723598e-15,13,MLEC
7.174871778155066e-20,1.84990502519226,0.422,0.087,2.626074819522536e-15,13,PSMC5
7.454579589897653e-20,0.9027416421029765,0.623,0.257,2.72845067569844e-15,13,PI4K2B
8.929529184116232e-20,0.9692779663125366,0.817,0.397,3.268296976678382e-15,13,PSIP1
9.15724087046592e-20,0.9191694060801624,0.769,0.4,3.3516417309992314e-15,13,SRSF3
9.795385205989564e-20,0.795206075898965,0.806,0.432,3.5852089392442404e-15,13,MIS18BP1
9.805862130722796e-20,0.9565627927484655,0.534,0.21,3.589043598465851e-15,13,NR2C1
9.899943977238135e-20,1.3077037768300996,0.418,0.108,3.6234784951089296e-15,13,TUFM
9.909026707949145e-20,2.4321062626140915,0.257,0.028,3.6268028653764665e-15,13,SAMD1
1.0557782058952288e-19,2.1229683445490553,0.261,0.036,3.864253811397127e-15,13,CCDC167
1.0921942994858884e-19,1.9197127617008036,0.321,0.056,3.9975403555483e-15,13,GTF3C6
1.093442014083913e-19,1.7555623421783582,0.287,0.055,4.00210711574853e-15,13,AHSA1
1.1073917378050563e-19,1.0728381261440034,0.619,0.249,4.053164499540286e-15,13,ATP5MG
1.1790026383350211e-19,1.0184777859705882,0.631,0.26,4.315267556570011e-15,13,SCMH1
1.2560688425737625e-19,1.1676859391128787,0.571,0.181,4.597337570704228e-15,13,LMAN1
1.3683080322367279e-19,1.0581486320022202,0.373,0.121,5.008144228789648e-15,13,PHTF1
1.4036510849407105e-19,0.9899812318213268,0.634,0.267,5.1375033359914946e-15,13,LDHB
1.4941376755578586e-19,1.4806587692943625,0.604,0.209,5.4686933063093185e-15,13,ARL6IP1
1.6169681877357203e-19,1.4340796151253823,0.496,0.168,5.91826526393151e-15,13,GSTP1
1.7112382513158512e-19,0.9120476109382079,0.787,0.422,6.263303123641147e-15,13,NIBAN1
1.8459681726564697e-19,0.9167856507108526,0.459,0.148,6.756428108739945e-15,13,PNRC2
1.8959180328522105e-19,0.6490990187607399,0.728,0.405,6.939249592042375e-15,13,CDC27
1.941997437957364e-19,2.0880147345316256,0.28,0.037,7.107904822667749e-15,13,ALYREF
2.086858261421558e-19,1.041471182415982,0.481,0.174,7.638109922629044e-15,13,CCDC18
2.1741726921519936e-19,1.2368657232792568,0.474,0.139,7.957689470545511e-15,13,HNRNPUL2
2.296770990031526e-19,0.7094233853692229,0.963,0.676,8.406411500614388e-15,13,LCP1
2.3584940775248967e-19,1.471501531552243,0.332,0.073,8.632324173148874e-15,13,CCDC138
2.4985705893809015e-19,0.8336995599430721,0.437,0.158,9.145018214193037e-15,13,SENP1
2.812311620428365e-19,1.329810459480261,0.433,0.106,1.0293341761929859e-14,13,MYO19
2.8986608114597733e-19,0.8641680500108191,0.672,0.272,1.0609388436023917e-14,13,SFI1
3.016769661519553e-19,1.1829236460255326,0.511,0.162,1.1041678638127716e-14,13,PARK7
3.062767482525972e-19,0.9606175542607238,0.44,0.144,1.1210035262793311e-14,13,HNRNPA0
3.1590040086424215e-19,1.2156712604017719,0.34,0.096,1.1562270572032126e-14,13,UFC1
3.1945380108750887e-19,1.0240949946632552,0.381,0.111,1.1692328573603912e-14,13,GIMAP4
3.209091021209571e-19,1.350271033454141,0.317,0.069,1.1745594046729151e-14,13,MRPL41
3.2292383066562686e-19,1.1336120662927989,0.444,0.146,1.1819335126192609e-14,13,COX6B1
3.407939054739711e-19,1.1967231518021673,0.418,0.131,1.2473397734252817e-14,13,BZW2
3.4994274475462983e-19,1.560775635139216,0.332,0.077,1.2808254400764206e-14,13,BLOC1S1
4.403811806125625e-19,1.4774872720826027,0.369,0.092,1.6118391591600402e-14,13,SNRPE
4.971976375219784e-19,1.5914896591948589,0.287,0.063,1.819793073094193e-14,13,C17orf49
5.009994630874104e-19,1.2907451004629134,0.444,0.122,1.833708134846231e-14,13,PAICS
5.525676967811905e-19,1.6543176700234983,0.373,0.076,2.0224530269888352e-14,13,APOBEC3C
5.715290788156866e-19,0.7459767043296541,0.504,0.2,2.0918535813732944e-14,13,IARS
6.256356768520895e-19,0.8284186536456855,0.825,0.423,2.289889140846333e-14,13,CTDSPL2
7.504097482140992e-19,1.4319948965300042,0.381,0.089,2.7465747194384245e-14,13,NDUFB10
7.5816477531051905e-19,0.917927766889459,0.821,0.435,2.7749588941140308e-14,13,GNAI2
8.228962226800968e-19,0.921480703362901,0.634,0.253,3.0118824646314225e-14,13,N4BP2
8.536992108999376e-19,1.449224969014288,0.351,0.08,3.1246244818148616e-14,13,ETFB
8.727788698957963e-19,0.7561825914171186,0.735,0.36,3.194457941705604e-14,13,BRD7
9.007041306190474e-19,1.4831403200973263,0.276,0.051,3.296667188478776e-14,13,ZNF519
9.187377907349714e-19,1.5965248236424359,0.369,0.096,3.362672187869069e-14,13,DBI
9.497294340127674e-19,1.2967432003251789,0.321,0.077,3.47610470143013e-14,13,RNF167
9.918068356418512e-19,1.1849970972324233,0.433,0.124,3.6301121991327396e-14,13,BSG
1.0077045287062479e-18,1.099189423630817,0.34,0.087,3.688299345517738e-14,13,PDSS1
1.019692972258343e-18,0.9086427761704734,0.407,0.135,3.732178247762761e-14,13,MDH1
1.0875711387663278e-18,1.073582066759305,0.616,0.261,3.980619124998636e-14,13,IPO9
1.0934501478018707e-18,0.8372758883975625,0.623,0.264,4.002136885969627e-14,13,UBE2L3
1.1729830980027994e-18,1.5691235431160444,0.332,0.071,4.293235437000046e-14,13,POLE3
1.229558865630717e-18,1.0760877269801605,0.34,0.097,4.5003084040949875e-14,13,ITM2A
1.2606176733236534e-18,1.1632720089621613,0.414,0.125,4.613986746131904e-14,13,COX10-AS1
1.2677539633741822e-18,0.7341486999433994,0.791,0.453,4.640106281345844e-14,13,TMBIM6
1.3056599508232967e-18,1.0799540996268389,0.504,0.194,4.778845986008348e-14,13,ARHGAP10
1.3241874284370275e-18,0.8433701988799516,0.701,0.303,4.846658406822365e-14,13,CAND1
1.350111764518457e-18,1.1913236822896374,0.444,0.124,4.941544069314004e-14,13,RALBP1
1.4179911007063208e-18,1.3302022118046646,0.414,0.098,5.189989227695205e-14,13,HSPB11
1.419968588963864e-18,1.7925218620477772,0.28,0.052,5.1972270324666384e-14,13,PHB
1.42092736499252e-18,0.924328542600769,0.664,0.307,5.2007362486091223e-14,13,SLC20A1
1.4741533411971132e-18,1.1615308579369068,0.496,0.181,5.395548644115554e-14,13,PSME1
1.6014411325344012e-18,1.087120084662624,0.261,0.07,5.861434689189162e-14,13,PGM2
1.7907823147727938e-18,1.3596303772958371,0.336,0.082,6.554442350299903e-14,13,HPRT1
1.831256940450371e-18,1.5060414871089698,0.31,0.07,6.702583527742403e-14,13,PRDX5
1.8772173349441686e-18,1.705028213276964,0.325,0.062,6.870803167629151e-14,13,NET1
2.1453213147711415e-18,1.9452340026514623,0.295,0.052,7.852090544193854e-14,13,SDF2L1
2.190867140295844e-18,1.4284481015326107,0.295,0.06,8.018792820196819e-14,13,PLEKHJ1
2.2069532086315583e-18,1.0783145988347282,0.34,0.102,8.077669438912366e-14,13,SACS
2.2284086982773213e-18,1.222726108928411,0.276,0.064,8.156198676564824e-14,13,MRPS16
2.3038760152164126e-18,0.8683214918157438,0.429,0.134,8.432416603293592e-14,13,GALM
2.3845450572000106e-18,1.0535317684457337,0.504,0.165,8.727673363857759e-14,13,TAF1B
2.5443480189839347e-18,0.9184288540878296,0.698,0.283,9.3125681842831e-14,13,TGFBR3
2.8089823303117155e-18,1.046438140575824,0.586,0.257,1.028115622717391e-13,13,CHCHD2
2.8334060941193525e-18,1.0270470201682866,0.78,0.428,1.0370549645086242e-13,13,ARPC1B
2.99517068098612e-18,0.8196689569658759,0.866,0.422,1.0962624209477298e-13,13,PRKACB
3.1366584757688973e-18,1.2873715463708153,0.44,0.142,1.148048368716174e-13,13,NME2
3.1369719284905302e-18,1.0953056847151048,0.388,0.118,1.148163095546819e-13,13,IL2RB
3.311853053527212e-18,1.28796031867109,0.343,0.077,1.212171336121495e-13,13,ITPR3
3.938984857676208e-18,0.693855302422977,0.828,0.445,1.4417078477580688e-13,13,KIF2A
3.939757894102067e-18,1.5879358119043987,0.287,0.055,1.4419907868202976e-13,13,IER3IP1
4.071515678425097e-18,0.6863105077529309,0.687,0.289,1.4902154534603698e-13,13,TMEM161B
4.119185642957336e-18,1.2113021550295124,0.578,0.201,1.5076631371788145e-13,13,ATP5F1A
4.187768870270383e-18,1.4998634954209003,0.362,0.073,1.532765284207663e-13,13,TRIM28
4.332014629910797e-18,1.254995290879606,0.429,0.115,1.5855606746936508e-13,13,TMX1
4.501594417693536e-18,1.5112543282660247,0.332,0.069,1.6476285728200112e-13,13,INTS13
4.523777820193952e-18,1.270541336423388,0.496,0.15,1.6557479199691884e-13,13,PSMA2
4.610427793342765e-18,2.0687605124429966,0.261,0.04,1.6874626766413855e-13,13,CLN6
4.755806830455051e-18,0.9347028644535561,0.675,0.276,1.7406728580148532e-13,13,ATP2B4
5.115137995221669e-18,0.8544877658880069,0.381,0.123,1.872191657631083e-13,13,SRRT
5.187913770816719e-18,1.1463382998979224,0.694,0.275,1.898828319256627e-13,13,WRN
5.963494793842833e-18,0.9063719359226744,0.683,0.305,2.1826987294944152e-13,13,SRSF2
6.028647300350671e-18,1.395222236192425,0.332,0.072,2.2065451984013492e-13,13,ATP5PF
6.365794891994993e-18,0.722710761940561,0.963,0.815,2.3299445884190875e-13,13,RPLP1
6.441228403509304e-18,0.967519899294412,0.448,0.149,2.3575540079684404e-13,13,EXOG
6.4819347827082074e-18,1.0511245197450412,0.537,0.183,2.372452949819031e-13,13,DAZAP1
7.007100775423936e-18,0.7291209109277068,0.668,0.287,2.564668954812915e-13,13,RBM17
7.142709384309437e-18,1.242892095495964,0.541,0.179,2.6143030617510966e-13,13,CMC2
7.342054828364907e-18,1.01719791988433,0.451,0.126,2.6872654877298397e-13,13,LAT
7.390791134648875e-18,1.0272909662900016,0.481,0.166,2.705103463192835e-13,13,EED
7.492436947326549e-18,0.7332774649607403,0.728,0.379,2.74230684709099e-13,13,LIMS1
7.986520883404342e-18,0.9315020369075064,0.638,0.238,2.923146508534823e-13,13,CEP57
8.35379990083099e-18,0.9997130320761412,0.504,0.169,3.0575743017031507e-13,13,CNOT10
8.92632238343957e-18,1.0487502642047,0.56,0.198,3.267123255562717e-13,13,MRE11
9.606981701588832e-18,0.8931221767482183,0.444,0.146,3.516251372598528e-13,13,NLRC3
9.931195201100452e-18,1.1870051580345422,0.28,0.065,3.6349167555547764e-13,13,EEF1E1
1.0550545945469717e-17,1.1641463527578386,0.418,0.128,3.8616053215013714e-13,13,CGAS
1.0554734632840529e-17,0.7341243634643355,0.813,0.378,3.863138422965962e-13,13,ARL4C
1.14721833804422e-17,1.427477463370884,0.31,0.073,4.19893383907565e-13,13,PIN1
1.219854633587433e-17,0.8841213148192115,0.313,0.087,4.4647899443933635e-13,13,EXOSC8
1.335424167109043e-17,0.8148517212583171,0.896,0.492,4.887785994035808e-13,13,IFI16
1.5429487361665412e-17,1.7498789276818625,0.291,0.06,5.647346669243158e-13,13,IL12RB2
1.7967101812963498e-17,1.200326570739238,0.362,0.09,6.57613893456277e-13,13,CPSF3
1.8483365084884458e-17,1.4047016660319032,0.313,0.09,6.76509645471856e-13,13,TXN
1.859315878350733e-17,1.2142732825394877,0.5,0.17,6.805282046351518e-13,13,UQCRH
1.889790948683749e-17,0.7434690123734837,0.724,0.325,6.916823851277389e-13,13,STRN
1.95748940387719e-17,1.0035529727947596,0.534,0.174,7.164606967130903e-13,13,UBTF
2.2196502041391747e-17,2.1206163322548965,0.272,0.035,8.124141712169793e-13,13,RAD51C
2.2502957342898332e-17,0.6680586530553942,0.884,0.615,8.236307417074219e-13,13,PDS5A
2.4886965840959147e-17,1.600252568417186,0.257,0.047,9.108878367449458e-13,13,MTA2
2.5710178375620874e-17,1.1654679449564265,0.351,0.091,9.410182387260995e-13,13,TRNAU1AP
2.5856545226999938e-17,0.9962916101277448,0.31,0.092,9.463754118534247e-13,13,SMARCD2
2.6437800881713633e-17,1.356428187433425,0.478,0.136,9.676499500716006e-13,13,TAP1
2.6974916259548495e-17,0.6779983786157651,0.657,0.297,9.873089100157344e-13,13,NUP58
3.086957454610526e-17,1.2209050716906464,0.511,0.168,1.1298572979619987e-12,13,EIF5A
3.343491388926518e-17,2.019827730673321,0.265,0.038,1.2237512832609949e-12,13,GLRX5
3.384028096354815e-17,1.4204042748898194,0.325,0.077,1.2385881235468258e-12,13,ATP5MF
3.432319962329288e-17,1.7232449491513404,0.284,0.055,1.2562634294121427e-12,13,CYC1
3.5918362813815e-17,1.4669709469451644,0.321,0.078,1.3146479973484428e-12,13,PGP
3.788468886015833e-17,1.3219934195192182,0.351,0.089,1.386617496970655e-12,13,TARS
3.8138963183531665e-17,0.7180661657118814,0.493,0.203,1.3959241914804426e-12,13,SRP9
3.9828019755311886e-17,1.065695557284463,0.351,0.105,1.4577453510641703e-12,13,LYAR
3.990242930702283e-17,0.7001511884767152,0.784,0.423,1.4604688150663427e-12,13,RANBP9
4.0148088628347105e-17,1.4002365260036695,0.284,0.071,1.4694601918861325e-12,13,GADD45GIP1
4.0220850777290576e-17,1.0452927925905064,0.351,0.1,1.4721233592996123e-12,13,ZDHHC13
4.2715066742346316e-17,1.0798891830829367,0.429,0.139,1.5634141578366175e-12,13,DGKH
4.359663366906249e-17,0.9576567074823629,0.545,0.198,1.5956803889213561e-12,13,RTCA
4.3893398046222706e-17,0.7527325721057612,0.664,0.322,1.6065422618897972e-12,13,SLC25A3
4.3982878258111386e-17,0.9056450659905062,0.433,0.135,1.6098173271251348e-12,13,EFL1
4.4824795320414025e-17,0.8003885159203796,0.526,0.226,1.6406323335224737e-12,13,CLDND1
4.5502492322099387e-17,0.9618867379869804,0.299,0.083,1.6654367214811597e-12,13,MAP4K1
4.681127887517348e-17,1.059514759055999,0.563,0.204,1.7133396181102245e-12,13,EID1
5.132054856037673e-17,1.9591737243946254,0.332,0.059,1.8783833978583485e-12,13,CDKN2B-AS1
5.150446171204944e-17,1.0919924646464665,0.552,0.196,1.8851148031227217e-12,13,AGK
5.1816751260064185e-17,0.520455149655174,0.377,0.123,1.896544912869609e-12,13,PALM2-AKAP2
5.2684356413683385e-17,0.8147276477343124,0.799,0.418,1.9283001290972257e-12,13,KHDRBS1
5.569991238999023e-17,0.8788089874507354,0.459,0.169,2.0386724933860323e-12,13,SOD1
5.777868401369297e-17,1.149878405375876,0.586,0.223,2.114757613585176e-12,13,UBB
5.79513251169418e-17,0.9353874820743803,0.709,0.318,2.121076450605187e-12,13,RBBP4
5.833534202187396e-17,0.7440267716935522,0.854,0.531,2.135131853342609e-12,13,RPL35
6.311131944564639e-17,1.5448978125877812,0.269,0.057,2.3099374030301034e-12,13,DONSON
6.417739725672945e-17,1.525708047227133,0.31,0.063,2.3489569169935544e-12,13,NEMP1
6.524057084479073e-17,1.0338944353620154,0.429,0.141,2.3878701334901855e-12,13,IPO5
6.806632947611258e-17,0.6964916552667565,0.451,0.145,2.4912957251551966e-12,13,TMEM156
6.83279281038376e-17,0.8679081777697257,0.537,0.204,2.50087049652856e-12,13,IMMT
7.151468676113003e-17,1.5103672386422362,0.295,0.073,2.61750905014412e-12,13,SPATS2L
7.493329050690674e-17,0.7796119685364744,0.746,0.355,2.7426333658432935e-12,13,HBS1L
7.537627126703952e-17,1.1847263825024215,0.407,0.132,2.7588469046449135e-12,13,DRAP1
7.680966283968478e-17,0.9096460270379838,0.608,0.245,2.8113104695953028e-12,13,NFATC2IP
7.806785485936623e-17,1.4185851944687866,0.291,0.07,2.8573615557076633e-12,13,SNRPD3
7.839625646784591e-17,0.8152356487184458,0.507,0.184,2.869381382979628e-12,13,RPN1
8.397422129796575e-17,0.9038212762771166,0.623,0.264,3.0735404737268448e-12,13,RNF168
8.425751998079624e-17,0.762839029093048,0.604,0.24,3.0839094888171232e-12,13,TRIM26
9.044736228623508e-17,0.8423179346290015,0.53,0.181,3.31046390703849e-12,13,NVL
9.651778806812874e-17,1.5077341522131487,0.347,0.069,3.53264756108158e-12,13,SH2D1A
1.033555016803859e-16,1.5354684472361135,0.284,0.064,3.7829147170038045e-12,13,CCP110
1.1569987280561944e-16,1.439185049656051,0.343,0.086,4.2347310445584774e-12,13,GSDMD
1.1684734258198972e-16,1.502095181136633,0.463,0.136,4.276729585843406e-12,13,COX6A1
1.2446351290499933e-16,0.7911023051496116,0.687,0.323,4.5554890358358805e-12,13,GTDC1
1.294375721739146e-16,1.5288390018992357,0.295,0.059,4.737544579137448e-12,13,GOT2
1.331898272484212e-16,1.7356968807358133,0.272,0.049,4.874880867119464e-12,13,NHP2
1.4202899451686716e-16,0.830501321647026,0.601,0.238,5.198403228311855e-12,13,PTPN22
1.438556308549231e-16,0.8162506410675464,0.672,0.328,5.2652599449210405e-12,13,GMFG
1.4836311308462611e-16,0.9905137909203987,0.414,0.125,5.430238302010401e-12,13,CYB5B
1.6779299879121501e-16,1.6891759491916811,0.299,0.056,6.141391548757261e-12,13,HADH
1.7415038964372543e-16,1.654699581285619,0.287,0.05,6.374078411349994e-12,13,PRPS2
1.743419129616131e-16,0.6614611690214802,0.743,0.387,6.381088356308001e-12,13,SMG7
1.8669048104623027e-16,1.6831104611895937,0.429,0.099,6.833058296773074e-12,13,S1PR4
1.8706685518341322e-16,1.528231440414225,0.291,0.063,6.8468339665681075e-12,13,SAAL1
1.8910196309378058e-16,0.8637143192534494,0.56,0.206,6.921320951195463e-12,13,PPP1CC
1.971924750574086e-16,1.0102347313191804,0.69,0.281,7.217441779576212e-12,13,ACTN4
2.0416103351374672e-16,1.246070414710406,0.351,0.088,7.472497987636644e-12,13,TBC1D31
2.179890842038177e-16,0.7052145545913076,0.903,0.547,7.978618470943932e-12,13,NFATC3
2.2760943575298156e-16,0.7533241713135935,0.78,0.364,8.330732957994878e-12,13,IKZF3
2.307912063872774e-16,0.6109412529515209,0.369,0.144,8.44718894498074e-12,13,UBXN1
2.3536548564480735e-16,1.2076205920914709,0.291,0.07,8.614612140085594e-12,13,TADA3
2.3587304366801336e-16,0.65289338961209,0.545,0.246,8.633189271292956e-12,13,RFX3-AS1
2.439912913480932e-16,0.6380767063161807,0.627,0.281,8.93032525463156e-12,13,PTPN11
2.4712829461770523e-16,1.0287976684272553,0.343,0.104,9.04514271130263e-12,13,TAF10
2.520331876835531e-16,1.1193696284397645,0.351,0.101,9.224666702405726e-12,13,PDAP1
2.576704451878555e-16,0.9310021124400523,0.325,0.109,9.4309959643207e-12,13,SLC25A40
2.640467174882169e-16,1.0395161642956734,0.567,0.213,9.664373906786227e-12,13,LRRC58
2.7510781719059406e-16,0.7389995019990758,0.437,0.16,1.0069221216992933e-11,13,KLHDC4
2.865101740517286e-16,1.1775242589060726,0.418,0.135,1.0486558880467319e-11,13,GBP4
2.9632232275800537e-16,0.7240556763879933,0.675,0.284,1.0845693335265755e-11,13,NCALD
3.0426672990696304e-16,0.7523729565581572,0.321,0.095,1.1136466581324754e-11,13,RANGAP1
3.2739565655580617e-16,0.8086606270979506,0.511,0.198,1.1983008425599062e-11,13,TTLL5
3.300520506650383e-16,0.9187036061840801,0.5,0.189,1.2080235106391067e-11,13,BTG3
3.459468086468989e-16,1.1786907459110105,0.317,0.077,1.2661999143285147e-11,13,CRKL
3.5006895509149083e-16,0.8647969440153357,0.526,0.174,1.2812873825303656e-11,13,GLMN
3.5361901133187192e-16,0.7583809344817476,0.896,0.582,1.2942809433757844e-11,13,HNRNPA3
3.692473608667187e-16,1.296340461698258,0.254,0.054,1.351482265508277e-11,13,AIFM1
3.730268107402021e-16,1.2724569088283428,0.384,0.116,1.3653154299902137e-11,13,PSMB4
4.2380482805856507e-16,1.611802294897393,0.332,0.072,1.551168051177154e-11,13,LSM3
4.2798361678744615e-16,0.9747566730278258,0.493,0.179,1.5664628358037315e-11,13,GUSB
4.331238038211007e-16,0.6444603081617122,0.716,0.335,1.5852764343656106e-11,13,NAA16
4.415702922868844e-16,1.0780833719690444,0.631,0.247,1.6161914267992255e-11,13,HNRNPF
4.944090763807464e-16,0.7221276976663671,0.392,0.139,1.80958666046117e-11,13,RBM10
4.989045270345645e-16,1.4634542877297045,0.254,0.049,1.8260404593992098e-11,13,LINC00426
5.304208972427297e-16,0.7100431782497166,0.414,0.141,1.9413935259981148e-11,13,DROSHA
5.410318286978326e-16,0.7794227397376653,0.623,0.288,1.9802305962169372e-11,13,H1FX
5.41895548585415e-16,0.9610761427217075,0.321,0.101,1.9833918973774776e-11,13,TMED2
5.588199029425414e-16,0.7400522826454566,0.474,0.199,2.045336726759996e-11,13,EDF1
5.621192808790236e-16,1.4173733344144839,0.317,0.067,2.0574127799453144e-11,13,TOMM5
5.657152677316746e-16,1.3972411397491933,0.347,0.089,2.070574451424702e-11,13,CCT7
5.701515394114853e-16,1.0835412262671973,0.325,0.095,2.0868116493999774e-11,13,NDUFC2
6.1917195769984125e-16,1.0190942739404107,0.306,0.075,2.266231282377189e-11,13,LINC00649
6.663031851219251e-16,1.039767860777359,0.444,0.152,2.438736287864758e-11,13,GUK1
7.327446124782117e-16,1.5459072512820504,0.257,0.057,2.6819185561315024e-11,13,PHLDB2
7.906254987644176e-16,1.2210097526894566,0.343,0.104,2.893768388027645e-11,13,AP2S1
7.912303936005297e-16,0.7470925264565782,0.627,0.28,2.8959823636172987e-11,13,SF3B2
8.585945572242488e-16,0.7349090746939757,0.422,0.164,3.142541938896473e-11,13,TALDO1
8.645197574311925e-16,0.7695770168857654,0.631,0.279,3.164228764173908e-11,13,CTSC
8.767022409405366e-16,1.287492138788556,0.396,0.097,3.208817872066458e-11,13,TADA2A
9.337417476318038e-16,0.8589661867835356,0.899,0.71,3.4175881705071654e-11,13,H3F3A
9.456857507779432e-16,0.7067659951047881,0.679,0.316,3.46130441642235e-11,13,ANAPC5
9.859520415995867e-16,0.8558233117146721,0.534,0.225,3.608683067458647e-11,13,COPE
1.0465466620949986e-15,0.9872807430235007,0.34,0.099,3.830465437933904e-11,13,SEC11C
1.0469077704388416e-15,0.9487431659266087,0.366,0.127,3.831787130583204e-11,13,SLC25A25
1.0675689134787566e-15,0.735451363452769,0.593,0.265,3.907408980223597e-11,13,E2F3
1.1065831910387471e-15,0.8085783790132295,0.5,0.192,4.050205137520918e-11,13,ABCF1
1.1555040776881035e-15,0.9526807402589396,0.388,0.12,4.229260474746228e-11,13,JTB
1.1680919399654113e-15,1.1722050552055516,0.358,0.102,4.275333309467402e-11,13,NDUFA11
1.169884809198108e-15,0.7588726826979095,0.593,0.252,4.281895390145995e-11,13,CLTA
1.208095164150929e-15,1.0279509047096695,0.724,0.34,4.4217491103088155e-11,13,NPM1
1.3242867575646194e-15,1.200289315031097,0.388,0.106,4.8470219613622636e-11,13,PSMD8
1.3371803225317013e-15,0.9256774185561009,0.593,0.211,4.89421369849828e-11,13,ATP2A3
1.370763375404243e-15,0.7947341154051742,0.399,0.135,5.01713103031707e-11,13,METAP1
1.4883946124611784e-15,0.6602606703209715,0.862,0.523,5.447673121069159e-11,13,SMC5
1.5194782750240968e-15,0.7524915917301247,0.526,0.193,5.561442434415697e-11,13,PSMA5
1.6478803307281953e-15,0.8138756262946254,0.698,0.337,6.031406798498268e-11,13,TUBGCP3
1.8337130455733423e-15,1.2324672142306456,0.463,0.147,6.71157311810299e-11,13,ELOB
1.8429244677189877e-15,1.2463415879409347,0.299,0.091,6.745287844298267e-11,13,CKAP2
1.8562341801871176e-15,1.057588552898503,0.392,0.137,6.794002722902869e-11,13,SNX5
1.8644479292157564e-15,1.1811058892331279,0.269,0.064,6.82406586572259e-11,13,MRPL48
1.876567658436017e-15,0.7364745974793889,0.84,0.444,6.868425286641666e-11,13,TAF15
1.876862360021066e-15,0.813995732240451,0.869,0.572,6.869503923913103e-11,13,PDS5B
1.923637340532327e-15,0.6083572520413751,0.489,0.207,7.040705030082369e-11,13,ATF4
2.043359444396242e-15,1.218501041299514,0.403,0.117,7.478899902434685e-11,13,RAB8A
2.058048959452958e-15,0.6023840627277345,0.604,0.279,7.53266499649377e-11,13,UGGT1
2.1448732675484e-15,0.7741363678121931,0.302,0.106,7.850450646553898e-11,13,BRK1
2.1694336386819865e-15,0.6554247650324823,0.91,0.59,7.940344060939939e-11,13,NAP1L1
2.1735336852760175e-15,1.4020561758135484,0.261,0.057,7.955350641478751e-11,13,POLR2D
2.1921862955323787e-15,0.5991509970649154,0.358,0.125,8.02362106027806e-11,13,PRPF38A
2.2308728681535722e-15,0.6507377592194854,0.948,0.678,8.16521778472889e-11,13,MACF1
2.2794336310891295e-15,1.1838231865687083,0.34,0.089,8.342955033149323e-11,13,EIF3I
2.344648833911098e-15,1.0427824954104123,0.381,0.123,8.58164919699801e-11,13,NEDD8
2.611916460081479e-15,1.102390960774963,0.545,0.207,9.559875435544221e-11,13,PSMB9
2.6271608502948262e-15,0.6551737639888929,0.634,0.293,9.615671428164093e-11,13,SPECC1L
2.6927558518346033e-15,1.0473254949169295,0.362,0.103,9.855755693299832e-11,13,NUP188
2.8076476068317837e-15,0.6982370818758358,0.813,0.469,1.0276271005765012e-10,13,PBRM1
2.8428081356759127e-15,1.087522256793486,0.366,0.119,1.0404962057387408e-10,13,UBL5
2.8506329701592933e-15,0.93036147105439,0.47,0.152,1.0433601734080029e-10,13,HAUS6
2.8784355753332408e-15,0.9237043501645406,0.276,0.074,1.0535362049277195e-10,13,HAUS3
2.9833572413213106e-15,1.5645193171817926,0.254,0.047,1.0919385838960128e-10,13,DANCR
3.037320255250953e-15,1.9193154248672717,0.272,0.041,1.1116895866244013e-10,13,MRPL23
3.1423639440785593e-15,1.9435791263978617,0.407,0.125,1.1501366271721935e-10,13,IKZF2
3.3540020726753647e-15,0.7393622134461555,0.448,0.156,1.2275982986199103e-10,13,ENOSF1
3.3913981622057097e-15,0.5404445214269955,0.739,0.339,1.2412856413489117e-10,13,RNF125
3.4003161799308775e-15,0.8161998948725737,0.567,0.245,1.2445497250165004e-10,13,TMA7
3.404298040470091e-15,1.0674700059815212,0.496,0.186,1.246007125792458e-10,13,PCBD2
3.4158653399298794e-15,1.0952294445933477,0.537,0.222,1.2502408730677351e-10,13,TRAC
3.430198696445817e-15,1.1370829230146788,0.257,0.061,1.2554870248861335e-10,13,NSMCE1
3.4600620791983198e-15,0.8338041602813238,0.354,0.117,1.266417321607377e-10,13,EXOSC9
3.47866286980603e-15,0.9079992773263627,0.522,0.204,1.273225396977705e-10,13,NUMA1
3.5280981032514735e-15,0.501635918187042,0.575,0.254,1.2913191867710718e-10,13,CWC27
3.52880489101373e-15,1.2347269666472416,0.328,0.083,1.2915778781599353e-10,13,NDUFA2
3.5748163608183476e-15,0.9714581305235176,0.354,0.1,1.3084185362231234e-10,13,C1orf112
3.8187274890569634e-15,1.2261267142750552,0.463,0.16,1.3976924482697392e-10,13,ATP5F1D
4.062017522323065e-15,0.6483280463661438,0.91,0.615,1.486739033345465e-10,13,EIF3A
4.079254998022747e-15,0.776716978432437,0.646,0.293,1.4930481218263057e-10,13,EIF3K
4.123033778444634e-15,2.0156424931628405,0.257,0.04,1.5090715932485204e-10,13,CEP57L1
4.6971786957696606e-15,0.5065809267545678,0.772,0.456,1.7192143744386536e-10,13,EWSR1
4.718952732221252e-15,0.884623337085193,0.604,0.252,1.7271838895203003e-10,13,LINC00342
4.794830930436445e-15,0.8530068167163257,0.504,0.221,1.7549560688490432e-10,13,SSR2
5.124538284823475e-15,0.8560610041156435,0.332,0.102,1.87563225762824e-10,13,RPA3
5.213725881599332e-15,0.7209613821721852,0.679,0.317,1.9082758099241715e-10,13,ABHD3
5.316624040069461e-15,0.8241821569624987,0.444,0.149,1.9459375649058233e-10,13,SNRNP40
5.3386774654514484e-15,0.5864536551359079,0.56,0.245,1.9540093391298846e-10,13,FAM126A
5.521882662683704e-15,0.8864992718845701,0.306,0.098,2.0210642733688626e-10,13,TUBA4A
5.791475365646928e-15,1.085337778849189,0.403,0.12,2.1197378985804321e-10,13,NUDC
6.004290817676722e-15,0.5964524874290213,0.847,0.531,2.197630482177857e-10,13,YWHAB
6.319335891949329e-15,0.5003553320531869,0.541,0.247,2.312940129812374e-10,13,SRBD1
6.379093550091402e-15,1.1273100387137824,0.683,0.341,2.334812030268954e-10,13,HSP90B1
6.5540112055545534e-15,0.7477982352130005,0.388,0.121,2.398833641345022e-10,13,ZNF507
6.62122368626125e-15,1.2603269198794596,0.437,0.152,2.42343408140848e-10,13,MIF
6.755767959162935e-15,0.6458362727458947,0.754,0.39,2.472678630733226e-10,13,TMEM181
7.552396232849385e-15,0.6278210459816712,0.541,0.25,2.7642525451852035e-10,13,SLC10A7
7.83721791851727e-15,0.8302181506360067,0.448,0.166,2.868500130356506e-10,13,PCBP1
7.963478980952859e-15,0.6616412435474585,0.496,0.2,2.9147129418185557e-10,13,GARS
8.184149226460683e-15,0.6930392465104928,0.373,0.127,2.9954804583768745e-10,13,PMS1
8.330194682672838e-15,0.8352253496099442,0.657,0.273,3.0489345558050853e-10,13,NNT
8.46533602772005e-15,0.68989067726666,0.418,0.152,3.098397639505815e-10,13,ORC5
9.21632040059802e-15,1.2537009007194362,0.295,0.075,3.3732654298228814e-10,13,TRAPPC1
9.360152504225425e-15,0.5104015461211773,0.701,0.349,3.4259094180715477e-10,13,OLA1
9.688370469282921e-15,1.2083590229616306,0.407,0.118,3.5460404754622423e-10,13,SSR3
9.724716583652547e-15,0.5310291872038974,0.612,0.279,3.5593435167826687e-10,13,FAM160B1
9.920625390659323e-15,0.6380537974754221,0.485,0.209,3.6310480992352187e-10,13,HADHA
9.943347353221283e-15,0.6230384233534292,0.44,0.17,3.639364564752522e-10,13,SAMD9
1.0407428551514282e-14,1.390882941681433,0.28,0.057,3.8092229241397424e-10,13,TMEM109
1.0883577690257216e-14,1.020083265403672,0.325,0.095,3.9834982704110437e-10,13,RBBP5
1.2194474436494717e-14,0.6014015480042189,0.601,0.307,4.4632995885014313e-10,13,PKM
1.2532408799501137e-14,0.9752845198210618,0.332,0.112,4.5869869447054113e-10,13,FBXW5
1.2604943526366156e-14,0.8118186520326202,0.687,0.29,4.613535380085277e-10,13,PAXBP1
1.2674583516289569e-14,0.8345898964506632,0.649,0.289,4.639024312797145e-10,13,ZFP91
1.3205227495395745e-14,1.0598823062371705,0.716,0.394,4.833245315589796e-10,13,YBX1
1.456807976129285e-14,1.01646041243488,0.362,0.101,5.332062873430796e-10,13,NOD1
1.4906122783651313e-14,0.9245627582034754,0.321,0.095,5.455790000044217e-10,13,SNRPC
1.5064676376229994e-14,0.9289848247232886,0.407,0.128,5.513822200463941e-10,13,EIPR1
1.5071408556606978e-14,1.3628365198559096,0.328,0.084,5.51628624580372e-10,13,ACAA2
1.556482366713888e-14,0.6147292970602849,0.604,0.26,5.696881110409501e-10,13,OPTN
1.6144164019416002e-14,0.8838234363529558,0.403,0.131,5.908925472746451e-10,13,SSBP4
1.6278599214408397e-14,1.2875444530476647,0.306,0.088,5.958130098465617e-10,13,ISG15
1.7840297601448796e-14,0.8469173304005091,0.571,0.237,6.529727325106274e-10,13,SUGP2
1.8060762049965856e-14,0.6243679545523257,0.907,0.559,6.610419517908002e-10,13,XRCC5
1.8287691730328044e-14,1.395034203476342,0.291,0.06,6.693478050217368e-10,13,DCK
1.843458841112786e-14,0.8974897405954662,0.325,0.118,6.747243704356908e-10,13,FGD5-AS1
1.8707328375857365e-14,0.9679892497238304,0.384,0.117,6.847069258847554e-10,13,URM1
1.9764470813342313e-14,0.5903284442720239,0.362,0.129,7.23399396239142e-10,13,CPSF2
2.0123939577823856e-14,0.5164553844962232,0.541,0.222,7.36556312487931e-10,13,CDC123
2.0660797119832315e-14,0.7763531571460331,0.701,0.384,7.562058353829825e-10,13,FUT8
2.1592735230592543e-14,0.5898856718089805,0.675,0.297,7.903157021749177e-10,13,SPTAN1
2.1737438683245722e-14,0.7845756779465729,0.485,0.194,7.956119932454767e-10,13,PPP6R1
2.275206121917726e-14,1.2622258694195938,0.254,0.069,8.32748192683107e-10,13,TXLNA
2.289358040029256e-14,1.0382766684363498,0.25,0.067,8.37927936231108e-10,13,ZNF66
2.3630796091372567e-14,1.4863968515375028,0.325,0.082,8.649107677403273e-10,13,POLR2L
2.4837776145084008e-14,1.0928219876491976,0.451,0.137,9.090874446862198e-10,13,NUCB2
2.5285876937879475e-14,1.3338255488112383,0.291,0.068,9.254883818033266e-10,13,MPDU1
2.539293867153231e-14,1.3167728917487547,0.343,0.086,9.294069483167541e-10,13,YPEL1
2.6256317541586087e-14,0.8635689487187558,0.664,0.368,9.610074783395924e-10,13,OAZ1
2.680332420982814e-14,1.4521257160388412,0.317,0.077,9.810284694039199e-10,13,LRP8
2.7430953487291115e-14,0.7087355562316243,0.455,0.166,1.0040003285883421e-9,13,MRPS27
2.7844247260490116e-14,0.9087249924757174,0.47,0.174,1.0191272939811987e-9,13,ARF6
2.8215154279577265e-14,1.1034265540771306,0.254,0.069,1.0327028617868074e-9,13,PDIA4
3.0480138044133417e-14,1.0687029683086604,0.272,0.071,1.1156035325533272e-9,13,C9orf16
3.069033436441706e-14,1.3251093813924093,0.295,0.075,1.123296928072029e-9,13,UQCR10
3.609873135082717e-14,0.9938068972623737,0.276,0.076,1.3212496661716253e-9,13,IPPK
3.673328463111459e-14,0.6590486914600635,0.325,0.112,1.3444749507834252e-9,13,LRP10
3.8772687648199474e-14,0.5913284490608283,0.638,0.32,1.419119140611749e-9,13,TPM4
4.060815247766084e-14,0.9897164938865414,0.437,0.143,1.4862989888348644e-9,13,FKBP8
4.066019140761155e-14,1.00888446148362,0.272,0.063,1.4882036657099904e-9,13,NDUFS8
4.185717908493316e-14,1.0375226151563899,0.351,0.109,1.5320146116876385e-9,13,NDUFA12
4.346284129007608e-14,0.8855870296987413,0.392,0.132,1.5907834540580747e-9,13,GANAB
4.4223254509018104e-14,0.7020951294716998,0.463,0.191,1.6186153382845716e-9,13,CPT1A
4.557481513949013e-14,0.8406548887552282,0.377,0.125,1.6680838089204781e-9,13,MAP2K2
4.6653807658484524e-14,0.5477508202453125,0.806,0.394,1.7075760141081921e-9,13,PRKCQ
4.7083705937821316e-14,1.2671031015037901,0.306,0.078,1.723310721030198e-9,13,NDUFS7
4.9046374470306786e-14,1.3117081442267047,0.343,0.093,1.7951463519876987e-9,13,RPA2
4.934787267408082e-14,1.0034681819791578,0.265,0.074,1.806181487744032e-9,13,ANKMY2
5.075758933282407e-14,0.8389501290106015,0.623,0.272,1.8577785271706939e-9,13,SSBP3
5.333647799834744e-14,0.740338440672678,0.701,0.342,1.9521684312175145e-9,13,EIF5B
5.821426538487841e-14,0.5805821723414277,0.53,0.221,2.130700327351935e-9,13,SRSF1
5.882731148110434e-14,0.6804541436257804,0.694,0.321,2.1531384275199e-9,13,TMEM245
5.952744863429516e-14,0.7690698283971404,0.47,0.19,2.1787641474638375e-9,13,ABHD12
5.963408179627077e-14,0.7881826760084971,0.269,0.084,2.1826670278253063e-9,13,MRPS10
5.999294672976898e-14,1.196357931982455,0.642,0.319,2.1958018432562744e-9,13,IL32
6.339805388294301e-14,0.7479563461495524,0.325,0.11,2.3204321701695972e-9,13,SF3B5
6.442058450815618e-14,1.026731757394384,0.347,0.111,2.357857813583024e-9,13,MTPAP
6.450948660323561e-14,1.358771803617713,0.257,0.055,2.3611117191650267e-9,13,MZT1
6.495070765092255e-14,1.4127708119158526,0.299,0.058,2.3772608507314162e-9,13,ELP6
7.137117289120468e-14,0.7310275337377029,0.511,0.202,2.6122562989909826e-9,13,FRG1
7.231179915106201e-14,0.5246847564630096,0.522,0.241,2.646684160728021e-9,13,ZC3H18
7.314572890471944e-14,0.5798302901405301,0.325,0.115,2.677206823641636e-9,13,MTCH2
7.39548705510269e-14,0.54851490076809994,0.701,0.388,2.7068222170381354e-9,13,BDP1
7.399776534199833e-14,0.9080160619441873,0.261,0.083,2.708392209282481e-9,13,ZNHIT1
7.579868973014895e-14,1.0134652975592247,0.276,0.081,2.7743078428131817e-9,13,BUD31
7.614848612019854e-14,0.7352302010976575,0.407,0.138,2.7871107404853866e-9,13,MRPS5
7.646169690267908e-14,0.917031709831954,0.429,0.171,2.798574568334957e-9,13,ATP5F1B
7.651542786258677e-14,0.6233232245335033,0.522,0.23,2.800541175198538e-9,13,M6PR
7.87628136013181e-14,0.6383466623574711,0.612,0.288,2.8827977406218436e-09,13,MYO1G
8.026424584114902e-14,0.6403807389775562,0.396,0.153,2.9377516620318952e-9,13,ASH2L
8.110937324554517e-14,1.2343805767148373,0.31,0.097,2.968684170160199e-9,13,SPATS2
8.556297943094983e-14,0.8778797090714913,0.541,0.219,3.1316906101521946e-9,13,UBALD2
8.652125073449233e-14,0.5651621331076728,0.851,0.471,3.166764298133154e-9,13,TNIK
8.724363220605662e-14,1.1857594085101741,0.28,0.082,3.193204182373878e-9,13,ARHGEF12
8.830132132428703e-14,0.5330758691716757,0.608,0.305,3.2319166617902295e-9,13,PPP1R12B
9.699702519435633e-14,1.4553745568120073,0.265,0.059,3.550188119138636e-9,13,SPICE1
9.816188629757094e-14,1.318238401587373,0.269,0.06,3.592823200377394e-9,13,HAUS8
9.856822348128381e-14,0.7125304726423809,0.287,0.095,3.607695547638469e-9,13,CLTB
1.0013370128907787e-13,0.5733205597904316,0.951,0.537,3.6649936008815393e-9,13,CD247
1.0302824761134397e-13,0.9999886353213361,0.295,0.079,3.770936890822801e-9,13,CTDNEP1
1.0303905300562168e-13,0.6387427085529794,0.795,0.464,3.771332379058759e-9,13,UHRF2
1.0821187308508438e-13,0.718358203493188,0.343,0.122,3.960662766787173e-9,13,BRCC3
1.1023559237876527e-13,1.1893841831620187,0.291,0.075,4.034732916655188e-9,13,SUMO3
1.1355541758660578e-13,1.0776799450717047,0.366,0.107,4.156241839087358e-9,13,CHST12
1.1605580835553063e-13,0.655867999117387,0.422,0.167,4.2477586416207764e-09,13,GLRX3
1.1755297120322157e-13,1.1197113100133376,0.34,0.094,4.302556299009113e-9,13,PSMD4
1.2298709533141133e-13,1.865780602049877,0.272,0.065,4.501450676224986e-9,13,SLC4A4
1.2529852170773073e-13,0.7142025613459476,0.821,0.472,4.5860511930246525e-9,13,HP1BP3
1.3100558997864945e-13,0.9349498849475977,0.437,0.182,4.794935598808548e-9,13,AC068587.4
1.353029473824244e-13,0.6991786457341672,0.358,0.129,4.952223177144115e-9,13,ABCB10
1.4957841689979092e-13,0.7538458235232258,0.437,0.171,5.474719636949247e-9,13,SELPLG
1.4975363129478351e-13,0.88843453139859,0.369,0.128,5.481132659020371e-9,13,FGFR1OP
1.5097635495784788e-13,0.6928995032237177,0.433,0.147,5.5258855678121906e-9,13,AK3
1.543632908062873e-13,0.9472439157828341,0.336,0.106,5.6498508068009216e-9,13,ATP5PO
1.609793449816968e-13,0.5965114789249981,0.504,0.22,5.892005005675085e-9,13,RCC2
1.6154351262229078e-13,1.0914106706037514,0.429,0.16,5.9126541054884645e-9,13,KLRK1
1.670800493625748e-13,1.0292725912669165,0.451,0.157,6.1152968867196e-9,13,DCLRE1C
1.6759044545868544e-13,1.0232791688000398,0.496,0.184,6.133977894233346e-9,13,GTF3A
1.8125500259112143e-13,0.5124176224225175,0.384,0.172,6.634114349837635e-9,13,PIGX
1.9024493252405696e-13,0.6434689604213133,0.455,0.168,6.963154775313009e-9,13,TUBGCP5
1.9511713874398187e-13,0.7439517075781845,0.422,0.155,7.14148239516848e-9,13,ATP5PB
1.963661684812268e-13,0.8279045882186987,0.358,0.118,7.187198132581382e-9,13,GART
2.0832497326770905e-13,0.5292023583523666,0.978,0.649,7.624902346571419e-9,13,PRKCH
2.1139506252155175e-13,0.6415240463079256,0.556,0.249,7.737270683351315e-9,13,OTULIN
2.1246320872648434e-13,1.148035213217227,0.384,0.117,7.776365902598054e-9,13,SNRPF
2.1332143320173209e-13,0.6032166736950273,0.817,0.539,7.807777776616597e-9,13,TPM3
2.141708552720263e-13,0.9045158060482522,0.425,0.157,7.838867473811434e-9,13,FARSB
2.1543814983807312e-13,0.6193225934184661,0.392,0.133,7.885251722223314e-9,13,GLO1
2.195445464390198e-13,1.075673731544791,0.369,0.145,8.035549944214563e-9,13,SPON2
2.20106499559475e-13,0.7598434061526811,0.485,0.167,8.056117990376345e-9,13,PTPN7
2.271467580015785e-13,0.8909495096041435,0.257,0.078,8.313798489615774e-9,13,ACADM
2.380332762276141e-13,0.9695450917811819,0.493,0.169,8.712255943206904e-9,13,PSMG2
2.4487422292242125e-13,0.8532905941499731,0.53,0.21,8.96264143318354e-9,13,TMX3
2.4600450692571295e-13,0.8860539878662148,0.396,0.142,9.004010957988019e-9,13,LSM7
2.4853012344079314e-13,0.6332331748759343,0.422,0.16,9.09645104805647e-9,13,CALU
2.516434209818514e-13,0.8283717675477873,0.47,0.182,9.210400851356744e-9,13,TXNRD1
2.539615982189775e-13,0.8119767440204705,0.582,0.257,9.295248456412794e-9,13,IBTK
2.6513842912070344e-13,0.7092878114433038,0.351,0.131,9.704331644246867e-9,13,FAM193B
2.6786707633869254e-13,1.2584689519900913,0.317,0.088,9.804202861072486e-9,13,AK2
2.6958890406823186e-13,0.6418081538765079,0.53,0.236,9.867223477801354e-9,13,ANKFY1
2.7066076075410533e-13,0.7075318797934544,0.698,0.346,9.906454504361009e-9,13,HNRNPUL1
2.716213966301266e-13,0.6561103583727556,0.716,0.359,9.941614738059263e-9,13,EXOC6
2.766039634408952e-13,1.058900398565775,0.306,0.084,1.0123981665900205e-8,13,NUDT5
2.8176778217458194e-13,0.6963642748076406,0.646,0.378,1.0312982595371874e-8,13,SERF2
3.038061143196637e-13,1.0450397728312404,0.313,0.088,1.111960759021401e-8,13,LRRC8A
3.0514434506083205e-13,0.8892645439841154,0.612,0.289,1.1168588173571513e-8,13,HINT1
3.058009178863472e-13,0.7402771111688706,0.317,0.105,1.1192619395558193e-8,13,ZMPSTE24
3.2376871405030763e-13,0.5995635488803631,0.422,0.173,1.185025870295531e-8,13,GIMAP7
3.370132890807497e-13,1.291817783579835,0.254,0.066,1.233502339364452e-8,13,ODF2
3.538063824295164e-13,0.939551738095164,0.504,0.193,1.294966740330273e-8,13,SRSF9
3.5756410005029685e-13,1.033189540331385,0.466,0.162,1.3087203625940915e-8,13,CCDC85B
3.604698581728513e-13,1.0020313588608296,0.25,0.069,1.319355727898453e-8,13,STIP1
3.657972103408864e-13,0.6046489951043246,0.571,0.264,1.3388543695686784e-8,13,EIF4E
3.7230874016300765e-13,0.7669230617517294,0.634,0.281,1.3626872198706242e-8,13,RPN2
3.9529953018023224e-13,1.2037302218061217,0.265,0.069,1.4468358104126681e-8,13,TRIB2
4.143400340471543e-13,0.8207370953661121,0.489,0.186,1.5165259586159896e-8,13,DNAJC8
4.1763157860689325e-13,0.7954724209578473,0.34,0.123,1.52857334085909e-8,13,PFKL
4.347006920872552e-13,0.969768809839388,0.269,0.067,1.591048003108563e-8,13,PPIH
4.5293946817457566e-13,0.8476360673051102,0.313,0.098,1.6578037474657643e-8,13,RPIA
4.589255057934036e-13,0.808236760535267,0.422,0.151,1.6797132437544365e-8,13,PFKP
4.589465096911203e-13,1.2281161858711096,0.265,0.06,1.6797901201204693e-8,13,RAVER1
4.658749522883666e-13,1.229350238873481,0.257,0.064,1.7051489128706506e-8,13,CCDC117
4.73732804807883e-13,0.5916013439704113,0.649,0.302,1.7339094388773327e-8,13,SEC11A
4.772537563369566e-13,0.998735965395935,0.336,0.098,1.7467964735688947e-8,13,AP002495.1
4.975401063157638e-13,0.9013773936874362,0.306,0.091,1.821046543126327e-8,13,HIST1H2BD
5.059056847698856e-13,0.8793139682657639,0.396,0.125,1.8516653968262584e-8,13,MLH1
5.066455469020407e-13,1.1306782211962711,0.306,0.098,1.8543733662161592e-8,13,NELFCD
5.132645935063617e-13,0.6425821224885688,0.369,0.129,1.8785997386926344e-8,13,MFHAS1
5.219087944500729e-13,0.6189037712690515,0.474,0.194,1.910238378566712e-8,13,RBX1
5.346384020242064e-13,0.9166779346981729,0.354,0.116,1.956830015248798e-8,13,C12orf4
5.391687802767176e-13,0.7158153881205281,0.325,0.111,1.973411652690814e-8,13,GABPB2
5.444721440162018e-13,1.0175849110984667,0.34,0.112,1.9928224943137004e-8,13,PAXX
5.603142063529034e-13,1.079471787481268,0.257,0.065,2.0508060266722615e-8,13,CSNK2B
5.792682132584572e-13,1.1183239107375853,0.269,0.075,2.120179587347279e-8,13,TAF4
5.809526338111228e-13,0.7874644672647183,0.466,0.173,2.1263447350120907e-8,13,SMPD4
6.072616665396055e-13,0.9808185024751737,0.429,0.15,2.22263842570161e-8,13,HDAC1
6.111064076524398e-13,0.628528708972991,0.429,0.182,2.236710562648695e-8,13,DR1
6.149366133921175e-13,0.9492774673216149,0.306,0.092,2.250729498676489e-8,13,C11orf80
6.577403948083497e-13,0.5234912391709601,0.754,0.398,2.407395619038041e-8,13,NPC1
6.708154967412483e-13,0.9195197219416811,0.336,0.111,2.455251799622643e-8,13,DAD1
6.821659714970003e-13,0.6406916835529166,0.257,0.087,2.4967956722761708e-8,13,DNASE1
6.85793299851075e-13,0.7137635530762466,0.403,0.151,2.5100720567849198e-8,13,ST13
6.946033899950947e-13,0.5625126508446789,0.683,0.345,2.542317867721046e-8,13,PTGES3
6.984504522549658e-13,0.6877615635927248,0.638,0.334,2.5563985002984003e-8,13,MIR181A1HG
7.015795375638685e-13,1.2989240623675544,0.265,0.06,2.567851265437515e-8,13,DDT
7.057687020944915e-13,1.172922518094686,0.328,0.091,2.583184026536048e-8,13,HSPE1
7.239633321542277e-13,1.0468916597644633,0.291,0.083,2.649778192017689e-8,13,ATIC
7.499813446041471e-13,1.339995073287909,0.254,0.058,2.7450067193856387e-8,13,NELFB
7.748545880086797e-13,0.9626528325737401,0.336,0.105,2.8360452775705688e-8,13,AP2M1
7.801650642414134e-13,0.7802098064587828,0.34,0.108,2.8554821516299972e-8,13,IFT80
7.843849706079487e-13,0.868974686468779,0.463,0.182,2.870927430922153e-8,13,CD7
8.374723954208635e-13,0.5001532933206669,0.649,0.34,3.065232714479902e-8,13,TCEA1
8.417111248582087e-13,1.4291962430123426,0.25,0.047,3.08074688809353e-8,13,SIRPG
8.591496849833104e-13,0.5118691151899548,0.981,0.886,3.144573762007414e-8,13,MT-ATP8
8.64926460310939e-13,0.598003510687553,0.306,0.111,3.165717337384068e-8,13,PKIA
8.778813988000342e-13,0.7938948710624991,0.713,0.32,3.213133707748005e-8,13,ERAP2
9.14524029610851e-13,0.9762685620820274,0.336,0.109,3.347249400778676e-8,13,TAF5L
9.19259455695295e-13,1.0713515944595762,0.373,0.116,3.364581533790349e-8,13,UQCRC1
9.2336835617913e-13,1.2778863747826854,0.343,0.097,3.3796205204512336e-8,13,ITGB7
9.654937233478926e-13,0.9499825868542873,0.351,0.108,3.533803576825622e-8,13,TMEM209
9.82232798037386e-13,0.6634083178844186,0.276,0.099,3.595070264096636e-8,13,ZC3H4
9.998530580789078e-13,0.97764738173238,0.414,0.155,3.6595621778746105e-8,13,NDUFB8
1.0272826540291676e-12,0.6587591225992722,0.295,0.103,3.759957242012157e-8,13,SYNJ2
1.0286913595492752e-12,0.5678442307338483,0.761,0.429,3.7651132450863025e-8,13,USP48
1.0310759606499493e-12,1.1573871222261354,0.28,0.073,3.7738411235748796e-8,13,AC093865.1
1.1040981924414064e-12,0.8166710603960972,0.422,0.154,4.041109794154792e-8,13,NDUFV1
1.1318919254090449e-12,0.7807329623862671,0.265,0.09,4.1428376361896454e-8,13,ZNF195
1.1539015379380659e-12,1.0361602017743519,0.28,0.083,4.2233950190071146e-8,13,CEP250
1.1677759759342139e-12,0.7012308114964267,0.373,0.132,4.274176849516816e-8,13,RAB29
1.181033188774734e-12,0.732852251882727,0.847,0.487,4.3226995742344045e-8,13,WWOX
1.2402822036689555e-12,1.1125462403777442,0.28,0.076,4.539556893648744e-8,13,RPS19BP1
1.2711455002538236e-12,0.7876683712798258,0.384,0.128,4.65251964547902e-8,13,PLAAT4
1.3101813473288661e-12,0.8217334481507088,0.549,0.24,4.7953947493583827e-8,13,YEATS2
1.3269726404956211e-12,1.1220447028352423,0.366,0.104,4.8568525614780226e-8,13,ACP1
1.333593057548543e-12,0.5489122028569631,0.716,0.376,4.8810839499334225e-8,13,TNPO3
1.4106827433922066e-12,0.7478280631933248,0.451,0.178,5.1632399090898156e-8,13,JADE1
1.520594353313698e-12,0.611276140976158,0.701,0.369,5.565527392563466e-8,13,GBF1
1.622127415833659e-12,1.0282373351580014,0.254,0.072,5.937148554692775e-8,13,U2AF2
1.625712629791086e-12,1.0756593812612079,0.392,0.13,5.950270796298354e-8,13,NDUFB2
1.7431552248874476e-12,0.6003950731643322,0.877,0.607,6.380122438610547e-8,13,SRSF4
1.7550344932511105e-12,0.8823608820386248,0.399,0.115,6.42360174874839e-8,13,KIF21A
1.7735182798913733e-12,0.909522626111001,0.313,0.09,6.491254256230416e-8,13,XPOT
1.7827684816051703e-12,1.0214984688969444,0.306,0.082,6.525110919523084e-8,13,SF3A2
1.907464567990506e-12,0.515387122480681,0.343,0.147,6.981511065302051e-8,13,KLHL22
1.934879824179474e-12,0.6563602457131398,0.41,0.157,7.081853644479293e-8,13,HDAC7
1.95848136104971e-12,0.8860383680338324,0.407,0.145,7.168237629578043e-8,13,SNRPB2
2.200984154831431e-12,0.6439479907098324,0.563,0.235,8.05582210509852e-8,13,FAM76B
2.241960143246413e-12,0.9131594840559066,0.429,0.148,8.205798320296197e-8,13,RAD23A
2.286341634220857e-12,0.9162859399602027,0.325,0.115,8.36823901541176e-8,13,MAF
2.3944448798987886e-12,0.8119724541454507,0.59,0.296,8.763907704917557e-8,13,EFHD2
2.512552794963108e-12,0.6120649936280581,0.552,0.224,9.196194484844472e-8,13,FOCAD
2.6157734467387837e-12,1.4245791928639662,0.351,0.104,9.573992392408622e-8,13,PRELID1
2.73996615807841e-12,0.5283142538308137,0.351,0.129,1.0028550135182789e-7,13,LBH
2.772645106896666e-12,1.4124402946597394,0.25,0.053,1.0148158355752487e-7,13,SSNA1
2.8579288918345814e-12,0.9443507493976161,0.325,0.105,1.0460305537003751e-7,13,LDAH
2.8719532596574657e-12,1.0044378224702384,0.34,0.093,1.051163612567229e-7,13,SEPTIN1
2.9036237160743785e-12,1.0434436151542155,0.325,0.107,1.0627553163203833e-7,13,LINC00299
2.9915108856569577e-12,1.1426610810729219,0.284,0.077,1.0949228992593031e-7,13,DGCR8
3.0002914926939127e-12,0.5912680427191634,0.306,0.104,1.098136689240899e-7,13,DCTN2
3.058764674077208e-12,0.685883963355074,0.328,0.115,1.119538458358999e-7,13,FKBP11
3.062222886912041e-12,0.706235922860405,0.366,0.124,1.1208041988386761e-7,13,TXNDC12
3.2370936771071558e-12,0.7334764647366976,0.265,0.092,1.18480865675799e-7,13,PLEKHA5
3.2486385940919442e-12,1.248887151589953,0.254,0.057,1.1890342118235925e-7,13,PPAT
3.4438162767592533e-12,1.0617071823749997,0.604,0.29,1.2604711954566543e-7,13,NKG7
3.4577236110922844e-12,0.8158067080510741,0.571,0.265,1.265561418895887e-7,13,BTF3
3.642565872158903e-12,1.1658631868980858,0.31,0.093,1.33321553486888e-7,13,MDH2
3.6461916710840006e-12,1.0034173769060182,0.448,0.163,1.334542613533455e-7,13,C1orf21
3.66196070509246e-12,1.0181593498292782,0.325,0.107,1.3403142376708915e-7,13,PSMD2
3.756534437346514e-12,0.801290059328782,0.381,0.133,1.3749291694131974e-7,13,ADH5
3.9198250906493244e-12,0.9837627158769044,0.299,0.088,1.4346951814285592e-7,13,TSPOAP1
3.973731245628632e-12,0.6315792597968017,0.623,0.3,1.4544253732125358e-7,13,UBA2
4.133145532458925e-12,0.7306610632905057,0.616,0.267,1.5127725963352913e-7,13,CD2
4.3527792972168514e-12,0.6365497668759557,0.257,0.089,1.5931607505743397e-7,13,SNAP29
4.4018239687144324e-12,0.9812253217714252,0.377,0.127,1.6111115907891693e-07,13,DNAJB11
4.49756749638187e-12,0.6753561568516728,0.873,0.506,1.6461546793507283e-7,13,NAP1L4
4.533523737207461e-12,0.6645105883951297,0.257,0.088,1.6593150230553026e-7,13,OAS2
4.67450832797497e-12,0.7642350685843858,0.463,0.167,1.7109167931221188e-7,13,LNPK
4.753125391306669e-12,0.7201375125058119,0.396,0.146,1.7396914244721537e-7,13,PRRC2A
4.881841251086299e-12,0.5526068667545917,0.549,0.248,1.7868027163100962e-7,13,KIAA1328
4.934693659870785e-12,0.9869012305744715,0.261,0.07,1.8061472264493063e-7,13,NEMP2
4.955064129000911e-12,0.694729205116155,0.444,0.159,1.8136030218556233e-7,13,SCAI
4.9701383657423165e-12,0.5995598270702077,0.392,0.158,1.8191203432453452e-7,13,HAT1
5.213997929258066e-12,0.5732118429157829,0.448,0.17,1.9083753820877448e-7,13,UFD1
5.3311312974705565e-12,0.752287268705868,0.59,0.25,1.9512473661871984e-7,13,PREP
5.4670600603208035e-12,0.8782296559658733,0.28,0.083,2.0009986526780173e-7,13,MPC2
5.5283844360212394e-12,0.919677681500658,0.317,0.104,2.023443987428134e-7,13,ACLY
5.5389738658510165e-12,0.7983096233570234,0.448,0.183,2.0273198246401305e-7,13,ZNF718
5.601602611745659e-12,0.5446570142818348,0.638,0.337,2.0502425719250288e-7,13,ATP2C1
5.6097758820701554e-12,0.7569301313249645,0.657,0.342,2.0532340705964977e-7,13,SPCS3
5.923750132800376e-12,0.9808525282936322,0.336,0.115,2.1681517861062656e-7,13,PRKCSH
5.956126678865582e-12,0.6798438818272245,0.772,0.529,2.1800019257315917e-7,13,PHACTR2
6.195398368793405e-12,0.6428035311876603,0.403,0.168,2.2675777569620743e-7,13,PEBP1
6.3303926188889604e-12,0.9754747065909021,0.437,0.165,2.3169870024395485e-7,13,UCP2
6.3517401420811704e-12,0.8048280594253034,0.332,0.108,2.3248004094031291e-7,13,ANKRD26
6.661747171447358e-12,0.9188003981101023,0.257,0.072,2.438266082221447e-7,13,RAD9A
6.7461179949134394e-12,0.6921367461485173,0.552,0.225,2.469146647318268e-7,13,UXS1
6.88874039848028e-12,0.5926836991375093,0.619,0.299,2.5213478732477675e-7,13,BRD2
6.9630920241782235e-12,0.7827555986905478,0.34,0.12,2.548561311769472e-7,13,ATP5ME
7.224183896592903e-12,1.347900485561901,0.287,0.073,2.6441235479919685e-7,13,MBD3
7.310010070854804e-12,0.8663065960689551,0.399,0.149,2.675536786033567e-7,13,PSMD13
7.492260479664195e-12,0.5220652671591705,0.683,0.362,2.742242258161892e-7,13,RAB27A
7.541418939370809e-12,0.6958099335369086,0.478,0.247,2.76023474599911e-7,13,PEAK1
7.583944204308033e-12,0.6799215590636336,0.474,0.189,2.775799418218783e-7,13,ZCCHC8
7.86406485727909e-12,0.54199663339016,0.907,0.53,2.87832637841272e-7,13,SYNE1
8.00890161961837e-12,0.6175972226656277,0.481,0.235,2.9313380817965196e-7,13,ERP29
8.553702256605915e-12,0.8173290693341493,0.299,0.089,3.1307405629403307e-7,13,FAS
8.691569311652139e-12,0.5913113671749897,0.772,0.409,3.181201283757799e-7,13,RASGRP1
8.72643874285923e-12,0.5993375759501772,0.451,0.178,3.1939638442739067e-7,13,CD3E
8.777677568594558e-12,0.68838847521695,0.384,0.129,3.212717766881294e-7,13,PIM1
8.807351830376553e-12,0.7042013041913575,0.5,0.236,3.2235788434361224e-7,13,SAP130
8.934096034351146e-12,0.7294380444474922,0.265,0.083,3.269968489532863e-7,13,CHMP1A
9.584551431494383e-12,1.124522386192589,0.254,0.071,3.508041669441259e-7,13,ATP5PD
9.720540527622217e-12,1.118058897872584,0.269,0.074,3.5578150385150075e-7,13,SEPHS1
9.746519379477543e-12,0.6843407807684885,0.336,0.113,3.5673235580825754e-7,13,SHQ1
9.966767318061399e-12,0.5708956052633625,0.582,0.264,3.6479365060836525e-7,13,PSMA6
9.998713524724057e-12,0.6720528925146251,0.526,0.209,3.659629137184252e-7,13,CCT4
1.0078254168186812e-11,1.1643224855444148,0.287,0.076,3.688741808098055e-7,13,CISD2
1.029502638574065e-11,0.9897648647189567,0.272,0.076,3.768082607444935e-7,13,STT3A
1.0429702839873532e-11,0.6883886891550168,0.638,0.32,3.817375536422111e-7,13,YWHAE
1.0546146299992895e-11,0.6211041881282386,0.437,0.173,3.8599950072603993e-7,13,DSTN
1.0743502873116448e-11,0.9893777167230651,0.384,0.128,3.932229486589351e-7,13,PPP4C
1.0874147414547635e-11,0.7224430446835265,0.332,0.118,3.98004669519858e-7,13,RIC8B
1.1044826788268352e-11,1.1666718202976722,0.347,0.149,4.0425170527740994e-7,13,GRAMD1B
1.1465451028602971e-11,0.540068816324604,0.563,0.252,4.196469730978974e-7,13,TRIR
1.1585006849659622e-11,0.7797521256732989,0.433,0.158,4.240228357043918e-7,13,CCT8
1.1857704186030961e-11,0.5148037363594737,0.425,0.178,4.340038309129192e-7,13,ZNF43
1.1883609427752444e-11,0.7910963167410184,0.493,0.196,4.349519886651672e-7,13,CSPP1
1.202786753024747e-11,1.030383716320286,0.399,0.143,4.4023197947458763e-7,13,TRG-AS1
1.2463022377966025e-11,0.9746217950685827,0.261,0.071,4.561590820559345e-7,13,TXN2
1.3204874897679694e-11,0.5916662308955476,0.843,0.588,4.833116261299745e-7,13,CYBA
1.3235790843393802e-11,0.5747521689753066,0.444,0.167,4.844431806590565e-7,13,NAE1
1.3898747145064434e-11,0.6698337080674706,0.381,0.133,5.087080442565033e-7,13,DCUN1D5
1.4089191831743736e-11,0.7112439068527969,0.866,0.633,5.156785102336525e-7,13,ITGA4
1.418592608047985e-11,0.6925311041310046,0.351,0.13,5.19219080471643e-7,13,RNPEPL1
1.4239819141701746e-11,0.5768460235166532,0.373,0.151,5.211916204054256e-7,13,ATP6V0A2
1.4392844968963767e-11,1.0032030827542069,0.265,0.075,5.267925187090429e-7,13,ZNF738
1.462655264584581e-11,1.0089622525590578,0.299,0.083,5.353464533906025e-7,13,OCIAD2
1.618900533238359e-11,1.0883542401645592,0.254,0.064,5.925337841705718e-7,13,GDAP1
1.6899017362616008e-11,1.1642965540707448,0.257,0.07,6.185209344891085e-7,13,TWF2
1.6978818156670814e-11,0.6206379230596148,0.448,0.185,6.214417233523085e-7,13,EIF4EBP2
1.744009063321296e-11,1.2277815742619202,0.269,0.07,6.383247572662275e-7,13,TRMT112
1.8482896664486324e-11,0.9631013377965754,0.291,0.099,6.76492500816864e-7,13,CHMP2A
1.8967992248165145e-11,0.6254362387893904,0.877,0.64,6.942474842750924e-7,13,TBL1XR1
1.953445179511714e-11,0.8846862879122823,0.287,0.102,7.149804701530825e-7,13,ITGB1BP1
1.981827952482798e-11,0.5469819131860896,0.325,0.127,7.253688488882289e-7,13,DPP7
1.9837602040041298e-11,0.7085757463896094,0.276,0.084,7.260760722675515e-7,13,STUB1
1.9944670192685373e-11,0.620587466203915,0.687,0.375,7.299948737224773e-7,13,PAM
2.1657965171709555e-11,0.9604234902908018,0.276,0.094,7.927031832497414e-7,13,POLR2E
2.1924701258605982e-11,0.5673129206828255,0.362,0.15,8.024659907662376e-7,13,TDP1
2.216177397193151e-11,0.8283932368170575,0.306,0.099,8.111430891466652e-7,13,FAM104A
2.293565383037819e-11,0.8449808205607223,0.403,0.156,8.394678658456722e-7,13,PKD2
2.34301422050238e-11,0.6156949457181781,0.701,0.349,8.57566634846076e-7,13,PSMD1
2.380968151876545e-11,0.6412254940267256,0.354,0.126,8.714581532683342e-7,13,GPR89B
2.3947652880633354e-11,0.5817512166550609,0.511,0.214,8.765080430840614e-7,13,TERF1
2.4027837164912257e-11,0.5514069490132814,0.362,0.15,8.794428680729535e-7,13,COX10
2.407428651238897e-11,0.8364509285815228,0.56,0.231,8.811429606399487e-7,13,PANK2
2.4455296299838694e-11,0.9448538757004945,0.358,0.117,8.95088299870396e-7,13,ERH
2.488981849022701e-11,0.9747896396742532,0.328,0.105,9.109922465607988e-7,13,DTX3L
2.5537793810119107e-11,0.6073896500866657,0.388,0.145,9.347087912441695e-7,13,ORC3
2.5988151737497184e-11,0.9656548926658808,0.403,0.133,9.511923417441345e-7,13,NMT2
2.5997284464463148e-11,0.6662646130910839,0.351,0.136,9.515266086838157e-7,13,AP3D1
2.6123307664981893e-11,0.7033516951191372,0.653,0.271,9.561391838460023e-7,13,METAP2
2.616562785335414e-11,0.9050716759515225,0.493,0.189,9.576881450606148e-7,13,ABHD17A
2.7026332253708406e-11,0.8058084656214989,0.381,0.129,9.891907868179814e-7,13,UPF3A
2.76944616603181e-11,0.7072726143095638,0.287,0.092,1.0136449912293028e-6,13,TP53
2.8144799552923314e-11,0.5401438305103823,0.481,0.201,1.0301278084365461e-6,13,SLC2A13
3.0811219077586653e-11,0.785226500237022,0.407,0.137,1.1277214294587492e-6,13,AIDA
3.121648278321644e-11,0.6428592789597597,0.496,0.213,1.142554486348505e-6,13,BCR
3.1375044691266884e-11,0.8560140190428598,0.284,0.079,1.1483580107450593e-6,13,MRPL57
3.18378111036341e-11,0.699387628777853,0.496,0.21,1.1652957242041117e-6,13,EIF3B
3.188402349430762e-11,0.7924535012507372,0.306,0.121,1.166987143915153e-6,13,TMED9
3.247923786524967e-11,0.6055196267299281,0.496,0.2,1.1887725851060031e-6,13,NEDD1
3.4507670948211565e-11,1.081862247805659,0.276,0.076,1.2630152643754915e-6,13,LRRC59
3.491016357750771e-11,1.3629809799718386,0.295,0.078,1.2777468971003597e-6,13,GPSM2
3.571058372345682e-11,0.68006914744667335,0.257,0.083,1.3070430748622432e-6,13,POLR3A
3.6499473330305545e-11,0.9036217143827185,0.429,0.167,1.3359172233625133e-6,13,EIF2AK1
3.681633084902904e-11,0.8107392419102154,0.53,0.245,1.347514525405312e-6,13,SRP14
3.6824955833913526e-11,0.7362703501381634,0.601,0.284,1.347830208477069e-6,13,STAM
3.928440301266461e-11,0.5406600700623011,0.414,0.183,1.4378484346665374e-6,13,UQCRFS1
4.2256058792906704e-11,0.7008098147226332,0.284,0.102,1.5466140078791783e-6,13,ANAPC7
4.264918412148376e-11,0.6655727442258952,0.325,0.119,1.5610027880304272e-6,13,RBM14
4.4500912198317383e-11,0.6860288877384995,0.25,0.079,1.6287778873706145e-6,13,PDE4DIP
4.5701954460442874e-11,0.7350921783942822,0.425,0.179,1.6727372352066696e-6,13,RBM8A
4.631018689017625e-11,0.6519303873033064,0.832,0.548,1.6949991503673408e-6,13,RAD51B
4.744473203734971e-11,0.7976982906803994,0.347,0.124,1.7365246372990366e-6,13,RPP30
5.2117754771451845e-11,0.8742234909676145,0.261,0.091,1.907561942389909e-6,13,POLR3B
5.27634654496931e-11,0.803048613961254,0.272,0.086,1.9311955989242173e-6,13,NDUFC1
5.421930441466159e-11,0.9947519663638409,0.44,0.163,1.984480760881029e-6,13,PSMB2
5.433468370673333e-11,1.105859660408462,0.261,0.076,1.9887037583501465e-6,13,MFNG
5.647080177655497e-11,0.7936636951356522,0.403,0.127,2.0668878158236883e-6,13,IMMP1L
5.77600214310487e-11,0.9277322332474053,0.455,0.171,2.1140745443978135e-6,13,CCDC82
6.053321556965855e-11,1.1021253426691875,0.313,0.084,2.2155762230650727e-6,13,GBP1
6.290005064058997e-11,1.2660646720456725,0.313,0.085,2.3022047534962333e-6,13,PHB2
6.306471832880907e-11,0.7868890281715333,0.328,0.117,2.308231755552741e-6,13,COX7B
6.341312381528544e-11,0.9276140660589358,0.25,0.071,2.3209837447632624e-6,13,PPP5C
6.39547971118362e-11,0.540694730427035,0.66,0.333,2.3408095290903164e-6,13,MAP3K4
6.49709454916218e-11,0.5220108321517305,0.34,0.133,2.3780015759388494e-6,13,BCAP31
6.982569448702431e-11,0.8925307385043513,0.34,0.119,2.555690243919577e-6,13,NARF
7.180355323475888e-11,0.58672210211898,0.485,0.215,2.6280818519454097e-6,13,PSMA3
7.211084184681179e-11,0.8903930079164601,0.373,0.131,2.6393289224351585e-6,13,DOK2
7.238251470237219e-11,0.8384606003957996,0.343,0.124,2.6492724206215245e-6,13,TRAPPC5
7.462952893320741e-11,0.8090059642514018,0.295,0.103,2.7315153884843245e-6,13,SDF4
7.773264565482628e-11,0.6223263708872492,0.403,0.145,2.8450925636122967e-6,13,TECR
8.491870280155134e-11,0.6023068972659406,0.5,0.243,3.1081094412395805e-6,13,MTAP
8.752852534959261e-11,0.783298443944549,0.418,0.159,3.203631556320439e-6,13,COX7A2
8.95545496850464e-11,0.833046499376901,0.343,0.134,3.2777860730223832e-6,13,GNB2
9.350045578724642e-11,0.6047662459721176,0.612,0.345,3.4222101822690066e-6,13,LSP1
9.606910196018663e-11,1.2070150683210048,0.28,0.06,3.5162252008447907e-6,13,NUP37
9.635390684964353e-11,0.8071260892173792,0.328,0.108,3.526649344603803e-6,13,PPP2R1B
9.725766756322193e-11,0.9370364359230279,0.317,0.106,3.559727890481486e-6,13,MICOS10
9.842416710588535e-11,1.1181509704769996,0.269,0.068,3.6024229402425096e-6,13,FAM122B
9.944628039173503e-11,1.328403694811058,0.377,0.112,3.639833308617894e-6,13,MAST2
1.0730823708575386e-10,0.6064863123816785,0.369,0.144,3.927588785575677e-6,13,TRAPPC13
1.1182329599573972e-10,0.5526362127974606,0.526,0.249,4.092844456740069e-6,13,HDLBP
1.1584821703685836e-10,0.7998328881350798,0.496,0.194,4.240160591766053e-6,13,CD3G
1.1601164226906159e-10,0.5795745554449891,0.903,0.663,4.246142118689923e-6,13,RPS15
1.1690267443186106e-10,0.5974774244163388,0.627,0.288,4.278754786880546e-6,13,RTF1
1.2016019077658414e-10,0.5532175325572265,0.347,0.141,4.397983142613756e-6,13,C16orf87
1.2748550164645372e-10,0.8086807728143012,0.351,0.119,4.666096845761852e-6,13,FKBP3
1.2799232080801637e-10,1.2858207106729456,0.257,0.07,4.6846469338942075e-6,13,KMT5A
1.2834951641835105e-10,0.5543607878640565,0.269,0.113,4.697720650428067e-6,13,METTL8
1.3209798634502867e-10,0.6306668917170406,0.41,0.157,4.834918398214394e-6,13,MRPL1
1.4074199260832952e-10,1.0344860779894667,0.325,0.103,5.151297671457469e-6,13,DPY19L1
1.4460557804895516e-10,0.6811233752983412,0.328,0.132,5.292708762169808e-6,13,TOP3A
1.453036064559608e-10,0.7536579657557092,0.299,0.114,5.3182572998946216e-6,13,USP39
1.595308067055706e-10,0.6663952979460102,0.41,0.183,5.8389870562305894e-6,13,TPST2
1.6316818798485596e-10,0.6603897970219531,0.619,0.262,5.972118848433713e-6,13,KRR1
1.6908962773364717e-10,0.7822932763600325,0.269,0.077,6.18884946467922e-6,13,PDCD11
1.6965995317253341e-10,0.6230977598227894,0.455,0.21,6.209723946067896e-6,13,SRGAP2C
1.7444401555708825e-10,0.691422996120715,0.399,0.16,6.384825413404987e-6,13,MED1
1.7458609320374226e-10,0.7814087020198072,0.306,0.11,6.3900255973501704e-06,13,DMAC2L
1.7777798638820844e-10,0.5661475188723251,0.299,0.115,6.5068520797948174e-06,13,ZNF346
1.7982902936949449e-10,0.6045627972238582,0.373,0.14,6.581922303952868e-6,13,ISY1
1.886688994316871e-10,1.00153152308922,0.269,0.078,6.90547038809918e-6,13,NUP62
1.966111350605954e-10,0.5760557319161699,0.28,0.106,7.196164154352852e-6,13,POT1
2.0622170098126075e-10,0.6344019363324414,0.354,0.128,7.5479204776151245e-6,13,GMEB1
2.217542143657392e-10,0.8161480688280196,0.317,0.103,8.11642600000042e-6,13,MTHFD2
2.225149896393014e-10,0.6034274702001861,0.5,0.226,8.14427113578807e-6,13,RMND5A
2.231087085614028e-10,0.5683058630419701,0.31,0.121,8.166001842055904e-6,13,LYRM4
2.235173171473311e-10,0.5241284944808053,0.556,0.302,8.180957324909466e-6,13,SLC25A6
2.2400606564351724e-10,0.6668341785269944,0.354,0.139,8.198846008618375e-6,13,SUCLG1
2.2873832784553645e-10,0.7321349218391087,0.28,0.107,8.372051537474479e-6,13,COX17
2.4951006616049664e-10,0.5342185675941502,0.407,0.177,9.132317931540337e-6,13,SURF4
2.5991193158215554e-10,0.6607696876558782,0.291,0.089,9.513036607838475e-6,13,INTS2
2.682118100035308e-10,0.6094800876652028,0.381,0.15,9.81682045793923e-6,13,NHLRC2
2.7372999757615323e-10,0.7769328741284383,0.526,0.281,1.0018791641284784e-5,13,HSPA5
2.7391539597085773e-10,0.5179403945967946,0.541,0.27,1.0025577407929363e-5,13,LYPLA1
3.148766398441613e-10,0.5522077169739208,0.459,0.19,1.152479989493615e-5,13,MAPRE1
3.1549435076769227e-10,0.5961083583462362,0.545,0.201,1.1547408732448305e-5,13,LCLAT1
3.237335059291455e-10,1.1741168297607354,0.373,0.151,1.1848970050512655e-5,13,CTSW
3.265599724817843e-10,0.7907251534547086,0.287,0.109,1.1952421552805787e-5,13,USP49
3.268080227370595e-10,0.7522031124398394,0.377,0.127,1.1961500440199113e-5,13,RNF126
3.285807508516369e-10,0.7735796121103551,0.384,0.14,1.2026384061920762e-5,13,CASP3
3.313302176373672e-10,0.5762327489969468,0.478,0.223,1.2127017295745278e-5,13,UQCRB
3.328071625685362e-10,0.8401471050507918,0.444,0.158,1.2181074957170993e-5,13,ATP5MPL
3.3831864378775263e-10,0.6931666723682254,0.455,0.188,1.2382800681275534e-5,13,PSMC1
3.3895200272474397e-10,0.5827614228152215,0.306,0.124,1.2405982251728355e-5,13,B3GLCT
3.3947417270759363e-10,0.84589700479311,0.31,0.111,1.2425094195270635e-5,13,RAB4A
3.5174654134809015e-10,1.1046184395085044,0.269,0.067,1.2874275159881448e-5,13,VBP1
3.5298995711012455e-10,0.5083047380054133,0.567,0.269,1.2919785420187668e-5,13,ZNF831
3.55661216064638e-10,0.5168254591490566,0.272,0.096,1.3017556169181814e-5,13,NAA20
3.5815826950458703e-10,0.5083735287901054,0.567,0.289,1.310895082213739e-5,13,UBN1
3.5974386175309244e-10,0.6471992183688632,0.41,0.15,1.3166985084024937e-5,13,HIST1H2AC
3.773398029152198e-10,0.9281654352856561,0.291,0.087,1.381101412649996e-5,13,SNRPA
3.929148435470068e-10,0.5880320760154756,0.612,0.317,1.4381076188663997e-5,13,RBM3
3.9406023256037864e-10,0.6357614930443445,0.284,0.095,1.4422998571942418e-5,13,DCAF11
4.209508742650137e-10,0.5941862093961101,0.317,0.117,1.5407222948973766e-5,13,LRRC28
4.2578064416456964e-10,0.6382823441324271,0.631,0.323,1.5583997357067413e-5,13,R3HDM1
4.338401184900029e-10,0.9366104286760137,0.287,0.091,1.5878982176852594e-5,13,RBM28
4.4171369517476676e-10,0.53831679215344,0.392,0.165,1.6167162957091637e-5,13,HACL1
4.4399247365719397e-10,0.8450938461978552,0.25,0.075,1.6250568528326957e-5,13,OSTC
4.4456935596371113e-10,0.9209220918131943,0.463,0.211,1.627168299762779e-5,13,PSMB1
4.4938221399442956e-10,0.6795749618397667,0.388,0.138,1.6447838414410117e-5,13,RRP7A
4.5501926185570454e-10,0.5232047515289611,0.728,0.393,1.665416000318064e-5,13,CNOT1
4.699686886884456e-10,1.0517588675608132,0.257,0.079,1.7201323974685797e-5,13,ABRACL
4.917600360971928e-10,0.568644923108273,0.493,0.201,1.7998909081193352e-5,13,EXOC5
5.023307162093221e-10,0.771259419205486,0.276,0.098,1.8385806543977395e-5,13,CYBC1
5.21999101901505e-10,0.6055844815072606,0.739,0.372,1.9105689128696986e-5,13,AGPS
5.242781673012575e-10,0.6032334862453013,0.388,0.147,1.9189105201393324e-5,13,CPLANE1
5.264086440612825e-10,0.557073869634433,0.664,0.36,1.9267082781287e-5,13,MSH3
5.56451364890816e-10,0.580363794035403,0.604,0.252,2.036667640636876e-5,13,NPAT
5.659017451941098e-10,0.5378661972344259,0.53,0.227,2.0712569775849614e-5,13,RNPS1
5.856938016720002e-10,0.8814886787721672,0.302,0.101,2.1436978834996878e-5,13,CRAMP1
5.904733246474684e-10,1.0077422188701695,0.254,0.074,2.161191415542199e-5,13,RAB1B
5.965669555577078e-10,0.6655804977664793,0.455,0.182,2.1834947140367666e-5,13,CNOT6
6.244157637935636e-10,0.5640489994497004,0.593,0.289,2.2854241370608222e-5,13,RO60
6.289116136128991e-10,0.5334475638252942,0.489,0.217,2.301879396984572e-5,13,GPR174
6.438383072457907e-10,0.5370222024559711,0.373,0.153,2.3565125883503185e-5,13,KATNBL1
6.592865728268781e-10,0.990003653448754,0.358,0.121,2.4130547852036565e-5,13,GPR89A
6.621424906472851e-10,0.7547648773658734,0.313,0.115,2.4235077300181285e-5,13,MPPE1
6.631973307427453e-10,0.5278132999167582,0.825,0.516,2.4273685502515218e-5,13,SLC4A7
6.921602413236997e-10,0.6173913626687494,0.325,0.13,2.533375699268873e-5,13,COPB2
7.06249631689902e-10,0.9637292564506436,0.265,0.102,2.5849442769482102e-5,13,KLRF1
7.240946596626431e-10,0.5328697729553988,0.41,0.185,2.65025886383124e-5,13,EIF3G
7.27566578388423e-10,1.0799624818004938,0.287,0.093,2.662966433559467e-5,13,NAB1
7.49329936035064e-10,0.9307088491939928,0.299,0.09,2.7426224988819375e-5,13,UBA1
7.636576598159947e-10,0.9824304987421144,0.284,0.075,2.795063400692522e-5,13,TMEM258
7.676111784031204e-10,0.6451745190551699,0.642,0.309,2.809533674073261e-5,13,CBFB
7.803150092322162e-10,0.5260731133995149,0.586,0.274,2.8560309652908344e-5,13,NCBP1
7.92944337028059e-10,0.5435651568319138,0.519,0.227,2.902255567956399e-5,13,SREK1IP1
8.012177878071527e-10,0.7189888553354074,0.272,0.082,2.9325372251529597e-5,13,PPIL3
8.027713993519618e-10,1.0876537774659774,0.261,0.073,2.9382235987681156e-5,13,ITPA
8.113948325740266e-10,0.7203217457084525,0.343,0.138,2.9697862267041945e-5,13,MBNL3
8.615090884919255e-10,0.7401784408545722,0.325,0.12,3.153209414789296e-5,13,ODC1
9.495505214818123e-10,0.5104236151899972,0.295,0.127,3.4754498636755814e-5,13,TRIOBP
9.609707974552368e-10,0.5535791610012273,0.403,0.169,3.5172492157659124e-5,13,CNOT9
9.95442501760363e-10,0.6278957851531553,0.299,0.108,3.6434191006931047e-5,13,AP1M1
1.0001690238655503e-9,0.9767383250307642,0.269,0.087,3.660718644250301e-5,13,BAX
1.0015922918746373e-9,0.5016176548093423,0.922,0.696,3.66592794749036e-5,13,ARPC2
1.0062070223368764e-9,0.5051699179147726,0.571,0.263,3.682818322455201e-5,13,ZNF236
1.021814520546544e-9,0.5258165801667799,0.343,0.141,3.739943326652406e-5,13,FBXO22
1.0264328118351805e-9,0.7358637394911358,0.396,0.148,3.756846734597944e-5,13,HACD2
1.103407551833843e-9,0.7540907863747153,0.272,0.088,4.0385819804670486e-5,13,RAD17
1.1256857990498354e-9,1.0175693773356693,0.261,0.077,4.120122593102302e-5,13,HAUS2
1.1277234791320178e-9,0.8426776517545957,0.672,0.394,4.1275807059710986e-5,13,HSP90AB1
1.1991626104543878e-9,0.7483466324008867,0.526,0.237,4.389055070524105e-5,13,PRMT3
1.2033828880467103e-9,0.9679392357005064,0.377,0.116,4.404501708539764e-5,13,TSEN15
1.2320879300815523e-9,0.5002218492317603,0.343,0.138,4.509565032891489e-5,13,UPF3B
1.2563969365747408e-9,0.5071616155109423,0.496,0.22,4.5985384275572084e-5,13,PCMT1
1.2931237704197766e-9,0.6881833304968494,0.399,0.152,4.732962312113424e-5,13,SCAND1
1.3070063967334767e-9,0.588349017961981,0.287,0.11,4.783774112684198e-5,13,NOP14
1.347410458677256e-9,0.648848464419316,0.25,0.077,4.931657019804625e-5,13,HARS
1.3886313092032615e-9,0.6394054676793375,0.403,0.181,5.0825294548148576e-5,13,CTR9
1.440691917286147e-9,0.6375983489201151,0.265,0.093,5.273076486459027e-5,13,SEC61G
1.4863638842190012e-9,0.6100601140574393,0.276,0.098,5.440240452629966e-5,13,PHF6
1.4952971611974665e-9,0.5728959417591992,0.716,0.433,5.472937139698847e-5,13,RPS5
1.5582673613380648e-9,0.8991043472220821,0.369,0.137,5.703414369233451e-5,13,PPA1
1.5662306505297681e-9,0.8863247921675181,0.552,0.274,5.732560804004004e-5,13,RUNX2
1.576409131205498e-9,0.6077000425406199,0.354,0.133,5.7698150611252435e-5,13,MTRR
1.5799884562966801e-9,0.6644750419391513,0.328,0.114,5.782915748891479e-5,13,UCHL3
1.5909273622830264e-9,0.7991916594386779,0.455,0.172,5.822953238692105e-5,13,EPRS
1.6122018822155505e-9,0.5183270698324784,0.317,0.121,5.9008201090971364e-5,13,TXNDC15
1.6514593029227143e-9,0.9513162176667518,0.28,0.089,6.044506194627426e-5,13,TOMM6
1.6520403215618088e-9,0.6348191902346918,0.381,0.138,6.046632780948376e-5,13,MTG1
1.6522435707624428e-9,0.6243636103388714,0.433,0.196,6.047376693347617e-5,13,AFG3L2
1.6711306324000214e-9,0.6565411649725382,0.313,0.142,6.116505227647319e-5,13,DPYSL2
1.699263005310276e-9,0.6595617754486434,0.272,0.101,6.219472525736142e-5,13,SLAIN1
1.7316417868523918e-9,0.5146546182806246,0.358,0.157,6.337982104058439e-5,13,SEC61A1
1.7364664269908868e-9,0.970404516640315,0.257,0.095,6.355640769429344e-5,13,PPP1R18
1.8083930784663175e-9,1.0783887206933929,0.284,0.083,6.618899506494568e-5,13,NUP35
1.8914971580726056e-9,0.5717877800703574,0.369,0.16,6.923068748261543e-5,13,UQCR11
1.9814378322031445e-9,0.5739517877220102,0.254,0.09,7.25226060964673e-5,13,NOM1
2.0297869628962997e-9,0.6146702815212373,0.519,0.249,7.429223262896747e-5,13,GDI2
2.0899071223499794e-9,0.6621453885299959,0.425,0.166,7.64926905851316e-5,13,CCT2
2.150875213731356e-9,0.623070019736381,0.317,0.119,7.872418369778137e-5,13,GFM2
2.1946177807441156e-9,0.6000967743303448,0.328,0.114,8.032520539301538e-5,13,HSPH1
2.2041483896671166e-9,0.731460515545139,0.291,0.108,8.067403521020614e-5,13,DDX55
2.2374015440446233e-9,0.5880630061712175,0.25,0.103,8.189113391357725e-5,13,LNX2
2.308043361811394e-9,0.7075482434185683,0.556,0.22,8.447669508565883e-5,13,TMCO1
2.3383118699822018e-9,0.7476430167511692,0.28,0.101,8.558455275321856e-5,13,SF3B6
2.422471661836135e-9,0.8050747158478768,0.522,0.219,8.866488529486438e-5,13,AC092821.3
2.45557618489464e-9,0.5200651267630464,0.526,0.25,8.987654394332872e-5,13,UBE2I
2.6135649096326577e-9,0.5102360989848345,0.705,0.364,9.56590892574649e-5,13,COA1
2.6723250779536396e-9,0.7532210604430692,0.358,0.128,9.780977017818116e-5,13,MESD
2.7480342163916974e-9,0.6118188976694072,0.44,0.193,1.0058080035415252e-4,13,CCND2
2.812826414411901e-9,0.7563004359625463,0.261,0.096,1.0295225959388999e-4,13,FUT11
2.8309946313146176e-9,1.1126842064481743,0.261,0.103,1.0361723450074632e-4,13,SNX24
2.9109591644892494e-9,0.7107019978173946,0.474,0.213,1.0654401637947102e-4,13,HDAC2
3.0735905848061775e-9,0.6730188563122175,0.25,0.086,1.124964889944909e-4,13,CDHR3
3.1481617595252397e-9,0.5055295990559723,0.261,0.108,1.1522586856038329e-4,13,GTF2F1
3.2187619320920215e-9,0.7921415908535033,0.429,0.2,1.1780990547650008e-4,13,IFITM2
3.2661613472966077e-9,0.6364376707112016,0.254,0.098,1.1954477147240314e-4,13,RANBP10
3.3768097382455273e-9,0.5498396134089218,0.653,0.4,1.2359461322952454e-4,13,HIVEP3
3.5769580742708596e-9,0.7046848472780873,0.668,0.377,1.3092024247638774e-4,13,SH3BGRL3
3.7027988309529357e-9,0.7530750671056432,0.261,0.102,1.355261400117084e-4,13,KIF3B
3.893909848700039e-9,0.5921754520672475,0.265,0.103,1.425209943722701e-4,13,EXOSC6
4.046752017687751e-9,0.503502909446635,0.302,0.122,1.481151705993894e-4,13,ACSL5
4.209050721790231e-9,0.6108232094497401,0.422,0.16,1.5405546546824427e-4,13,ZBTB8OS
4.218041050151613e-9,0.816788385429816,0.429,0.164,1.543845204765992e-4,13,CD81
4.268571695067724e-9,0.7093613566964165,0.276,0.091,1.5623399261117376e-4,13,SCAMP3
4.269867917840404e-9,0.6723161595346995,0.396,0.178,1.5628143566087665e-4,13,DERA
4.50752179723111e-9,0.8606390505178537,0.336,0.123,1.6497980530045587e-4,13,PUS7L
4.611588311579398e-9,0.6585368060408042,0.407,0.174,1.6878874379211756e-4,13,TBCD
4.702241272429495e-9,0.7106138799842846,0.448,0.19,1.7210673281219195e-4,13,EMSY
4.722190964822058e-9,0.5509706992347722,0.41,0.171,1.7283691150345214e-4,13,ELP3
5.194456707681161e-9,0.7255656271360378,0.369,0.124,1.9012230995783818e-4,13,VDAC3
5.445012620942657e-9,0.5194237380796164,0.422,0.173,1.992929069391222e-4,13,ST3GAL3
5.708509835878143e-9,0.7243594643228326,0.396,0.169,2.089371685029759e-4,13,SPTY2D1
6.026650688136142e-9,0.5329027841651914,0.299,0.131,2.2058144183647091e-4,13,EIF2B3
6.4377187743371376e-9,0.5286609695045295,0.918,0.715,2.3562694485951358e-4,13,ATXN1
6.502558137954278e-9,1.0214229484202715,0.287,0.078,2.380001304072645e-4,13,UQCRQ
6.686660285336508e-9,0.6033747558303775,0.541,0.263,2.447384531036015e-4,13,WDR1
6.8555931148161486e-9,0.6287158108505765,0.261,0.09,2.5092156359538583e-4,13,STXBP4
6.878132738026726e-9,0.8507259338452691,0.466,0.188,2.517465363445162e-4,13,COX6C
7.190760805373428e-9,0.5292632234089434,0.31,0.122,2.631890362374728e-4,13,SMG5
7.20857861544948e-9,0.6082629158062067,0.463,0.193,2.638411859040664e-4,13,LASP1
7.622393673019274e-9,0.9872507373470147,0.272,0.095,2.7898723082617845e-4,13,KLRB1
7.775417679052582e-9,0.9029968720323751,0.261,0.085,2.8458806247100353e-4,13,TTI1
8.230789788330598e-9,0.9247526308600905,0.257,0.084,3.012551370426882e-4,13,MATK
8.277865656289108e-9,0.9433542270017353,0.306,0.11,3.0297816088583766e-4,13,PSMB3
8.299458051009137e-9,1.2181250079829724,0.261,0.068,3.0376846412498546e-4,13,UCK2
8.597281881105136e-9,0.8587967660672788,0.373,0.144,3.146691141303291e-4,13,GZMM
8.864380532689468e-9,0.6839311259968162,0.25,0.081,3.244451918769672e-4,13,CCNG1
9.525721967175236e-9,0.5473585782111751,0.313,0.109,3.486509497205808e-4,13,PIGK
9.537545684639234e-9,0.6665989852640539,0.522,0.276,3.490837096034806e-4,13,ATP5MC2
9.607373575163333e-9,0.6499612769225666,0.384,0.156,3.5163948022455316e-4,13,NOSIP
1.0066649183867302e-8,0.5504861606105784,0.291,0.107,0.00036844942677872713,13,ERMP1
1.0678915048006352e-8,0.6873766833703506,0.44,0.211,3.908589696720805e-4,13,ATG10
1.0699921931574268e-8,0.9400135269927128,0.257,0.084,3.9162784261754976e-4,13,H2AFJ
1.0975998456795833e-8,0.6095362133766147,0.317,0.118,4.017325195171843e-4,13,SELENOH
1.0995801355195038e-8,0.616200333289832,0.414,0.178,4.024573254014936e-4,13,UGP2
1.1161501397728669e-8,1.003526435815943,0.287,0.082,4.08522112658267e-4,13,RMND1
1.1180514550213445e-8,0.8202259622242305,0.425,0.192,4.092180130523623e-4,13,POMP
1.122366415348538e-8,0.7410217414413987,0.321,0.115,4.107973316817184e-4,13,SNTB2
1.1741897363736116e-8,0.6738223102066848,0.366,0.147,4.297651854101056e-4,13,ZRANB3
1.2028349511197877e-8,0.5697106997033891,0.354,0.142,4.402496204593535e-4,13,ANKRD49
1.2475044018690374e-8,0.5604167896538166,0.299,0.121,4.565990861280864e-4,13,ZNF484
1.2496110954116787e-8,0.5628460188945079,0.261,0.103,4.573701570316285e-4,13,LDLR
1.4253305367950177e-08,0.5336165386030496,0.392,0.175,5.216852297723444e-4,13,ZNHIT6
1.4254577188781042e-8,0.8740362737802443,0.25,0.082,5.21731779686575e-4,13,MCFD2
1.4277356165989055e-8,1.1840970997947524,0.284,0.098,5.225655130313654e-4,13,GZMB
1.4539488620271762e-8,0.60356774456366,0.295,0.107,5.321598229905668e-4,13,TTL
1.6707819481426305e-8,0.5090999874325963,0.888,0.561,6.115229008396842e-4,13,LNPEP
1.856738394899085e-8,0.6246259043125502,0.284,0.111,6.795848199170141e-4,13,TSN
1.889152178192977e-8,0.8282199832013633,0.366,0.158,6.914485887404116e-4,13,KLRD1
1.945948733189748e-8,0.5473538117437491,0.272,0.106,7.122366958347798e-4,13,DCUN1D2
1.966466344003623e-8,0.7667720091414958,0.769,0.488,7.19746346568766e-4,13,RACK1
1.9672209940095454e-8,0.5929690520462254,0.799,0.549,7.200225560174338e-4,13,RPL7A
1.9970641853461972e-8,0.6208186152559234,0.328,0.141,7.309454624785616e-4,13,SF3A3
2.035791434348854e-8,0.8611149903729349,0.265,0.108,7.451200228860241e-4,13,ALOX5AP
2.150323745973516e-8,0.6185820693541191,0.407,0.16,7.870399942637666e-4,13,CTBP1
2.201114833901859e-8,0.813407127332096,0.287,0.108,8.056300403564194e-4,13,SHKBP1
2.2334041453485343e-8,0.5789821514779585,0.306,0.12,8.17448251239017e-4,13,SLC38A10
2.3044629156514476e-8,0.6254848358290155,0.396,0.172,8.434564717575864e-4,13,BST2
2.3081330062129744e-8,0.5448936302453461,0.362,0.151,8.447997616040108e-4,13,VAMP8
2.364509288328363e-8,0.6995220224647805,0.276,0.091,8.654340446210641e-4,13,PDCD2
2.4931517723257832e-8,0.7823023847539157,0.28,0.101,9.1251848018896e-4,13,PPP1R7
2.496768740416857e-8,0.6837658791077246,0.25,0.09,9.138423266799738e-4,13,HSDL2
2.524273653130027e-8,0.6475470105787369,0.422,0.176,9.239093997821211e-4,13,RTRAF
2.5275037368960747e-8,0.6971697869295759,0.257,0.084,9.250916427413323e-4,13,DYNLL2
2.5616543414821935e-8,0.6498689354652775,0.336,0.133,9.375911055258977e-4,13,KCTD9
2.712827369114197e-8,0.5955340559338802,0.507,0.233,9.929219453694872e-4,13,NDUFB9
2.7955833065537317e-8,0.5228650900231456,0.519,0.261,0.0010232114460317313,13,EFCAB14
2.8618326984766765e-8,0.5556531665520894,0.388,0.152,0.0010474593859694484,13,RPL7L1
2.9244614345066185e-8,0.8695657037477048,0.28,0.101,0.0010703821296437674,13,TJP2
2.942302859322166e-8,0.5448613889555001,0.832,0.545,0.001076912269540506,13,HNRNPM
3.071263384971395e-8,0.7861688532188106,0.362,0.128,0.0011241131115333803,13,ILF2
3.1541967428453734e-8,0.5604702818331198,0.302,0.106,0.001154467549848835,13,PIGU
3.21503578755263e-8,0.7632777636541084,0.265,0.101,0.0011767352486021382,13,DZIP3
3.34659466703596e-8,0.5858573845955386,0.302,0.11,0.001224887114081832,13,TOPORS
3.399969193483424e-8,0.6792984627990295,0.392,0.16,0.0012444227245068681,13,SAMD9L
3.570490510335009e-8,0.6936160027044117,0.556,0.297,0.0013068352316877167,13,ABLIM1
3.6036278588756384e-8,0.7829846285733904,0.381,0.137,0.0013189638326270724,13,TM7SF3
3.738766932491656e-8,0.6142827185990529,0.866,0.589,0.001368426084961271,13,RPL8
3.761057045525189e-8,0.5452737485913244,0.261,0.106,0.0013765844892326743,13,FLII
3.889641608239107e-8,0.5016448865765184,0.34,0.154,0.0014236477250315954,13,PPCDC
3.982636607371928e-8,0.8943844271683273,0.31,0.108,0.0014576848246641994,13,EIF2S1
4.2029001940995605e-8,0.5624874882998685,0.261,0.093,0.00153830350004238,13,FIS1
4.506477177464394e-8,0.7815686568657714,0.317,0.141,0.0016494157117237429,13,PDGFD
4.6035185836803646e-8,0.6912554942815066,0.384,0.147,0.0016849338368128501,13,TMEM183A
4.638202104881703e-8,0.5658600257205216,0.287,0.128,0.0016976283524077521,13,ABI2
4.7763721560110056e-8,0.7063618170702501,0.291,0.112,0.0017481999728215882,13,NUCB1
4.797956249347323e-8,0.5917676222899533,0.437,0.181,0.0017560999668236137,13,TCP1
4.950912959939321e-8,0.7667128296594693,0.343,0.134,0.001812083652467391,13,SNF8
5.0379299662951826e-8,0.5130653947300567,0.623,0.361,0.0018439327469636998,13,G2E3
5.517809118668581e-8,0.5358011385086255,0.638,0.283,0.002019573315523887,13,SLFN5
5.8124136010236514e-8,0.5045192548135681,0.757,0.429,0.0021274015021106665,13,LRPPRC
5.829892202609033e-8,0.8120331995528828,0.328,0.121,0.002133798845076932,13,TIPRL
5.849634837167001e-8,0.5499312317805143,0.295,0.121,0.002141024846751494,13,ERLEC1
6.055922922621108e-8,0.5807739546899393,0.254,0.08,0.002216528348908552,13,NDUFB6
6.068943610740894e-8,0.6958318664516845,0.377,0.143,0.0022212940509672746,13,SNRPG
6.134901926655042e-8,0.6691524437567303,0.351,0.142,0.002245435454175012,13,RAB5IF
6.22705801667678e-8,0.5075770772559571,0.403,0.182,0.0022791655046838686,13,BICD1
6.290089405853053e-8,0.6981020209803863,0.265,0.099,0.0023022356234362763,13,TRIM66
6.375067359827577e-8,0.6511555800695803,0.291,0.119,0.0023333384043704914,13,ATL3
6.396987125036751e-8,0.6060262975764981,0.381,0.145,0.0023413612576347015,13,SMS
6.609271623099552e-8,0.6011319712821421,0.302,0.126,0.002419059506770667,13,SOCS4
7.235038695410254e-8,0.6562938295503166,0.485,0.183,0.002648096512907107,13,DDB1
7.249045717434114e-8,0.5565847170510445,0.284,0.121,0.00265322322303806,13,COPG1
7.60429287941685e-8,0.6098083892561745,0.396,0.168,0.0027832472367953615,13,APMAP
7.992133228279758e-8,0.549468084953903,0.306,0.118,0.002925200682882674,13,DIS3L
8.228773816167889e-8,0.553432454891633,0.254,0.096,0.003011813504455609,13,LARP1B
8.897141025743047e-8,0.6139407269097847,0.817,0.57,0.0032564425868322126,13,VIM
8.940265929393597e-8,0.7308494422976202,0.265,0.1,0.0032722267328173507,13,NFKBIB
9.078252011953017e-8,0.6432389079133417,0.313,0.122,0.0033227310188949236,13,RPAP3
9.333229800797173e-8,0.6262772820935083,0.295,0.127,0.0034160554393897736,13,MYDGF
9.477878210543159e-8,0.5107540600358076,0.425,0.196,0.0034689982038409017,13,ZNF700
1.0576670761934671e-7,0.6299925334381481,0.321,0.134,0.003871167265575709,13,STOM
1.0591117443304776e-7,0.6363202656446122,0.351,0.145,0.003876454895423981,13,NAA38
1.0649098297302743e-7,0.5027910043966975,0.769,0.452,0.003897676467795777,13,KIF5B
1.0806539982357907e-7,0.6920204745004621,0.388,0.162,0.003955301698942817,13,LSG1
1.1289920611315005e-7,0.5344465514063785,0.455,0.189,0.004132223842947405,13,OIP5-AS1
1.1385865666730763e-7,0.531370976290648,0.757,0.485,0.004167340692680126,13,SRRM1
1.1515991473900704e-7,0.6190177046112766,0.254,0.095,0.0042149680393623965,13,LSM12
1.2206345061672984e-7,0.648952943459626,0.754,0.52,0.004467644356022929,13,S100A4
1.2374157160395893e-7,0.5078303729838443,0.769,0.492,0.0045290652622765005,13,RPL10A
1.3183884839583043e-7,0.757035490360222,0.354,0.126,0.004825433690135789,13,SEC22C
1.3822062500656212e-7,0.583972632103454,0.257,0.11,0.00505901309586518,13,TMEM9B
1.3882970033494574e-7,0.6132857327047718,0.933,0.821,0.005081305861959349,13,RPS2
1.3979738909494914e-7,0.5380755034801397,0.489,0.211,0.0051167242382642334,13,SEM1
1.4069397837291984e-7,0.7685693836821854,0.254,0.091,0.005149540302427239,13,BABAM1
1.4074821297573295e-7,0.5197997836715738,0.25,0.094,0.005151525343124802,13,COG4
1.5342344248443487e-7,0.5225586643653173,0.84,0.587,0.0056154514183728,13,RPS24
1.6160306298555122e-7,0.6958971811774868,0.549,0.323,0.00591483370833416,13,THEMIS
1.9130116114080152e-7,0.5142353336692439,0.563,0.255,0.007001813798914476,13,RORA-AS1
1.9416143478525415e-7,0.6038346928584406,0.257,0.111,0.007106502674575087,13,PKNOX1
1.9574341670603318e-7,0.8855358240906968,0.545,0.249,0.00716440479485752,13,TRBC2
1.9819443736885847e-7,0.637750568203977,0.493,0.192,0.007254114602137589,13,SMARCAD1
2.00700384095366e-7,0.5543136530507977,0.612,0.318,0.007345834758274491,13,EIF4H
2.1581248128113852e-7,0.5451459882725096,0.354,0.154,0.007898952627370951,13,IPO8
2.472169133677345e-7,0.5082972227597525,0.433,0.203,0.00904838624617245,13,ARHGAP35
2.644117996266483e-7,0.7324716041840353,0.261,0.078,0.009677736278134954,13,SP2
2.8405185350142863e-7,0.5528039910032689,0.351,0.146,0.01039658189000579,13,NIPAL3
2.858510634147795e-7,0.6559992690956005,0.429,0.217,0.010462434772044345,13,ZNF83
3.006399558070418e-7,1.2504746962465518,0.295,0.091,0.011003723022493537,13,MTHFD1L
3.1129224324814636e-7,0.8607320566832445,0.377,0.141,0.011393607395125405,13,USP28
3.217767470370506e-7,0.6171926960936782,0.351,0.131,0.01177735071830309,13,UCHL5
3.406336116765653e-7,0.519861790829701,0.269,0.111,0.012467530820973967,13,DKC1
3.704277858211696e-7,0.8731943423515197,0.28,0.121,0.013558027388840628,13,AGAP1
3.726062590311395e-7,0.5672655819339529,0.272,0.104,0.013637761686798738,13,ALG6
3.742887906675393e-7,0.7497617112383479,0.287,0.098,0.013699344027222607,13,VKORC1L1
4.2309896586196887e-7,0.6612059081877071,0.455,0.161,0.015485845249513923,13,TBC1D10C
4.883852806059998e-7,0.671493986136676,0.269,0.079,0.0178753896554602,13,IL18R1
5.060120802896106e-7,0.5853290977819082,0.336,0.123,0.01852054815068004,13,LMBRD2
5.090117699714069e-7,0.5976606700406965,0.336,0.141,0.018630339792723462,13,ABCB1
5.6820449987675e-7,0.5278534266062622,0.321,0.121,0.020796852899988925,13,RINT1
5.816529114547808e-7,0.5568163700295894,0.78,0.526,0.021289078212156434,13,ITGB1
6.056380206152079e-7,0.7184406508272532,0.272,0.1,0.022166957192537223,13,SLC5A3
6.256166526489465e-7,0.540327949827843,0.269,0.105,0.02289819510360409,13,CAPN1
6.443485036971505e-7,0.5212611418677185,0.332,0.137,0.023583799583819405,13,LPCAT3
6.594856560863106e-7,0.570637249622947,0.28,0.113,0.024137834498415053,13,RAE1
6.856486242668989e-7,0.6544446378718612,0.657,0.356,0.025095425296792765,13,EEF1B2
6.860440694918915e-7,0.8236997306601731,0.343,0.134,0.02510989898747272,13,NDUFA1
6.966526874469205e-7,0.6044533086367663,0.414,0.172,0.025498185013244735,13,POLR1D
7.335671001930991e-7,0.6009599182727707,0.377,0.15,0.02684928943416762,13,IARS2
7.564548833575932e-7,0.5588194510275732,0.384,0.185,0.027687005185771267,13,RASSF1
8.145438471167897e-7,0.5305518470430362,0.78,0.519,0.029813119348321617,13,RPL7
8.200279965143893e-7,0.6279656462993786,0.75,0.533,0.030013844700423165,13,RPS4X
8.875740474534195e-7,0.6902468699547297,0.276,0.103,0.032486097710842606,13,ACTR1A
8.991684609343332e-7,0.726583845864493,0.34,0.143,0.032910464838657526,13,PPDPF
9.545295036104006e-7,0.7924729174704791,0.306,0.109,0.034936734361644274,13,LETMD1
9.627283863410101e-7,0.5414379069960555,0.373,0.175,0.03523682166846731,13,IK
1.0023610878087366e-6,0.5103044916795767,0.276,0.107,0.03668741817488757,13,SH3BP1
1.1249669283523722e-6,1.0049675756849177,0.265,0.082,0.04117491454462517,13,CLPTM1L
1.1519471862675798e-6,0.8513760880868724,0.272,0.094,0.04216241896457969,13,NSMCE4A
1.152122429133671e-6,0.6069713090102111,0.328,0.124,0.04216883302872149,13,TFAM
1.2031567171418005e-6,0.6079900055295789,0.332,0.149,0.04403673900410704,13,NDUFA4
1.2491411474845193e-6,0.8036849103840038,0.302,0.121,0.04571981513908089,13,NDUFS5
1.330981708385715e-6,0.5111408270546143,0.601,0.302,0.048715261508625554,13,KIFAP3
1.4294009605558812e-6,0.7148360205665124,0.306,0.122,0.052317504557305806,13,C9orf85
1.4905567377580342e-6,0.5599593821384142,0.362,0.166,0.05455586715868181,13,MINDY2
1.5564311211996278e-6,0.6024834413347668,0.257,0.082,0.05696693546702758,13,ADSL
1.661848298355775e-6,0.8767926090396418,0.276,0.078,0.06082530956811972,13,RRP36
1.6881616255315418e-6,0.6733102870265733,0.25,0.095,0.06178840365607996,13,HIGD2A
1.852347110786606e-6,0.5861674521456222,0.25,0.097,0.06779775660190057,13,TATDN2
1.945928152534793e-6,0.5821137684865083,0.254,0.099,0.07122291631092595,13,ALG9
1.9714406966589003e-6,0.7368756523216313,0.257,0.101,0.07215670093841241,13,BCAP29
2.1100047680443096e-6,0.6373891975740276,0.302,0.126,0.07722828451518977,13,DUSP10
2.240612052284965e-6,0.5996717436501885,0.272,0.109,0.08200864172568201,13,DNAJC24
2.3219497144371176e-6,0.5201629291334939,0.284,0.121,0.08498568149811295,13,DDOST
2.3714510520527612e-6,0.5150616826670904,0.612,0.424,0.08679747995618312,13,MCTP2
2.6134765005793036e-6,0.5361648893854845,0.302,0.115,0.09565585339770309,13,BAG1
2.630642945522316e-6,0.5436433682713433,0.437,0.195,0.0962841624490623,13,GFM1
2.6365296377097373e-6,0.5314898361678706,0.261,0.111,0.0964996212698141,13,SART1
2.845881822053982e-6,0.7503068223368741,0.25,0.105,0.10416212056899779,13,FGFBP2
2.9814584900376275e-6,1.0542107659330122,0.269,0.1,0.1091243621938672,13,AC016074.2
2.989189070509196e-6,0.6995911358183804,0.295,0.108,0.10940730916970709,13,KRTCAP2
2.98985076355235e-6,0.5050948073453843,0.257,0.102,0.10943152779677956,13,DCAF13
3.277734209126688e-6,0.5239031325506252,0.31,0.125,0.11996834978824591,13,B3GNT2
3.391440367689421e-6,1.047587733273034,0.489,0.284,0.1241301088978005,13,GNLY
3.780109895910005e-6,0.6740528242257432,0.291,0.103,0.13835580230020209,13,POC5
3.7876171962507815e-6,0.6329071445605636,0.672,0.422,0.13863057699997486,13,S100A6
4.4052998941343375e-6,0.5533825188623247,0.25,0.095,0.16123838142521088,13,MRPL47
7.48857427679153e-6,0.6080416425067737,0.351,0.154,0.2740893071048468,13,SUDS3
8.237999446261467e-6,0.7946614408037185,0.257,0.099,0.30151901773261597,13,UAP1
1.4590828318754054e-5,0.6276921848496836,0.414,0.177,0.5340389072947171,13,GK5
1.5114258065032646e-5,0.5929368114257096,0.284,0.104,0.5531969594382599,13,RNF20
1.6304877837983787e-5,0.5377509233094286,0.429,0.188,0.5967748337480446,13,CD3D
1.688319692916342e-5,0.557126480000188,0.261,0.109,0.6179418908043104,13,PET100
2.5474807942290104e-5,0.5951913934744848,0.295,0.124,0.9324034454957602,13,ATP5IF1
3.140925954132941e-5,0.5411925200971306,0.328,0.136,1,13,COX5B
3.149485010659915e-5,0.5125545079494072,0.254,0.101,1,13,PRR5
3.657053778890001e-5,0.5928776979259356,0.254,0.086,1,13,HAX1
3.985162938777844e-5,0.5270208088140671,0.269,0.117,1,13,CUL4B
4.342575781493943e-5,0.5044237570724803,0.765,0.536,1,13,RPL4
4.626219252179185e-5,0.5266096407507437,0.257,0.107,1,13,COMMD3
1.4027470025351023e-4,0.534684368172762,0.287,0.1,1,13,SLAMF6
2.7811683145184153e-4,0.5069973052381599,0.369,0.225,1,13,CD63
5.522449021693208e-4,0.5830594924518342,0.287,0.134,1,13,GZMH
6.350685742874609e-4,0.5139553667717369,0.28,0.155,1,13,HIP1
8.72086119296276e-4,0.5925920447112074,0.302,0.118,1,13,RER1
2.343395478757065e-111,7.347112709788002,0.967,0.019,8.577061791798733e-107,14,FAM160A1
4.933461485997895e-109,7.006932137620693,0.87,0.014,1.8056962384900896e-104,14,COL24A1
5.1830715500643065e-109,7.211086463927801,0.87,0.016,1.897056018039037e-104,14,PLD4
1.2219157814451993e-108,7.2866209845567305,0.978,0.03,4.472333951667574e-104,14,AC023590.1
2.9279924424400684e-102,7.778881095074854,0.859,0.008,1.0716745138574894e-97,14,SCN9A
2.9362421253117086e-102,6.645365567533309,0.924,0.03,1.0746939802853384e-97,14,PTPRS
3.6911773242437004e-101,6.79322422587981,0.913,0.026,1.3510078124464368e-96,14,LINC01374
1.1004388048170284e-99,9.91393965310476,0.793,0.004,4.027716069510806e-95,14,LINC01478
1.3779453337600083e-99,5.772130115940052,0.935,0.035,5.0434177160950064e-95,14,RHEX
5.712084970235968e-96,7.784544197912221,0.826,0.013,2.0906802199560665e-91,14,NRP1
1.3311036139145461e-93,8.552526661442727,0.761,0.003,4.87197233728863e-89,14,CLEC4C
1.936302121311527e-93,5.699872077289852,0.793,0.02,7.08705939421232e-89,14,P2RY14
1.0350414703642451e-91,6.603860510142922,0.826,0.02,3.7883552856801735e-87,14,EPHB1
7.675914786908918e-90,5.3048786770249095,0.88,0.042,2.809461571156533e-85,14,TNFRSF21
5.2234749043530196e-89,4.85595103797636,0.978,0.088,1.9118440497422486e-84,14,DACH1
6.219716119159814e-88,6.774506851074212,0.75,0.013,2.2764782967736832e-83,14,ITM2C
7.741835915019912e-88,4.894927567227627,0.891,0.044,2.8335893632564378e-83,14,PLXNA4
4.130325673289708e-86,5.437499649780515,0.793,0.018,1.511740499680766e-81,14,JCHAIN
1.5120838179476665e-85,6.525402775481751,0.793,0.012,5.534377982070254e-81,14,RGS7
9.770303704893012e-85,6.950064827984025,0.75,0.017,3.576028859027891e-80,14,CUX2
1.1489466376053324e-81,9.286111482349586,0.685,0.002,4.205259588299277e-77,14,LILRA4
7.104376168301439e-81,5.819556894649315,0.848,0.05,2.6002727213600098e-76,14,IRF4
1.1596946981181026e-79,8.258594737328112,0.696,0.005,4.2445985645820675e-75,14,COL26A1
1.1826246975147851e-79,7.237058989657366,0.728,0.008,4.328524655373865e-75,14,AC007381.1
1.0387212729481731e-78,5.402828071845216,0.793,0.043,3.801823731117608e-74,14,MED12L
3.5679036607533464e-78,6.299720493923571,0.75,0.017,1.3058884188723323e-73,14,SLC35F3
4.683697510385733e-76,5.208969492934841,0.772,0.043,1.7142801257762823e-71,14,PPP1R14B
1.115991409432026e-75,5.183604992463858,0.989,0.171,4.084640157662159e-71,14,CCDC50
9.178577072979308e-74,4.100663106041301,0.989,0.145,3.3594509944811564e-69,14,BCL11A
4.9120688702060504e-71,4.812307230116964,0.761,0.035,1.7978663271841164e-66,14,BLNK
8.390487242960608e-71,5.480338164352251,0.674,0.017,3.0710022357960125e-66,14,SLC7A11
1.9783827681900332e-70,8.426123791505232,0.598,0.003,7.24107876985234e-66,14,P3H2
4.232132401904721e-70,4.257238556261049,0.978,0.216,1.549002780421147e-65,14,UGCG
4.9754551945582996e-70,4.793103495628699,0.707,0.033,1.8210663557602833e-65,14,SLC41A2
1.4183131660126166e-69,6.800284874703058,0.652,0.009,5.191168018922778e-65,14,SERPINF1
7.158575605715952e-69,4.6137082378658265,0.728,0.051,2.6201102574480955e-64,14,IRF7
1.17795328533868e-68,4.04804081305583,1,0.274,4.311426819668102e-64,14,RUNX2
1.2596628757676153e-67,4.296678877574044,0.957,0.148,4.610492091597049e-63,14,IRF8
1.2732588628544766e-67,4.468769049328436,0.793,0.046,4.66025476393367e-63,14,NIBAN3
1.5785015739730728e-67,5.56614456675652,0.576,0.01,5.777473610898844e-63,14,MZB1
2.7589130784040715e-67,4.548533592137664,1,0.227,1.0097897758266742e-62,14,TCF4
3.966403388350017e-67,5.6483912479156135,0.663,0.018,1.4517433041699896e-62,14,SPIB
5.1580532166420996e-67,4.829737021733452,0.804,0.063,1.8878990578231748e-62,14,LHFPL2
8.641035040018349e-67,4.50779441774451,1,0.267,3.162705234997116e-62,14,APP
2.8042836457182176e-66,3.7537814526520656,0.88,0.093,1.0263958571693248e-61,14,COBLL1
3.1923820298344564e-66,7.600096164463677,0.554,0.004,1.1684437467397094e-61,14,LINC01226
3.5266819958649796e-66,8.111364335838935,0.565,0.003,1.2908008773065413e-61,14,KCNK10
1.523309485886017e-64,6.047718032857937,0.565,0.009,5.575465049291411e-60,14,SMPD3
1.1988184295060769e-63,6.709555399421792,0.576,0.008,4.387795333835192e-59,14,SCN1A-AS1
2.2993523396601962e-63,4.7238864073161615,0.87,0.149,8.415859498390284e-59,14,ZFAT
3.5789202985473526e-63,7.456345124045808,0.533,0.004,1.3099206184713166e-58,14,SCAMP5
6.103390999154553e-63,6.7022608491319104,0.543,0.005,2.233902139600558e-58,14,PACSIN1
1.718213099314239e-61,3.7757051838035194,0.739,0.075,6.288831764800046e-57,14,FLT3
2.202406995121913e-60,5.851810993060429,0.565,0.014,8.061029842845713e-56,14,GAS6
5.581096712518885e-59,7.294417945659622,0.511,0.005,2.042737207749037e-54,14,CYP46A1
3.368804448075154e-58,4.427611054860539,0.576,0.03,1.2330161160399873e-53,14,BCL7A
5.556334731794094e-57,4.968858736104311,0.63,0.03,2.0336740751839562e-52,14,PHEX
5.699822812779357e-57,3.2886520154297854,0.772,0.099,2.0861921477053724e-52,14,IL3RA
2.305802714038502e-56,7.424164119531747,0.511,0.005,8.43946851365232e-52,14,LINC00996
9.348368102315701e-56,5.016707519851605,0.543,0.021,3.4215962091285695e-51,14,LGMN
1.878557135096738e-55,5.453848519581614,0.554,0.014,6.875706970167571e-51,14,TSPAN13
4.317220682410608e-55,7.838561148295044,0.467,0.003,1.5801459419691067e-50,14,CA8
8.483509102679324e-55,3.208782255893917,0.989,0.351,3.1050491666716596e-50,14,CD2AP
1.2414377378549096e-53,7.97921218646617,0.457,0.002,4.543786264322755e-49,14,LINC00865
1.1376146693959688e-52,2.833190531122622,0.826,0.109,4.1637834514561855e-48,14,RUBCNL
1.8333459670899988e-52,9.930123097536818,0.435,0,6.710229574146104e-48,14,SCT
1.8978064946184133e-52,3.4947227710933877,0.837,0.138,6.946161550952854e-48,14,MYO1E
3.436183048509484e-52,6.559939667638941,0.467,0.006,1.257677357584956e-47,14,DERL3
7.438225916482466e-52,3.7004047619618627,0.848,0.15,2.7224650676917474e-47,14,TBC1D4
1.621106688833056e-51,3.8311902373145363,0.554,0.032,5.933412591797869e-47,14,RBMS3
7.383261993619506e-51,6.119538132228487,0.435,0.007,2.7023477222846753e-46,14,TPM2
9.694052779084162e-51,6.86923451684704,0.435,0.004,3.548120257672594e-46,14,PALD1
1.8873245668326492e-50,3.342643602288668,1,0.605,6.907796647064179e-46,14,FCHSD2
2.143843438592916e-50,3.5746932781341245,0.783,0.097,7.846681369593931e-46,14,C12orf75
2.4561424739719483e-50,4.242274900735576,0.663,0.048,8.989727068984729e-46,14,NEGR1
4.329375612048137e-50,3.365631131820367,0.674,0.082,1.5845947677657387e-45,14,CLCN5
1.0640777570726267e-49,7.139530785747431,0.424,0.003,3.894630998661521e-45,14,PTCRA
2.982228904505135e-49,2.12868341902101,0.978,0.229,1.0915256013379244e-44,14,AFF3
1.5281558623309562e-48,2.9935260663068193,0.935,0.229,5.593203271717533e-44,14,WDFY4
2.0255725096379267e-48,9.356696456475792,0.402,0.001,7.413797942525776e-44,14,KCNK17
6.939478119621419e-48,3.648829608003128,0.728,0.102,2.5399183865626355e-43,14,SOX4
2.9126045719057947e-47,3.367156686475132,0.826,0.149,1.0660423993632399e-42,14,GRAMD1B
4.494361376603718e-47,2.7158977992312168,0.967,0.361,1.6449812074507267e-42,14,PLAC8
2.0426367517588983e-46,3.753180006240391,0.598,0.063,7.476254775112743e-42,14,KCTD5
2.6774577972833267e-46,3.779720059559226,0.728,0.098,9.799763283836705e-42,14,GZMB
4.530654074422264e-46,3.056027575131877,0.761,0.134,1.6582646977792928e-41,14,TGFBI
6.453924149122315e-46,2.8105950914752786,0.772,0.131,2.3622007778202585e-41,14,PHACTR1
9.034171605076564e-46,3.69671930378682,0.587,0.06,3.306597149174073e-41,14,CYB561A3
1.3436766018619557e-45,5.067222328014192,0.467,0.015,4.917990730474944e-41,14,GPM6B
9.195665456671555e-45,3.535598787027106,0.772,0.107,3.365705513796356e-40,14,ALOX5AP
1.6474254618769302e-44,3.6795559877953252,0.652,0.067,6.029741933015752e-40,14,DUSP5
2.0448637933650374e-44,8.689242761493208,0.37,0.001,7.484405970095374e-40,14,CYYR1
1.0199706304059876e-43,3.2554523142966785,0.891,0.188,3.733194504348955e-39,14,SLC15A4
1.2014859731188019e-43,2.4897009781314354,0.967,0.375,4.397558810212127e-39,14,CCDC88A
3.933586589640957e-43,5.003515205297087,0.478,0.017,1.4397320276744866e-38,14,DAB2
4.409428535429199e-43,2.8920491512994353,0.967,0.4,1.6138949382524412e-38,14,PDE4B
1.3212763438444803e-42,7.44735343279521,0.391,0.003,4.836003546105182e-38,14,MAP1A
1.3503455964000681e-42,5.3414481716478734,0.38,0.009,4.942399917383889e-38,14,SH3BP4
3.734656092924768e-42,2.3919207607695783,0.804,0.199,1.3669214765713943e-37,14,ASPH
7.861292208074482e-42,3.9891898122673006,0.457,0.03,2.877311561077341e-37,14,C12orf45
9.09140755268503e-42,9.23506709289517,0.348,0.001,3.3275460783582476e-37,14,LAMP5
3.172030868762353e-41,3.9191727177114366,0.522,0.037,1.160995018275709e-36,14,VEGFB
3.391983389639566e-41,2.7684230555003735,0.924,0.249,1.2414998404419775e-36,14,AUTS2
3.70923741694937e-41,2.7828716929971655,0.935,0.363,1.3576179869776388e-36,14,MAPKAPK2
4.169762618989819e-41,2.9585540313133607,0.87,0.198,1.5261748161764636e-36,14,SETBP1
2.738918433231128e-40,5.463477425230869,0.413,0.012,1.0024715357469253e-35,14,SYCP2L
3.145126238728423e-40,2.4066107929998326,0.815,0.199,1.15114765463699e-35,14,ALCAM
3.179339348235398e-40,7.604791511856405,0.348,0.002,1.163669994847638e-35,14,LRRC36
7.435239754568135e-40,3.0218587021501864,0.739,0.127,2.721372102569483e-35,14,FLNB
8.521757827624227e-40,2.914647356487136,0.848,0.237,3.1190485824887435e-35,14,RRBP1
1.0409619174431235e-39,3.097394049175482,0.75,0.124,3.810024714033576e-35,14,SELENOS
1.9081182190905294e-39,2.370122929326108,0.978,0.606,6.983903493693247e-35,14,CD74
3.64401374287304e-39,2.4814330867615695,0.826,0.233,1.3337454700289612e-34,14,CORO1C
4.799293393635975e-39,5.602757520161676,0.391,0.011,1.7565893750047033e-34,14,ENPP2
6.285385907054473e-39,3.0763197600046155,0.652,0.105,2.3005140958410076e-34,14,IDH3A
8.812169946528517e-39,2.9208769967041333,0.793,0.175,3.2253423221289025e-34,14,MOB1B
8.994991658423642e-39,2.6127959642792593,0.783,0.163,3.2922568968996373e-34,14,STRBP
1.0489488336710695e-38,4.792415380429008,0.391,0.016,3.8392576261194818e-34,14,AP001442.1
1.505994812634066e-37,5.9543822944772,0.326,0.004,5.512091613721945e-33,14,AR
2.0045411878054533e-37,6.147557970677974,0.38,0.005,7.33682120148674e-33,14,PTK7
4.635994244012132e-37,2.6269198590169847,0.783,0.196,1.6968202532508805e-32,14,CD4
7.789398965130604e-37,1.9550323737517459,0.967,0.376,2.8509979152274526e-32,14,MEF2C
1.0690263381861715e-36,4.0963231023843285,0.467,0.032,3.9127433003952065e-32,14,RNASE6
1.599832519374101e-36,6.2097736118734765,0.304,0.005,5.855547004161148e-32,14,NOTCH4
1.8269135735372536e-36,3.958774110850519,0.489,0.035,6.686686370503702e-32,14,ST14
1.9229618285419218e-35,2.487181940322044,0.717,0.141,7.038232588646288e-31,14,ST3GAL2
2.1679762903276252e-35,2.236062288941145,0.859,0.264,7.935010020228142e-31,14,CST3
2.5257717537325014e-35,2.8002748716918195,0.652,0.123,9.244577195836329e-31,14,NPC2
2.8126498326409723e-35,4.577440953741238,0.457,0.027,1.0294579652449222e-30,14,TLR7
3.035131301865459e-35,2.8780802307695486,0.663,0.101,1.1108884077957765e-30,14,TEX2
3.363678091069291e-35,4.068005796618482,0.413,0.03,1.2311398181122712e-30,14,PFKFB2
4.5402497835145066e-35,2.256447681294167,0.815,0.21,1.6617768232641446e-30,14,GAB1
8.242850381285653e-35,4.3685198777587795,0.38,0.016,3.0169656680543616e-30,14,SPNS3
1.3041817010437481e-34,5.9963410016385845,0.315,0.005,4.773435443990222e-30,14,AL096865.1
1.5727916038595553e-34,2.3366645884605166,0.913,0.341,5.7565745492863584e-30,14,HSP90B1
2.114338223745876e-34,3.3135447470581463,0.576,0.07,7.738689332732281e-30,14,CRIM1
2.502840143224845e-34,2.3697491238770327,0.87,0.31,9.160645208217255e-30,14,SFT2D2
4.973978045174221e-34,2.354069827362418,0.87,0.295,1.8205257043142165e-29,14,SH2B3
7.299156901983105e-34,2.069568265624664,0.848,0.256,2.671564417694836e-29,14,SEL1L3
1.193312402189131e-33,2.6016956759123984,0.554,0.075,4.3676427232524387e-29,14,TXNDC5
1.4989930014441084e-33,2.4144491152080745,0.891,0.317,5.486464284585581e-29,14,ERN1
1.5541306859791205e-33,5.6648989687443665,0.304,0.007,5.68827372375218e-29,14,MSRB3
1.759518759623709e-33,1.912493900116474,0.946,0.478,6.440014612098738e-29,14,CHD9
2.4715643573113457e-33,2.0748622359531304,0.696,0.142,9.046172704195257e-29,14,SLC9A7
2.9903850400970477e-33,3.449669436883156,0.478,0.04,1.0945108285259205e-28,14,MCC
5.959697171717742e-33,3.1670440655952117,0.554,0.067,2.1813087618204106e-28,14,LINC01684
6.456484911344627e-33,2.5947613692638614,0.674,0.16,2.3631380424012468e-28,14,EIF2AK4
1.1095921043790033e-32,2.6871325870813316,0.685,0.107,4.0612180612375895e-28,14,SAMD12
1.244388569499955e-32,9.908402329236385,0.272,0,4.554586603226786e-28,14,LRRC26
2.042728989906247e-32,7.136408867273803,0.293,0.003,7.476592375955855e-28,14,AC007100.1
2.252213910839289e-32,6.346694866104968,0.283,0.004,8.243328135062882e-28,14,AC021594.2
2.9887168201442276e-32,5.979175914263812,0.293,0.004,1.0939002433409888e-27,14,MMRN1
3.26870357501041e-32,5.109266523577556,0.315,0.01,1.1963781954895602e-27,14,TCF4-AS1
4.368368690293986e-32,6.7988883279631285,0.293,0.003,1.5988666243345019e-27,14,SLC12A3
5.510304974676875e-32,3.109764569910657,0.63,0.095,2.016826723781483e-27,14,HS3ST3B1
5.997954974344566e-32,1.9427401280058743,0.967,0.51,2.195311500159855e-27,14,CDYL
6.474537693912639e-32,3.5919917857623447,0.402,0.035,2.369745541348965e-27,14,OPN3
1.1742283039703737e-31,2.0109143253301456,0.913,0.384,4.297793015361965e-27,14,ZDHHC17
1.5668038095339047e-31,2.356221336678953,0.75,0.206,5.7346586232750446e-27,14,MPEG1
2.420349710318631e-31,7.755216828927914,0.261,0.001,8.858721974737222e-27,14,LINC01375
2.420349710318631e-31,4.8270815313305695,0.261,0.01,8.858721974737222e-27,14,AP001439.1
8.97078900586378e-31,2.247864850621566,0.728,0.184,3.2833984840362025e-26,14,CREB3L2
1.0556264205249176e-30,4.37464262529418,0.37,0.02,3.863698261763251e-26,14,PMEPA1
1.295082268804384e-30,4.084826901595034,0.424,0.027,4.740130612050926e-26,14,TRAF4
1.5183041811466586e-30,2.6234536857643405,0.826,0.285,5.557145133414885e-26,14,TEX14
4.664983596700031e-30,7.615107032668469,0.25,0.002,1.7074306462281783e-25,14,C5orf64
6.825077811486527e-30,1.7897729247756913,0.717,0.212,2.4980467297821836e-25,14,PPIB
1.0560343849268625e-29,6.605118691933575,0.261,0.003,3.8651914522708096e-25,14,AP001341.1
1.6007277975190728e-29,2.227763166902003,0.815,0.232,5.858823811699558e-25,14,ADAM19
1.947953434086506e-29,3.4147077206134817,0.5,0.062,7.12970436410002e-25,14,CBFA2T3
2.7804576073947286e-29,2.6814910812733057,0.62,0.111,1.0176752888825445e-24,14,CAT
2.921693290167622e-29,2.046636255561246,0.924,0.544,1.0693689611342514e-24,14,ZNRF2
3.382777067196392e-29,1.5209111000134028,0.989,0.868,1.2381302343645514e-24,14,RABGAP1L
3.6139290325767605e-29,1.7759414545575534,0.935,0.432,1.32273416521342e-24,14,HLA-DRA
3.6292633738830096e-29,3.239709896699241,0.511,0.066,1.3283466874749203e-24,14,CSF2RB
8.746296432991011e-29,2.351060820048656,0.717,0.201,3.2012319574390397e-24,14,SCARB2
1.058041806584124e-28,3.0688514179290296,0.522,0.093,3.872538816278552e-24,14,CLN8
2.3346208789955198e-28,3.905197194097314,0.348,0.021,8.544945879211502e-24,14,GAPT
3.063935068605205e-28,3.7228297223399087,0.304,0.02,1.121430874460191e-23,14,AC060234.3
3.0692975148390214e-28,2.3722395071856273,0.674,0.162,1.1233935834062302e-23,14,POLB
4.348859369786759e-28,2.491911098954999,0.467,0.061,1.5917260179356517e-23,14,HLTF
6.66237483690741e-28,1.5438431298209288,0.924,0.357,2.438495814056481e-23,14,HDAC9
7.68184948903122e-28,2.6892903870721447,0.543,0.088,2.811633731480317e-23,14,PLP2
9.083343728792328e-28,2.4467415398408145,0.609,0.129,3.32459463817528e-23,14,SLC7A5
1.3211543052362943e-27,2.757490920694505,0.63,0.104,4.8355568725953607e-23,14,SCRN1
1.8743210636371307e-27,3.794312453196455,0.391,0.029,6.860202525018262e-23,14,ABHD15
1.9380295066480856e-27,2.096786962152635,0.804,0.243,7.093381797282659e-23,14,OFD1
1.9431007816245755e-27,3.5406586239765265,0.293,0.024,7.111943170824109e-23,14,STK32B
2.084540851299642e-27,2.2690231770832803,0.761,0.154,7.62962796984182e-23,14,MCOLN2
2.5531314825386987e-27,2.6979106740343246,0.457,0.071,9.344716539239891e-23,14,SEMA3C
4.172683816031476e-27,4.35578688160438,0.293,0.012,1.5272440035056806e-22,14,GUCY1A1
4.29178955156012e-27,0.9943733701939157,0.652,0.14,1.5708378937665195e-22,14,IGKC
4.3551591660377316e-27,2.501427807329101,0.685,0.173,1.59403180636147e-22,14,LRRK1
4.7271751421985e-27,1.7209826897697005,0.891,0.354,1.730193373796073e-22,14,STX7
5.69178594759091e-27,5.95175003548104,0.25,0.003,2.083250574677749e-22,14,PLCB4
6.94178496396993e-27,2.2160305197266696,0.587,0.144,2.540762714662634e-22,14,CRYBG3
7.060639220588502e-27,2.0896018703410637,0.793,0.268,2.5842645611275977e-22,14,CCDC186
8.415297411453431e-27,5.1461258309488915,0.272,0.006,3.0800830055660703e-22,14,KLHL13
1.0753190363732279e-26,2.2639390434193465,0.522,0.099,3.9357752050296515e-22,14,TRIT1
1.1031553274359453e-26,2.288257320720362,0.533,0.078,4.0376588139483033e-22,14,ADGRG5
1.1619803009116339e-26,1.9037444149077623,0.587,0.157,4.252964099366671e-22,14,HLA-DMA
1.3957795092566423e-26,1.9965236849550745,0.793,0.249,5.108692581830236e-22,14,HLA-DQB1
1.6973421538872113e-26,2.1711083111527762,0.674,0.17,6.212442017442582e-22,14,HLA-DQA1
3.4676273452884285e-26,1.3890559877889448,0.935,0.44,1.2691862846490177e-21,14,SYK
5.378051528964483e-26,2.8842793500612522,0.391,0.045,1.9684206401162905e-21,14,SLC1A4
5.768235524635153e-26,7.293811118830701,0.25,0.002,2.1112318843717124e-21,14,AL139340.1
6.939597856226858e-26,2.032099776256635,0.674,0.178,2.5399622113575925e-21,14,GRN
9.311095332784377e-26,2.234337085860356,0.543,0.153,3.40795400275241e-21,14,ARID3A
1.075017019882239e-25,4.350645598381926,0.272,0.009,3.934669794470983e-21,14,FCER1A
2.6340263247353544e-25,2.3571946039326983,0.717,0.212,9.640799751163871e-21,14,GPR183
2.6907632165547277e-25,2.944899689760774,0.38,0.049,9.848462448911959e-21,14,LINC01176
3.5920700163443587e-25,1.946873381797962,0.793,0.225,1.3147335466821988e-20,14,PPM1K
4.629575046404164e-25,3.495567657387697,0.359,0.028,1.694470762734388e-20,14,CDCA7L
6.320357502627465e-25,2.2155246045145693,0.804,0.297,2.3133140495366785e-20,14,HERPUD1
7.760124072219336e-25,1.554602077572507,0.696,0.209,2.840283011672999e-20,14,TBC1D8
8.005319123818603e-25,4.474432483085856,0.272,0.009,2.930026852508847e-20,14,PRXL2A
9.3226295837468e-25,2.8612439329522843,0.446,0.062,3.4121756539471665e-20,14,GLCE
9.593011065182218e-25,3.7008063122504677,0.348,0.031,3.511137979967344e-20,14,ADGRB3
9.602693333575943e-25,6.184412474834421,0.283,0.004,3.514681787022131e-20,14,LINC02812
1.0360063790153148e-24,2.331707879964266,0.587,0.134,3.7918869478339536e-20,14,SEPTIN11
1.2000352646165099e-24,3.059647623227542,0.424,0.054,4.392249072022888e-20,14,RPS6KA4
1.398145226474314e-24,3.0356333760986507,0.489,0.085,5.1173513434186364e-20,14,EIF4A3
1.629998975225654e-24,2.636673207376668,0.511,0.085,5.965959249223416e-20,14,LAIR1
2.405925423565985e-24,2.254578508568544,0.522,0.102,8.805927642793861e-20,14,TUBB6
2.6704714899423104e-24,3.630560849596804,0.25,0.017,9.77419270033785e-20,14,PTMS
2.721251641771481e-24,4.74368771540302,0.25,0.008,9.960053134047798e-20,14,SCML2
3.510829010330844e-24,2.4072714407996574,0.641,0.174,1.2849985260711922e-19,14,DSTN
3.988000152426484e-24,3.0019222850257026,0.304,0.026,1.4596479357896174e-19,14,STMN1
4.8237625990035654e-24,2.6208160936501756,0.435,0.073,1.765545348861295e-19,14,CPED1
5.269165269625912e-24,3.112776974530071,0.467,0.098,1.92856718033578e-19,14,AL355075.4
9.431889469401471e-24,2.050133959733273,0.685,0.183,3.4521658646956326e-19,14,CEP128
1.1378781025719685e-23,1.9519282021005027,0.793,0.28,4.164747643223662e-19,14,CTSC
1.4669191980211237e-23,1.441172676134568,0.87,0.394,5.369070956677115e-19,14,RNASET2
1.9721210582205834e-23,1.3647593663771085,0.924,0.438,7.218160285193157e-19,14,UBE2E2
1.9785264050488007e-23,1.967769543344983,0.609,0.164,7.2416044951191155e-19,14,HLA-DRB5
2.0323296917755727e-23,2.2161066924591597,0.75,0.228,7.438529904867773e-19,14,TAGLN2
2.0516197336001754e-23,1.7259882865890384,0.5,0.094,7.509133386950002e-19,14,DENND5B
2.0847354209455028e-23,2.222407661064582,0.641,0.19,7.630340114202635e-19,14,CNPY3
2.1760360315197245e-23,3.3983393205160675,0.424,0.042,7.964509478965344e-19,14,GRIP1
2.3853407131179848e-23,5.09679554419362,0.283,0.012,8.730585544083137e-19,14,TCL1A
2.4559690243770198e-23,3.3915095851588535,0.37,0.032,8.98909222612233e-19,14,FZD3
2.4740655954414392e-23,1.7296440419630346,0.652,0.171,9.055327485875212e-19,14,TBC1D32
2.8040690440371035e-23,1.2900103666842988,0.946,0.408,1.0263173108080203e-18,14,RNF130
4.3006618167401625e-23,1.858406763293189,0.848,0.354,1.574085231545067e-18,14,NGLY1
5.059008177725506e-23,2.1780624836794056,0.652,0.174,1.8516475831293122e-18,14,SEC61B
5.174290271899264e-23,2.750391461560346,0.467,0.069,1.8938419824178495e-18,14,HHAT
6.328836659847777e-23,2.032660888858894,0.696,0.186,2.316417505870885e-18,14,SMC6
6.347136984421469e-23,1.4086144115646517,0.989,0.635,2.3231156076681018e-18,14,UVRAG
7.627300574156146e-23,1.7130803265360308,0.696,0.224,2.791668283146891e-18,14,CYTH4
1.431234920636613e-22,1.5679933705654137,0.957,0.629,5.238462933022067e-18,14,USP24
1.4445717405309665e-22,1.4862406419716996,0.87,0.492,5.2872770275173905e-18,14,B4GALT1
1.4624838631750944e-22,2.9156383083059336,0.337,0.047,5.352837187607163e-18,14,LILRB4
1.6240425593961282e-22,1.9692702046581956,0.685,0.189,5.9441581716457684e-18,14,RPS6KA2
1.6476321701755865e-22,1.6918859798762538,0.728,0.268,6.030498506059664e-18,14,IRF2BP2
2.35310702434168e-22,1.8644857594432929,0.478,0.113,8.612607019792983e-18,14,LINC02245
2.419423394958802e-22,4.272326599698029,0.261,0.014,8.855331567888712e-18,14,AZIN2
3.0049136616969343e-22,2.549171310697787,0.391,0.058,1.099828449317695e-17,14,IGFLR1
3.0569013412701184e-22,2.072412172047683,0.696,0.189,1.1188564599182761e-17,14,RUBCN
3.3185718524465184e-22,1.4922243848152772,0.815,0.331,1.2146304837139502e-17,14,SULF2
3.3510034662743094e-22,2.2826892492399065,0.489,0.107,1.22650077869106e-17,14,AL035587.1
3.388545698677461e-22,1.4054432860695985,0.935,0.555,1.2402416111729374e-17,14,INPP4A
3.5924797523930676e-22,2.0548679370802905,0.674,0.229,1.3148835141733867e-17,14,FEZ2
4.923629292142708e-22,2.032209927530668,0.815,0.246,1.8020975572171527e-17,14,TASP1
4.971401417935167e-22,0.8555273247504753,0.793,0.277,1.8195826329784506e-17,14,CD36
5.137581064429898e-22,4.079193826348768,0.315,0.02,1.880406045391987e-17,14,VIPR2
5.538240742123967e-22,3.508358275099356,0.293,0.021,2.027051494024793e-17,14,WASF1
6.161131526504809e-22,2.240689301347653,0.641,0.154,2.255035750016025e-17,14,HIP1
7.37620704164909e-22,2.455057663972857,0.435,0.081,2.6997655393139834e-17,14,CHML
7.397805364909739e-22,3.3511522526760054,0.348,0.031,2.7076707416106133e-17,14,REPIN1
8.798254103702703e-22,1.8303581632824102,0.859,0.435,3.2202489844962263e-17,14,MAN1A1
9.153364640290315e-22,1.6766399438207167,0.793,0.321,3.350222991992658e-17,14,MTMR1
1.2385449745038622e-21,2.9981847312730996,0.293,0.032,4.533198461181586e-17,14,ZNF852
1.4683601204952649e-21,2.2428022765415494,0.435,0.075,5.374344877024719e-17,14,TTC28
2.085117972891423e-21,1.693915777866928,0.707,0.235,7.631740292579896e-17,14,ERP29
3.059812213623242e-21,2.573788925914017,0.37,0.057,1.1199218683082428e-16,14,CHAMP1
3.3768743247121524e-21,1.4558110730322797,0.902,0.437,1.2359697715878948e-16,14,ANTXR2
3.566639242132063e-21,1.3692091411497709,0.87,0.462,1.3054256290127562e-16,14,RAB11FIP1
3.615625989221331e-21,1.8041281217331016,0.815,0.308,1.3233552683148995e-16,14,SLC20A1
3.748040892946255e-21,2.9745898037849305,0.467,0.073,1.371820447227259e-16,14,TTYH2
6.251553068558748e-21,1.6228269108795272,0.739,0.235,2.288130938623187e-16,14,PIK3CG
8.091438988306831e-21,2.862889241914476,0.446,0.069,2.961547584110183e-16,14,UCK2
8.844922597707738e-21,2.954172671620919,0.315,0.042,3.237330119987009e-16,14,FMNL3
9.014723133709496e-21,1.6878306514417896,0.467,0.088,3.299478814169013e-16,14,NBEA
1.1747462399553508e-20,1.8257110732776127,0.75,0.253,4.2996887128605796e-16,14,HLA-DPA1
1.406792995893582e-20,2.5720074552757084,0.424,0.051,5.149003044270099e-16,14,CLIC3
1.45146828761838e-20,1.505923895814462,0.739,0.275,5.312519079512033e-16,14,JAML
2.03349838093439e-20,2.187682914543919,0.457,0.111,7.442807424057961e-16,14,DST
2.3367737592033755e-20,2.628935093444652,0.37,0.061,8.552825636060275e-16,14,EPDR1
2.4770464496493992e-20,3.5096841792073206,0.272,0.022,9.066237710361765e-16,14,SCARB1
2.491480653854407e-20,3.205746350072102,0.283,0.029,9.119068341172515e-16,14,DAPK2
2.6379252843850956e-20,3.8671945710528854,0.25,0.015,9.655070333377887e-16,14,NECTIN1
2.6774324075278204e-20,2.292840157829551,0.37,0.07,9.799670354792576e-16,14,CUEDC1
3.6746853917880725e-20,2.7195115626045863,0.337,0.051,1.3449716002483525e-15,14,SOGA1
4.484076846030203e-20,2.2183176867381844,0.348,0.066,1.6412169664155147e-15,14,SEC61A2
4.6631561311763317e-20,1.5488471579676286,0.424,0.094,1.7067617755718492e-15,14,AP1S3
4.986852777158771e-20,1.2162493551679407,0.902,0.449,1.825237984967882e-15,14,LDLRAD4
5.902682856055555e-20,1.9015419048098294,0.478,0.095,2.1604409521448938e-15,14,GNG7
6.751010282901188e-20,2.9242689021381327,0.261,0.029,2.470937273644664e-15,14,SNCA
6.996901278611408e-20,1.5627806555927157,0.543,0.159,2.560935836984561e-15,14,SH2D3C
7.335506356270273e-20,3.4504532788300737,0.272,0.023,2.6848686814584827e-15,14,AC007569.1
9.376180478026122e-20,2.4203491494750073,0.413,0.073,3.4317758167623408e-15,14,CYSLTR1
1.0502790557402814e-19,2.667660719773844,0.489,0.079,3.8441263719150035e-15,14,IL18R1
1.5480828693517272e-19,2.1776966775630413,0.478,0.096,5.666138110114257e-15,14,GSN
1.558566478748866e-19,1.9232544956810167,0.663,0.203,5.704509168868724e-15,14,MAN2B1
1.6736112578689367e-19,1.5410186708522424,0.87,0.351,6.125584564926095e-15,14,CARD11
2.4307929137503823e-19,2.37689023594631,0.5,0.124,8.896945143617774e-15,14,SH3D19
3.6054111757890955e-19,1.5628788577178818,0.63,0.199,1.3196165444505668e-14,14,NCF1
3.724539997842374e-19,1.3805948854484897,0.913,0.433,1.3632188846102874e-14,14,MDFIC
3.8938602676437786e-19,1.9606313983042591,0.554,0.148,1.4251917965602993e-14,14,CTSZ
5.464289858680145e-19,2.41801117446449,0.543,0.103,1.99998473117552e-14,14,WAKMAR2
5.589280814345843e-19,2.2249897519580664,0.38,0.077,2.045732670858722e-14,14,LRP8
5.771112914331847e-19,2.0371545475044233,0.565,0.137,2.1122850377745994e-14,14,NADK
6.455858491529776e-19,1.6308494313189872,0.587,0.171,2.362908766484813e-14,14,MAP2K6
7.645407075586563e-19,1.9225518027855033,0.489,0.13,2.798295443735438e-14,14,CIITA
8.450802983393337e-19,1.3339486332101387,0.946,0.493,3.0930783999517954e-14,14,CERS6
9.148082577730205e-19,3.444282724734214,0.293,0.019,3.3482897042750324e-14,14,ST6GALNAC4
9.54209328336311e-19,2.4076844693966652,0.348,0.06,3.4925015626437314e-14,14,PARP10
9.943712523772426e-19,1.83918232937897,0.5,0.128,3.639498220825946e-14,14,ABI2
1.4188492473420013e-18,1.1704674446874281,0.957,0.768,5.193130130196459e-14,14,RPS11
1.489603115039081e-18,1.8680425713122277,0.457,0.11,5.4520963613545405e-14,14,PPARA
1.5762360280019133e-18,1.3418183441649414,0.837,0.451,5.769181486089802e-14,14,PI4KA
2.1548264759930634e-18,2.7104509863547004,0.38,0.057,7.886880384782211e-14,14,SPINT2
2.2692872356084265e-18,1.7093444756347627,0.652,0.216,8.305818211050401e-14,14,AP3S1
3.45049879355132e-18,1.4166853539568307,0.674,0.265,1.2629170634277187e-13,14,CTSB
3.7906332417457254e-18,1.2180203356103914,0.848,0.398,1.387409672811353e-13,14,HLA-DRB1
3.928624024438493e-18,1.4917321766701679,0.88,0.443,1.437915679184733e-13,14,HIVEP1
4.003083123090802e-18,1.9758691777392183,0.522,0.141,1.4651684538824644e-13,14,DIPK2A
4.510801190928706e-18,1.7697319284207327,0.565,0.184,1.6509983438918158e-13,14,ULK1
6.673525533534356e-18,2.2643808972310957,0.315,0.058,2.44257708052891e-13,14,MPZL1
7.058728127758142e-18,1.9479763561682784,0.587,0.176,2.5835650820407574e-13,14,GRSF1
7.50709363564239e-18,1.9841438813226917,0.489,0.11,2.7476713415814707e-13,14,ZDHHC14
7.70466339472721e-18,1.4076719562799311,0.62,0.213,2.819983849104106e-13,14,TBC1D9
7.783885553778545e-18,1.8820666463056452,0.511,0.165,2.848979951538485e-13,14,GNB4
9.34980058833522e-18,1.3409939047237334,0.772,0.326,3.422120513336574e-13,14,HLA-DPB1
1.108707619396714e-17,1.4650649307391077,0.717,0.245,4.057980757753913e-13,14,SRP14
1.2336274339586345e-17,1.9299497737078422,0.478,0.128,4.515199771031998e-13,14,CD68
1.2573250575260954e-17,2.2372383495523698,0.272,0.033,4.601935443051261e-13,14,DCLK2
1.474199052492597e-17,1.5959483476476466,0.641,0.205,5.395715952028154e-13,14,FCER1G
2.1572838270157123e-17,2.476834021420432,0.478,0.122,7.895874535260209e-13,14,UNC93B1
2.2287918752297714e-17,1.0290120752037815,0.88,0.46,8.157601142528486e-13,14,PTPRE
2.4596067616406242e-17,2.344784898566483,0.359,0.067,9.002406708280849e-13,14,AC012358.3
2.82415436604977e-17,1.6786268579551546,0.413,0.112,1.0336687395178763e-12,14,PAXX
3.6888218970649e-17,1.624714530830654,0.826,0.355,1.350145702544724e-12,14,GALNT7
5.2204499535334925e-17,1.987564103955807,0.326,0.061,1.9107368874927935e-12,14,BRCA2
5.719228649238272e-17,1.652121871855131,0.587,0.172,2.0932948779077e-12,14,PTK2
5.867893087260566e-17,1.5677464587185097,0.696,0.254,2.1477075488682398e-12,14,N4BP2
6.295388721871607e-17,1.7579861065125417,0.457,0.116,2.304175226092227e-12,14,CCDC200
6.724338702948038e-17,1.4827807391692616,0.772,0.337,2.4611752086660113e-12,14,RELL1
7.032090008273728e-17,1.7235287242305786,0.674,0.215,2.5738152639282672e-12,14,N4BP2L1
7.465933378348184e-17,2.412694684790808,0.25,0.039,2.7326062758092188e-12,14,DNAJC4
9.04479548156557e-17,2.1175258019948036,0.25,0.037,3.3104855942078142e-12,14,EGLN3
1.0066622089871948e-16,1.5083125720486303,0.5,0.146,3.6844843511140315e-12,14,SNX18
1.0442954966504328e-16,3.681932929219236,0.272,0.024,3.822225947290249e-12,14,NREP
1.110480158679471e-16,2.629494551090916,0.391,0.057,4.064468428782732e-12,14,TMEM109
1.1456154128424744e-16,0.9135709315490663,0.989,0.922,4.19306697254474e-12,14,EEF1A1
1.4187581709410337e-16,2.9710480303797873,0.25,0.021,5.1927967814612774e-12,14,AC010809.1
1.4839515842002334e-16,2.2178148594445233,0.478,0.118,5.4314111933312744e-12,14,CXXC5
1.7137254225353776e-16,1.7221328316257871,0.63,0.176,6.272406419021736e-12,14,AC008014.1
1.8001144201559207e-16,1.6658043195383976,0.598,0.165,6.588598789212686e-12,14,TARBP1
1.8155285621292382e-16,2.2149668259468656,0.359,0.07,6.6450160902492245e-12,14,PDIA4
2.3025330556581536e-16,2.4272158071158554,0.348,0.064,8.427501237014407e-12,14,ZNF618
2.399488455040534e-16,2.7029007991578946,0.348,0.063,8.782367694293859e-12,14,Z93241.1
2.415154305689498e-16,1.1422712331821168,0.804,0.339,8.839706274254133e-12,14,C18orf25
3.18605793019514e-16,1.6367981312747126,0.467,0.134,1.1661290630307232e-11,14,SMIM14
3.559564276968386e-16,2.5824062383313695,0.261,0.04,1.302836121013199e-11,14,LIMD1-AS1
3.641213806792362e-16,1.391110618500956,0.565,0.21,1.3327206654240725e-11,14,DAPK1
3.745876636810321e-16,2.5854085885563176,0.261,0.041,1.3710283078389455e-11,14,HYOU1
3.922493741666619e-16,2.1101852722751824,0.424,0.098,1.4356719343873993e-11,14,SPATS2
3.9385812042059455e-16,1.5613513690083347,0.793,0.391,1.4415601065514182e-11,14,CD164
4.202405768874544e-16,1.9585492314060104,0.511,0.142,1.538122535465772e-11,14,DPYSL2
5.185608939469564e-16,1.9984721804299315,0.543,0.151,1.8979847279352552e-11,14,VAMP8
5.207714612842656e-16,1.6278264600454189,0.652,0.244,1.9060756254465404e-11,14,UBE2J1
6.153113007350547e-16,1.539736586078089,0.435,0.115,2.2521008918203736e-11,14,TMX1
6.74386106743446e-16,2.653004532599335,0.304,0.038,2.4683205892916867e-11,14,TP53I13
9.396107796917092e-16,1.1536394509580434,0.696,0.279,3.4390694147496246e-11,14,PIK3AP1
1.0282733081442986e-15,2.1418111136400846,0.38,0.099,3.7635831351389474e-11,14,TMEM107
1.0465344254502337e-15,1.2934019261459246,0.793,0.419,3.8304206505904e-11,14,YPEL5
1.0712215636610141e-15,1.8311518546662127,0.543,0.163,3.9207780451556776e-11,14,PARK7
1.2394727306268093e-15,1.595786904077087,0.489,0.153,4.5365941413671845e-11,14,MED26
1.4691841072181512e-15,1.323773956959737,0.522,0.173,5.377360750829155e-11,14,GALNT3
1.810984605563877e-15,2.803005667798484,0.326,0.043,6.628384754824346e-11,14,NAALADL2
1.8373952246900592e-15,2.8623453635257445,0.359,0.053,6.725050261888086e-11,14,CAPG
2.358794349140519e-15,2.0415107215564063,0.5,0.116,8.633423197289213e-11,14,SPCS1
2.4582912074928026e-15,1.69062546366098,0.37,0.087,8.997591648544406e-11,14,SPRED2
2.52361539129063e-15,0.8376750066253424,0.924,0.54,9.236684693662834e-11,14,SNX9
3.417132727305257e-15,1.7338276414317462,0.609,0.166,1.250704749520997e-10,14,UCP2
4.442092289563969e-15,2.512566103116771,0.326,0.048,1.6258501989033082e-10,14,BCAR3
4.488283701240516e-15,0.9453984981253587,0.946,0.57,1.642756717491041e-10,14,CUX1
4.878058209796111e-15,1.918932204220354,0.457,0.118,1.7854180853674744e-10,14,SLC37A1
5.410924339313623e-15,1.1285525637537717,0.902,0.588,1.9804524174321792e-10,14,BTAF1
5.513083325588358e-15,1.0335749547321682,0.804,0.418,2.0178436279985948e-10,14,TTC7A
6.017520816352199e-15,2.4563685293163298,0.391,0.075,2.2024727939930684e-10,14,ADCY3
6.119746014217351e-15,1.8494891790263572,0.467,0.111,2.2398882386636924e-10,14,ARHGAP18
8.153758184916358e-15,2.1970996035189785,0.359,0.077,2.984357033261236e-10,14,SLC39A6
8.71535291311588e-15,2.221609812618532,0.402,0.099,3.189906319729543e-10,14,AL021155.5
9.309931397779622e-15,3.0050211047864073,0.261,0.033,3.4075279909013193e-10,14,NT5DC3
1.0040015179215054e-14,1.1200229875670478,0.685,0.29,3.6747459557445023e-10,14,MAP3K14
1.8140362119076187e-14,1.6958025829660184,0.293,0.062,6.639553939203075e-10,14,WDR49
2.9081429181297454e-14,2.5263503463839756,0.283,0.044,1.0644093894646682e-9,14,ENTPD7
3.18346938027374e-14,1.4709044754413807,0.478,0.176,1.1651816278739915e-9,14,USF2
3.524980548324146e-14,2.2534730860987793,0.348,0.06,1.2901781304921207e-9,14,DCK
3.613465946739199e-14,1.4988369329957405,0.304,0.09,1.3225646711660142e-9,14,PBX2
3.900864006682818e-14,2.0024406116399973,0.478,0.134,1.4277552350859784e-9,14,CBX4
3.994206552269948e-14,1.2196504742159258,0.663,0.264,1.4619195401963237e-9,14,RASSF2
4.000530876232456e-14,1.0124015594651588,0.924,0.653,1.4642343060098414e-9,14,RPS23
4.429389257177044e-14,1.4795351159231889,0.554,0.175,1.62120076201937e-9,14,NDRG1
5.063358282571854e-14,1.3272026668025485,0.63,0.244,1.8532397650041241e-9,14,SERTAD2
5.171816147095586e-14,1.1681241363618704,0.88,0.589,1.8929364279984553e-9,14,CYBA
5.175170776301939e-14,1.6724350942101207,0.359,0.084,1.8941642558342725e-9,14,TMEM268
6.375691392276062e-14,1.1692323058632077,0.696,0.274,2.3335668064869613e-9,14,SINHCAF
6.54099614579233e-14,1.4612685630871827,0.609,0.231,2.3940699993214507e-9,14,RNF11
7.405904511839986e-14,1.9164802819848499,0.446,0.121,2.7106351103785534e-9,14,TCP11L1
7.783608807666697e-14,1.7849658834936484,0.576,0.22,2.8488786596940875e-9,14,P4HB
7.921157320302311e-14,2.020681536805571,0.424,0.114,2.899222790803849e-9,14,MLEC
8.131593621779965e-14,1.1313500293791685,0.902,0.54,2.976244581507685e-9,14,TACC1
8.147463889804052e-14,1.2578130594266264,0.739,0.376,2.982053258307181e-9,14,CCDC69
9.529273888018006e-14,0.5142336878907932,0.804,0.347,3.4878095357534704e-9,14,ARHGAP24
1.1044992632268512e-13,1.3566723334594188,0.826,0.539,4.042577753336598e-9,14,RPL23
1.160255202611173e-13,2.585912272146592,0.283,0.038,4.2466500670771545e-9,14,ATP13A2
1.2041701153538411e-13,1.3105009045623266,0.598,0.218,4.407383039206594e-9,14,TMED10
1.264285249216918e-13,1.4534387361653978,0.554,0.15,4.627410440658841e-9,14,AHI1
1.3295913674597792e-13,1.2520245869633149,0.772,0.428,4.866437364039538e-9,14,TM9SF2
1.3540299343451336e-13,1.8130288997514772,0.337,0.092,4.955884962696624e-9,14,MFSD12
1.4267707383741124e-13,1.7109959390866853,0.565,0.183,5.2221235795230886e-9,14,DDB1
1.47027234870065e-13,1.4338159968274196,0.598,0.221,5.381343823479249e-9,14,NUS1
1.535689412535999e-13,1.6809646875033262,0.478,0.138,5.62077681882301e-9,14,NUCB2
1.565817079149403e-13,2.28372996952118,0.304,0.06,5.7310470913947295e-9,14,ST3GAL4
1.6000081409740137e-13,1.2474736325193099,0.576,0.179,5.856189796778987e-9,14,UST
1.6139930227394765e-13,2.71114516801723,0.326,0.069,5.907375862528758e-9,14,ARMH1
1.76755893277251e-13,1.491610939155323,0.609,0.201,6.469442449840664e-9,14,AC007952.4
1.8696581196608914e-13,2.485804003907269,0.272,0.038,6.843135683770829e-9,14,SDHAF3
2.154203556229062e-13,1.1331558522383234,0.717,0.314,7.884600436153989e-9,14,SRGAP2
2.318175243081862e-13,1.5628743641518155,0.424,0.144,8.484753207203923e-9,14,PARVB
2.3386119080867363e-13,1.42151734600269,0.804,0.383,8.559553444788263e-9,14,TRAM1
2.483027616460014e-13,1.4129774728441338,0.848,0.481,9.088129379005297e-9,14,DNAJC1
2.5045449159708603e-13,1.331459067698782,0.685,0.28,9.166884846944947e-9,14,LIMD1
2.5306658956853375e-13,0.9371221936641349,0.696,0.299,9.262490244797905e-9,14,SELL
3.1931560700568753e-13,1.5010706778968805,0.565,0.192,1.168727053201517e-8,14,FYTTD1
3.274961754803624e-13,0.8875282353770091,0.902,0.581,1.1986687518756744e-8,14,GNAS
3.391521019355577e-13,1.054560247019353,0.565,0.194,1.2413306082943349e-8,14,CARMIL1
3.9596553722246765e-13,1.9609533270185464,0.283,0.067,1.4492734627879538e-8,14,CAPN15
4.103046287596808e-13,1.045614414427381,0.88,0.473,1.5017559717233077e-8,14,SFMBT2
4.239668260363047e-13,1.5284837961651552,0.522,0.171,1.551760979975479e-8,14,SELPLG
4.970078304768527e-13,2.212594207166444,0.315,0.072,1.8190983603283284e-8,14,TRPM2
5.023780216292916e-13,1.1541952718372264,0.75,0.336,1.8387537969653702e-8,14,SKAP2
5.080786889324763e-13,1.1629176469743918,0.902,0.581,1.8596188093617566e-8,14,RPS3A
5.170179487257906e-13,2.242541924778697,0.326,0.075,1.8923373941312664e-8,14,EEF2K
5.545189492347058e-13,1.303854027393958,0.478,0.152,2.0295948060939466e-8,14,DAAM1
5.656820638014369e-13,1.2740355899719191,0.576,0.246,2.070452921719639e-8,14,PXK
6.516751570223109e-13,1.2310724824592865,0.685,0.301,2.38519624221736e-8,14,GABARAP
6.748580912453913e-13,2.639061444108714,0.293,0.041,2.470048099767257e-8,14,PON2
7.101238741330844e-13,1.5217458829526738,0.652,0.285,2.5991243917145023e-8,14,MEF2D
7.105874870732363e-13,1.372652794465642,0.359,0.119,2.600821261436752e-8,14,FCGRT
7.222181447550745e-13,2.362161126773463,0.402,0.098,2.6433906316180482e-8,14,PHLPP2
7.4172689092129e-13,1.4655247698144405,0.609,0.249,2.7147945934610137e-8,14,OTULINL
7.672339209629783e-13,0.8824430492624997,0.946,0.652,2.808152874116597e-8,14,ETV6
9.14006276991024e-13,1.4849350036933473,0.457,0.144,3.3453543744148474e-8,14,HLA-DMB
1.0750249097627923e-12,1.0956858797783111,0.87,0.521,3.934698672222796e-8,14,RAP1GDS1
1.1481655365057063e-12,1.059214673930407,0.859,0.531,4.2024006801645357e-8,14,RPL35
1.1692117245670477e-12,1.9130365419556439,0.359,0.066,4.279431833087851e-8,14,SLC2A1
1.2415967904534977e-12,1.184523968337906,0.609,0.229,4.5443684127388466e-8,14,FARP2
1.3716461500538874e-12,1.035521225648996,0.565,0.182,5.020362073812233e-8,14,BICD1
1.4015243649898629e-12,1.0842894809364105,0.457,0.11,5.129719328299397e-8,14,KHDRBS2
1.433574929767564e-12,1.2563446495015012,0.696,0.303,5.247027600442261e-8,14,GALNT2
1.4351322782330716e-12,1.1897819912196792,0.63,0.269,5.2527276515608655e-8,14,TYROBP
1.6432971064191776e-12,1.2738704234544656,0.696,0.332,6.014631739204833e-8,14,GGA2
2.1362503452113385e-12,2.4256996931134394,0.337,0.067,7.81888988850802e-8,14,SCAMP4
2.245557957609449e-12,2.4013824490594065,0.315,0.047,8.218966680646345e-8,14,TMEM19
2.4900400869566504e-12,0.7985591251463942,0.967,0.726,9.113795722270036e-8,14,ITPR2
2.8178748523532872e-12,2.3414259101143013,0.261,0.04,1.0313703747098266e-7,14,ADA
2.97798054485022e-12,1.2431959818919627,0.587,0.256,1.089970659220629e-7,14,SLC35A3
3.017366179961001e-12,1.36431611651646,0.652,0.277,1.104386195527526e-7,14,CANX
3.0191066324991226e-12,1.3616955935051023,0.467,0.162,1.1050232185610039e-7,14,ZFYVE26
3.3213931902097e-12,0.7966755717299856,0.946,0.726,1.2156631215486522e-7,14,TGFBR2
3.5977718869443235e-12,1.6473419739079151,0.293,0.084,1.316820488340492e-7,14,TUBB
4.546575854179905e-12,0.8885312582538706,0.413,0.145,1.664092228388387e-7,14,EEPD1
5.434552301024435e-12,2.1157683503645326,0.261,0.047,1.9891004876979536e-7,14,OPHN1
5.881033972123427e-12,1.273319375201309,0.467,0.18,2.1525172441368955e-7,14,KIAA0100
6.002724701868901e-12,1.0774861675803757,0.837,0.465,2.1970572681310365e-7,14,NACA
7.223890567711103e-12,1.4863604114475646,0.391,0.137,2.644016186687941e-7,14,SRPRA
7.28079212592775e-12,0.9005559565547857,0.554,0.21,2.6648427260108155e-7,14,FRMD4B
8.177092996163195e-12,1.4704533711063899,0.5,0.137,2.992897807525691e-7,14,SMARCB1
8.535590970209812e-12,1.4333378845601537,0.467,0.147,3.1241116510064935e-7,14,KANTR
8.73057832651705e-12,1.7005887202909737,0.543,0.252,3.1954789732885056e-7,14,SUSD1
8.813108766189016e-12,2.1544377768844982,0.261,0.052,3.2256859395128416e-7,14,PHB
8.991094246665203e-12,0.9547971187030266,0.902,0.623,3.290830405221931e-7,14,OGT
9.015586395241118e-12,1.0372469000880982,0.902,0.654,3.299794776522202e-7,14,RPS8
9.968023988647153e-12,1.9148158623369804,0.283,0.074,3.648396460084745e-7,14,GNA15
1.0939297064851567e-11,1.6977048184892878,0.413,0.123,4.003892118706322e-7,14,COLGALT1
1.1110867462449822e-11,1.146251734223515,0.38,0.155,4.066688599931259e-7,14,DRG1
1.1957636057233159e-11,1.6402148586541159,0.359,0.1,4.376614373307908e-7,14,MTHFD2L
1.2802337689602161e-11,1.242253864481398,0.478,0.172,4.685783617771287e-7,14,INTS10
1.330157022688038e-11,0.9735567488152495,0.891,0.597,4.868507718740487e-7,14,SND1
1.3915718565433351e-11,1.875923081568927,0.391,0.106,5.093292152134261e-7,14,MICAL1
1.5740523155405346e-11,2.0922355527166783,0.293,0.054,5.761188880109911e-7,14,KIAA2013
2.0489710558470004e-11,1.131505451882867,0.467,0.141,7.499438961505606e-7,14,CPNE3
2.195512936256729e-11,1.226810371920974,0.457,0.174,8.035796897993253e-7,14,ELL
2.585554772964092e-11,1.1706968965206401,0.576,0.222,9.463389024525873e-7,14,DBNL
2.6172289734896338e-11,0.8621521456644095,0.859,0.533,9.579319765869408e-7,14,RPS4X
2.7195057041415576e-11,0.8917736578107252,0.891,0.663,9.953662827728516e-7,14,TPT1
2.791352774271402e-11,1.1366526886177428,0.848,0.475,1.0216630289110759e-6,14,FAM214A
2.824801984141066e-11,1.0239703717201716,0.783,0.423,1.0339057742154716e-6,14,SEC63
2.916275553807895e-11,0.7141275739581885,0.957,0.815,1.0673860154492277e-6,14,RPLP1
3.038339304911001e-11,1.5448969656782974,0.533,0.195,1.1120625689904753e-6,14,PPP6R1
3.4554191190708715e-11,2.2257486207797177,0.25,0.048,1.2647179517711296e-6,14,KMO
3.613982620059721e-11,1.97781570913128,0.293,0.058,1.3227537787680585e-6,14,MEF2C-AS1
3.8526818615460794e-11,0.9564867890900712,0.511,0.196,1.4101200881444806e-6,14,CSF2RA
3.868396565860811e-11,0.9083784135162296,0.924,0.69,1.4158718270707154e-6,14,RPS28
4.012047943128356e-11,1.007640273822028,0.717,0.375,1.4684496676644097e-6,14,ATP5F1E
4.0483712151924854e-11,1.1107516033529832,0.402,0.126,1.4817443484726015e-6,14,MPP6
4.1477411920389663e-11,0.7247223644979961,0.989,0.84,1.5181147536981821e-6,14,PTMA
4.522737776748081e-11,1.1641404563296973,0.489,0.179,1.655367253667565e-6,14,LIME1
5.1136422158807317e-11,1.8944432225257222,0.261,0.046,1.8716441874345066e-6,14,E2F5
5.2764275052208596e-11,1.5515458121179906,0.511,0.172,1.931225231185887e-6,14,SSR4
5.5235867608940414e-11,1.4915206474094516,0.565,0.223,2.021687990354828e-6,14,SSR1
5.6525422059020304e-11,0.8959025988905558,0.88,0.656,2.0688869727822023e-6,14,PTEN
6.323204266938172e-11,1.0036934932949868,0.783,0.453,2.3143559937420404e-6,14,TMBIM6
6.707432962585756e-11,1.9560438806078912,0.272,0.055,2.4549875386360126e-6,14,ZBTB33
6.87514926413115e-11,2.005738668617723,0.326,0.069,2.5163733821646424e-6,14,DHTKD1
9.047564329506872e-11,1.953307004313758,0.25,0.063,3.3114990202428103e-6,14,BRI3BP
1.0883193107393062e-10,1.170395829647345,0.663,0.292,3.983357509236934e-6,14,PGGT1B
1.1319844302187742e-10,1.146020676149381,0.663,0.286,4.143176213043735e-6,14,DTNBP1
1.1652413320037985e-10,0.5209708438580769,0.793,0.372,4.264899799267103e-6,14,CYBB
1.2128565534810806e-10,1.5917649438938244,0.489,0.128,4.439176271396103e-6,14,FGFR1OP
1.434961515790491e-10,1.3751469601981006,0.674,0.265,5.252102643944776e-6,14,MDN1
1.5273219760698094e-10,1.2840145553282212,0.478,0.194,5.590151164613109e-6,14,LASP1
1.564310662289757e-10,2.199749533056599,0.261,0.049,5.72553345504674e-6,14,PRKAR2B
1.618642249477607e-10,1.164877257324827,0.717,0.351,5.9243924973129894e-6,14,UBE2E3
1.710696196860792e-10,0.884179591764477,0.87,0.618,6.261319150130185e-6,14,RPL37
1.8001631116451217e-10,1.2375187476726932,0.565,0.222,6.58877700493231e-6,14,LAPTM4A
1.9470360281545908e-10,1.3053070953864783,0.348,0.111,7.126346566648618e-6,14,PDGFC
2.2331722591564334e-10,1.3788521677774486,0.641,0.226,8.173633785738463e-6,14,DGKZ
2.649535980088654e-10,1.3493579947393086,0.446,0.174,9.697566640722481e-6,14,SHTN1
2.912275778498175e-10,0.7951285059212891,0.804,0.433,1.0659220576881171e-5,14,MIS18BP1
2.9538393814801606e-10,0.8862145331937777,0.826,0.435,1.0811347520155536e-5,14,REPS1
3.220824636312876e-10,1.0270729398524316,0.62,0.282,1.1788540251368759e-5,14,RPN2
3.229882829513505e-10,0.9171874592878214,0.783,0.406,1.182169414430238e-5,14,FOXN2
3.2872166964198075e-10,0.9649523628086387,0.739,0.368,1.2031541830566138e-5,14,OAZ1
3.316300286533445e-10,1.9044980797737217,0.293,0.067,1.213799067874106e-5,14,PTPRO
3.9405326535212124e-10,0.8641866040661548,0.902,0.64,1.4422743565152989e-5,14,TBL1XR1
4.3506522385855016e-10,0.8333952409157637,0.946,0.614,1.5923822258446793e-5,14,GNAQ
4.367796250303363e-10,1.568263741645072,0.337,0.115,1.5986571055735338e-5,14,ARHGAP27
4.545793228872431e-10,1.2817352520815033,0.424,0.167,1.6638057796995985e-5,14,TPP1
4.6011185876500827e-10,0.8817057532626591,0.924,0.564,1.684055414265807e-5,14,VAV3
4.872677204022764e-10,0.9885028639497138,0.848,0.46,1.783448583444372e-5,14,RREB1
4.877813696527787e-10,1.2324478186364223,0.576,0.277,1.7853285910661354e-5,14,OS9
4.895901449507263e-10,1.0651279778033975,0.598,0.261,1.7919488895341534e-5,14,ARSB
4.952674752859908e-10,1.4783744158795609,0.337,0.106,1.8127284862942548e-5,14,IVD
5.147092154500359e-10,1.7084779271492112,0.435,0.128,1.8838871994686762e-5,14,CGAS
5.391030904841868e-10,0.9713547832457476,0.37,0.144,1.9731712214811722e-5,14,HNRNPAB
5.399842053909566e-10,0.9553428469855696,0.707,0.332,1.9763961901514404e-5,14,SUPT3H
5.534171146281726e-10,2.029977707298439,0.348,0.088,2.0255619812505745e-5,14,AL360012.1
5.559143572448808e-10,1.4544020040248402,0.315,0.115,2.0347021389519882e-5,14,UCHL3
5.57465960189419e-10,0.9526074214518908,0.641,0.338,2.0403811608892927e-5,14,TUBGCP3
5.736798603645294e-10,1.2126832598000852,0.467,0.197,2.0997256569202142e-5,14,DAP
5.751373890845392e-10,1.4413757469449626,0.359,0.087,2.1050603577883217e-5,14,DPP4
6.036104105637892e-10,1.0488853541308356,0.772,0.396,2.2092744637045246e-5,14,ACSL3
6.203194222137016e-10,0.8530534303556441,0.88,0.583,2.2704311172443693e-5,14,NIN
6.606522664420882e-10,1.344280525549566,0.359,0.106,2.4180533604046873e-5,14,NOP56
7.332084286615584e-10,1.5203087431950753,0.261,0.072,2.68361616974417e-5,14,ARMC1
7.809704042873746e-10,1.528249015757178,0.554,0.258,2.85842977673222e-5,14,CROCC
9.009304118264265e-10,0.9797094670773856,0.717,0.378,3.297495400325903e-5,14,SERF2
9.328509064350892e-10,1.1813892331828613,0.576,0.229,3.4143276026430704e-5,14,HMGN1
9.469512603713803e-10,0.7544008595850746,0.913,0.706,3.465936308085289e-5,14,APBB1IP
9.601102973543898e-10,0.6189359069923781,0.946,0.729,3.514099699346802e-5,14,MAP3K2
9.645556898411528e-10,1.4527163727048586,0.511,0.192,3.5303702803876033e-5,14,CPT1A
9.942289958725336e-10,0.9713363090152607,0.772,0.465,3.63897754779306e-5,14,IFNAR2
1.0620289819497597e-9,0.950888120174669,0.609,0.261,3.8871322768343155e-5,14,SCMH1
1.150260824851049e-9,1.1308088258211424,0.783,0.471,4.210069645037324e-5,14,RPLP0
1.5018017557904083e-9,0.6385316871262039,0.88,0.576,5.496744606368473e-5,14,RERE
1.5056546402802542e-9,1.230498107251094,0.315,0.107,5.5108465488897585e-5,14,SNHG7
1.5557724743858726e-9,0.9438768745401258,0.467,0.173,5.6942828334997326e-5,14,CDC16
1.5711537666294534e-9,1.0759115584219743,0.446,0.147,5.7505799012404626e-5,14,CPLANE1
1.6076570891209031e-9,1.6812891830585355,0.304,0.108,5.8841857118914175e-5,14,SLC8A1-AS1
1.6798476078993873e-9,0.6046883980251181,0.837,0.53,6.148410229672548e-5,14,RPS21
1.7311230624155141e-9,0.9767119617643961,0.543,0.215,6.336083520747023e-5,14,ZDHHC21
1.8064632096956093e-9,1.110432449426477,0.446,0.159,6.6118359938069e-5,14,DHRS7
1.891145681507505e-9,1.573026960489422,0.304,0.083,6.92178230888562e-5,14,MTURN
1.89982381186682e-9,1.5210866312325595,0.457,0.177,6.953545133813748e-5,14,CBX6
1.991977956741097e-9,1.6165829552035538,0.337,0.101,7.29083851946809e-5,14,LINC02256
2.1602206713672254e-9,0.6851501589059458,0.641,0.325,7.906623679271181e-5,14,MNAT1
2.211496476742831e-9,1.3258628927439329,0.38,0.136,8.094298254526435e-5,14,PGD
2.240173075747468e-9,0.8288038196708913,0.685,0.332,8.199257474543307e-5,14,RPS10
2.311569870658837e-9,0.9461178009317499,0.62,0.289,8.46057688359841e-5,14,HINT1
2.3421325798449855e-9,0.9545453694162445,0.641,0.32,8.572439455490632e-5,14,ERCC6L2
2.4867763805446004e-9,1.1881526864114398,0.391,0.147,9.101850230431292e-5,14,ATP6V0B
2.5198503801862626e-9,0.9286950068188098,0.826,0.587,9.22290437651974e-5,14,RPS24
2.7303205265266027e-9,0.945433401304907,0.543,0.243,9.9932461591400185e-05,14,EIF3L
2.8390880510751315e-9,1.775800040056346,0.326,0.099,1.0391346175740089e-4,14,PACS2
2.9690103510719657e-9,1.2626576256874085,0.315,0.117,1.0866874785958502e-4,14,FAM53C
3.008162842163508e-9,1.8505305063709978,0.261,0.067,1.1010176818602656e-4,14,SRC
3.0112861191029784e-9,0.8586357338191701,0.848,0.573,1.1021608324528811e-4,14,EEF1G
3.168434227359607e-9,1.3776268139446541,0.38,0.143,1.1596786115558897e-4,14,PRKCD
3.277187804406743e-9,1.5227071166224941,0.337,0.088,1.1994835082909121e-4,14,SLAMF7
3.2952769292278827e-9,1.551772022803388,0.424,0.121,1.2061043088666974e-4,14,TMED9
3.4004278200710662e-9,1.444230926561292,0.424,0.134,1.244590586424211e-4,14,TATDN3
3.482882982941791e-9,1.558303263499193,0.391,0.132,1.274770000586525e-4,14,EIF4ENIF1
3.795038139909833e-9,0.9192267892231598,0.685,0.357,1.389021909588398e-4,14,EEF1B2
3.891314812996778e-9,1.498010483112414,0.511,0.202,1.4242601347049506e-4,14,CCDC146
4.035426222835105e-9,0.8588831333272051,0.554,0.259,1.477006351819877e-4,14,PHYKPL
4.161412775545279e-9,1.0566937246658332,0.402,0.158,1.5231186899773274e-4,14,FMN1
4.167198789666568e-9,1.9579660701468762,0.326,0.088,1.5252364290058604e-4,14,GM2A
4.19201269092609e-9,0.7623631654928319,0.859,0.489,1.5343185650058583e-4,14,HNRNPA1
4.486870407596198e-9,1.1921325752715088,0.391,0.135,1.6422394378842845e-4,14,PLXNB2
4.707325844090312e-9,0.8193995836590058,0.772,0.537,1.7229283321954953e-4,14,RPL31
4.720951846399873e-9,1.3398696961063061,0.543,0.226,1.7279155853008174e-4,14,ELMSAN1
4.9727846608144395e-9,0.9208858246776944,0.717,0.376,1.820088913704693e-4,14,SLC23A2
5.132978775080387e-9,2.104980386636813,0.25,0.056,1.8787215614671725e-4,14,HADH
5.173281234928251e-9,1.4681639695990163,0.337,0.128,1.8934726647960892e-4,14,AC012447.1
5.289645244446738e-9,0.6461536315174872,0.946,0.759,1.9360630559199504e-4,14,RPS27
5.318180128586195e-9,1.3043879325346812,0.413,0.142,1.9465071088638333e-4,14,NME2
5.747550755080207e-9,1.4116600899259621,0.304,0.097,2.1036610518669065e-4,14,UFC1
5.951719507636402e-9,1.0984916759420507,0.554,0.243,2.1783888569899994e-4,14,THUMPD2
6.29546219996873e-9,1.1600931484179442,0.37,0.137,2.3042021198105546e-4,14,SNX5
6.363282726413501e-9,0.9296220920566584,0.304,0.108,2.3290251106946054e-4,14,RNF121
6.58532861747678e-9,0.912878598710136,0.739,0.381,2.4102961272826762e-4,14,SLC38A2
6.8338784693142855e-9,0.8384662093604998,0.728,0.36,2.501267858553722e-4,14,EXOC6
6.966676516274918e-9,0.8975354851927996,0.783,0.447,2.5498732717217827e-4,14,SEC31A
7.561185124866308e-9,0.887058519859014,0.565,0.244,2.7674693675523173e-4,14,ZNF736
7.669017227130893e-9,0.728949809300952,0.739,0.417,2.806936995302178e-4,14,CALM2
7.800724479603013e-9,0.6241134753716968,0.967,0.697,2.8551431667794987e-4,14,ZMYM2
7.833510804877122e-9,1.5262320638369111,0.402,0.151,2.8671432896930756e-4,14,AC103591.3
8.032020449064688e-9,0.5718818781708359,0.957,0.758,2.9397998045621663e-4,14,RPL3
8.322458307702705e-9,0.6025513761938455,0.946,0.766,3.046102965202267e-4,14,RPL11
8.665368563072438e-9,1.34422915177934,0.304,0.092,3.171611547770143e-4,14,COMT
8.945488564629493e-9,1.3639415181673156,0.424,0.167,3.2741382695400406e-4,14,ARHGAP31
9.286783430945557e-9,0.8285847493552767,0.913,0.664,3.3990556035603836e-4,14,RPS12
9.490044168553574e-9,1.3871829275753544,0.304,0.082,3.4734510661322936e-4,14,PRAG1
1.0189970127631787e-8,0.9498045819946357,0.859,0.566,3.7296309664145105e-4,14,RPL6
1.0434174900879631e-8,1.5057839225485106,0.315,0.083,3.8190123554709537e-4,14,MAP4K1
1.0435597255633325e-8,1.0649945537952796,0.478,0.211,3.819532951534353e-4,14,TMX3
1.0703877472225136e-8,1.3891155762818355,0.315,0.093,3.917726193609122e-4,14,NR1H2
1.213550815945761e-8,0.9925582003233642,0.663,0.317,4.44171734144308e-4,14,TTC37
1.2321801021183674e-8,1.2076257821862613,0.38,0.151,4.509902391763437e-4,14,KCTD12
1.2420845836595272e-8,1.0248879160568762,0.685,0.372,4.546153784652236e-4,14,ANP32A
1.2480479545484962e-8,1.1498581598622772,0.652,0.29,4.5679803184429506e-4,14,NAA25
1.317155047295987e-8,1.9411632883516612,0.272,0.057,4.820919188608042e-4,14,CHAF1A
1.3731366259585517e-8,1.1036560624485614,0.5,0.2,5.025817364670895e-4,14,EDF1
1.5119869064325552e-8,1.2013796717765919,0.38,0.109,5.534023276233795e-4,14,SVIP
1.635021945812436e-8,1.1780702410786505,0.5,0.185,5.984343823868097e-4,14,RPN1
1.6876271160705115e-8,2.093140027688748,0.25,0.052,6.17688400752968e-4,14,AC005726.1
1.7076026301972803e-8,0.9490325346092607,0.62,0.321,6.249996386785066e-4,14,YWHAE
1.7199338169911417e-8,0.7339439971122506,0.761,0.414,6.295129763569277e-4,14,FBXW11
1.8832388278020795e-8,0.7379752301189033,0.75,0.429,6.892842433638391e-4,14,ARPC1B
1.9095106513475764e-8,1.3314577398426095,0.326,0.121,6.988999934997264e-4,14,PLA2G4A
1.9505046695753812e-8,0.9699912276053247,0.478,0.21,7.139042141112852e-4,14,RABL6
2.0827817153151648e-8,1.8988624434595298,0.304,0.091,7.623189356225034e-4,14,TXN
2.1677300450900002e-8,1.1808292539396903,0.293,0.076,7.93410873803391e-4,14,LRRC69
2.1947072723586062e-8,0.9873663368963331,0.478,0.201,8.032848087559735e-4,14,RBBP7
2.2333589449884746e-8,1.5475165241203905,0.283,0.091,8.174317074552316e-4,14,CARHSP1
2.5488569451499635e-8,0.6298086111943464,0.924,0.658,9.329071304943382e-4,14,RPL23A
2.6053782474748245e-8,0.776287467657296,0.946,0.708,9.535944923582605e-4,14,ATAD2B
2.624249947530009e-8,1.1289822075752227,0.489,0.198,9.605017232954586e-4,14,SLC66A2
2.6340055101942484e-8,0.6085585858222315,0.957,0.79,9.640723567861969e-4,14,SCAF11
2.709914762934332e-8,0.8298320142607376,0.685,0.348,9.918559023815948e-4,14,NDUFS4
2.816828645648958e-8,0.9689079248160943,0.554,0.246,0.001030987452593975,14,NFATC2IP
2.8463292829251822e-8,0.7601005271760722,0.804,0.43,0.001041784980843446,14,ZNF652
2.878442578792832e-8,0.5649554661299865,0.967,0.721,0.0010535387682639645,14,RPS18
2.879871244488538e-8,0.7561119280492175,0.837,0.538,0.0010540616741952498,14,PTPN2
2.9500348614794176e-8,0.8256420692122015,0.522,0.245,0.0010797422596500817,14,TMA7
2.969883347415977e-8,0.9838266015523397,0.402,0.181,0.0010870070039877217,14,ZNF124
3.0249245276219916e-8,0.8150322141745218,0.652,0.345,0.001107152626354925,14,LSP1
3.261037106370861e-8,1.0935009933674134,0.424,0.19,0.0011935721913027989,14,UBXN2A
3.6210405400122785e-8,0.8579435956115182,0.783,0.456,0.0013253370480498941,14,GTF2I
3.686874043573459e-8,1.4728025296017373,0.337,0.1,0.0013494327686883216,14,LINC01237
3.747297945069519e-8,1.1844980169114308,0.348,0.154,0.0013715485208748946,14,BRF1
3.798724349960898e-8,1.245180096136881,0.533,0.187,0.0013903710993291882,14,SLC7A6
3.826106049592947e-8,1.0315395489284298,0.304,0.1,0.0014003930752115145,14,MYO18A
3.8279022268692485e-8,0.9564330252971707,0.337,0.146,0.0014010504940564137,14,P2RX1
3.8296244996506376e-8,0.636121021229767,0.957,0.821,0.0014016808631171298,14,RPS2
3.833868540293332e-8,0.8462635987095997,0.87,0.549,0.0014032342244327625,14,RPL7A
3.8519286822177785e-8,1.2550305998374465,0.446,0.183,0.0014098444169785291,14,ZNF433-AS1
3.904722973696156e-8,1.6411922334939941,0.272,0.086,0.00142916765560253,14,ZNF589
4.1168922248921746e-8,0.5393884465821008,0.957,0.764,0.0015068237232327849,14,SH3KBP1
4.170482327695298e-8,0.8277240409816038,0.902,0.745,0.001526438236759756,14,RPL37A
4.23207841207236e-8,0.8667502284070696,0.717,0.399,0.0015489830196026043,14,NPC1
4.241085427424858e-8,0.7201009964950991,0.717,0.388,0.001552279677291772,14,EXT1
4.464020516099341e-8,0.899153805652751,0.641,0.336,0.00163387614909752,14,MYO9A
5.301447717511691e-8,0.759045180137149,0.837,0.558,0.001940382879086454,14,RPL9
5.4886241338105635e-8,0.776949625853214,0.87,0.653,0.0020088913192160044,14,RPL21
5.683120453055763e-8,0.7425771349939554,0.457,0.201,0.0020800789170229398,14,HEXB
5.819057630482571e-8,0.9665818403492482,0.598,0.315,0.002129833283332926,14,KDM4B
5.9315447280828724e-8,1.0331388246904254,0.522,0.197,0.002171004685925612,14,C3orf38
6.153628918575127e-8,0.768119477976812,0.62,0.34,0.0022522897204876823,14,UFL1
6.252737057927607e-8,1.217216590961277,0.37,0.151,0.0022885642905720836,14,NHLRC2
6.516060158727103e-8,1.6438829218061963,0.272,0.073,0.002384943178695707,14,SGSM3
6.539366832668185e-8,1.2213830287733303,0.446,0.187,0.0023934736544248825,14,MX1
6.571043966723706e-8,1.427852159464127,0.315,0.089,0.002405067802260544,14,XXYLT1
6.59314556366134e-8,0.873002502957406,0.674,0.329,0.002413157207755687,14,ANKRD36C
6.662234052250642e-8,0.9154921358811186,0.446,0.24,0.002438444285464258,14,SPCS2
6.803298639643175e-8,1.9201201828097432,0.283,0.077,0.0024900753350957983,14,CXorf21
6.84213475008954e-8,0.907056512098549,0.511,0.237,0.0025042897398802723,14,BID
6.863908897710257e-8,1.1021449983499418,0.326,0.128,0.002512259295650931,14,MYDGF
7.027659680710991e-8,0.5783172477823979,0.924,0.717,0.00257219371973703,14,RPS16
7.082649692510514e-8,1.3008765332330292,0.337,0.128,0.0025923206139557733,14,SLC35E1
7.170392034380872e-8,0.8089979599526809,0.543,0.263,0.002624435188503743,14,HMGN2
7.606138998176564e-8,1.3057275240728574,0.554,0.247,0.0027839229347226043,14,TCOF1
7.922246291294998e-8,0.6527356129957655,0.946,0.752,0.002899621365076882,14,NR3C1
8.090671737643562e-8,0.8285560989875302,0.478,0.208,0.00296126676269492,14,SRGAP2B
8.219436172800561e-8,0.8218872414719554,0.283,0.105,0.0030083958336067336,14,APOOL
9.205421427257149e-8,1.0642263321095402,0.467,0.232,0.003369276296590389,14,YWHAG
1.0010391439358627e-7,0.930348284159084,0.587,0.288,0.003663903370719651,14,STX18
1.039986438588128e-7,1.0416929101925345,0.326,0.116,0.0038064543638764072,14,OST4
1.0498827257529792e-7,0.7572183749268633,0.272,0.094,0.003842675764528479,14,USP46
1.0656775542637622e-7,0.7903609611095429,0.739,0.418,0.003900486416360796,14,PPIA
1.0678275098246797e-7,1.0729400570200363,0.413,0.149,0.003908355468709311,14,HERC5
1.0681257585075272e-7,0.7178421951347576,0.859,0.606,0.0039094470887134,14,CLASP2
1.0740569073462335e-7,1.057753544581925,0.565,0.247,0.003931155686577949,14,GLIPR1
1.1064661459664057e-7,0.9985572177775881,0.38,0.127,0.004049776740851642,14,PTPRM
1.2071749535029117e-7,1.05953937531452,0.457,0.168,0.004418381047316007,14,PEBP1
1.2276596506295025e-7,0.7465924877391957,0.793,0.483,0.004493357087269043,14,RPL22
1.2314539675465131e-7,0.859010957239419,0.446,0.188,0.004507244666616993,14,BRI3
1.2402560816220465e-7,0.6443236695705982,0.696,0.361,0.004539461284344852,14,PLEK
1.2923144367970531e-7,0.8781871478315882,0.457,0.235,0.004730000070120894,14,THEMIS2
1.3166578159420397e-7,0.8289682315838689,0.587,0.324,0.00481909927212946,14,LRRC8D
1.3261950669139857e-7,0.7004389201871682,0.707,0.42,0.004854006564411879,14,MYL6
1.400813817074486e-7,1.1357056877750489,0.489,0.209,0.005127118651874326,14,NBPF12
1.423263984274113e-7,1.759958120909731,0.25,0.061,0.005209288508841681,14,RIPOR1
1.5678203287189894e-7,0.8991277437607895,0.554,0.295,0.005738379185144373,14,RNASEH2B
1.6076235677228582e-7,0.6309171546186203,0.87,0.561,0.005884063020222433,14,RPL15
1.60970254122629e-7,1.026577431050916,0.554,0.2,0.0058916722711423435,14,STAMBPL1
1.739713035824582e-7,0.8510084994933045,0.511,0.249,0.006367523682421553,14,ZNF518A
1.7866939859048447e-7,1.1223709160987676,0.554,0.239,0.006539478657810322,14,XBP1
1.8267218828218567e-7,1.3567977008770837,0.446,0.165,0.006685984763316277,14,FERMT3
1.897512648649961e-7,0.6327550556261463,0.826,0.581,0.006945086045323723,14,RPS25
1.99757415825351e-7,0.5327086944410072,0.554,0.297,0.007311321176623672,14,C20orf194
2.013325853595668e-7,1.3119281373325165,0.304,0.112,0.007368973956745505,14,HDGF
2.0711042399124992e-7,0.6273156861007294,0.88,0.528,0.007580448628503739,14,CYFIP2
2.0724364430721957e-7,1.5879021753338547,0.283,0.086,0.007585324625288543,14,SMARCAL1
2.1086233460798928e-7,1.000910908564367,0.587,0.284,0.007717772308987016,14,APPL1
2.2511775992369127e-7,1.1806871657477436,0.38,0.128,0.008239535130967025,14,CDKN2D
2.3204778430159558e-7,1.6106228224509898,0.37,0.132,0.0084931809532227,14,AC253572.2
2.3833601162930875e-7,1.4766076249998115,0.337,0.107,0.008723336361644329,14,COMMD3
2.4782858157267845e-7,0.9064996907697492,0.761,0.418,0.009070773914141603,14,ARHGEF7
2.57077523889586e-7,1.0620420741176457,0.696,0.41,0.009409294451882738,14,GIT2
2.8781670468888157e-7,1.6362889190304812,0.304,0.086,0.010534379208317754,14,AC024145.1
2.9725654399277567e-7,0.9540163966971718,0.5,0.205,0.010879886766679583,14,TRABD
2.979260221503225e-7,0.8870083068954719,0.652,0.42,0.010904390336723954,14,PIK3CD
2.984711487265981e-7,0.8682269337855416,0.739,0.411,0.010924342514542216,14,RPL29
3.0014702627039855e-7,1.3075683885398608,0.283,0.085,0.010985681308522857,14,AVEN
3.1327085214697575e-7,0.7717783210173935,0.717,0.388,0.011466026459431459,14,MAPRE2
3.159603453177761e-7,1.0319698629833853,0.326,0.118,0.011564464598975924,14,ALDH2
3.243905700154953e-7,1.0293299668401192,0.402,0.156,0.011873019253137143,14,C12orf57
3.6499884320594016e-7,1.2048991548736008,0.261,0.081,0.013359322660180617,14,JKAMP
3.657303135528853e-7,1.2734445640913505,0.38,0.139,0.013386095206349155,14,AL031428.1
3.660189510069701e-7,1.3128535001769004,0.359,0.112,0.013396659625806114,14,PSD4
3.667696420114865e-7,0.9455135765290488,0.522,0.283,0.013424135667262416,14,RUFY3
3.7178267036950135e-7,0.6487236487366679,0.87,0.648,0.013607617518194118,14,MTDH
3.75377379523922e-7,1.2561759813806077,0.293,0.096,0.013739187467955069,14,GCNT1
3.8109014090820377e-7,1.2643896561072283,0.293,0.11,0.013948280247381166,14,WDSUB1
3.865904796459722e-7,0.6355197512678081,0.859,0.564,0.014149598145522229,14,RPL36A
3.896925728413367e-7,0.6528127137411635,0.891,0.717,0.014263137858565764,14,RPL10
4.0391633688729515e-7,0.5655187712417422,0.859,0.583,0.01478374184641189,14,RPS17
4.105178439201376e-7,0.7530986654067129,0.728,0.468,0.015025363605320956,14,CLTC
4.320051617092655e-7,0.8020948454340886,0.663,0.388,0.015811820923720826,14,SMG7
4.4802978332537535e-7,1.2326738116015057,0.304,0.123,0.016398338099492062,14,LEPROT
4.6722335591837204e-7,0.7660691333121035,0.283,0.104,0.017100842049968337,14,SH3RF3
4.7298187509160515e-7,0.7501334350553739,0.772,0.448,0.01731160961022784,14,PBX3
4.859531063935761e-7,0.6563465012111356,0.402,0.198,0.017786369647111278,14,FBRSL1
4.941733531647252e-7,1.0666366910928076,0.304,0.102,0.01808723889918211,14,MRPL19
4.984614147970991e-7,1.2963565689350576,0.413,0.145,0.01824418624298862,14,AC139887.2
5.209360163426959e-7,1.2074331095217605,0.359,0.147,0.019066779134159013,14,METTL25
5.264247633904364e-7,1.0985322788432283,0.315,0.107,0.019267672764853364,14,CUBN
5.271640482767346e-7,1.0257587358672748,0.565,0.258,0.019294731330976762,14,CHCHD2
5.295153747408016e-7,0.919299487678464,0.304,0.118,0.01938079223088808,14,SELENOH
5.302965835772796e-7,0.8890585277142535,0.478,0.239,0.01940938525551201,14,TMEM248
5.381139377973298e-7,0.7337903007144504,0.739,0.465,0.01969550823732007,14,RPS13
6.011565097496859e-7,0.9394792777004123,0.609,0.334,0.022002929413348256,14,ATP10A
6.428338340790075e-7,0.7624888710399558,0.315,0.152,0.023528361161125753,14,ST13
6.503946422074883e-7,1.3666784364302025,0.38,0.13,0.02380509429943628,14,TEP1
6.745581922195225e-7,0.5040780323269218,0.87,0.706,0.024689504393426744,14,RPS6
6.997738587578627e-7,1.3251526786951366,0.391,0.152,0.025612423004396534,14,PPP1R15A
7.121832422909772e-7,0.8236276156577599,0.446,0.217,0.026066618851092058,14,GLT1D1
7.197928339163411e-7,0.6831624657088728,0.848,0.564,0.026345137514172,14,RPL26
7.325744660443272e-7,1.17876565357852,0.38,0.154,0.02681295803168842,14,NUP42
7.408359194217715e-7,1.131787802086789,0.359,0.122,0.027115335486756258,14,RPAP3
7.538248127832196e-7,1.3710013311309903,0.293,0.101,0.02759074197267862,14,TMED2
8.003258846521664e-7,0.8446255891159612,0.37,0.148,0.029292727704153945,14,ZNF706
8.063682677441515e-7,1.0415842963625048,0.359,0.141,0.02951388496770369,14,GNL3
8.07976741231115e-7,0.6926184040559191,0.75,0.488,0.02957275670580004,14,IGF2R
8.213780050230766e-7,0.9307344172256313,0.609,0.278,0.030063256361849627,14,ERO1B
8.228804235322006e-7,1.459866327845424,0.337,0.113,0.030118246381702074,14,TBC1D9B
8.394139841392805e-7,0.8104570238628319,0.772,0.489,0.030723391233481803,14,RACK1
8.447489509599606e-7,0.713871190597176,0.489,0.224,0.030918656354085517,14,ALMS1
8.572654450631746e-7,0.6723778443327302,0.522,0.229,0.03137677255475725,14,RASGEF1B
9.035980199582892e-7,1.1013366360943393,0.5,0.209,0.03307259112849334,14,ECHDC1
9.114799898356205e-7,0.629810183838355,0.587,0.307,0.03336107910797354,14,CCDC18-AS1
9.216745531112673e-7,0.5384227722159403,0.902,0.677,0.033734210318425495,14,RPS14
9.25195816257255e-7,0.6128772431465426,0.848,0.483,0.03386309207083179,14,AFF1
9.463913934795153e-7,1.4598285735079006,0.283,0.089,0.034638871392743735,14,KLHL6
1.0067631174576023e-6,0.7883807780036952,0.685,0.332,0.036848536862065705,14,MYL12A
1.0462000781324176e-6,0.7865211697813517,0.511,0.283,0.038291969059724616,14,ARHGAP4
1.0613341117250755e-6,1.2139688410567986,0.293,0.117,0.03884588982324949,14,TTF1
1.0852621292612298e-6,0.7590238108351115,0.641,0.347,0.03972167919309027,14,BTBD1
1.1208948918951295e-6,1.6806299267303533,0.293,0.09,0.04102587393825364,14,ABCA7
1.1230504427937619e-6,0.9641081643897299,0.359,0.132,0.04110476925669448,14,TSPAN3
1.1327595697809184e-6,0.6130825724130373,0.902,0.66,0.04146013301355139,14,AKAP9
1.1414625040407039e-6,0.5372191183950359,0.772,0.472,0.0417786691103938,14,BAZ2B
1.1457644831389394e-6,1.0668041661246899,0.293,0.115,0.04193612584736832,14,BAG1
1.189649787119092e-6,1.1306734741668096,0.283,0.108,0.04354237185834589,14,SLC25A5
1.200742232600841e-6,1.0336318335705792,0.293,0.115,0.04394836645542338,14,TBPL1
1.2265646488174767e-6,0.862660707622064,0.728,0.417,0.044893492711368464,14,CAPRIN1
1.2839242977856093e-6,1.0265754775395857,0.435,0.175,0.04699291322325109,14,CCDC18
1.3772011111766161e-6,1.0068668841488062,0.293,0.107,0.050406937870175327,14,ISCU
1.3801953918977504e-6,0.839301492591851,0.576,0.29,0.05051653153884956,14,SNHG5
1.4047040644610724e-6,0.9507786824177054,0.457,0.215,0.05141357346333971,14,PARVG
1.4151096625971772e-6,0.7644084882537082,0.5,0.238,0.05179442876071928,14,ATP6V0C
1.4205716365255643e-6,0.8392104287341509,0.5,0.182,0.05199434246847218,14,LMAN1
1.4305217370183544e-6,0.7338453309696397,0.717,0.386,0.05235852609660879,14,DMXL1
1.4384481836541996e-6,0.9374226278009189,0.576,0.289,0.05264864196992736,14,GTF2E2
1.4811549983754265e-6,1.2943525274653613,0.413,0.157,0.05421175409553899,14,SEC61A1
1.5203781954182313e-6,0.8530858700781871,0.478,0.208,0.05564736233050269,14,CEP135
1.5223110677747874e-6,0.640635392529598,0.728,0.499,0.05571810739162499,14,ACTG1
1.5582235613936285e-6,0.7167719467590239,0.772,0.492,0.057032540570568196,14,RPL10A
1.5620494483474254e-6,0.8228477408343611,0.826,0.569,0.05717257185896412,14,RPS20
1.5696736160466287e-6,1.084902155460418,0.337,0.14,0.05745162402092266,14,AC011933.4
1.5844806184128956e-6,1.2403274894705918,0.283,0.095,0.05799357511453039,14,CLTB
1.6131747460098863e-6,0.5612761708945171,0.88,0.696,0.059043808878707846,14,RPL28
1.6596520151068897e-6,1.327463054451622,0.272,0.103,0.06074492340492727,14,CLPTM1
1.749778536171692e-6,0.7268947751119281,0.772,0.53,0.06404364420242009,14,RPL32
1.7696806762477008e-6,1.8434527826970462,0.261,0.06,0.0647720824313421,14,UBA6-AS1
1.7840097671313813e-6,1.1615330746997814,0.283,0.092,0.06529654148677569,14,PLEKHA5
1.795504488132657e-6,0.9690898303634448,0.543,0.242,0.06571725977014338,14,YTHDF2
1.8433681326543501e-6,1.3382582961392397,0.326,0.116,0.06746911702328187,14,TSEN15
1.8891817699209991e-6,0.7419836432155911,0.348,0.142,0.06914594196087849,14,C5orf24
1.892269287715483e-6,0.5667753936785148,0.467,0.243,0.06925894819967439,14,TNS3
2.0564509166914147e-6,0.9379851002561721,0.674,0.366,0.07526816000182247,14,HM13
2.0956943794929865e-6,1.093678418121184,0.38,0.151,0.07670450998382279,14,S100PBP
2.0963163304833707e-6,1.3063895721342784,0.293,0.096,0.07672727401202185,14,SIVA1
2.113684610790742e-6,0.900323832296426,0.652,0.34,0.07736297043955195,14,NFX1
2.150327954645314e-6,0.8904523425448772,0.522,0.248,0.07870415346797315,14,VPS36
2.1557480981045943e-6,0.9179426520931502,0.609,0.343,0.07890253613872626,14,SPCS3
2.184172439637893e-6,1.1873426409011794,0.467,0.212,0.07994289546318653,14,ATP2A3
2.1967501519005074e-6,0.6066369793548491,0.707,0.457,0.08040325230971047,14,MTPN
2.2179393265343123e-6,0.5749900028193446,0.565,0.292,0.08117879729048237,14,RHBDD1
2.3172247339574944e-6,0.6670840827048223,0.804,0.571,0.08481274248757825,14,VIM
2.3707606531413737e-6,0.9703802935795852,0.337,0.12,0.08677221066562742,14,INTS9
2.387323510796548e-6,0.629139818007788,0.717,0.422,0.08737842781866445,14,S100A6
2.3917078552400306e-6,1.4023857056557385,0.38,0.12,0.08753889920964036,14,TRDMT1
2.413758913418258e-6,0.6364950865675595,0.315,0.119,0.08834598999002166,14,UBL5
2.5742524155143183e-6,0.8407328720479511,0.293,0.133,0.09422021266023957,14,BCAP31
2.605968956736695e-6,0.8655673915377453,0.609,0.293,0.09538106978551976,14,ARHGAP5
2.655113689225839e-6,1.701387158087555,0.25,0.065,0.09717981613935493,14,APEX1
2.6683621890601793e-6,0.9687845095542825,0.283,0.11,0.09766472448179161,14,SF3B5
2.7076213123167437e-6,1.1806775173623945,0.359,0.139,0.09910164765210513,14,SH3TC1
2.7460925675957823e-6,1.1816588265475305,0.391,0.167,0.10050973406657322,14,SLC7A6OS
2.828146723900998e-6,0.6869614043404728,0.424,0.218,0.10351299824150043,14,NCOA4
2.8539217620139255e-6,0.7100781278330188,0.467,0.249,0.10445639041147169,14,HDLBP
2.8895869581668695e-6,0.9213810333233854,0.435,0.208,0.10576177225586558,14,MGAT1
2.9020949290434353e-6,1.2051176660191414,0.25,0.081,0.10621957649791877,14,TCF3
2.917948164483977e-6,1.1287720731112874,0.359,0.149,0.10679982076827804,14,TUBA1B
2.9228689683095415e-6,1.0507693715792101,0.402,0.193,0.10697992710909753,14,NAPA
3.0918322983988223e-6,0.659414001928509,0.478,0.255,0.11316415395369529,14,SRP72
3.093412773065541e-6,0.9267816220166177,0.315,0.139,0.11322200090697186,14,RRP7A
3.1514483400020854e-6,1.1851081222068982,0.293,0.114,0.11534616069241632,14,SHQ1
3.1602292894460426e-6,1.2856860059658055,0.315,0.086,0.1156675522230146,14,YPEL1
3.1743164334086985e-6,1.1956600827989572,0.326,0.122,0.11618315577919178,14,HSD17B4
3.1798028763873214e-6,1.0181600399786401,0.467,0.227,0.11638396507865235,14,TRIM8
3.3087631285281933e-6,0.8071611589002166,0.75,0.472,0.1211040392672604,14,RPL24
3.331432071650826e-6,0.929452449003186,0.315,0.15,0.1219337452544919,14,SEH1L
3.5265462554939983e-6,0.7729611881778672,0.446,0.219,0.12907511949733583,14,PRH1
3.6681572593069575e-6,0.9914013301766065,0.283,0.113,0.13425822384789396,14,DDIT4
3.7351427608001176e-6,1.1670609404689762,0.37,0.132,0.1367099601880451,14,FPGS
3.912137107568068e-6,0.8638622429188196,0.641,0.336,0.14318813027409885,14,MTMR10
3.934704930278279e-6,0.5823439243321249,0.913,0.71,0.14401413515311529,14,H3F3A
4.00816622186304e-6,0.7163529393585912,0.25,0.105,0.14670289188640914,14,UTP6
4.017048063456346e-6,0.6701271185809058,0.326,0.141,0.14702797617056573,14,SNRPD1
4.087407883687678e-6,0.9439672498757891,0.446,0.213,0.1496032159508527,14,HDAC2
4.225283442979082e-6,0.6640859138564734,0.772,0.519,0.15464959929647737,14,RPL7
4.34365888541439e-6,0.9403384251525424,0.326,0.142,0.1589822588650521,14,NHLRC3
4.361276046914021e-6,0.8515686766704764,0.467,0.245,0.15962706459310008,14,TMEM63A
4.377003751911666e-6,0.9315024946728487,0.391,0.174,0.16020271432371888,14,PMM2
4.4503485624343045e-6,1.1638567936536184,0.272,0.095,0.16288720773365797,14,NCLN
4.469008342489327e-6,1.0611323363116254,0.283,0.126,0.16357017434345184,14,SDE2
4.5988751098795475e-6,0.9826582425189939,0.424,0.18,0.16832342789670132,14,LMO4
4.708855824006149e-6,1.1320454969245033,0.25,0.092,0.17234883201444906,14,CRTAP
4.822379418563916e-6,0.8659298927486788,0.478,0.239,0.17650390909885788,14,PHLPP1
4.8716379779696e-6,0.9072691306173313,0.315,0.117,0.17830682163166534,14,CUL4B
4.970476565007109e-6,0.5615935540446733,0.641,0.36,0.1819244127558252,14,TMCC1
4.9947684274424925e-6,1.1365086291252147,0.522,0.244,0.18281351921282266,14,KDM1A
5.072557543641743e-6,0.7698862939105062,0.348,0.164,0.18566067865483143,14,FYCO1
5.106754670557989e-6,0.8310843484276957,0.359,0.171,0.18691232769709296,14,ATP5F1B
5.151583538103615e-6,0.6356856475875385,0.804,0.556,0.18855310907813042,14,MDM4
5.175021178576785e-6,0.6088289374527046,0.707,0.421,0.18941095015708892,14,IREB2
5.1889376445695765e-6,1.165531203180993,0.446,0.194,0.18992030672889107,14,ZBTB10
5.293265717495807e-6,0.8386022939276367,0.543,0.295,0.19373881852606403,14,AC068282.1
5.463310869000962e-6,0.7086562464253465,0.793,0.523,0.19996264111630419,14,WDFY2
5.58790692010124e-6,0.6203841180637626,0.272,0.106,0.2045229811826255,14,BRK1
5.740761106547709e-6,1.3157524355425603,0.261,0.077,0.2101175972607527,14,LSM4
5.785074437885549e-6,0.7538471265256663,0.75,0.443,0.21173950950104897,14,ITPR1
5.823853990244205e-6,0.9073671144743531,0.315,0.124,0.21315887989692814,14,LILRB1
5.9379590056340634e-6,0.8783485247931888,0.348,0.156,0.21733523756521236,14,PAIP1
6.173847425811294e-6,1.0628507525924082,0.25,0.084,0.22596898963211917,14,SLC18B1
6.186405297634348e-6,0.6103411031401536,0.793,0.514,0.22642862029871477,14,GGNBP2
6.6158950091338495e-6,0.8775989784702889,0.337,0.142,0.24214837322930802,14,SFT2D1
6.638915162095379e-6,1.2095314489244107,0.359,0.163,0.24299093384785297,14,LINC00910
6.750771297105986e-6,0.5395799383445515,0.37,0.159,0.2470849802453762,14,BCKDHB
6.769157348042642e-6,0.7796816920197684,0.609,0.358,0.24775792809570876,14,ARHGAP17
6.770577835025027e-6,0.6695359242155714,0.848,0.488,0.247809919339751,14,WWOX
6.821615795429281e-6,0.5951123328686511,0.467,0.218,0.24967795972850712,14,GMCL1
6.953986015131486e-6,1.0546885288967514,0.283,0.124,0.2545228421398275,14,INSR
7.225233586082752e-6,0.5836300324299084,0.891,0.694,0.26445077448421483,14,ARID2
7.393393348738798e-6,0.7482299047773624,0.565,0.274,0.27060558995718875,14,NNT
7.397292545631169e-6,0.7370311309877594,0.391,0.163,0.2707483044626464,14,CCDC85B
7.440732045598728e-6,0.6100474628651528,0.728,0.434,0.27233823360095905,14,RPS5
7.49955393849441e-6,1.014110463998309,0.348,0.142,0.27449117370283393,14,LSM7
7.710845010103116e-6,0.8986623147632615,0.348,0.127,0.28222463821478416,14,Z93930.2
7.779685815667124e-6,0.5602029357937519,0.739,0.453,0.2847442805392324,14,USP7
7.8981150278938e-6,0.9080863214803343,0.576,0.285,0.289078908135941,14,TDRD3
8.019431237680833e-6,0.8396126637632939,0.402,0.166,0.29351920273035614,14,KIF20B
8.54381654864198e-6,0.9008585393446787,0.283,0.124,0.3127122294968451,14,VDAC3
8.606674902146085e-6,0.918254521876684,0.424,0.201,0.31501290809344884,14,ADAM9
8.687430356072056e-6,0.7620215974598782,0.304,0.135,0.3179686384625933,14,MXD4
8.75921286711371e-6,1.288171218194738,0.337,0.157,0.3205959501492289,14,WDR41
8.952283717010995e-6,1.0526302776206857,0.304,0.111,0.3276625363263194,14,WARS2-AS1
9.031813519124553e-6,0.9093599541099204,0.315,0.12,0.3305734066134778,14,NUDC
9.140264769086998e-6,1.1393590417313555,0.413,0.198,0.33454283081335323,14,MAP2K3
9.193953997042703e-6,0.923310459467444,0.674,0.324,0.33650791024575993,14,R3HDM1
9.701314250723966e-6,0.7961421171634006,0.413,0.223,0.35507780289074786,14,COG3
9.797356671949064e-6,0.5225577737170402,0.88,0.662,0.3585930515500077,14,RPL27A
1.032684878003221e-5,1.330073835705318,0.25,0.068,0.3779729921979589,14,SETD1A
1.0471090777364882e-5,1.0931454556484659,0.293,0.105,0.38325239354233204,14,TAF10
1.0563433853548104e-5,0.6262431421115009,0.5,0.239,0.38663224247371414,14,HMGN3
1.0632270493060709e-5,1.0775210775352164,0.25,0.095,0.389151732316515,14,DTWD1
1.0828522726973662e-5,0.5777921439283189,0.674,0.383,0.396334760329963,14,WDPCP
1.0831331038730946e-5,0.5830852554279424,0.511,0.274,0.3964375473485914,14,RPL36AL
1.0853625708206106e-5,0.6844627970758779,0.511,0.256,0.3972535545460517,14,C22orf34
1.1976883047649736e-5,0.880757450436161,0.402,0.159,0.438365896427028,14,ATP5MPL
1.2829470011266335e-5,0.8260804034825366,0.674,0.402,0.46957143188235917,14,SEPTIN9
1.3080738456779771e-5,0.5812315552484493,0.793,0.496,0.47876810825659644,14,PDIA3
1.3548437161872025e-5,1.7931524262229614,0.25,0.074,0.49588634856167796,14,SEPHS1
1.3625113562244641e-5,0.7635958967819668,0.38,0.17,0.4986927814917161,14,CLPX
1.3715603649731267e-5,0.6756739641996166,0.293,0.121,0.5020048091838141,14,UXT
1.3793490681471906e-5,0.7126961178485008,0.478,0.246,0.5048555524325532,14,SLC39A10
1.3865427342390285e-5,0.6518353684310249,0.533,0.291,0.5074885061588268,14,L3MBTL3
1.4292543989621796e-5,0.5771308587941232,0.576,0.32,0.5231214025641474,14,TPM4
1.5286479093539657e-5,0.9049520537461678,0.413,0.197,0.559500421302645,14,CALR
1.5503710100858713e-5,1.182135353694636,0.261,0.087,0.5674512934015298,14,BAX
1.6370161424490414e-5,0.5450930140708258,0.424,0.219,0.5991642782977736,14,NUP93
1.639216174647421e-5,0.7597046882985666,0.696,0.395,0.5999695120827025,14,HSP90AB1
1.6405339837835427e-5,0.8662178555884519,0.402,0.172,0.6004518434046144,14,BST2
1.6528623168540735e-5,0.7167761694863821,0.489,0.241,0.6049641365917594,14,ATP6V1A
1.671893841607102e-5,0.6081970998582023,0.467,0.245,0.6119298649666154,14,DDX18
1.740964397100726e-5,1.2816746067417824,0.25,0.085,0.6372103789828367,14,PYCARD
1.742165380887043e-5,1.1963230110287992,0.293,0.118,0.6376499510584667,14,ARHGAP32
1.7675877624027873e-5,0.5376365439467343,0.859,0.687,0.6469547969170442,14,RPS19
1.785673688241984e-5,0.881764600421949,0.424,0.205,0.6535744266334486,14,EID1
1.7940189486016915e-5,0.7901547530326174,0.391,0.204,0.6566288753777051,14,STAM2
1.79578607547771e-5,0.7733339050975405,0.457,0.21,0.6572756614855967,14,SNX3
1.893253732961339e-5,0.9500595209916634,0.391,0.188,0.6929497988011797,14,PDPK1
1.96209407284709e-5,0.6845068691555375,0.565,0.339,0.7181460516027633,14,NRDC
2.0019603114834237e-5,0.7289601504641924,0.728,0.457,0.7327374936060479,14,EIF4G2
2.0031471612103183e-5,1.438341080929678,0.272,0.081,0.7331718924745886,14,TMED3
2.0054819164293304e-5,1.42064848325459,0.25,0.088,0.7340264362322992,14,PRMT7
2.0392757752871928e-5,1.5094298572065297,0.261,0.075,0.7463953265128654,14,OSTC
2.111063776332119e-5,0.761537760872455,0.337,0.18,0.7726704527753189,14,NDUFA9
2.1292098310185058e-5,0.623189211115962,0.391,0.205,0.7793120902510833,14,CNOT7
2.1656017718127852e-5,0.6059540506492077,0.5,0.289,0.7926319045011975,14,MAD1L1
2.170451496046028e-5,0.59476054013084,0.793,0.602,0.7944069520678068,14,PTBP3
2.2789969977184132e-5,1.1156301445852201,0.326,0.143,0.8341356911349165,14,PRKRA
2.3546627433060515e-5,0.6798287638953495,0.38,0.191,0.861830110677448,14,ABHD12
2.423940890870744e-5,0.9322008889396168,0.272,0.136,0.8871866054676011,14,NAGK
2.4937747376708073e-5,0.5452720903145429,0.772,0.468,0.9127464917348922,14,SNHG14
2.5265872373521514e-5,0.5119493176438534,0.88,0.678,0.924756194743261,14,SAMHD1
2.579443882166028e-5,0.9222354956535916,0.25,0.096,0.944102255311588,14,ACADVL
2.5823835538549678e-5,1.1168742374774792,0.478,0.233,0.9451782045464567,14,GORASP2
2.7898573449917678e-5,0.6186361422727352,0.565,0.323,1,14,AKIRIN2
2.846759817511902e-5,0.6575761637209823,0.663,0.378,1,14,ARF1
2.995691332433096e-5,0.6865023011253757,0.554,0.271,1,14,ADA2
3.243136808482124e-5,0.5338613197883688,0.315,0.169,1,14,FAM241A
3.312525402453894e-5,0.5012797311170376,0.38,0.185,1,14,GTF3A
3.3551495155152657e-5,0.6194174127678201,0.576,0.34,1,14,RAC1
3.386140760323069e-5,0.5180422347385409,0.609,0.34,1,14,TCEA1
3.4671359691668906e-5,0.5114684206742679,0.804,0.565,1,14,RPL5
3.483001187867656e-5,0.9989686370604094,0.38,0.164,1,14,PDIA6
3.587133854632229e-5,0.7702367998559063,0.413,0.214,1,14,VAV1
3.591693129737142e-5,0.5820925484505748,0.402,0.209,1,14,DLST
3.645854899369251e-5,1.2137294107264285,0.293,0.093,1,14,SEC61G
3.721840513990677e-5,0.5994303171495758,0.326,0.149,1,14,SLC2A9
3.7577397922343415e-5,0.8375034083887039,0.62,0.379,1,14,CDC40
3.778398486658136e-5,1.0719721792101735,0.283,0.124,1,14,RAI1
3.806037615666104e-5,0.918541768974617,0.337,0.175,1,14,NISCH
3.8748841684988344e-5,1.1184514682789841,0.283,0.118,1,14,SSR3
3.9061220960905915e-5,0.5861579372140825,0.446,0.213,1,14,UBE2F
3.9104068955608723e-5,0.9879834185226162,0.402,0.153,1,14,GUK1
3.9339195067324514e-5,0.5533860597100251,0.478,0.265,1,14,PSMA6
4.1058105712182916e-5,1.328911314675321,0.261,0.092,1,14,SEMA6A-AS1
4.1525414900625154e-5,0.6159067072513393,0.707,0.519,1,14,NUFIP2
4.19080742684369e-5,0.752504116778851,0.293,0.138,1,14,SNHG8
4.204908554167222e-5,0.7949285979080944,0.446,0.221,1,14,EIF2S2
4.23994022343174e-5,0.7391786646440072,0.5,0.257,1,14,TARDBP
4.312396880325126e-5,0.5937834182625646,0.739,0.448,1,14,CCNI
4.611695526531089e-5,0.8136269020175841,0.511,0.289,1,14,H1FX
4.6352737215606235e-5,0.6513163806683069,0.261,0.111,1,14,ZNF789
4.6891330019885174e-5,0.6047642552241068,0.576,0.308,1,14,GMDS-DT
4.6963649542832976e-5,0.8495673034370117,0.478,0.274,1,14,MLXIP
4.766709711113158e-5,0.5913052068731666,0.576,0.33,1,14,DNAJA1
4.866922060636509e-5,1.1652682860394916,0.25,0.085,1,14,GRAMD4
4.89114566991514e-5,0.7980176621694904,0.359,0.182,1,14,TRAPPC12
4.959160967335662e-5,0.58461147731212,0.859,0.631,1,14,ITCH
4.962466796434603e-5,0.8723508765942936,0.272,0.131,1,14,INPP5B
4.965693038235271e-5,0.5639141227819136,0.457,0.247,1,14,SERINC3
5.042784329887449e-5,0.7022427609194917,0.38,0.16,1,14,NSL1
5.049475289493911e-5,0.6107071603898487,0.315,0.138,1,14,TM7SF3
5.118709604080001e-5,0.7046785355983204,0.489,0.249,1,14,GDI2
5.204628701472001e-5,0.7986116776590128,0.685,0.408,1,14,FIP1L1
5.35355162944078e-5,0.5857116839105505,0.783,0.537,1,14,RPL4
5.3845065635260556e-5,0.6505587998936276,0.457,0.269,1,14,AP1S2
5.982449201162298e-5,0.5776626156576314,0.457,0.247,1,14,ARFGAP3
6.092837989484768e-5,0.6229111728902993,0.37,0.19,1,14,ZCCHC8
6.79505532551202e-5,0.842973046541208,0.272,0.101,1,14,OTUD6B
6.799017450681514e-5,0.7011511712010999,0.37,0.168,1,14,INSYN2B
6.879124576327046e-5,0.843240682715099,0.424,0.196,1,14,NARS
6.881907397174337e-5,0.6028292624714724,0.761,0.499,1,14,RPS7
6.95589440553132e-5,0.6190828766145953,0.38,0.209,1,14,STAT2
7.131008843310679e-5,1.0593191040657952,0.38,0.183,1,14,ZNF791
7.187716380972336e-5,1.1178687339957798,0.293,0.115,1,14,COMMD6
7.241949581352365e-5,0.6668984783625357,0.543,0.262,1,14,KRR1
7.37668410878077e-5,0.7607334883034951,0.424,0.222,1,14,GINM1
7.528365284889425e-5,1.0685518174007385,0.337,0.175,1,14,AC027097.2
7.596877326666222e-5,0.7939238982180781,0.315,0.164,1,14,PSMB2
7.613855101263368e-5,0.8144228742513866,0.272,0.099,1,14,RBCK1
7.795268684045458e-5,0.5264400665521638,0.891,0.708,1,14,SP3
7.934008759797318e-5,0.8385950627758767,0.533,0.302,1,14,RNASEK
8.54974282223379e-5,0.9968708668095138,0.272,0.102,1,14,LTV1
8.55578697833701e-5,0.659938374727146,0.696,0.483,1,14,NUTM2B-AS1
8.60320260711429e-5,0.5975401306680543,0.565,0.276,1,14,WRN
8.801698387789465e-5,0.8253652546253722,0.435,0.214,1,14,TMEM39A
8.879289823610332e-5,1.0870785443723165,0.261,0.101,1,14,RBIS
9.104408495995229e-5,0.6921600897379533,0.565,0.328,1,14,H2AFV
9.527054957615126e-5,1.1180280943791066,0.359,0.144,1,14,HNRNPA0
9.530872230145961e-5,0.7648395750412581,0.391,0.17,1,14,PLPP1
9.622975907664447e-5,0.6615846609964808,0.793,0.613,1,14,RPL17
9.630904579729884e-5,0.8959480685037362,0.37,0.184,1,14,MTMR12
9.71281604239231e-5,0.6558924899209546,0.543,0.317,1,14,RBM3
9.818138825435378e-5,0.8324078097748726,0.337,0.134,1,14,SF3A1
9.820188373368706e-5,0.5852865802648347,0.772,0.483,1,14,EEF1D
9.87722675200886e-5,0.7648330704911651,0.489,0.238,1,14,SUPT5H
9.925860529062846e-5,0.528859245771837,0.37,0.206,1,14,ZNF592
1.0448660991718401e-4,0.5653825059906346,0.261,0.12,1,14,DUSP22
1.0480203772640265e-4,1.0247353187111832,0.315,0.133,1,14,AC087286.2
1.0790234587810523e-4,0.8377779065237233,0.272,0.116,1,14,PRKCSH
1.1069385293596232e-4,0.7683512237622234,0.304,0.147,1,14,COX6B1
1.1514132124257155e-4,0.9477145270960953,0.446,0.238,1,14,REEP5
1.1558718816050061e-4,0.7143129234294546,0.293,0.136,1,14,AP3D1
1.163770826913555e-4,0.8806542694551094,0.315,0.154,1,14,SLX4IP
1.1950886859107004e-4,0.5799119613774579,0.674,0.455,1,14,PPP1R2
1.1984992859322278e-4,0.7481605979104969,0.424,0.21,1,14,ARL6IP1
1.2132900823531906e-4,0.5229576466796375,0.272,0.102,1,14,SLA2
1.2214586668470124e-4,0.8581117476925413,0.435,0.26,1,14,EDRF1
1.230132335417616e-4,0.5533137889939326,0.924,0.781,1,14,HNRNPA2B1
1.2432177966647024e-4,0.5422275895165748,0.772,0.469,1,14,PBRM1
1.2736409859910827e-4,0.6957135738710745,0.38,0.201,1,14,CEP68
1.2805659262184248e-4,0.8580059381989087,0.315,0.154,1,14,PPCDC
1.316118044172347e-4,0.6245982842510697,0.478,0.244,1,14,TBC1D2B
1.3698668042297327e-4,0.6786093913635498,0.326,0.137,1,14,COX6A1
1.3705626547390014e-4,0.7281328474233417,0.489,0.293,1,14,NUP210
1.4520639820947564e-4,0.9704289784366112,0.37,0.159,1,14,SCAI
1.4835412183545246e-4,0.9893712970783596,0.261,0.102,1,14,SACS
1.5250452685383056e-4,0.7680108973233042,0.348,0.17,1,14,BUD23
1.5397963538627275e-4,0.9410557583473289,0.293,0.118,1,14,CTPS1
1.6059186573241948e-4,0.9301969910989842,0.315,0.128,1,14,DPP7
1.6245502432676013e-4,0.6321115978163946,0.283,0.119,1,14,ERCC1
1.6871716307729077e-4,0.9545066418665371,0.37,0.197,1,14,PTTG1IP
1.6879639830605567e-4,0.5684951062382314,0.696,0.453,1,14,KIF5B
1.740000739003822e-4,0.5280804950299502,0.489,0.274,1,14,AOPEP
1.748158935474282e-4,0.7454673449396735,0.304,0.143,1,14,NBPF14
2.070503950531582e-4,0.8215599498352325,0.348,0.172,1,14,SLC12A2
2.0741992448356717e-4,0.7341613899017356,0.315,0.134,1,14,MMS22L
2.0935705578073685e-4,0.839056056471786,0.261,0.113,1,14,TSPYL2
2.146357670266316e-4,0.698569637002555,0.272,0.121,1,14,SRFBP1
2.206643447734066e-4,0.5068586151390647,0.565,0.306,1,14,GLCCI1
2.2607747002387373e-4,0.7893920631199329,0.402,0.202,1,14,ATP5F1A
2.327494683457952e-4,0.6977457444971411,0.554,0.284,1,14,RPRD1A
2.409834018968593e-4,0.5801617584999594,0.359,0.159,1,14,RCL1
2.492714811209318e-4,0.8625132705199592,0.25,0.116,1,14,NCKAP5L
2.584749899224254e-4,0.5059906235300885,0.326,0.155,1,14,MRPS9
2.615193251890863e-4,0.7591708348167178,0.489,0.264,1,14,SENP2
2.6463877697539064e-4,0.5203929331140736,0.543,0.312,1,14,RHEB
2.660173021398532e-4,0.9002501916754648,0.25,0.084,1,14,STUB1
2.720311366969653e-4,0.6562263626857885,0.457,0.252,1,14,CLASRP
2.724215433067507e-4,1.0245472437694092,0.391,0.196,1,14,CSPP1
2.756839065158291e-4,1.0628168404362421,0.261,0.099,1,14,ALG9
2.845823377826615e-4,0.8536524698310886,0.283,0.111,1,14,FBH1
3.0525505648319637e-4,0.6770170076518076,0.457,0.225,1,14,EMC3
3.0596746854231284e-4,0.5274504858032978,0.793,0.575,1,14,RPS15A
3.105336033031102e-4,0.8616690433883607,0.457,0.235,1,14,ARPC4
3.150955738308396e-4,0.5705072633875463,0.413,0.214,1,14,MFF
3.186275084630496e-4,1.108145861413373,0.293,0.147,1,14,CDH23
3.2228556935244394e-4,0.6126976943094687,0.38,0.214,1,14,VPS29
3.2252825900041073e-4,0.7598024821080295,0.348,0.179,1,14,NIPA2
3.289149331794746e-4,0.533289160828747,0.304,0.168,1,14,TIGAR
3.3558745869288623e-4,0.8189933762303482,0.261,0.109,1,14,NDUFA12
3.436110710750342e-4,0.6749829094737886,0.359,0.17,1,14,PSME2
3.48541186585199e-4,0.6069749448129393,0.663,0.403,1,14,OXR1
3.516346166466529e-4,0.6940698487537764,0.283,0.132,1,14,BZW2
3.622128989304474e-4,0.832436701654313,0.38,0.182,1,14,NBDY
3.6855626984472423e-4,0.5239783418664978,0.283,0.139,1,14,PEX26
0.00037188371168510325,0.6472166768892225,0.359,0.165,1,14,CCDC14
3.8284430144404607e-4,0.7339502974301478,0.304,0.149,1,14,RWDD1
3.906215241482202e-4,0.6615945548612537,0.717,0.427,1,14,PCF11
3.9833500987170766e-4,1.0276583779783077,0.402,0.222,1,14,CPB2-AS1
4.02236182439484e-4,0.9566048235423008,0.315,0.132,1,14,BICD2
4.026412537988662e-4,0.7715483828599661,0.467,0.247,1,14,LANCL2
4.1604302310299163e-4,0.5205318490665747,0.359,0.212,1,14,MEX3C
4.263969877687244e-4,0.7678120972976139,0.413,0.199,1,14,MRE11
4.425637757073236e-4,0.6674731588990377,0.435,0.266,1,14,ARF4
4.4360379365770346e-4,0.6440412445988639,0.283,0.14,1,14,CASP3
4.447592884216306e-4,0.8244230480772795,0.25,0.087,1,14,GEN1
4.4697561009994383e-4,1.0615979435742307,0.293,0.155,1,14,TTC13
4.491872239264669e-4,0.7412712193607562,0.272,0.107,1,14,RALGPS1
4.694412762194639e-4,1.2745054920576815,0.261,0.08,1,14,SNRPN
4.7413447475756646e-4,0.9328548830026111,0.435,0.192,1,14,SMARCAD1
4.774658406108333e-4,0.5645044543625869,0.565,0.346,1,14,CCDC12
4.784687798555737e-4,1.0104949450326695,0.391,0.202,1,14,CD302
4.790727161628291e-4,0.6747008271750743,0.489,0.273,1,14,IDS
4.85751711922969e-4,0.6715532609313997,0.576,0.315,1,14,CNOT8
5.096701369552845e-4,0.7185063637743482,0.38,0.2,1,14,NUDT4
5.098514956421974e-4,0.7458874850229755,0.337,0.16,1,14,UQCR11
5.113721021783895e-4,0.8846423555774889,0.293,0.118,1,14,ERH
5.123740088706795e-4,0.620682413928878,0.315,0.151,1,14,ATP6V0A2
5.163240268939068e-4,0.5113135742473932,0.652,0.431,1,14,DIDO1
5.422336144869363e-4,0.6824136500727254,0.272,0.128,1,14,FKBP1A
5.463050652635465e-4,0.8274864563247328,0.446,0.238,1,14,TOMM20
5.589953252216914e-4,0.5039510441173581,0.522,0.302,1,14,SLC25A6
5.621764079731958e-4,0.8274684949554567,0.272,0.123,1,14,NEDD8
5.884549957070563e-4,0.6311829611268511,0.326,0.161,1,14,CENPP
5.981262690012878e-4,0.7228154708807043,0.293,0.132,1,14,EIF2B3
6.094469657211104e-4,0.984583469495629,0.38,0.175,1,14,PRKAR1A
6.135759462767468e-4,0.6170446750694454,0.402,0.214,1,14,LRRC58
6.251329434724217e-4,1.0289096688493764,0.337,0.138,1,14,ARHGAP9
6.294661918367011e-4,0.7321528413257867,0.446,0.259,1,14,IFNAR1
6.563590891670186e-4,0.7040620371808227,0.293,0.16,1,14,CTBP1
6.938141562696856e-4,0.6013740651020819,0.304,0.159,1,14,GANC
7.327056721637182e-4,0.6218041217219081,0.565,0.324,1,14,TENT4A
7.444929653391136e-4,0.6680574272881487,0.37,0.187,1,14,RAC2
7.595846117167432e-4,0.6091337065830736,0.261,0.114,1,14,METTL8
7.784979489504629e-4,0.5890000345507417,0.272,0.15,1,14,PURB
7.865996658421158e-4,0.5799475058128771,0.337,0.184,1,14,CLMN
7.876583341245072e-4,0.8045843354884351,0.283,0.13,1,14,HMG20A
7.969259388999605e-4,0.7552521936802303,0.522,0.25,1,14,OTULIN
8.039652237492325e-4,0.7942126645461761,0.402,0.177,1,14,RTRAF
8.133965208438004e-4,0.6347282241886337,0.315,0.15,1,14,FASTKD2
8.149138549179528e-4,0.7110839943682198,0.37,0.221,1,14,TMCO1
8.453206479725252e-4,0.8655111946349777,0.359,0.178,1,14,SETD7
8.457589784850397e-4,0.5500851155847277,0.663,0.389,1,14,MOB1A
8.489517407777343e-4,0.5041485879686788,0.38,0.217,1,14,DCUN1D1
8.749398876713229e-4,0.7950766235453454,0.359,0.19,1,14,AKIRIN1
8.814190031812842e-4,0.7336869998320031,0.38,0.185,1,14,ACBD5
9.193076563608044e-4,0.528450056400851,0.348,0.175,1,14,UBTF
9.193213476721061e-4,0.7567484348813499,0.283,0.145,1,14,PRR13
9.25507666920738e-4,0.916971057044879,0.337,0.149,1,14,POLG
9.334478420079905e-4,0.5900861826138031,0.902,0.799,1,14,H3F3B
9.64303299674282e-4,0.9105254173612748,0.304,0.121,1,14,JTB
9.676819077352091e-4,0.555362031230954,0.38,0.216,1,14,PSMA3
9.749198046522364e-4,0.5948533952997043,0.391,0.211,1,14,ATG10
9.860778233078485e-4,0.7947748783901009,0.435,0.236,1,14,SAP130
9.89999780278388e-4,0.7148259832768917,0.315,0.148,1,14,CRYZL1
0.0010148284613373212,0.6137687200606049,0.717,0.46,1,14,TAPBP
0.0010774950689446132,0.69453582696144045,0.533,0.319,1,14,RBBP4
0.001100270607233623,0.8476743793189077,0.261,0.114,1,14,RFLNB
0.0011283685587359124,0.7727428776999932,0.337,0.16,1,14,KLHDC4
0.001175531510014921,0.7448994652485507,0.478,0.264,1,14,MIA3
0.0012023652594875271,0.6430148116968937,0.337,0.192,1,14,TXNL4A
0.0012064314939252074,0.6148532715160023,0.446,0.254,1,14,SMC4
0.0012147418276159257,0.719053898976803,0.293,0.126,1,14,PRMT9
0.0012149821901327128,0.5046600481318895,0.728,0.51,1,14,TNPO1
0.0012447674960947097,1.0244351999617296,0.272,0.102,1,14,FBXO31
0.001245906267187447,0.6166607107688391,0.293,0.147,1,14,ZRANB3
0.001298191919115475,0.5687823886585514,0.424,0.226,1,14,COPE
0.0013223515969140866,0.6323391130434728,0.391,0.229,1,14,ZNF267
0.0013552905199393779,0.5321848886153093,0.457,0.295,1,14,ZMYND8
0.0013674418001007604,1.0458602070941136,0.283,0.152,1,14,UBN2
0.0013685304482642094,0.6985007908802647,0.293,0.169,1,14,PFDN1
0.0013880044502976357,0.5224134138363508,0.5,0.291,1,14,CSNK2A1
0.0013922791904710395,0.6831914989454526,0.304,0.142,1,14,DROSHA
0.001423055025950139,0.5850642093435288,0.348,0.174,1,14,PPIL2
0.001429967126982052,0.5097793055190222,0.435,0.237,1,14,NDUFA13
0.0014388025039233682,0.5979387560660767,0.25,0.137,1,14,IL16
0.0014627447763073966,0.5926027567043974,0.315,0.162,1,14,PA2G4
0.001490101607397703,0.5709523466890433,0.402,0.226,1,14,PARG
0.0015063024705638719,0.6433574795723437,0.272,0.124,1,14,ATP5IF1
0.001506779991827548,0.763606506709541,0.261,0.127,1,14,COX7A2L
0.0015084649880065866,0.8444027520870989,0.272,0.125,1,14,NDUFB7
0.0015696496274415388,1.116669817548416,0.25,0.099,1,14,CCSAP
0.0015712266572394603,0.740542832600576,0.522,0.316,1,14,TOR1AIP1
0.0016264448021867514,0.6064695244252915,0.261,0.149,1,14,DCTN5
0.0016434017646136535,0.6958662953668704,0.326,0.153,1,14,LANCL1
0.001643608743829968,0.9448400300140994,0.293,0.149,1,14,AP000331.1
0.0016804559977759608,0.645775952908735,0.391,0.214,1,14,TOGARAM1
0.0016826728988732632,0.6135863020202681,0.261,0.112,1,14,RDH11
0.0017544742434437305,0.7249159274337751,0.326,0.167,1,14,DDI2
0.0018043277435550007,0.5920771879720022,0.304,0.133,1,14,AL050309.1
0.001837855682057557,0.5584337820585654,0.326,0.156,1,14,ANKRD36B
0.0018403389575968264,1.2191760952690576,0.25,0.078,1,14,USP13
0.0018415815496792068,0.5599938661420537,0.685,0.479,1,14,PCMTD1
0.0018922938678447574,0.6263752488215557,0.304,0.172,1,14,SEC13
0.0019468590152006593,0.5875835848227116,0.261,0.124,1,14,SRI
0.0019560544892295766,0.7562172479017522,0.25,0.141,1,14,PRKCI
0.0019678684332535396,0.5069604182348831,0.326,0.186,1,14,NOL7
0.0019756368563238823,0.762485017985869,0.261,0.108,1,14,KRTCAP2
0.0019791845644567055,0.6531919276742112,0.272,0.126,1,14,PRDX6
0.0020074126446395606,0.519739126179485,0.25,0.122,1,14,BRCC3
0.0020095419066846003,1.0342350524289508,0.293,0.148,1,14,PCNT
0.0020146718885038924,0.5705914588096223,0.576,0.322,1,14,VEZT
0.002054191524986264,0.7152346164464163,0.511,0.282,1,14,PTS
0.002059803693215545,0.5662608108505267,0.478,0.294,1,14,ATG13
0.0020677398986989077,0.5580717536865181,0.489,0.265,1,14,SUMO2
0.002209803887733605,0.9164455537374873,0.272,0.125,1,14,HPS4
0.002256011400599608,0.5469642545494908,0.293,0.161,1,14,KLF10
0.0022973863123247084,0.6427646773026295,0.63,0.428,1,14,NCL
0.002319312709188753,0.5311680969334883,0.435,0.218,1,14,HIBCH
0.00233093648496856,0.5352969695770291,0.467,0.257,1,14,STK38L
0.002440355614715038,0.6138183945923112,0.696,0.446,1,14,RFTN1
0.0024764889442384264,0.9502755945798851,0.25,0.11,1,14,CHTOP
0.0024999052292247084,0.5985010885101971,0.467,0.261,1,14,EFCAB14
0.0025678177822509437,0.660828781683231,0.283,0.136,1,14,EFL1
0.002601739012901342,0.6540975414437984,0.261,0.123,1,14,ZNF770
0.0026888991820871845,0.5063268829850837,0.348,0.176,1,14,ABHD17B
0.002718691005151703,0.5547988890931647,0.293,0.137,1,14,CCDC57
0.0028482912623502676,0.7203403892125533,0.25,0.12,1,14,ODC1
0.0030270776119335767,0.6021157323029743,0.25,0.121,1,14,ERLEC1
0.003045364905829099,0.7363580632164667,0.293,0.154,1,14,MCCC1
0.00313755186477986,0.550203892555041,0.446,0.237,1,14,PCBP1-AS1
0.0033010590306745556,0.5749400403448455,0.293,0.172,1,14,MBD4
0.003308925354119164,0.5347389926054825,0.641,0.401,1,14,COX4I1
0.003351155962263207,0.5084836855883134,0.25,0.158,1,14,DCLRE1C
0.0033622961299962675,1.0549717733164068,0.315,0.126,1,14,TMEM263
0.0034540226920645734,0.6419037261205883,0.522,0.322,1,14,LINC-PINT
0.0035484561565004495,0.9078554502048147,0.293,0.149,1,14,POLA1
0.0036241486959235304,0.5184883480785081,0.728,0.514,1,14,UBC
0.0036292304611318374,0.5153515856167803,0.489,0.316,1,14,RNF4
0.003677338960922792,0.539209588393522,0.293,0.148,1,14,CNDP2
0.0037011173685325568,0.7556610473186528,0.272,0.144,1,14,CEBPZOS
0.003818503635668794,0.606686572469345,0.522,0.291,1,14,PAXBP1
0.0038861977335368715,0.8167965798822082,0.348,0.182,1,14,PSME1
0.003991334185177695,0.738964306888491,0.457,0.272,1,14,METAP2
0.004093067161925823,0.5294391947345808,0.25,0.136,1,14,DNAJC11
0.0043711584411520584,0.6040754032852725,0.293,0.156,1,14,TIMM17A
0.004376801764609535,0.6240581646433416,0.315,0.173,1,14,NMD3
0.004430884691903807,0.6967856734333792,0.38,0.186,1,14,SLC33A1
0.00445470565303872,0.513874058589999,0.478,0.311,1,14,POLR2J3
0.004464430514685156,0.5081963063493146,0.261,0.127,1,14,GPR89B
0.004496345277751433,0.7149487898992537,0.304,0.167,1,14,EIF2AK1
0.004541853266039446,0.5339413158638111,0.326,0.189,1,14,IRAK4
0.00455430111271434,0.6462041152661271,0.489,0.316,1,14,CYP20A1
0.0047645948633244836,0.8116596104469308,0.25,0.131,1,14,ZBTB18
0.004873705805904758,0.5520453887067946,0.533,0.306,1,14,SRSF2
0.004886146528318255,0.6068604490579134,0.272,0.123,1,14,RAN
0.005174973018321203,0.6235902146869047,0.435,0.222,1,14,SSR2
0.00519372447285015,0.5538672352542667,0.511,0.307,1,14,KLHL20
0.005334454668216592,0.7446830641195883,0.283,0.15,1,14,PPM1G
0.00563078710347298,0.5121645865798923,0.283,0.154,1,14,IPO8
0.005894199712052905,0.6806149293878998,0.446,0.272,1,14,SERP1
0.005954684442936776,0.6341836411527255,0.391,0.228,1,14,IL10RB
0.006099564473914112,0.6001921983959155,0.272,0.161,1,14,ZBTB8OS
0.006427302863715723,0.6634501510361986,0.261,0.122,1,14,PFDN2
0.0069227962168190325,0.5711625868072283,0.315,0.172,1,14,MAT2A
0.0070309416885438,1.07369795657492,0.25,0.124,1,14,EFCAB2
0.007145687187545878,0.5277211281885839,0.609,0.428,1,14,EEF2
0.007927714357030114,0.5645009920700252,0.326,0.179,1,14,ZNF24
0.008048472000088585,0.5790719526203508,0.261,0.144,1,14,UBXN1
0.008138883820170207,0.7078799872297097,0.272,0.125,1,14,RPP30
0.008617547518998445,0.7767154880830207,0.272,0.131,1,14,KHSRP
0.00964334990401193,0.5785066703929618,0.413,0.242,1,14,SEC24D
0.009673625056386208,0.5807119636939755,0.293,0.17,1,14,KDM5D
0.009701175652337572,0.5388511924635913,0.272,0.138,1,14,GCNT2
0.009725433958811936,0.5781977981068984,0.413,0.249,1,14,SSBP1
0.009972641487953317,0.6699387532957479,0.283,0.14,1,14,SRP19
