p_val,avg_log2FC,pct.1,pct.2,p_val_adj,cluster,gene
0,2.088963522308035,0.571,0.209,0,Naive/CM,IGF1R
0,1.634498685466528,0.637,0.292,0,Naive/CM,CERS6
0,1.2584546933979603,0.799,0.459,0,Naive/CM,TSHZ2
0,1.9648340600588914,0.569,0.246,0,Naive/CM,APBA2
0,1.2710402282672306,0.791,0.513,0,Naive/CM,FHIT
0,1.399993974710739,0.579,0.314,0,Naive/CM,CCR7
0,1.2248129739806881,0.737,0.476,0,Naive/CM,TXK
0,1.2127258340920264,0.56,0.335,0,Naive/CM,ATP10A
0,1.2123319293327692,0.843,0.652,0,Naive/CM,TGFBR2
0,0.8555495658913821,0.894,0.712,0,Naive/CM,LEF1
0,0.8461191995785009,0.806,0.642,0,Naive/CM,IL6ST
0,0.8570527089135054,0.78,0.631,0,Naive/CM,TCF7
0,1.06331403176352,0.835,0.686,0,Naive/CM,BACH2
0,0.9445305230398526,0.86,0.717,0,Naive/CM,RAPGEF6
0,0.769409456814758,0.892,0.8,0,Naive/CM,ATM
0,0.7934053280175051,0.933,0.845,0,Naive/CM,MAML2
1.1229468847829165e-298,0.39452480265390477,0.992,0.988,4.110097892993953e-294,Naive/CM,FOXP1
7.285431195856268e-263,0.5202090442190554,0.927,0.832,2.6665406719953526e-258,Naive/CM,PRKCA
1.2689840027778328e-250,1.987655465393687,0.278,0.102,4.644608348567146e-246,Naive/CM,AK5
1.8878382593502325e-247,0.6845306337110499,0.818,0.723,6.909676813047786e-243,Naive/CM,PDE7A
1.0938963958676853e-246,1.7284821735593305,0.272,0.096,4.003770198515315e-242,Naive/CM,AFF3
8.686311829005964e-244,0.5761408606641427,0.884,0.807,3.179276992534473e-239,Naive/CM,TC2N
7.346040236423368e-240,1.8321820941714364,0.278,0.105,2.688724186933317e-235,Naive/CM,LEF1-AS1
5.441528962285535e-234,1.0077654160477592,0.563,0.402,1.991654015486129e-229,Naive/CM,PRMT2
9.8297750237327e-230,1.0722833641499034,0.485,0.302,3.5977959564364056e-225,Naive/CM,PLAC8
1.2397526351184132e-224,0.5191281741722462,0.889,0.814,4.5376186197969045e-220,Naive/CM,SERINC5
6.266682365251521e-221,0.6888990388327803,0.781,0.667,2.293668412505709e-216,Naive/CM,PITPNC1
1.2792634105325363e-218,1.16355362179783,0.472,0.3,4.682232008890136e-214,Naive/CM,PDK1
4.631001529617417e-212,1.2784590973284176,0.402,0.226,1.6949928698552707e-207,Naive/CM,SATB1-AS1
5.705477088770123e-204,0.5605142006216366,0.853,0.783,2.0882616692607528e-199,Naive/CM,SSH2
1.792759463967712e-200,1.2439463234142898,0.425,0.257,6.561678914068222e-196,Naive/CM,PCSK5
9.922568517482176e-199,0.5938481932548951,0.797,0.706,3.631759303083651e-194,Naive/CM,TMEM131L
1.6342475734949404e-197,1.00829478729136,0.544,0.392,5.981509543748831e-193,Naive/CM,ITGA6
1.1334665119072479e-194,0.8680706621051055,0.568,0.403,4.148600780231718e-190,Naive/CM,SFMBT2
4.128180259159184e-193,0.9424488842686946,0.524,0.361,1.510955256654853e-188,Naive/CM,FAM117B
3.69248094164996e-192,0.6166395881618492,0.804,0.69,1.3514849494533016e-187,Naive/CM,FKBP5
4.1404025352873433e-175,0.696998791776001,0.728,0.612,1.5154287319405206e-170,Naive/CM,MLLT3
8.663470711897967e-169,0.3830865661110283,0.943,0.919,3.170916915261775e-164,Naive/CM,CD247
3.3415493532437353e-166,1.2800509044906128,0.31,0.159,1.2230404787807395e-161,Naive/CM,AL109930.1
7.683536732923269e-165,1.4239576232205216,0.276,0.135,2.8122512796172456e-160,Naive/CM,CHRM3-AS2
1.745860909548266e-163,0.4314381054908889,0.913,0.87,6.390025515037607e-159,Naive/CM,IKZF1
2.2039765302492248e-159,0.7275001813891622,0.445,0.274,8.066774498365188e-155,Naive/CM,LINC01934
3.2428890825844357e-159,0.6453504993476804,0.72,0.63,1.1869298331167294e-154,Naive/CM,MAN2A1
6.661166765304512e-148,0.5685478866628482,0.808,0.765,2.438053647769104e-143,Naive/CM,NDFIP1
4.540510237919466e-147,0.48582195185858,0.843,0.787,1.6618721521809036e-142,Naive/CM,CCND3
1.9050145174527688e-141,0.3836119244790268,0.904,0.875,6.972543635328879e-137,Naive/CM,FYB1
4.502755723271219e-141,0.7201249232626481,0.594,0.464,1.648053622274499e-136,Naive/CM,ATP8A1
1.2730803499454956e-139,0.3595380983973975,0.949,0.938,4.6596013888355085e-135,Naive/CM,BCL11B
4.749493767613069e-138,0.8308060687645267,0.477,0.346,1.7383622138840594e-133,Naive/CM,TRABD2A
6.0828896175263504e-136,1.0187224654759508,0.38,0.243,2.2263984289108194e-131,Naive/CM,MAN1C1
2.640221259596017e-129,1.0512748695803902,0.339,0.209,9.663473832247383e-125,Naive/CM,RNF144A
3.53146788521258e-128,0.5951441326933877,0.684,0.603,1.2925525606666564e-123,Naive/CM,OXNAD1
9.575676250290994e-126,0.8145862283070464,0.455,0.329,3.5047932643690065e-121,Naive/CM,SATB1
1.9029245037495886e-124,0.362056858597799,0.931,0.904,6.964893976173869e-120,Naive/CM,PDE3B
5.90569888936818e-123,0.5024172518326728,0.64,0.519,2.161544850497648e-118,Naive/CM,ABLIM1
1.8814105668474298e-120,0.89502819560674,0.414,0.287,6.886150815718278e-116,Naive/CM,RETREG1
2.7847903731795567e-112,0.6473099919754934,0.539,0.415,1.0192611244874495e-107,Naive/CM,RASGRF2
6.449282198367638e-112,0.7004605957767299,0.53,0.418,2.360501777424539e-107,Naive/CM,LINC00861
9.474558600386597e-111,0.3003624530725828,0.953,0.93,3.4677831933274986e-106,Naive/CM,DOCK10
2.346527046427583e-108,0.7782033513818185,0.448,0.34,8.588523642629596e-104,Naive/CM,FAM102A
8.499511606028276e-103,0.6034964881323874,0.563,0.457,3.1109062429224096e-98,Naive/CM,NIN
1.4042141951580472e-101,0.6178337136911582,0.508,0.391,5.139564375697969e-97,Naive/CM,SELL
4.142956638525846e-98,0.29326970258264584,0.951,0.952,1.516363559266845e-93,Naive/CM,CAMK4
1.7512973625442446e-97,0.32929996062395706,0.896,0.878,6.40992347664819e-93,Naive/CM,AAK1
1.502165780685044e-95,1.0471105870081288,0.273,0.166,5.49807697388533e-91,Naive/CM,LINC01550
3.993246708672016e-95,0.475089011590339,0.664,0.577,1.4615682278410447e-90,Naive/CM,HIF1A
4.70065781619224e-92,0.4156427841150192,0.789,0.746,1.7204877673045217e-87,Naive/CM,UBAC2
1.0816926268176216e-90,0.6760984629648867,0.497,0.393,3.959103183415177e-86,Naive/CM,ZNF609
2.6232802689502538e-89,0.9200698393875999,0.336,0.228,9.601468112384823e-85,Naive/CM,SNTB1
8.27915098116285e-85,0.4194059510409147,0.745,0.676,3.0302520506154147e-80,Naive/CM,PCED1B
1.0117160857020558e-81,0.6018401442566368,0.527,0.44,3.702982045278094e-77,Naive/CM,PIK3CD
3.3060823951293786e-78,0.8380240665319293,0.278,0.179,1.2100592174413038e-73,Naive/CM,NRIP1
9.607641492263332e-78,0.464985167934554,0.687,0.644,3.516492862583302e-73,Naive/CM,PIK3IP1
2.854491554691169e-76,0.4245188303512464,0.705,0.659,1.0447724539325146e-71,Naive/CM,CYFIP2
3.4518246807753293e-76,0.7782512507233711,0.348,0.251,1.2634023514105784e-71,Naive/CM,SHISAL2A
1.0081858252422587e-75,0.4774388934738918,0.622,0.552,3.690060938969191e-71,Naive/CM,TESPA1
2.167480895873815e-74,0.2992910414200334,0.863,0.837,7.933196826987751e-70,Naive/CM,ITK
2.5269390807156836e-73,0.5586174006187425,0.458,0.349,9.248849729327474e-69,Naive/CM,AC139720.1
2.7853900469586884e-73,0.7121811215072754,0.39,0.297,1.0194806110873496e-68,Naive/CM,PRKCQ-AS1
6.704401743556211e-73,0.2791082209101141,0.896,0.889,2.453878082159009e-68,Naive/CM,ELMO1
2.3339242369761113e-72,0.5321406444357708,0.544,0.464,8.542396099756265e-68,Naive/CM,CRTC3
6.782024196416958e-72,0.4896362856351997,0.578,0.496,2.482288676130571e-67,Naive/CM,DIP2B
5.5366790065207295e-67,0.3924545093260634,0.716,0.675,2.026479883176652e-62,Naive/CM,LEPROTL1
5.162588703914576e-63,0.32780475221130834,0.806,0.766,1.889559091519774e-58,Naive/CM,TNFAIP8
1.4478627587534276e-61,0.37257131975246693,0.457,0.349,5.299322483313421e-57,Naive/CM,BTBD11
1.6803807980536154e-61,0.3831392214099978,0.597,0.487,6.150361758956038e-57,Naive/CM,ITGA4
3.780513479128834e-60,0.7083501569760736,0.368,0.283,1.3837057384959446e-55,Naive/CM,RNF157
2.9577998451710126e-59,0.7880946103881394,0.305,0.22,1.0825843213310423e-54,Naive/CM,TAF4B
3.3485177337297634e-59,0.5521930588777335,0.528,0.466,1.2255909757224308e-54,Naive/CM,PSMA1
8.196878851229318e-58,0.40624892341245644,0.638,0.586,3.0001396283384424e-53,Naive/CM,MCUB
2.0950683299204484e-57,0.7776635366758667,0.288,0.209,7.668159594341833e-53,Naive/CM,CHMP7
2.608812553587078e-57,0.5638436069009314,0.451,0.364,9.548514827384064e-53,Naive/CM,PRKN
4.831883396539199e-57,0.25165681913079485,0.84,0.815,1.7685176419673123e-52,Naive/CM,RASA2
9.532997173522883e-57,0.4501271389330761,0.576,0.504,3.48917229548111e-52,Naive/CM,SCML4
1.147806725731111e-56,0.5052118515033086,0.54,0.482,4.201087396848439e-52,Naive/CM,TMC8
1.8439527790561063e-56,0.32493781429959956,0.754,0.717,6.749051566623254e-52,Naive/CM,PACS1
7.783149512267923e-56,0.49384996246583945,0.568,0.497,2.8487105529851825e-51,Naive/CM,HIVEP1
3.1889365228302016e-55,0.3177131805412481,0.75,0.72,1.167182656721082e-50,Naive/CM,STK38
3.47387581453303e-55,0.3842525167980453,0.685,0.652,1.2714732868772345e-50,Naive/CM,TMEM123
4.585408973886778e-55,0.40276151005259164,0.582,0.488,1.6783055385322998e-50,Naive/CM,NELL2
3.14034425373266e-54,0.5931577644358934,0.402,0.325,1.1493974003086907e-49,Naive/CM,CRLF3
3.987205699006909e-54,0.4119263184855446,0.64,0.595,1.4593571578935188e-49,Naive/CM,SNHG14
2.088106583008591e-53,0.6054788229848508,0.415,0.344,7.642678904469743e-49,Naive/CM,NAA16
1.1866604987629082e-51,0.6507804132548556,0.312,0.23,4.3432960915221204e-47,Naive/CM,AC233976.1
1.3258533552198282e-51,0.40518456341871767,0.626,0.578,4.852755865440093e-47,Naive/CM,GCC2
1.6850215915105545e-51,0.388243094762291,0.663,0.623,6.16734752708778e-47,Naive/CM,CD55
1.4882966206834839e-50,0.5304251716649326,0.445,0.372,5.44731446136362e-46,Naive/CM,CHD7
4.121546269023235e-50,0.2943523615326522,0.788,0.765,1.5085271499251944e-45,Naive/CM,TUT4
6.000587032536674e-49,0.5629994378056142,0.422,0.349,2.1962748597787479e-44,Naive/CM,CCDC18-AS1
1.5523730281376713e-48,0.4412019034069137,0.406,0.318,5.681840520286691e-44,Naive/CM,TRPS1
1.117829450299829e-47,0.5885609504057348,0.352,0.279,4.091367571042404e-43,Naive/CM,FCMR
1.4340054919781468e-47,0.3392226550220996,0.697,0.654,5.248603501189215e-43,Naive/CM,TNRC6C
1.0424344152331819e-46,0.3212383073170828,0.715,0.683,3.815414203194969e-42,Naive/CM,RBM26
3.2586716336908277e-46,0.34625023929958276,0.729,0.688,1.1927064046471798e-41,Naive/CM,CAMK2D
3.3288715615854756e-45,0.5264059028617446,0.442,0.379,1.2184002802559e-40,Naive/CM,RIC1
2.0394022181671817e-44,0.66833942527174794,0.297,0.226,7.464416058713701e-40,Naive/CM,DHRS3
3.0882772520518755e-44,0.3320256460218509,0.652,0.598,1.130340357023507e-39,Naive/CM,CD6
7.381845928359522e-44,0.3126035001814427,0.749,0.732,2.7018294282388685e-39,Naive/CM,SUCLG2
7.673966072155539e-44,0.3467882347677531,0.647,0.593,2.8087483220696486e-39,Naive/CM,ITPKB
8.392323253420216e-44,0.5289422360315498,0.422,0.359,3.0716742339843335e-39,Naive/CM,GABPB1-AS1
1.1448401866838879e-42,0.467220314150131,0.446,0.381,4.1902295672816977e-38,Naive/CM,SFI1
3.428325381559459e-42,0.606064799391231,0.345,0.279,1.2548013729045776e-37,Naive/CM,PIK3IP1-AS1
5.365766748589738e-42,0.28726098692077207,0.754,0.738,1.96392428765133e-37,Naive/CM,PHF3
1.1424109128998452e-40,0.4591362265208636,0.475,0.414,4.181338182304724e-36,Naive/CM,MEF2A
1.591185077599014e-40,0.2998256402031596,0.631,0.566,5.823896502520151e-36,Naive/CM,SNX9
3.365362142997149e-39,0.3608434010444781,0.562,0.507,1.2317561979583865e-34,Naive/CM,MPP7
7.192145129210571e-38,0.46010883764688304,0.444,0.382,2.632397038742361e-33,Naive/CM,DISC1
2.300694430594069e-37,0.4948008883057463,0.427,0.361,8.420771685417353e-33,Naive/CM,UBASH3B
5.058850975987394e-36,0.5883426689528203,0.37,0.317,1.851590045721146e-31,Naive/CM,MAL
9.258649819463466e-36,0.2979373101791285,0.669,0.643,3.388758420421823e-31,Naive/CM,TBC1D15
1.2519358440867014e-35,0.4809818113850023,0.395,0.333,4.582210382941736e-31,Naive/CM,KLF7
5.622057096258904e-35,0.3095219364387167,0.632,0.605,2.0577291178017213e-30,Naive/CM,CPSF6
2.872272704022646e-34,0.3549348509412793,0.569,0.525,1.0512805323993286e-29,Naive/CM,RALGAPA2
3.0199264894192067e-34,0.528842216869704,0.322,0.258,1.1053232943923238e-29,Naive/CM,LCLAT1
6.710498728480839e-34,0.40880053538307526,0.481,0.437,2.4561096396112719e-29,Naive/CM,TSPAN14
8.566166415541292e-34,0.2668748157875078,0.711,0.694,3.1353025697522685e-29,Naive/CM,NCK2
5.669903810625903e-33,0.4190213878610508,0.457,0.412,2.075241493727187e-28,Naive/CM,PCED1B-AS1
1.319343731738438e-32,0.4343352945484895,0.402,0.338,4.828929992535857e-28,Naive/CM,PBX3
2.5471265602264356e-32,0.2963245776043084,0.643,0.611,9.322737923084777e-28,Naive/CM,MGAT4A
4.780688373749405e-32,0.4051118350660027,0.459,0.412,1.7497797516760198e-27,Naive/CM,TMEM243
4.201082931657835e-31,0.355902309057174,0.558,0.519,1.5376383638160843e-26,Naive/CM,TBL1X
2.7486917387276507e-30,0.5453202241138423,0.318,0.258,1.0060486632917075e-25,Naive/CM,LINC01473
6.514587075147452e-30,0.26590480458540267,0.704,0.694,2.384404015374719e-25,Naive/CM,RBL2
1.7975160488964015e-29,0.5429764178727678,0.326,0.274,6.579088490565719e-25,Naive/CM,ZNF101
4.078478092769117e-29,0.3492642413192282,0.483,0.435,1.4927637667344247e-24,Naive/CM,TNFSF8
6.366215450363349e-29,0.2609728410017751,0.701,0.653,2.3300985169874892e-24,Naive/CM,IMMP2L
8.118654787215291e-29,0.4154546870813358,0.457,0.419,2.9715088386686686e-24,Naive/CM,TTC14
1.502567188709783e-28,0.5263866513286197,0.266,0.21,5.4995461673966765e-24,Naive/CM,DENND5A
2.593022857323026e-28,0.5843805245025226,0.308,0.256,9.490722960088007e-24,Naive/CM,FBXO32
2.9647500815860797e-28,0.3275803763417551,0.59,0.562,1.0851281773613211e-23,Naive/CM,RERE
5.608244257289177e-28,0.5547035097036805,0.283,0.231,2.0526734806104118e-23,Naive/CM,KCNQ1
7.068018016144999e-28,0.36806263486786384,0.427,0.375,2.586965274089231e-23,Naive/CM,IPCEF1
1.0401619880689715e-27,0.331117458161162,0.389,0.33,3.807096892531243e-23,Naive/CM,SLC12A6
1.3222559236098252e-26,0.2536529624893826,0.672,0.641,4.839588906004321e-22,Naive/CM,DOCK9
3.087948258735939e-26,0.30073438400034336,0.635,0.611,1.130219942179941e-21,Naive/CM,PIK3CA
5.147287729753002e-26,0.397141312413664,0.399,0.352,1.883958781966896e-21,Naive/CM,ZNF721
5.378648776474247e-26,0.30946108932170824,0.527,0.492,1.968639238677339e-21,Naive/CM,MDM4
6.84875753250809e-26,0.5555728661951309,0.293,0.245,2.506713744473286e-21,Naive/CM,ENOSF1
1.4218969568442178e-25,0.26900476112447125,0.613,0.587,5.204285051745522e-21,Naive/CM,LNPEP
1.0437998372700561e-23,0.41754019215060123,0.327,0.277,3.8204117843921325e-19,Naive/CM,KLHL2
1.228999835298058e-23,0.3444335312630149,0.535,0.495,4.498262297174422e-19,Naive/CM,SSBP2
1.657853830265228e-23,0.4677826294189654,0.354,0.311,6.067910804153761e-19,Naive/CM,ZNF506
4.8184382596128953e-23,0.5654952818918806,0.253,0.206,1.763596587400916e-18,Naive/CM,CDC37L1
2.958346273381725e-22,0.3000115884718342,0.58,0.551,1.0827843195204452e-17,Naive/CM,SCAPER
5.599472046189153e-22,0.3784114814055235,0.405,0.361,2.0494627636256918e-17,Naive/CM,ERCC6L2
5.610229434852513e-22,0.3571929424057434,0.435,0.392,2.0534000754503685e-17,Naive/CM,SP110
6.323271551291747e-22,0.3575579160674599,0.448,0.414,2.3143806204882925e-17,Naive/CM,YLPM1
1.6827114750364102e-21,0.27655051507515904,0.588,0.572,6.158892269780765e-17,Naive/CM,RNF216
2.7674116726938336e-21,0.37074059629396144,0.423,0.393,1.01290034632267e-16,Naive/CM,DGKA
3.6005606216412075e-21,0.3317379368320018,0.479,0.443,1.3178411931268984e-16,Naive/CM,HERC3
4.2355031007636725e-21,0.2913467117422235,0.536,0.512,1.5502364899105118e-16,Naive/CM,INPP4A
5.255804212823422e-21,0.3698261814747811,0.436,0.402,1.9236768999355008e-16,Naive/CM,ERAP2
5.482297845241092e-21,0.3162613357832349,0.554,0.536,2.0065758343366922e-16,Naive/CM,SKP1
6.414079306190362e-21,0.46782290548111694,0.295,0.253,2.3476171668587344e-16,Naive/CM,MPHOSPH9
9.080054230152122e-21,0.34497327932404787,0.484,0.456,3.323390648777978e-16,Naive/CM,ARHGEF18
9.68488640062524e-21,0.2557442833644341,0.633,0.618,3.544765271492844e-16,Naive/CM,ZNF638
1.0356160128047358e-20,0.37274388558157145,0.46,0.429,3.790458168466614e-16,Naive/CM,SNX29
1.571077168076461e-20,0.2615614979814602,0.582,0.552,5.750299542876655e-16,Naive/CM,ERC1
6.755642967523534e-20,0.4193383627148144,0.346,0.306,2.4726328825432883e-15,Naive/CM,TRIM44
8.338761406622585e-20,0.33587031854877136,0.417,0.379,3.0520700624379323e-15,Naive/CM,HIPK2
9.592989647815902e-20,0.40188087545126094,0.368,0.327,3.5111301409970984e-15,Naive/CM,ACYP2
1.3967466299572422e-19,0.40454044707495124,0.324,0.283,5.112232340306503e-15,Naive/CM,MTERF4
1.9261034894760972e-19,0.27239922879042244,0.585,0.57,7.049731381831463e-15,Naive/CM,SEPTIN6
7.665223534855472e-19,0.2714518446840819,0.574,0.556,2.8055484659924514e-14,Naive/CM,STK17A
8.918105565620765e-19,0.4244055876176368,0.303,0.262,3.2641158180728564e-14,Naive/CM,CATSPERB
4.575513334857783e-18,0.4680788888441717,0.275,0.238,1.674683635691297e-13,Naive/CM,DYRK2
5.299922379100842e-18,0.2553084859337271,0.577,0.557,1.9398245899746993e-13,Naive/CM,TTC3
1.5673349478587592e-17,0.3615042920069619,0.405,0.37,5.736602642657845e-13,Naive/CM,OXR1
2.6688818230689737e-17,0.28459463383541284,0.541,0.517,9.76837436061475e-13,Naive/CM,PRKACB
5.205698429201844e-17,0.29744057164782056,0.458,0.426,1.905337682072167e-12,Naive/CM,DICER1
8.465946690396239e-17,0.4332447405402933,0.278,0.242,3.0986211481519273e-12,Naive/CM,RIN3
2.3816525380473477e-16,0.4364501293759416,0.254,0.217,8.717086454507097e-12,Naive/CM,MIR29B2CHG
3.9437192886527214e-16,0.28601271080591895,0.53,0.513,1.4434406968397825e-11,Naive/CM,LONP2
4.710804305975359e-16,0.3380699060149065,0.416,0.385,1.724201484030041e-11,Naive/CM,KRAS
7.960168888774487e-16,0.3415686379625843,0.403,0.374,2.91350141498035e-11,Naive/CM,RABEP1
1.0653445149570967e-15,0.38725499783142603,0.318,0.282,3.8992674591944694e-11,Naive/CM,TTC39B
1.7582811804890043e-15,0.3128798040274321,0.455,0.434,6.435484948707804e-11,Naive/CM,USP33
3.523751211546974e-15,0.3869488885680203,0.326,0.294,1.289728180938308e-10,Naive/CM,ZMYND8
4.5037769199894685e-15,0.5312556639598226,0.26,0.229,1.6484273904853455e-10,Naive/CM,MTFR1
6.832700270409494e-15,0.3231989369003969,0.4,0.372,2.500836625972579e-10,Naive/CM,YIPF4
7.61500774308154e-15,0.4057840940284447,0.288,0.255,2.787168984045274e-10,Naive/CM,SLC7A6
1.132136578923623e-14,0.3432274392977881,0.364,0.335,4.143733092518353e-10,Naive/CM,NPAT
2.68417839294191e-14,0.264133734289661,0.513,0.496,9.824361336006685e-10,Naive/CM,ZHX2
2.885940755917971e-14,0.2750317981391003,0.425,0.393,1.0562831760735367e-9,Naive/CM,IKZF3
3.090626863518184e-14,0.3494807451910583,0.338,0.305,1.1312003383162905e-9,Naive/CM,N4BP2
4.088577480626625e-14,0.3985936129203088,0.278,0.244,1.496460243684151e-9,Naive/CM,TMEM41B
4.3879126995120634e-14,0.37096333125495873,0.312,0.278,1.6060199271484103e-9,Naive/CM,LINC01184
5.0629100909859154e-14,0.2623040223971318,0.547,0.534,1.8530757224017548e-9,Naive/CM,NFATC3
5.4203998210351804e-14,0.3839582413523345,0.312,0.283,1.9839205384970863e-9,Naive/CM,JAK3
5.739030512120696e-14,0.2666300348467201,0.53,0.505,2.100542557741296e-9,Naive/CM,COMMD10
1.1453684183463848e-13,0.30218113776428057,0.411,0.382,4.192162947989603e-9,Naive/CM,CLIP4
1.2614767059470585e-13,0.35547575316877444,0.314,0.278,4.617130891436829e-9,Naive/CM,TFDP2
1.2776825783958034e-13,0.3166976472578943,0.416,0.391,4.67644600518648e-9,Naive/CM,VPS8
1.9898155916441432e-13,0.2641206234026634,0.492,0.469,7.282924046976729e-9,Naive/CM,KDM7A
2.1322243338320243e-13,0.44205105794517074,0.316,0.288,7.804154284258592e-9,Naive/CM,ZC3H6
2.396459082482351e-13,0.2612009212595252,0.491,0.464,8.771279887793654e-9,Naive/CM,SCFD2
2.5591189213158594e-13,0.3161262226870816,0.391,0.366,9.366631163908176e-9,Naive/CM,FNTA
3.9561111418510636e-13,0.2638900679677765,0.512,0.501,1.4479762390289078e-8,Naive/CM,UBE2B
4.278691192427016e-13,0.3639198622386269,0.314,0.283,1.5660437633402122e-8,Naive/CM,PREPL
7.131140983077501e-13,0.4014397904157231,0.283,0.254,2.6100689112161962e-8,Naive/CM,SLC44A2
1.0619432233273324e-12,0.3377835721222352,0.255,0.22,3.8868183917003695e-8,Naive/CM,APP
1.4827365812923099e-12,0.29099875563240696,0.408,0.384,5.4269641611879836e-8,Naive/CM,ITPR1
1.588950233485181e-12,0.35234479161387044,0.319,0.293,5.8157167495791114e-8,Naive/CM,CHD3
2.369033124813123e-12,0.39318198656386383,0.287,0.255,8.670898140128511e-8,Naive/CM,MAGED1
5.564609803859595e-12,0.2591586760775224,0.459,0.442,2.0367028343106504e-7,Naive/CM,SGTB
6.264260841051054e-12,0.44372460790106866,0.266,0.236,2.2927821104330964e-7,Naive/CM,PLPP1
6.276299449210808e-12,0.31770528334046094,0.295,0.262,2.2971883614056478e-7,Naive/CM,PIAS2
7.013082048101764e-12,0.29144671610994244,0.446,0.431,2.566858160425727e-7,Naive/CM,PCMTD1
1.4508256209294497e-11,0.3005184192511873,0.405,0.383,5.310166855163879e-7,Naive/CM,JPX
2.3839564328549524e-11,0.354102847262521,0.354,0.329,8.725518939892411e-7,Naive/CM,TBC1D1
2.7584128430732056e-11,0.3083526048760985,0.375,0.345,1.009606684693224e-6,Naive/CM,CMTM8
5.5403030501607476e-11,0.30587894909399127,0.398,0.379,2.0278063193893353e-6,Naive/CM,CCAR1
7.7317732508345e-11,0.3592491405248529,0.283,0.257,2.8299063275379354e-6,Naive/CM,ZNF431
1.974575122420789e-10,0.3044914357520967,0.341,0.316,7.227142405572329e-6,Naive/CM,RPRD1A
2.49620188075769e-10,0.2629021017872142,0.419,0.398,9.136348503761221e-6,Naive/CM,AVL9
2.6707452318560433e-10,0.33539311373612735,0.356,0.334,9.775194623116304e-6,Naive/CM,ARHGAP26
3.3589125677937957e-10,0.28705390121351543,0.384,0.364,1.2293955889382072e-5,Naive/CM,ZNF91
5.097772568865634e-10,0.2514352270154798,0.445,0.427,1.8658357379305108e-5,Naive/CM,LRRC8B
5.179536257338518e-10,0.3125266307438137,0.349,0.325,1.8957620655484707e-5,Naive/CM,HPCAL1
7.914652684334281e-10,0.29133810207847216,0.411,0.396,2.89684202899319e-5,Naive/CM,LIMD2
7.941076803542151e-10,0.3764226185827862,0.27,0.248,2.9065135208644628e-5,Naive/CM,GYPC
9.441519223844771e-10,0.29539860782462357,0.384,0.366,3.455690451119425e-5,Naive/CM,SPG11
1.3623993699745653e-9,0.2589075707403692,0.431,0.413,4.986517934043906e-5,Naive/CM,YTHDC2
1.7273596849391795e-9,0.3281254839371803,0.309,0.288,6.322309182845891e-5,Naive/CM,LINC01138
1.99007160357423e-9,0.268545363003196,0.362,0.342,7.28386107624204e-5,Naive/CM,TCF20
2.0251541629369206e-9,0.37341211528107543,0.265,0.242,7.412266751765424e-5,Naive/CM,STRADA
2.3735268524121203e-9,0.2622700873095355,0.4,0.383,8.687345632513601e-5,Naive/CM,HBS1L
2.678190486401323e-9,0.29287232793587537,0.382,0.365,9.802444999277484e-5,Naive/CM,MORC3
3.193619159818125e-9,0.3790081565181429,0.285,0.265,1.1688965486850319e-4,Naive/CM,CEP68
5.478082281566848e-9,0.2674003282870279,0.33,0.307,2.0050328958762822e-4,Naive/CM,SINHCAF
5.9391388758059075e-9,0.26250705905787053,0.401,0.381,2.1737842199337203e-4,Naive/CM,PRKAG2
7.323389557054958e-9,0.26107491162247465,0.413,0.396,2.6804338117776853e-4,Naive/CM,RYK
1.1442738321424975e-8,0.27762797086871227,0.411,0.403,4.188156653024755e-4,Naive/CM,STX16
1.1470800455339677e-8,0.347396491537367,0.285,0.264,4.198427674658875e-4,Naive/CM,SLC23A2
1.4243270288646105e-8,0.2519539575706844,0.439,0.428,5.213179358347361e-4,Naive/CM,RIF1
1.905753512351016e-8,0.3338591615678659,0.315,0.294,6.975248430555954e-4,Naive/CM,SDCCAG8
3.216080696976526e-8,0.35844178268178695,0.274,0.256,0.0011771176959003782,Naive/CM,NOSIP
5.642073213675329e-8,0.31441310773913955,0.267,0.243,0.002065055216937307,Naive/CM,MRPS28
6.071723290584342e-8,0.2564713354779699,0.354,0.338,0.0022223114415867748,Naive/CM,KPNA5
7.995750698956723e-8,0.3099633764675811,0.271,0.249,0.0029265247133251505,Naive/CM,LYPLAL1
1.386994021383079e-7,0.321326484998811,0.274,0.254,0.005076536817664208,Naive/CM,TRIM56
2.0906166781608375e-7,0.2809723406467295,0.313,0.294,0.0076518661037364814,Naive/CM,FBXL4
2.126535407013879e-7,0.27943411922031564,0.364,0.354,0.007783332243211498,Naive/CM,FBXO3
2.4808994620733266e-7,0.26710488976957114,0.377,0.37,0.009080340121134583,Naive/CM,ARHGEF1
2.8919962650043934e-7,0.2582923513206258,0.368,0.359,0.01058499552954258,Naive/CM,SNRNP70
3.9095685363815184e-7,0.25380060994185083,0.464,0.46,0.014309411800009995,Naive/CM,SMG6
3.966359056310209e-7,0.306069911803006,0.319,0.299,0.014517270782000996,Naive/CM,GMDS-DT
6.24849144279709e-7,0.27581335051152484,0.311,0.294,0.02287010352978163,Naive/CM,NUP88
1.1496177154486873e-6,0.31653620563263546,0.301,0.285,0.0420771580031374,Naive/CM,CLNS1A
1.4066162965285816e-6,0.30896823593543393,0.271,0.255,0.051483563069242615,Naive/CM,IFNAR1
1.4907257228601686e-6,0.28521962475026796,0.295,0.275,0.054562052182405035,Naive/CM,NUBPL
1.5767136736383977e-6,0.3166568052823746,0.307,0.297,0.057709297168839,Naive/CM,TMC6
2.1263717882357236e-6,0.2766078180502744,0.34,0.328,0.07782733382121572,Naive/CM,SMURF2
2.426039744950952e-6,0.28774873264107326,0.297,0.284,0.08879548070494979,Naive/CM,ELK4
4.900704086069951e-6,0.33167162802222117,0.252,0.236,0.17937067025424627,Naive/CM,TMEM168
6.0163245449929915e-6,0.27528178106522144,0.319,0.303,0.2202034946712885,Naive/CM,PEX14
1.0084945777355914e-5,0.2907489158437073,0.251,0.235,0.3691191003970038,Naive/CM,CENPK
1.3666216234840486e-5,0.2557060145729876,0.316,0.304,0.5001971804113966,Naive/CM,PPP1R21
3.073207378171859e-5,0.3079846759109978,0.259,0.249,1,Naive/CM,TARDBP
3.605248481515778e-5,0.2655940560545467,0.299,0.286,1,Naive/CM,SUCLA2
3.606627187766356e-5,0.2618950214467508,0.302,0.295,1,Naive/CM,ARHGAP45
6.006177801797805e-5,0.2729361324241069,0.299,0.286,1,Naive/CM,AC010609.1
1.115792354483441e-4,0.2566866817467992,0.257,0.245,1,Naive/CM,PHF10
1.2207766098429654e-4,0.2761514707679589,0.26,0.248,1,Naive/CM,PDK3
2.22485565243564e-4,0.2527633098742543,0.273,0.263,1,Naive/CM,BNIP3L
3.8095562189367077e-4,0.2640763015423997,0.253,0.242,1,Naive/CM,APPL2
7.138458543704197e-4,0.2649246113378664,0.268,0.26,1,Naive/CM,FBXO38
7.8286782748557e-4,0.2793792419165055,0.262,0.251,1,Naive/CM,CWC27
0.0018331637366783013,0.2527844059311707,0.323,0.322,1,Naive/CM,HABP4
0.003242809911455754,0.26091891141938156,0.272,0.268,1,Naive/CM,UBA2
0,1.9268268698842066,0.604,0.178,0,Teff,ADAM19
0,1.241333896434916,0.801,0.398,0,Teff,ITGB1
0,1.4171120887914306,0.627,0.228,0,Teff,NIBAN1
0,2.4723225061346685,0.544,0.149,0,Teff,FRY
0,1.7641907024430281,0.56,0.208,0,Teff,ERN1
0,2.062029870624124,0.419,0.125,0,Teff,MYBL1
0,0.8797838304837644,0.767,0.476,0,Teff,AHNAK
0,1.6638745911645771,0.471,0.183,0,Teff,GATA3
0,1.6395749593384314,0.474,0.191,0,Teff,ANXA1
0,1.0007085079275266,0.573,0.302,0,Teff,SAMSN1
0,0.8265643186837037,0.706,0.438,0,Teff,PPP1R16B
0,1.2449255634656646,0.531,0.264,0,Teff,RUNX3
0,1.181316479204675,0.757,0.495,0,Teff,TNFAIP3
0,0.8310039819967152,0.748,0.489,0,Teff,PPP3CA
0,2.904251763231974,0.298,0.068,0,Teff,PLCB1
0,1.3474964626428805,0.372,0.143,0,Teff,PRDM1
0,1.430719030774133,0.323,0.116,0,Teff,UST
0,0.7785640223507642,0.852,0.673,0,Teff,ZFP36L2
0,0.9144095527904912,0.91,0.734,0,Teff,PARP8
0,0.8484922534780561,0.96,0.838,0,Teff,RORA
4.412077998137509e-300,0.9662780595809108,0.652,0.404,1.6148646680983097e-295,Teff,KAT2B
7.937378688729076e-300,1.268165912171657,0.395,0.171,2.905159973861729e-295,Teff,TGFBR3
1.2081342241262746e-299,1.0103319085823868,0.525,0.274,4.421892073724577e-295,Teff,RUNX2
4.053367042387421e-299,0.9314496390454906,0.512,0.253,1.48357287118422e-294,Teff,EPHA4
1.0288159824904554e-290,1.432794497440717,0.393,0.177,3.7655693775133157e-286,Teff,GAB2
6.858116390764885e-290,0.9941244883389269,0.607,0.365,2.5101391801838556e-285,Teff,S100A4
1.1003260329741316e-280,0.6309092305459241,0.937,0.832,4.027303313288619e-276,Teff,CDC14A
2.5994187556121432e-272,1.644989490155394,0.251,0.081,9.514132587416006e-268,Teff,MB21D2
3.465524284561313e-259,0.811498339543447,0.749,0.539,1.2684165433922861e-254,Teff,SOS1
1.0942204308766073e-255,0.8298903261940128,0.606,0.364,4.00495619905147e-251,Teff,RAB8B
2.10914383735748e-253,0.5349068264979895,0.928,0.809,7.719677359112113e-249,Teff,IL7R
3.267409740394612e-251,0.908598768764082,0.585,0.378,1.1959046390818318e-246,Teff,PDE4D
3.6319983770392904e-242,0.8107872520966933,0.664,0.446,1.3293477259801508e-237,Teff,VIM
4.082764213631929e-240,0.43461444138169636,0.999,0.997,1.4943325298314224e-235,Teff,ARHGAP15
1.133771595597767e-237,0.9500537942915066,0.567,0.345,4.149717417047387e-233,Teff,RORA-AS1
2.8199981028460693e-237,0.49944908861329207,0.87,0.631,1.0321475056226897e-232,Teff,ATXN1
1.4090821826038795e-234,0.825672853265859,0.616,0.389,5.15738169654846e-230,Teff,KLF6
7.8719875408434325e-233,0.6621416269415192,0.811,0.629,2.881226159824105e-228,Teff,MGAT5
3.161734562768161e-230,0.5878181865906544,0.726,0.48,1.1572264673187746e-225,Teff,PHACTR2
2.255649778147522e-220,1.0000465095084343,0.471,0.267,8.255903752997745e-216,Teff,ACVR2A
1.1107099312915459e-218,0.7640214179535684,0.565,0.332,4.065309419520187e-214,Teff,NCOA7
3.4894515406773326e-216,0.7912951830473997,0.595,0.383,1.2771741584033106e-211,Teff,IL32
4.294596230710927e-216,0.4916915020387491,0.954,0.873,1.5718651664025065e-211,Teff,EML4
1.7428765431423532e-215,0.7912183871970735,0.602,0.382,6.379102435555327e-211,Teff,GNG2
2.4192162593419285e-215,0.5936672919520127,0.824,0.636,8.854573430817392e-211,Teff,RPS6KA3
3.4047146737233955e-212,0.7246498235283154,0.56,0.336,1.2461596177294999e-207,Teff,ANTXR2
2.438792136482647e-210,0.6591753679472203,0.745,0.538,8.926223098740137e-206,Teff,CRYBG1
9.606766505759932e-209,0.6938617642525697,0.797,0.618,3.5161726087731926e-204,Teff,NR3C1
1.2311953268582483e-207,0.9435091192076615,0.344,0.158,4.506298015833875e-203,Teff,MYO1F
2.512329561831299e-202,0.858056215251072,0.473,0.267,9.195377429258736e-198,Teff,OSBPL3
1.2936773575944734e-201,0.5733900783677375,0.849,0.691,4.734988496531532e-197,Teff,NFKB1
8.541960156265222e-197,0.6494452020219121,0.806,0.655,3.126442836794634e-192,Teff,AC079793.1
8.25600149504669e-189,0.5511762327778102,0.765,0.554,3.021779107202039e-184,Teff,SLCO3A1
2.0054635988011753e-187,0.6331025123178469,0.717,0.528,7.3401973179721816e-183,Teff,CD69
4.1433093758603947e-187,0.4450286196226618,0.918,0.787,1.516492664658663e-182,Teff,AKT3
5.935987587976613e-181,0.627737993035713,0.691,0.485,2.17263081707532e-176,Teff,PHTF2
3.2037514432492226e-180,0.6353321286711582,0.689,0.492,1.172605065743648e-175,Teff,SRGN
1.3426601922875535e-177,0.5645435135764441,0.815,0.638,4.914270569791675e-173,Teff,RBMS1
3.294885220875126e-175,0.8493241042084306,0.458,0.269,1.2059609396925048e-170,Teff,PDE4B
1.4998325168437344e-174,0.5820212966494993,0.77,0.582,5.489536994899752e-170,Teff,PIK3R1
1.9170512999392775e-174,0.6248688452099347,0.689,0.501,7.01659946290775e-170,Teff,SND1
3.734344661480287e-173,0.7434046231154092,0.551,0.356,1.3668074895484e-168,Teff,ARL4C
8.785123180572589e-172,0.6429699839981151,0.712,0.522,3.215442935321373e-167,Teff,RNF19A
2.3642171357887794e-170,1.0598632681529774,0.326,0.162,8.653271138700511e-166,Teff,TOB1
2.6667666456487934e-170,0.9634487541479138,0.355,0.187,9.760632599739149e-166,Teff,NCALD
1.4677326248687026e-169,0.7211354671327369,0.558,0.36,5.372048180281938e-165,Teff,LINC00513
1.6773051905057956e-169,0.8881321196065253,0.362,0.189,6.139104727770263e-165,Teff,HNRNPLL
1.5500800603011244e-168,0.595523376696748,0.823,0.687,5.6734480287081456e-164,Teff,LTB
2.9867987954070376e-168,0.501972010962846,0.924,0.844,1.0931982271069299e-163,Teff,PAG1
2.1740417559948782e-166,1.262795490040819,0.366,0.208,7.957210231116854e-162,Teff,DLEU1
3.216672131226023e-165,0.48571174002070405,0.82,0.621,1.1773341667500367e-160,Teff,GPRIN3
1.5711846237684758e-162,0.5137593551746464,0.799,0.636,5.750692841454998e-158,Teff,LRRFIP1
3.800845818183125e-160,0.42525146835800554,0.827,0.649,1.3911475779132057e-155,Teff,CHST11
1.0022458494905838e-159,0.5083483909419733,0.696,0.489,3.6683200337204854e-155,Teff,ATP2B1
4.749080548956064e-158,0.9965392592724417,0.314,0.158,1.738210971723409e-153,Teff,DUSP1
2.513104007733227e-155,0.8301458097939175,0.415,0.242,9.198211978704384e-151,Teff,B4GALT1
1.6217637097680555e-153,0.4870541951132008,0.822,0.675,5.93581735412206e-149,Teff,TTC39C
7.103144998600358e-152,0.5952606596846921,0.67,0.488,2.599822100937717e-147,Teff,AC016831.7
7.322534398035163e-151,0.7711238424342419,0.399,0.225,2.68012081502485e-146,Teff,CCND2
1.2080268726555636e-149,0.9006791903867546,0.367,0.203,4.421499156606628e-145,Teff,CRIP1
1.8418171853171734e-149,1.0786302920829731,0.252,0.116,6.741235079979387e-145,Teff,AC022217.3
1.601567570321864e-147,0.6684275875152177,0.49,0.304,5.861897464135054e-143,Teff,FLNA
9.16728557042152e-146,1.0143217508855804,0.267,0.127,3.35531819162998e-141,Teff,GLIPR1
4.1254221806503103e-144,0.9193005134010823,0.306,0.157,1.5099457723398202e-139,Teff,PTGER4
9.818688233513032e-144,0.7195830685702044,0.45,0.275,3.593738080348105e-139,Teff,PLEKHA2
2.685254446675152e-143,0.5690448084679431,0.647,0.454,9.828299800275724e-139,Teff,TANK
7.162023142142415e-141,1.1026022287511632,0.259,0.125,2.6213720902555455e-136,Teff,FOS
1.0951760525789665e-138,0.75364116877461,0.455,0.286,4.0084538700442755e-134,Teff,PRKX
1.0213735053803587e-136,0.8624395258756627,0.296,0.152,3.738329167042651e-132,Teff,ZFYVE28
4.8753983719302305e-136,0.8780189984835743,0.305,0.159,1.7844445581101837e-131,Teff,SLC39A8
1.0137554966450102e-133,0.8537426111360769,0.309,0.163,3.710446493270402e-129,Teff,MAPKAPK2
2.609760007864972e-130,0.7542356543592302,0.442,0.278,9.551982604786584e-126,Teff,PELI2
1.5763450048651536e-129,0.5304985569464082,0.625,0.445,5.769580352306949e-125,Teff,LCP1
1.357068586262757e-128,0.44053216273952955,0.818,0.664,4.967006732580316e-124,Teff,LPP
1.9866132009881656e-127,0.5689252110876422,0.815,0.681,7.271202976936786e-123,Teff,STT3B
2.8544376499197558e-127,0.5400373759493426,0.643,0.466,1.0447527242471297e-122,Teff,SFMBT1
3.2054223480362714e-127,0.9192092346589025,0.272,0.138,1.1732166336047557e-122,Teff,VCL
8.236598121870891e-127,0.5359126852858793,0.615,0.434,3.014677278585965e-122,Teff,EZR
2.4421331965702032e-126,0.45058661024083246,0.799,0.651,8.938451712766601e-122,Teff,MAP3K1
4.3411785665810285e-125,0.742291809323033,0.445,0.283,1.588914767154322e-120,Teff,AHR
7.2882852252423484e-124,0.7959272951814195,0.352,0.203,2.667585275290952e-119,Teff,ELL2
4.960671693392969e-122,0.9962925494936338,0.342,0.203,1.8156554464987605e-117,Teff,SNED1
1.5470829180692517e-121,0.6619787395457968,0.402,0.244,5.6624781884252685e-117,Teff,RAP1GAP2
1.962993429586029e-120,0.8844871026038617,0.315,0.177,7.184752251627825e-116,Teff,ID2
2.2137200106321464e-119,0.5352701455503552,0.471,0.298,8.102436610914719e-115,Teff,CD226
1.2378903082033861e-118,0.7571525410213834,0.403,0.255,4.5308023170552135e-114,Teff,JUN
8.034453320138263e-118,0.7329519945977544,0.304,0.165,2.9406902597038054e-113,Teff,MCF2L2
1.4574295804818004e-117,0.5238507497605331,0.665,0.507,5.334338007521437e-113,Teff,JUNB
1.9100122496132505e-117,0.42710689074442154,0.76,0.592,6.990835834809458e-113,Teff,FBXW7
5.090863308110321e-117,0.4586123265362565,0.645,0.463,1.8633068794014584e-112,Teff,RAPGEF1
2.0981775975421e-116,0.6996824060460265,0.484,0.327,7.679539824763841e-112,Teff,MAP3K4
6.9961769534635345e-115,0.7182273399589226,0.381,0.232,2.560670726737188e-110,Teff,DNAJA1
8.594374514252694e-112,0.8173775344321818,0.305,0.173,3.1456270159616286e-107,Teff,LPGAT1
1.7235059032927286e-111,0.6312546339970779,0.396,0.246,6.308203956641716e-107,Teff,MIB1
2.1675126363490566e-110,0.7190555983780724,0.319,0.183,7.933313000301182e-106,Teff,TANC2
9.726937281166151e-110,0.4498671226963644,0.746,0.589,3.560156314279623e-105,Teff,CAST
3.5333247836713e-108,0.8309852959205883,0.373,0.235,1.2932322040715326e-103,Teff,IER2
5.948813128506862e-107,0.6739253329746746,0.416,0.266,2.1773250931647965e-102,Teff,TGFB1
1.5052695027220046e-105,0.7756537010795208,0.284,0.157,5.5094369069128094e-101,Teff,TAGLN2
1.634837356350044e-105,0.3404444470384398,0.87,0.734,5.983668207976796e-101,Teff,IQGAP2
4.8791164287583685e-105,0.5182996508265894,0.644,0.494,1.7858054040898506e-100,Teff,RPLP0
7.436788674075164e-105,0.5364325742114162,0.461,0.299,2.721939022598251e-100,Teff,CD99
1.46786448442381e-104,0.31066795831530225,0.927,0.845,5.372530799439587e-100,Teff,AKAP13
2.633204982299365e-103,0.40165196043317053,0.646,0.47,9.637793555713905e-99,Teff,ARAP2
2.7131136333169583e-103,0.6487935938046762,0.389,0.245,9.930267209303398e-99,Teff,SH3BGRL3
1.5596569761997622e-102,0.7236786966251513,0.346,0.211,5.7085004985887495e-98,Teff,TIPARP
2.3555779986565627e-102,0.518233601716017,0.498,0.338,8.621651032882885e-98,Teff,PDE8A
4.423694453268631e-102,0.43176992605022446,0.5,0.327,1.619116406840852e-97,Teff,PREX1
1.8641168839296132e-101,0.5186271285341593,0.646,0.493,6.822854206870777e-97,Teff,INPP5D
2.691094664671484e-101,0.6721928245850766,0.283,0.157,9.8496755821641e-97,Teff,TENT5C
3.3358586282817233e-101,0.5936836765670651,0.479,0.326,1.2209576165373936e-96,Teff,BORCS5
5.099597486886411e-101,0.49624786533292986,0.589,0.428,1.8665036761752953e-96,Teff,FTH1
5.1766808187796134e-101,0.5106131371262654,0.567,0.405,1.894716946481526e-96,Teff,SLC2A3
3.2024487223158926e-99,0.5142167722119332,0.526,0.365,1.1721282568548398e-94,Teff,ODF2L
1.3109330488971064e-98,0.5546608121776772,0.41,0.263,4.798146052268299e-94,Teff,MAP4
1.498744839391394e-98,0.5785962280056907,0.397,0.249,5.485555986656442e-94,Teff,EMP3
2.304338540855695e-98,0.3879199532070716,0.931,0.874,8.434109493385929e-94,Teff,RPS2
4.578397392469321e-98,0.28575995050060055,0.954,0.893,1.675739229617696e-93,Teff,PCNX1
2.0339113763147252e-96,0.7540247304726628,0.458,0.326,7.444319028449526e-92,Teff,TIAM1
2.9002633483442895e-96,0.5119966339117386,0.582,0.429,1.0615253881274934e-91,Teff,NFKBIA
4.266831625247127e-96,0.5916033053375134,0.409,0.266,1.561703043156701e-91,Teff,PER1
8.906514283481775e-95,0.769438726899329,0.302,0.179,3.2598732928971646e-90,Teff,PBX4
1.538930881754895e-93,0.39793275175689047,0.732,0.589,5.632640920311091e-89,Teff,CALM1
1.992645839009077e-93,0.4440548852599102,0.654,0.493,7.293283035357123e-89,Teff,AFF1
2.756787081479559e-93,0.5320521658808869,0.437,0.287,1.0090116396923334e-88,Teff,GSTK1
6.054725579082254e-92,0.4415508322805266,0.618,0.466,2.216090109199896e-87,Teff,PPP1CB
1.2700051996534766e-91,0.4899856834874883,0.509,0.354,4.64834603125169e-87,Teff,LINC-PINT
1.5809832199587628e-91,0.7123680897095377,0.269,0.153,5.786556683371068e-87,Teff,TPD52
3.289752488570819e-91,0.46391800378324466,0.587,0.433,1.2040823083418056e-86,Teff,ANKRD28
4.983028966628115e-91,0.7315133042240944,0.278,0.16,1.8238384320755563e-86,Teff,MAF
6.224761700958994e-91,0.5418072368535383,0.454,0.309,2.2783250301680013e-86,Teff,USP36
3.0154628760914858e-89,0.38145946365777506,0.742,0.592,1.1036895672782447e-84,Teff,EMB
1.4265937569668553e-88,0.6225014519121128,0.288,0.168,5.221475809874387e-84,Teff,TAGAP
3.785762418967318e-88,0.6939245463101129,0.276,0.16,1.385626902966228e-83,Teff,MFHAS1
5.19212415563763e-87,0.5407714072024987,0.428,0.285,1.9003693622049288e-82,Teff,S100A6
1.2584553698255465e-86,0.6097631135395817,0.387,0.252,4.606072499098483e-82,Teff,ADGRE5
1.2641781751135443e-86,0.6074703966898645,0.319,0.193,4.6270185387330836e-82,Teff,TMED5
6.065346462160191e-86,0.34761836757495734,0.96,0.926,2.2199774586152516e-81,Teff,EEF1A1
1.0001260302117924e-85,0.7563849085695411,0.256,0.147,3.6605612831781815e-81,Teff,SYTL2
1.7580235147766308e-85,0.5355282535005519,0.666,0.552,6.434541866433947e-81,Teff,RPS4X
2.4897402424121885e-84,0.5273157779275053,0.449,0.308,9.11269826125285e-80,Teff,CORO7
2.5289929397947834e-84,0.3477834234210797,0.807,0.678,9.256367058942887e-80,Teff,SIK3
8.270578600542467e-84,0.5410716944660178,0.375,0.245,3.0271144735845484e-79,Teff,NAMPT
8.563469020700697e-84,0.6900625436813497,0.276,0.162,3.134315296266662e-79,Teff,S100A10
9.122186373293766e-84,0.6344697118339453,0.298,0.18,3.338811434489251e-79,Teff,YWHAQ
1.091161983703302e-83,0.42789748901474356,0.703,0.573,3.9937619765524556e-79,Teff,RPL8
1.4662380172394492e-83,0.4391485514680018,0.561,0.408,5.366577766898108e-79,Teff,RNF125
1.8138912451010535e-83,0.6630993665940761,0.31,0.19,6.639023346194366e-79,Teff,IDS
2.292244158018234e-83,0.3980709046377996,0.574,0.42,8.389842842762538e-79,Teff,DIAPH1
3.64346438779599e-83,0.6844524585323396,0.271,0.159,1.3335444005772103e-78,Teff,AC023424.3
1.3600974910269156e-81,0.48866748825032724,0.395,0.258,4.978092826907614e-77,Teff,ECPAS
1.93676856410735e-81,0.5062179366482419,0.362,0.229,7.088766621489312e-77,Teff,IL4R
3.463951498550258e-80,0.3042613325195247,0.788,0.637,1.2678408879843798e-75,Teff,MACF1
5.542314134595783e-80,0.4411778729362882,0.514,0.365,2.0285423964034027e-75,Teff,CYBA
5.79679872626153e-80,0.45784387865860865,0.537,0.392,2.1216863017989825e-75,Teff,UBC
1.0785374495342299e-79,0.41001559416893985,0.563,0.413,3.947554919040235e-75,Teff,TSC22D3
2.633014720200998e-79,0.33441526578292247,0.752,0.609,9.637097177407673e-75,Teff,MYH9
1.384003949593519e-77,0.6558108411060838,0.323,0.206,5.0655928559072385e-73,Teff,CMTM6
1.4085342792724372e-77,0.45265823182803444,0.437,0.302,5.1553763155650475e-73,Teff,SBF2
1.3543645227180509e-76,0.3656135510292473,0.641,0.488,4.957109589600338e-72,Teff,DIAPH2
1.5544101907365437e-76,0.513032189650471,0.408,0.277,5.689296739114823e-72,Teff,GNA13
9.173621701679634e-76,0.33061688102558406,0.896,0.831,3.357637279031763e-71,Teff,RPL3
1.4486286813162905e-75,0.47394047729307864,0.784,0.691,5.302125836485755e-71,Teff,RPS19
2.9655335327109556e-75,0.35418508185666653,0.807,0.691,1.0854149283075369e-70,Teff,GNAQ
3.4185769227560827e-75,0.44930854180602564,0.508,0.368,1.2512333394979539e-70,Teff,REL
4.675702409908076e-75,0.6095502757189313,0.279,0.169,1.711353839050455e-70,Teff,GALM
7.559608924637652e-75,0.43933960967471,0.447,0.314,2.766892462506627e-70,Teff,TAFA1
1.552472756586439e-74,0.34408955645376604,0.853,0.768,5.682205536382025e-70,Teff,TMSB4X
1.711640348486928e-74,0.49188954346499364,0.372,0.244,6.264774839497004e-70,Teff,CLDND1
2.3228379270794e-74,0.523429200232115,0.665,0.541,8.501819096903312e-70,Teff,MDFIC
5.41802485087768e-74,0.6309690152708769,0.27,0.165,1.9830512756697396e-69,Teff,PLXNC1
6.293268233167851e-74,0.3385291395165917,0.598,0.456,2.3033991060217653e-69,Teff,GPHN
2.159669891284904e-73,0.4317718079660205,0.498,0.355,7.904607769091877e-69,Teff,FXYD5
2.5596167922037818e-73,0.4246259031836599,0.548,0.411,9.368453421145062e-69,Teff,ACTG1
6.413817444436765e-73,0.5498716187141842,0.322,0.206,2.3475213228383004e-68,Teff,TMX4
1.4884958747399056e-72,0.582247549402062,0.411,0.288,5.448043751135529e-68,Teff,DNAJC1
1.9976761242268542e-72,0.42621011554002275,0.501,0.36,7.311694382282709e-68,Teff,ARNTL
2.326870005888508e-72,0.3627746400476839,0.519,0.374,8.516576908552528e-68,Teff,SYTL3
7.266892899925474e-72,0.42133539669352515,0.577,0.442,2.6597554703017226e-67,Teff,CD52
7.79647538815696e-71,0.5706320123051327,0.405,0.287,2.853587956819329e-66,Teff,AL589693.1
8.493567108128115e-71,0.5008278420645218,0.387,0.262,3.1087304972459716e-66,Teff,RAB11FIP1
2.0682465799130654e-70,0.4442306176154278,0.515,0.384,7.56998930713981e-66,Teff,QKI
2.7892244498468594e-70,0.4008979477147736,0.489,0.352,1.020884040888449e-65,Teff,TMEM181
2.807625338464661e-70,0.4121507195235078,0.512,0.379,1.0276189501314505e-65,Teff,PFN1
1.592670353389636e-69,0.4038055595858512,0.923,0.875,5.8293327604414065e-65,Teff,RPL13A
4.2369275254899584e-69,0.45915089718980595,0.487,0.358,1.5507578436045798e-64,Teff,WDFY2
7.665898681747629e-69,0.36956607838041444,0.518,0.379,2.8057955765064498e-64,Teff,CDK6
9.092890600314846e-69,0.38169055437663846,0.558,0.419,3.3280888886212366e-64,Teff,SMAP1
1.007878346462516e-68,0.4287569728555041,0.432,0.3,3.688935535887455e-64,Teff,MYL6
2.6252927311386475e-68,0.2849825535685744,0.934,0.876,9.608833925240563e-64,Teff,PABPC1
2.9094631754880983e-68,0.5796956468228709,0.265,0.161,1.0648926168603989e-63,Teff,SPN
6.369930305158779e-68,0.4972341134036066,0.328,0.213,2.3314581909911646e-63,Teff,RELL1
6.9585544164118545e-68,0.2931309528359751,0.859,0.777,2.546900501950903e-63,Teff,RPS11
1.2072867313312413e-67,0.3704635857512597,0.57,0.426,4.418790165345476e-63,Teff,PHF20
1.3726212007345997e-67,0.37322462136417833,0.756,0.649,5.023930856808708e-63,Teff,RPSA
2.0597645709128445e-67,0.4525079527422205,0.346,0.228,7.538944305998103e-63,Teff,OGDH
3.912949343280464e-67,0.28763310379943396,0.868,0.766,1.4321785891340826e-62,Teff,SLC38A1
6.290707236155869e-67,0.33060569755618685,0.757,0.653,2.3024617555054097e-62,Teff,EIF1
7.815152627661563e-67,0.35247181600551336,0.612,0.471,2.8604240132504087e-62,Teff,DENND1B
2.9197828477833347e-66,0.4606600754820157,0.38,0.258,1.0686697201171784e-61,Teff,GAPDH
1.177763943407941e-65,0.34495319829509175,0.765,0.649,4.3107338092674046e-61,Teff,YWHAZ
1.7516448366894878e-65,0.37732253508018243,0.551,0.411,6.411195266767195e-61,Teff,MSN
2.6587716407307867e-64,0.4992332080629912,0.275,0.171,9.731370082238753e-60,Teff,AC092652.1
2.7344573445126803e-64,0.5765280950508715,0.257,0.157,1.000838732665086e-59,Teff,HERPUD1
3.2924730978743734e-64,0.41296176237060406,0.471,0.34,1.2050780785529994e-59,Teff,TRAM1
1.3496052489154592e-63,0.4299335986479461,0.46,0.337,4.9396901715554725e-59,Teff,CRY1
1.5729519492719238e-63,0.5095625098552632,0.36,0.245,5.757161429530168e-59,Teff,AC016831.5
1.9823185463056595e-63,0.41194381406734726,0.551,0.423,7.255484111333344e-59,Teff,GSPT1
2.928873352438055e-63,0.34535226997561796,0.594,0.455,1.0719969357258524e-58,Teff,ELOVL5
3.643321013634463e-63,0.37212552840802804,0.618,0.489,1.3334919242003498e-58,Teff,SRSF7
6.074345999190961e-63,0.509400665562533,0.306,0.2,2.2232713791638836e-58,Teff,RAPGEF2
6.796917747332032e-63,0.5788443949896667,0.282,0.181,2.4877398647009972e-58,Teff,REEP3
8.926219918187329e-63,0.36496950235014514,0.491,0.355,3.267085752255744e-58,Teff,DNAJB6
1.096115125393593e-62,0.41855330952137826,0.584,0.456,4.0118909704530895e-58,Teff,FNDC3B
1.159932090832648e-62,0.5592612900920577,0.293,0.19,4.2454674456565746e-58,Teff,GALNT10
3.357018107069071e-62,0.3531629977770885,0.712,0.597,1.2287021973683507e-57,Teff,RPL36A
3.6022865401830704e-62,0.35372043047955404,0.462,0.332,1.3184728965724055e-57,Teff,MYO5A
5.131521237700362e-62,0.55955426961953,0.25,0.153,1.8781880882107096e-57,Teff,CREM
6.800142493802375e-62,0.35888751767563687,0.527,0.392,2.4889201541566073e-57,Teff,CFL1
1.0659084117448158e-61,0.3751194319518236,0.674,0.562,3.9013313778272e-57,Teff,RPL14
3.996790503611839e-61,0.3827628122272312,0.558,0.425,1.4628652922269692e-56,Teff,CXCR4
6.07334291832159e-61,0.3616736419937917,0.524,0.39,2.2229042415348853e-56,Teff,SPAG9
1.8282430018040186e-60,0.36149209025328516,0.342,0.228,6.6915522109028885e-56,Teff,ATP2B4
2.2665342374042123e-60,0.41397684665105916,0.388,0.268,8.295741962323158e-56,Teff,ARPC1B
1.0364669574874605e-59,0.2751144674797166,0.668,0.529,3.793572711099854e-55,Teff,ETV6
2.5065294113025608e-59,0.3025896377614079,0.788,0.666,9.174148298308503e-55,Teff,KIAA1109
3.6219244007447948e-59,0.40005196113633346,0.496,0.371,1.3256605499166023e-54,Teff,ARHGAP5
5.903964549893089e-59,0.47596489250167395,0.301,0.199,2.1609100649063695e-54,Teff,FER
6.277808826357363e-59,0.3090417526038567,0.772,0.67,2.2977408085350585e-54,Teff,FAU
1.024141495990997e-58,0.43457121853471303,0.382,0.264,3.748460289476648e-54,Teff,HSP90B1
5.505697247203148e-58,0.4708839389669933,0.304,0.199,2.0151402494488242e-53,Teff,TLN1
2.649416674324462e-57,0.32952892011813084,0.919,0.859,9.697129969694963e-53,Teff,CNOT6L
3.8140434293796746e-57,0.5142120191455087,0.264,0.167,1.3959780355872547e-52,Teff,PPIB
4.096400422052086e-57,0.42529018174581934,0.32,0.212,1.499323518475284e-52,Teff,HSPA5
4.219245840448509e-57,0.3280662149475335,0.679,0.55,1.5442861700625587e-52,Teff,SPOCK2
9.703531696259428e-57,0.4932798422652017,0.371,0.261,3.551589636147914e-52,Teff,SKI
4.775271389361101e-56,0.3345860039544599,0.667,0.55,1.7477970812200566e-51,Teff,RPL15
1.206272403516494e-55,0.42487751457669826,0.355,0.247,4.4150776241107193e-51,Teff,NPC1
1.698609680045121e-55,0.43724292538193843,0.332,0.225,6.217081289933147e-51,Teff,CAPN2
1.9965853883802946e-55,0.5259016148759441,0.265,0.171,7.307702180010716e-51,Teff,GNAI3
2.681683362381322e-55,0.31570523556592833,0.319,0.214,9.815229274651877e-51,Teff,JAZF1
2.7359706299277118e-55,0.31783052799462064,0.371,0.255,1.0013926102598418e-50,Teff,IL10RA
2.908442955008896e-55,0.27762537074717253,0.877,0.812,1.064519205962806e-50,Teff,RPL11
5.698999869063851e-55,0.3704112763794371,0.463,0.342,2.0858909420760602e-50,Teff,HIPK1
7.40481279825903e-55,0.35047537429656195,0.448,0.324,2.7102355322907875e-50,Teff,NFATC2
7.856326456483327e-55,0.4969500129151345,0.273,0.179,2.8754940463374625e-50,Teff,PFKFB3
1.1300639560663558e-54,0.43050379029402125,0.4,0.289,4.1361470855984687e-50,Teff,BRD1
1.9063189605399096e-54,0.43337762075819575,0.297,0.196,6.977318027472123e-50,Teff,COTL1
4.331423478285276e-54,0.4625072173894116,0.3,0.201,1.5853443072871938e-49,Teff,DPP4
7.749769635616233e-54,0.49928081826367754,0.283,0.188,2.8364931843318974e-49,Teff,AC068587.4
1.0133944209571249e-53,0.39711400867041596,0.391,0.279,3.709124920145173e-49,Teff,UBE2Q2
1.22741313175706e-53,0.32786410022635315,0.457,0.339,4.492454803544016e-49,Teff,HIVEP3
1.7675693404356493e-53,0.3067152983818522,0.687,0.569,6.46948054292852e-49,Teff,HSP90AA1
4.850923914908159e-53,0.47100128726640866,0.317,0.216,1.7754866620955353e-48,Teff,HIST1H1E
5.976766362786793e-53,0.4416198637941914,0.337,0.233,2.187556256443594e-48,Teff,IFRD1
9.345339554926065e-53,0.38578359198015266,0.375,0.266,3.420487730498489e-48,Teff,DNAJC3
9.457749390767175e-53,0.3482147858815057,0.825,0.742,3.4616308545146935e-48,Teff,RPL10
1.2083673000790813e-52,0.4248940535535003,0.4,0.286,4.422745155019445e-48,Teff,SQSTM1
6.943760506865173e-52,0.44619971434256156,0.286,0.188,2.541485783117722e-47,Teff,SSR2
1.3267933474309467e-51,0.26380562496787574,0.687,0.558,4.856196330932008e-47,Teff,EIF3A
1.507854387262442e-51,0.28819710949351185,0.825,0.751,5.518897842819264e-47,Teff,RPS16
2.1373272212547533e-51,0.42751958669096546,0.353,0.247,7.822831362514523e-47,Teff,RPL36AL
2.707946303285065e-51,0.3544663592255468,0.437,0.321,9.911354264653667e-47,Teff,AP3M2
1.7118646173456098e-50,0.2754689568368842,0.592,0.464,6.265595685946666e-46,Teff,PCNX2
2.7285411386901707e-50,0.4733399705339474,0.268,0.178,9.986733421719894e-46,Teff,TTC33
5.590514419024555e-50,0.30558041936066305,0.838,0.769,2.0461841825071774e-45,Teff,RPS18
5.858463715682269e-50,0.36285342224433825,0.593,0.482,2.1442563045768674e-45,Teff,UBA52
9.522785185119774e-50,0.27091989872310396,0.457,0.335,3.4854346056056884e-45,Teff,SMAD3
1.2013069620088804e-49,0.27072872883668664,0.944,0.906,4.396903611648703e-45,Teff,RPL13
1.3431893145112577e-49,0.3004605474068818,0.776,0.686,4.9162072100426544e-45,Teff,RPS15
2.0183571062185926e-49,0.4453686011364081,0.358,0.254,7.387388844470671e-45,Teff,FMNL1
3.437089420157998e-49,0.443600789281843,0.25,0.162,1.2580090986720289e-44,Teff,SLAMF1
3.925582203643024e-49,0.37261451978698634,0.778,0.7,1.4368023423553832e-44,Teff,RPL28
4.944254244461669e-49,0.33274221037165397,0.632,0.527,1.8096464960154155e-44,Teff,RPL35
5.177652846682261e-49,0.28154432006969143,0.739,0.641,1.8950727184141744e-44,Teff,EEF1G
6.0779068840101666e-49,0.4348655471672839,0.296,0.2,2.224574698616561e-44,Teff,PXN
9.335685221759192e-49,0.43160933590762673,0.283,0.191,3.416954148016082e-44,Teff,RELB
1.5513001228856922e-48,0.5582878934212535,0.267,0.18,5.677913579773922e-44,Teff,HIST1H1C
1.6913918956029474e-48,0.3010689311757191,0.755,0.666,6.190663477096347e-44,Teff,RPL18
3.467978436045808e-48,0.27225489700720806,0.677,0.566,1.2693147873771263e-43,Teff,RPL4
6.449030159761456e-48,0.46727787617891925,0.255,0.17,2.3604095287742907e-43,Teff,SLF1
9.297996612363071e-48,0.3781363457884496,0.403,0.295,3.4031597400910073e-43,Teff,SP140
9.610699251817254e-48,0.3907431696283572,0.341,0.237,3.517612033157633e-43,Teff,IL2RG
1.2251488083507943e-47,0.33604547174020905,0.754,0.669,4.4841671534447424e-43,Teff,RPL27A
1.3574346445554512e-47,0.28155914044673835,0.668,0.55,4.9683465425374066e-43,Teff,TLE4
2.676008102335638e-47,0.3065359009978509,0.491,0.373,9.79445725535867e-43,Teff,SVIL
3.139039698841259e-47,0.36121104591510034,0.468,0.356,1.1489199201728891e-42,Teff,MT-ND6
3.5949324218274935e-47,0.3786204444920384,0.377,0.271,1.315781215713081e-42,Teff,SPCS3
1.0536240641428304e-46,0.3223253942179091,0.449,0.335,3.8563694371691734e-42,Teff,HINT1
1.4537923447861852e-46,0.3733895927978641,0.343,0.24,5.321025361151916e-42,Teff,LIME1
1.969514174027332e-46,0.33799473747711833,0.431,0.319,7.208618828357437e-42,Teff,TPM3
2.3583587465010054e-46,0.2744265977763052,0.711,0.591,8.63182884806833e-42,Teff,P2RY8
2.847128788172263e-46,0.29686410195443913,0.489,0.367,1.04207760775893e-41,Teff,DYNLT1
3.2663541386098395e-46,0.3920691486034496,0.339,0.239,1.1955182782725874e-41,Teff,IVNS1ABP
3.31641004773648e-46,0.2974088240581063,0.669,0.563,1.213839241572029e-41,Teff,RPL7A
6.453405463050649e-46,0.30047067204289724,0.521,0.403,2.362010933531168e-41,Teff,EEF2
6.9591968002369415e-46,0.39521776636107303,0.292,0.199,2.547135620854723e-41,Teff,IRF2BP2
1.0453233483995298e-45,0.39813347504414853,0.34,0.242,3.825987987477119e-41,Teff,TP53BP2
1.1290216217565158e-45,0.29907156992706496,0.703,0.616,4.1323320377910235e-41,Teff,RPS17
5.8616152588125e-45,0.4244448771047206,0.277,0.187,2.145409800877963e-40,Teff,CANX
9.128591373418221e-45,0.29080163182978824,0.527,0.409,3.341155728584803e-40,Teff,DDX21
1.5232986064432717e-44,0.3739546055478852,0.293,0.202,5.5754252294430186e-40,Teff,TFRC
2.3543401075470337e-44,0.40227907234690774,0.259,0.172,8.617120227632898e-40,Teff,TMED10
3.2599479126356085e-44,0.38374106980302414,0.476,0.369,1.193173535503759e-39,Teff,LRIG1
3.7881229053109317e-44,0.31622636999159015,0.774,0.702,1.3864908645728542e-39,Teff,RPS3
3.8937874603718716e-44,0.31550467644766234,0.492,0.374,1.4251651483707087e-39,Teff,SPTAN1
5.022484433618292e-44,0.28638211034655836,0.515,0.392,1.838279527548631e-39,Teff,IQGAP1
5.563847662133099e-44,0.3675496014642058,0.414,0.309,2.0364238828173355e-39,Teff,YBX1
5.700002312865709e-44,0.3773238715894077,0.348,0.249,2.0862578465319782e-39,Teff,SIAH2
6.662308494485797e-44,0.31525751335767316,0.724,0.633,2.4384715320667463e-39,Teff,RPL18A
7.146787847216349e-44,0.4803398297683702,0.296,0.208,2.615795819959656e-39,Teff,TPM4
1.0370648935048847e-43,0.4307360473053473,0.275,0.189,3.795761216717228e-39,Teff,ZC3H12D
1.6708480291100552e-43,0.3659345501496041,0.321,0.224,6.115470871345712e-39,Teff,ARF1
3.439351805947831e-43,0.38308124439157804,0.275,0.188,1.2588371544949656e-38,Teff,KIF13B
2.767067319991471e-42,0.2699374691986133,0.476,0.358,1.0127743097900783e-37,Teff,OPTN
3.063898201076783e-42,0.34582032110594413,0.373,0.271,1.1214173805761133e-37,Teff,TNIP1
8.792466950754252e-42,0.41685312089028603,0.263,0.178,3.218130828645564e-37,Teff,DNAJB1
1.3739565767821498e-41,0.41440173103323363,0.278,0.193,5.028818466680346e-37,Teff,STXBP3
1.9404139521914806e-41,0.3868791360740989,0.335,0.245,7.102109106416038e-37,Teff,PRKCE
1.981153294509363e-41,0.40149850277980387,0.297,0.208,7.2512191732337194e-37,Teff,ETF1
3.151481503922411e-41,0.40636892180984974,0.298,0.21,1.1534737452506418e-36,Teff,MAP2K1
3.7965154299065344e-41,0.2719116182724517,0.581,0.465,1.3895626125000906e-36,Teff,YWHAB
5.064405715518312e-41,0.4127639119806002,0.251,0.169,1.8536231359368572e-36,Teff,COG3
8.102174150399105e-41,0.2520099540506502,0.597,0.484,2.9654767607875763e-36,Teff,NOP53
1.2283556953259091e-40,0.35344449404036254,0.321,0.228,4.49590468046236e-36,Teff,ATG16L1
1.7297571929288555e-40,0.2710818303005329,0.856,0.8,6.331084301838904e-36,Teff,RPS27A
2.2032262089988197e-40,0.3604354508712286,0.359,0.263,8.06402824755658e-36,Teff,PGK1
2.417863135477349e-40,0.32132237611559145,0.367,0.267,8.849620862160645e-36,Teff,PBXIP1
3.937204040766248e-40,0.4166188783808783,0.282,0.198,1.4410560509608544e-35,Teff,CD84
5.88941879891191e-40,0.36648885411789045,0.268,0.186,2.1555861745897482e-35,Teff,RNF168
6.816868269358844e-40,0.43637875476188415,0.256,0.177,2.4950419552680306e-35,Teff,ESR2
6.9116262670254075e-40,0.3143093257438406,0.403,0.303,2.5297243299939695e-35,Teff,YPEL5
7.350753183334174e-40,0.28470704145984227,0.487,0.374,2.6904491726321413e-35,Teff,HERPUD2
4.4151053270337736e-39,0.310759889006594,0.342,0.249,1.6159727007476315e-34,Teff,PITPNB
5.2115264218797435e-39,0.3367301455709803,0.337,0.242,1.907470785672205e-34,Teff,HSPA8
6.539374859673686e-39,0.2943359325548329,0.378,0.28,2.393476592389166e-34,Teff,ERP44
7.381106103437629e-39,0.3587253613742877,0.257,0.175,2.7015586449192065e-34,Teff,EID1
1.0250403895133412e-38,0.4468277105498032,0.258,0.18,3.7517503296577803e-34,Teff,EZH2
4.443187798632123e-38,0.2511667324678919,0.488,0.378,1.6262511661773433e-33,Teff,CDC73
7.433356410847426e-38,0.26704995438516044,0.425,0.321,2.7206827799342664e-33,Teff,FBXO34
8.784247221403354e-38,0.29551432246127846,0.362,0.265,3.215122325505842e-33,Teff,GPR183
1.0803990812459242e-37,0.25536512968750325,0.876,0.82,3.9543686772682074e-33,Teff,RPL41
1.1458378759779944e-37,0.3042437363184964,0.357,0.263,4.193881209867057e-33,Teff,C1GALT1
1.5013218640683254e-37,0.2804905316266324,0.605,0.501,5.494988154676478e-33,Teff,RPS7
3.3467924899929376e-37,0.2918937456602587,0.422,0.321,1.2249595192623151e-32,Teff,ATP2C1
3.355881951514115e-37,0.33577652518614154,0.364,0.269,1.2282863530736813e-32,Teff,CDKN1B
5.711040086402249e-37,0.35432891154071255,0.251,0.172,2.090297782024087e-32,Teff,REEP5
9.106928540306049e-37,0.3051873120792129,0.462,0.363,3.333226915037417e-32,Teff,MBNL2
1.0948982867650354e-36,0.31436942611937313,0.432,0.332,4.007437219388706e-32,Teff,MYL12A
1.4803758109247571e-36,0.3595875040137124,0.27,0.19,5.418323505565704e-32,Teff,WDFY1
2.3643671217080377e-36,0.264524776427439,0.557,0.441,8.653820102163589e-32,Teff,KLF2
4.650641148891147e-36,0.304821402589304,0.496,0.397,1.7021811669056488e-31,Teff,RPL27
5.984385396064168e-36,0.2613044257856828,0.467,0.363,2.190344898813446e-31,Teff,NR1D2
1.238613048303722e-35,0.31775953335860696,0.359,0.269,4.533447618096453e-31,Teff,CMIP
1.3669285328942527e-35,0.2869416440335226,0.735,0.651,5.003095123246254e-31,Teff,TPT1
2.5485570558859447e-35,0.2810279159543766,0.349,0.254,9.327973680248146e-31,Teff,GNAI2
5.414447011745565e-35,0.308756248534211,0.335,0.249,1.9817417507689943e-30,Teff,BAZ2B
2.5455235426981907e-34,0.27896633961697676,0.382,0.285,9.316870718629648e-30,Teff,SERF2
2.7901635893964986e-34,0.2693584648080005,0.407,0.312,1.0212277753550124e-29,Teff,GOLGB1
3.528671259792301e-34,0.3262078937215927,0.348,0.262,1.29152896779658e-29,Teff,ANO6
7.845200035004084e-34,0.2957247123917033,0.394,0.3,2.8714216648118445e-29,Teff,TACC1
9.703793784629162e-34,0.25734655680889773,0.637,0.545,3.55168556311212e-29,Teff,RPL10A
1.2449704507478408e-33,0.27113308573344486,0.584,0.488,4.556716346782172e-29,Teff,RPS5
1.654126312107413e-33,0.35290478474221,0.42,0.332,6.054267714944342e-29,Teff,TMEM65
2.42242190236155e-33,0.28078486330280095,0.805,0.74,8.86630640483351e-29,Teff,RPLP2
2.584961586362056e-33,0.3473326959745491,0.304,0.22,9.461217902243761e-29,Teff,TNFRSF25
2.829220953210661e-33,0.3266482340597765,0.279,0.199,1.035523161084634e-28,Teff,HCST
3.812041303535329e-33,0.3327415939049896,0.263,0.187,1.3952452375069657e-28,Teff,FAM177A1
4.912043521596478e-33,0.36599764034809373,0.296,0.216,1.797857049339527e-28,Teff,CERK
5.113574658497914e-33,0.3094714064299945,0.3,0.217,1.8716194607568215e-28,Teff,RPN2
6.098061998522889e-33,0.29359005354248624,0.322,0.235,2.2319516720793625e-28,Teff,JUND
8.266816654635619e-33,0.29711332315301253,0.6,0.509,3.0257375637631826e-28,Teff,RPL12
1.1343710053110662e-32,0.34315143892402344,0.28,0.202,4.151911316539033e-28,Teff,CDS2
1.7325392759490943e-32,0.2731524899174621,0.389,0.295,6.34126700390128e-28,Teff,HNRNPUL1
2.017311481005057e-32,0.353121913463154,0.26,0.186,7.383561751626609e-28,Teff,RRM1
2.809352809207014e-32,0.27062416054733357,0.423,0.327,1.0282512216978592e-27,Teff,IQSEC1
6.263755457726951e-32,0.28442438674389714,0.328,0.242,2.2925971350826415e-27,Teff,SAT1
8.103531910103123e-32,0.28110109590316146,0.405,0.311,2.965973714416844e-27,Teff,ZFP36L1
8.956798252903036e-32,0.342594572705439,0.251,0.179,3.2782777285450404e-27,Teff,GOLGA7
1.3915529494850731e-31,0.296424322803752,0.275,0.199,5.093222950410316e-27,Teff,MIS18BP1
1.8122403025732434e-31,0.2914652050924298,0.263,0.185,6.632980731448328e-27,Teff,RNASEK
2.1858653291204463e-31,0.26292091387882943,0.387,0.295,8.000485691113746e-27,Teff,TMF1
2.236409211217168e-31,0.31098834404954423,0.333,0.252,8.185481353975956e-27,Teff,TSC22D2
5.312281076694923e-31,0.2885024538062075,0.318,0.235,1.9443479968811087e-26,Teff,SERP1
1.4581860599146776e-30,0.2565870861305293,0.346,0.259,5.337106797893712e-26,Teff,TTC7A
1.6753351154307063e-30,0.26301170422309367,0.349,0.26,6.131894055987928e-26,Teff,SLC25A6
2.672020600697305e-30,0.26758531906159905,0.306,0.224,9.779862600612207e-26,Teff,MYL12B
2.0547737147291884e-29,0.2821500373809832,0.301,0.222,7.520677273280303e-25,Teff,SH3BP5
4.088670269209062e-29,0.2891005904413272,0.267,0.192,1.4964942052332088e-24,Teff,MZT2B
8.979218299726788e-29,0.31685507391059314,0.272,0.198,3.286483689883002e-24,Teff,HSPD1
1.1499175568921745e-28,0.25287248814402696,0.333,0.25,4.208813249981048e-24,Teff,RABGEF1
1.6509867079631416e-28,0.3194864850477431,0.258,0.188,6.042776449815894e-24,Teff,EIF2A
1.6758536522175916e-28,0.2701607524219611,0.296,0.218,6.133791952481607e-24,Teff,ISG20
1.9500126798745393e-28,0.2757731510929612,0.32,0.241,7.137241409608801e-24,Teff,SACM1L
2.816557823910221e-28,0.2628993563989404,0.297,0.223,1.03088832912938e-23,Teff,AC104365.1
5.3061286652547935e-28,0.3010796102622239,0.269,0.196,1.9420961527699068e-23,Teff,PKM
5.378522245304932e-28,0.2762566319743086,0.313,0.237,1.968592927004058e-23,Teff,ACVR1
7.889624803089066e-28,0.33890981567543493,0.287,0.213,2.887681574178629e-23,Teff,TUBA1A
1.3234787549441654e-27,0.3174825145703323,0.25,0.182,4.8440645909711395e-23,Teff,RHEB
2.701841708213852e-27,0.25107171468074496,0.371,0.285,9.88901083623352e-23,Teff,TXNDC11
9.260484495436802e-27,0.2589431737230203,0.338,0.258,3.389429930174824e-22,Teff,MTMR6
1.202528494897222e-26,0.2662867958803461,0.3,0.226,4.401374544173322e-22,Teff,PRKAR2A
4.477153673326694e-26,0.2629369183606882,0.332,0.252,1.6386830159743033e-21,Teff,CDV3
1.3177709842962253e-25,0.3051594943303335,0.251,0.185,4.823173579622614e-21,Teff,EPRS
1.873168170683576e-25,0.2653650870981319,0.309,0.234,6.855982821518957e-21,Teff,TMEM50A
5.7461018786807695e-25,0.2896599901077765,0.269,0.201,2.1031307486159484e-20,Teff,ANXA6
6.237083159039772e-25,0.26114926073977246,0.268,0.199,2.2828348070401472e-20,Teff,RSL24D1
6.64455503663386e-25,0.26169358009426036,0.312,0.238,2.431973588958359e-20,Teff,BTG2
3.8709984189588255e-24,0.2610647815779255,0.269,0.201,1.4168241313231198e-19,Teff,PPP1R10
1.303408967737899e-23,0.25329733721806136,0.358,0.28,4.770607162817484e-19,Teff,CHD4
1.5326364251902709e-23,0.252203191723801,0.279,0.21,5.609602579838911e-19,Teff,MAGT1
3.112449266352434e-23,0.26016970388924565,0.264,0.198,1.1391875559776542e-18,Teff,HIST1H4C
3.9540056353489835e-23,0.25148145429237106,0.319,0.246,1.4472056025940814e-18,Teff,RASSF5
3.9834058637491463e-22,0.30659579644359913,0.252,0.192,1.457966380190825e-17,Teff,HIST1H1D
6.401626612089483e-22,0.2773742899542731,0.271,0.208,2.343059356290872e-17,Teff,DGKE
3.1444194883939596e-21,0.30882654621819033,0.25,0.192,1.1508889769470733e-16,Teff,PDZD8
6.58263730320912e-21,0.27025243862405857,0.25,0.188,2.4093110793475697e-16,Teff,GPSM3
4.2412239766207536e-20,0.25892834681139726,0.397,0.324,1.552330387682962e-15,Teff,ARHGEF7
4.250557707431392e-9,0.44142426707788696,0.738,0.664,1.5557466264969638e-4,Teff,MTRNR2L8
0,5.191183036685753,0.832,0.049,0,Treg,IKZF2
0,5.484228684725492,0.625,0.024,0,Treg,AC093865.1
0,2.7240845946479375,0.821,0.277,0,Treg,STAM
0,4.475709899470797,0.581,0.052,0,Treg,RTKN2
0,2.6232130326382634,0.625,0.151,0,Treg,TOX
0,2.971586824118051,0.563,0.138,0,Treg,IL2RA
0,3.5068080500630314,0.549,0.154,0,Treg,AL136456.1
0,3.551925684772919,0.446,0.086,0,Treg,LINC02694
0,2.7143234275252093,0.532,0.175,0,Treg,VAV3
0,4.210473466059694,0.291,0.036,0,Treg,RBMS3
0,2.674322873256354,0.314,0.061,0,Treg,CTLA4
0,3.65064296017632,0.283,0.04,0,Treg,AC013652.1
0,3.5786985125376622,0.254,0.032,0,Treg,ENTPD1
0,2.87980053638896,0.261,0.044,0,Treg,TIGIT
0,1.3739383145614084,0.929,0.717,0,Treg,CASK
0,1.107214726674671,0.96,0.884,0,Treg,USP15
1.0372137356069723e-307,2.562102699296193,0.33,0.074,3.796305993695079e-303,Treg,F5
4.096858436752e-282,2.045310413821043,0.46,0.154,1.4994911564355996e-277,Treg,CYTOR
1.5552819964513493e-276,1.5373171269841193,0.68,0.325,5.6924876352115835e-272,Treg,NIBAN1
3.1616650762306847e-258,1.717326960189368,0.677,0.361,1.1572010345511929e-253,Treg,TTN
5.409236518610775e-248,0.7493519305898841,0.984,0.956,1.9798346581767297e-243,Treg,SKAP1
3.518754824840776e-235,2.3398628211259713,0.357,0.108,1.2878994534399725e-230,Treg,MIR4435-2HG
1.1612328418968948e-223,1.6135693631545232,0.53,0.228,4.250228324626825e-219,Treg,GBP5
2.0646356344306196e-216,1.4852904236262578,0.701,0.407,7.556772885579511e-212,Treg,GLCCI1
1.9413182838364782e-199,1.8027595268693641,0.43,0.166,7.105419050669894e-195,Treg,CCDC141
2.3545624233205796e-196,1.8578552104509813,0.358,0.119,8.617933925595654e-192,Treg,PALM2-AKAP2
3.034113904503493e-195,1.3688682282856317,0.637,0.341,1.1105160301873234e-190,Treg,PAM
2.1581226510876152e-193,1.0285142774620826,0.882,0.69,7.898944715245781e-189,Treg,CHST11
6.648085898415811e-169,1.3656449281896392,0.585,0.313,2.433265919679171e-164,Treg,PYHIN1
4.935357862529436e-168,1.1519763458858288,0.776,0.538,1.8063903312643986e-163,Treg,LDLRAD4
2.8815696490463298e-167,1.6121695370056732,0.499,0.238,1.0546833072474472e-162,Treg,CEP128
4.4635305612296985e-150,1.6450526430593873,0.377,0.154,1.6336968207156818e-145,Treg,SETD7
7.29335428333867e-149,1.0168108171665389,0.774,0.539,2.6694406012447867e-144,Treg,PHACTR2
1.611194905907811e-148,1.3673142554304718,0.575,0.328,5.897134475113179e-144,Treg,ATXN7L1
1.290387607924766e-146,1.163095083778723,0.686,0.457,4.7229476837654356e-142,Treg,ZNRF2
2.6558271499483136e-146,1.736271392602566,0.374,0.155,9.720592951525822e-142,Treg,CDHR3
9.494911140639726e-144,0.9471253961801391,0.852,0.645,3.475232426585546e-139,Treg,PLCL1
1.8513035774348328e-143,1.2501547869885064,0.627,0.383,6.775956223769232e-139,Treg,BACH1
1.2516306757234127e-142,1.1794887613463156,0.711,0.515,4.581093436215263e-138,Treg,SGMS1
2.1693384893784266e-140,1.3139195513713344,0.466,0.226,7.939995804973979e-136,Treg,FAM160B1
1.38050584669382e-138,2.302179660690124,0.34,0.14,5.05278944948405e-134,Treg,TAFA2
7.329832477553166e-134,1.3343199831190116,0.504,0.272,2.6827919851092346e-129,Treg,IL10RA
2.2891913010231072e-132,0.6806074355601721,0.948,0.889,8.378669080874675e-128,Treg,SYNE2
2.4879332080340487e-130,0.6595871288446324,0.912,0.81,9.106084334725422e-126,Treg,EPB41
4.724919231945361e-128,1.5758882065756543,0.38,0.173,1.7293676880843215e-123,Treg,TNFRSF1B
9.031589821765114e-126,1.442352823368179,0.368,0.16,3.3056521906642493e-121,Treg,MIAT
2.0576687337935005e-125,0.5046524516033513,0.993,0.982,7.531273332557591e-121,Treg,SMCHD1
1.8367843264599952e-122,1.4314087659612258,0.403,0.192,6.722814313276229e-118,Treg,MCF2L2
6.936794446888564e-121,1.3354373118485863,0.457,0.238,2.538936135505683e-116,Treg,NABP1
1.656661201312614e-119,1.8067407200264978,0.256,0.091,6.063545662924299e-115,Treg,LINC00426
2.6314017935320454e-117,0.6898868439738979,0.876,0.692,9.63119370450664e-113,Treg,ATXN1
1.1467855446188091e-113,1.0988712884412308,0.569,0.347,4.197349771859303e-109,Treg,SLC12A6
1.8024760734158317e-112,0.7240647659038371,0.823,0.642,6.597242676309286e-108,Treg,ARID5B
2.5493787349329252e-111,1.0031095719647456,0.671,0.471,9.330981107728e-107,Treg,CCM2
5.393826684169918e-111,1.7107919133170806,0.27,0.104,1.9741945046730316e-106,Treg,MIR181A1HG
1.1026128248302018e-108,1.4111534615415064,0.376,0.181,4.035673200161022e-104,Treg,TENT5C
8.92810072852958e-108,0.9765907752598462,0.653,0.439,3.2677741476491117e-103,Treg,PTPRJ
3.531943269150899e-105,1.4393957374455706,0.305,0.129,1.2927265559419206e-100,Treg,SMC6
3.606005549467658e-105,1.7069690711400296,0.302,0.13,1.3198340911606574e-100,Treg,GCNT4
1.2580761076758659e-104,1.2639200224785458,0.458,0.251,4.604684361704436e-100,Treg,TBC1D4
2.6980822680387045e-103,1.5107935885970283,0.425,0.231,9.875250909248463e-99,Treg,JAZF1
3.9321730168975e-102,0.718811647874916,0.837,0.686,1.439214645914654e-97,Treg,MAP3K1
5.196142173719255e-102,1.4636648321546097,0.323,0.145,1.9018399970029845e-97,Treg,PHLPP1
2.954130400434327e-100,1.3067397375682805,0.408,0.21,1.0812412678629681e-95,Treg,DGKH
8.533626240097505e-99,0.9599220473938204,0.61,0.405,3.123392540138088e-94,Treg,NFAT5
1.6664972011840202e-97,0.9234094119778476,0.61,0.41,6.099546406053632e-93,Treg,CASP8
6.131516862401913e-97,1.6534278332759003,0.256,0.102,2.244196486807724e-92,Treg,AF165147.1
2.938064360144926e-93,1.1295653641148962,0.484,0.288,1.0753609364566444e-88,Treg,ST8SIA4
8.203114531412034e-93,1.0665968901738048,0.495,0.295,3.002421949642118e-88,Treg,TULP4
5.627528431871433e-91,0.878252968056088,0.648,0.462,2.0597316813492633e-86,Treg,RAP1GDS1
1.3237871543138484e-90,1.1460146068515158,0.471,0.277,4.845193363504117e-86,Treg,TSPAN5
3.758163647279268e-90,0.6354813067504015,0.858,0.746,1.3755254765406848e-85,Treg,SAMHD1
1.1210473470435653e-87,0.92922364826973,0.67,0.507,4.103145394914153e-83,Treg,MAN1A2
3.238294457032984e-85,0.9135786967253021,0.683,0.509,1.1852481542186424e-80,Treg,PPP1R16B
9.179631617626536e-85,0.7612621410122382,0.751,0.595,3.3598369683674884e-80,Treg,PELI1
7.724833733132714e-84,0.7431522297312751,0.759,0.611,2.827366394663905e-79,Treg,EPS15
1.0497160439944213e-83,0.8984887012023084,0.616,0.435,3.842065692623981e-79,Treg,ZNF831
1.1080401161914099e-83,1.037119582556523,0.562,0.378,4.055537629272179e-79,Treg,DUSP16
1.9351319151009718e-83,0.6075103156325827,0.871,0.769,7.082776322461066e-79,Treg,IQGAP2
4.813799823434553e-83,0.6307087160116436,0.788,0.627,1.761898873375281e-78,Treg,MAP3K5
2.021738936869952e-80,0.6030290336281992,0.84,0.755,7.399766682837712e-76,Treg,CUL3
7.393594786701821e-78,0.514284487347807,0.908,0.823,2.7061296278807335e-73,Treg,RASA2
2.450686564528295e-75,0.7563393846499249,0.685,0.532,8.969757894830013e-71,Treg,ARHGAP25
2.117060827795437e-71,0.7853165796837955,0.689,0.543,7.748654335814079e-67,Treg,ATP2B1
2.165038554544922e-70,0.6933043690464384,0.65,0.477,7.924257613489869e-66,Treg,EZR
7.189206126428903e-68,1.0058287197816227,0.463,0.3,2.631321334334243e-63,Treg,SLA
1.417789604174598e-66,0.6379505726151486,0.809,0.714,5.189251730239446e-62,Treg,TTC39C
1.4615232285080195e-66,1.1255511127541418,0.347,0.192,5.349321168662202e-62,Treg,ZBTB38
3.0309152654837268e-65,0.5448287707528929,0.842,0.737,1.1093452963196989e-60,Treg,ADK
5.094543922822436e-65,1.2593378859535371,0.317,0.17,1.8646540211922398e-60,Treg,HS3ST3B1
6.904309207096477e-65,1.0362832099051362,0.361,0.204,2.5270462128893813e-60,Treg,SMC4
1.0551564921197468e-64,1.2261950078127584,0.272,0.134,3.861978276807485e-60,Treg,RDX
1.2391868192475419e-64,0.30469531174268116,0.993,0.994,4.535547677127928e-60,Treg,PTPRC
1.7351494563386932e-62,0.9620084001837336,0.396,0.238,6.350820525145251e-58,Treg,SGPP1
3.8833833827563995e-62,0.5496985738331577,0.817,0.714,1.4213571519226697e-57,Treg,PPP1R12A
4.532151303173972e-61,1.2183994075682398,0.349,0.2,1.6588126984747054e-56,Treg,SLC16A10
1.8891927461074475e-60,0.6550352147693659,0.714,0.593,6.914634370027868e-56,Treg,ABI1
2.284487838684723e-60,0.5201109784068887,0.706,0.51,8.361453938369956e-56,Treg,ITGB1
2.56996462370578e-60,0.9704697290184785,0.342,0.189,9.406327519225527e-56,Treg,LCORL
3.0218790436546063e-59,0.6827075642568996,0.652,0.496,1.1060379487680225e-54,Treg,ADAM10
1.7800108192232106e-58,0.7678875533128817,0.531,0.369,6.515017599438873e-54,Treg,PREX1
1.8555333072119099e-57,0.5982562648202303,0.731,0.592,6.791437457726311e-53,Treg,ARL15
9.020279833615396e-57,0.8156145858728925,0.53,0.375,3.3015126219015714e-52,Treg,SAMSN1
2.4139101567745835e-56,0.7315492891384965,0.566,0.41,8.835152564810653e-52,Treg,IFNAR2
6.920943370832583e-56,0.806842300901634,0.529,0.377,2.5331344831584338e-51,Treg,UBL3
2.0420768588303615e-55,0.8444696650112657,0.539,0.39,7.474205511005006e-51,Treg,PHKB
2.2821842115836696e-53,0.520546238078639,0.795,0.691,8.353022432817388e-49,Treg,PICALM
2.0070500616926943e-52,0.6896098124068102,0.599,0.458,7.346003930801431e-48,Treg,IFI16
9.225084396140384e-51,1.0587303421908953,0.518,0.398,3.376473139831342e-46,Treg,ANTXR2
1.3626064895651863e-50,0.4705852723191035,0.858,0.786,4.9872760124575385e-46,Treg,TNIK
1.7150812372041931e-50,0.7723725231392196,0.521,0.384,6.277368836291067e-46,Treg,SLFN5
1.0835135786333906e-49,0.7134916209775057,0.5,0.347,3.965768049156073e-45,Treg,CERT1
3.8666455987826376e-49,1.1435037273721933,0.256,0.137,1.415230955610433e-44,Treg,C20orf194
4.3019510943405265e-48,0.6852194978058294,0.566,0.425,1.5745571200395761e-43,Treg,USP48
1.0906527748707033e-47,0.7046638665575233,0.539,0.391,3.991898221304261e-43,Treg,LRIG1
1.5842829285741346e-47,0.7786108543976235,0.5,0.362,5.79863394687419e-43,Treg,MYO5A
2.700722311326108e-47,0.6946506267627911,0.546,0.406,9.884913731684689e-43,Treg,GBP2
6.541098625100345e-47,0.8847958257698886,0.388,0.253,2.3941075077729774e-42,Treg,ATP2B4
9.889302618097825e-47,0.829734201655959,0.386,0.25,3.619583651249985e-42,Treg,ACVR1
2.6923204613963176e-45,0.7628608525197376,0.444,0.305,9.854162120756662e-41,Treg,TRAF1
3.2089836998498695e-45,0.4032968026668806,0.87,0.81,1.1745201239820508e-40,Treg,FNBP1
3.434107006802377e-45,0.7234853389648812,0.529,0.396,1.256917505559738e-40,Treg,RANBP9
3.508921663868311e-45,0.7962653913132558,0.567,0.44,1.2843004181924406e-40,Treg,IL32
7.785263112830581e-45,0.5553058737430585,0.74,0.639,2.849484151927121e-40,Treg,PIK3R5
5.633053295500968e-44,0.40813951645953317,0.827,0.722,2.0617538366863093e-39,Treg,SH3KBP1
1.066992220648107e-43,0.6180665603505993,0.651,0.534,3.9052982267941366e-39,Treg,DDHD1
1.2362515204467881e-43,0.5773991199329898,0.612,0.468,4.524804189987289e-39,Treg,DLEU2
8.337150986635216e-43,0.8272069548144724,0.37,0.238,3.0514806326183554e-38,Treg,EPSTI1
8.371348395692844e-43,0.9803630976047364,0.32,0.197,3.063997226307538e-38,Treg,COX10-AS1
9.136793371248194e-43,0.878304201263664,0.349,0.22,3.3441577418105514e-38,Treg,TFRC
1.6982097911023947e-41,1.071505672278818,0.252,0.142,6.215617656413875e-37,Treg,CTSC
8.533774552490215e-41,0.5493852564139305,0.645,0.529,3.123446823956943e-36,Treg,ACAP2
9.958243568881367e-41,1.0807493370799004,0.259,0.147,3.644816728646269e-36,Treg,C1orf112
1.4969003101228865e-40,0.48916575006859864,0.7,0.59,5.478804825080777e-36,Treg,EIF3A
4.493259474997232e-40,0.3628102143376033,0.905,0.86,1.6445779004437367e-35,Treg,ETS1
5.285035499423006e-40,0.7057627811651146,0.602,0.492,1.9343758431438143e-35,Treg,GPHN
5.6054949161237875e-39,0.8734885183335834,0.327,0.206,2.0516671942504677e-34,Treg,PRDM1
3.999098943575558e-38,0.4402833665783401,0.777,0.677,1.46371020433809e-33,Treg,APBB1IP
4.4760347888158783e-38,0.7026307766787332,0.499,0.378,1.6382734930544998e-33,Treg,RFFL
1.2656989586184978e-37,0.8905542124375898,0.258,0.149,4.632584758439564e-33,Treg,TMEM62
2.2331736841052155e-37,0.795791536441474,0.363,0.243,8.1736390011935e-33,Treg,ACSL4
3.005835511040613e-37,0.5808301981931949,0.841,0.816,1.1001658553959747e-32,Treg,NEAT1
3.812914543868059e-37,0.776552943143473,0.373,0.256,1.3955648522011485e-32,Treg,OGDH
9.851027760182951e-37,0.3432563045780621,0.896,0.849,3.605574670504562e-32,Treg,STK4
1.1452266809734113e-36,0.4547098461675554,0.8,0.734,4.191644175030783e-32,Treg,PACS1
4.9870008580070524e-36,0.45936807355502207,0.744,0.653,1.8252921840391613e-31,Treg,RAP1A
5.854987195921704e-36,0.8252453843676795,0.331,0.215,2.1429838635793026e-31,Treg,YPEL2
1.306909936027298e-35,0.5750165390524353,0.575,0.46,4.7834210568535135e-31,Treg,RCSD1
6.70193550499546e-35,0.3109103890630003,0.901,0.85,2.4529754141833885e-30,Treg,RABGAP1L
7.929118350450115e-35,0.47816249862939264,0.737,0.638,2.9021366074482466e-30,Treg,FBXW7
8.223060605963548e-35,0.3596148035368665,0.874,0.827,3.0097224123887182e-30,Treg,ZNF292
6.354219125795519e-34,0.29840344024636245,0.937,0.91,2.325707742232418e-29,Treg,LRBA
3.991724488997735e-33,0.7520802484974403,0.364,0.249,1.4610110802180609e-28,Treg,FAM53B
4.571382825245711e-33,0.7368005772381259,0.262,0.156,1.6731718278681826e-28,Treg,MARCH3
1.3513280168234685e-32,0.6512081667530595,0.388,0.269,4.945995674375577e-28,Treg,NF1
1.5035652686548425e-32,0.6851530824918377,0.448,0.333,5.503199239803589e-28,Treg,AFTPH
4.639645272588456e-32,0.7014849184345702,0.38,0.265,1.6981565662201007e-27,Treg,SEL1L3
7.258211824738123e-32,0.3987137052902945,0.759,0.676,2.6565781099724005e-27,Treg,SLC4A7
1.4230149755977398e-31,0.5271961529954797,0.55,0.438,5.208377112185287e-27,Treg,CNTRL
1.4722050285454739e-31,0.3479741855320069,0.89,0.833,5.388417624979289e-27,Treg,FOXO1
2.039998882508912e-31,0.8133823053230036,0.26,0.16,7.466599909870868e-27,Treg,LIMD1
9.235788072365604e-31,0.7688669742261143,0.293,0.188,3.3803907923665347e-26,Treg,BMPR2
1.4396032929959986e-30,0.8224386474331383,0.275,0.176,5.269092012694654e-26,Treg,AC009093.2
1.6754286592770805e-30,0.459401771471311,0.744,0.665,6.132236435820043e-26,Treg,PHIP
2.9175549168538833e-30,0.4661709487614929,0.711,0.629,1.0678542751176897e-25,Treg,SRPK2
7.95360838385428e-30,0.7488180450095269,0.34,0.231,2.911100204574505e-25,Treg,NCALD
8.348269351490821e-30,0.600292045075489,0.453,0.34,3.0555500653391553e-25,Treg,ARRDC3
5.270649273333128e-29,0.46953039366440175,0.631,0.532,1.929110340532658e-24,Treg,ASXL1
5.54161129843409e-29,0.6164326406853537,0.444,0.333,2.0282851513398613e-24,Treg,TET2
8.030240063833078e-29,0.7461188984851295,0.252,0.157,2.9391481657635446e-24,Treg,PTPN22
8.229687866354776e-29,0.4560061362635188,0.665,0.572,3.0121480559645115e-24,Treg,NCOA1
2.697640501232559e-28,0.49596370846736204,0.625,0.529,9.873633998561288e-24,Treg,BIRC3
3.5892909209504816e-28,0.5212717067538131,0.648,0.548,1.3137163699770858e-23,Treg,PVT1
3.5992059129248784e-28,0.7370617006743272,0.296,0.196,1.3173453561896347e-23,Treg,EZH2
6.2382115918476995e-28,0.7232907154478208,0.391,0.29,2.2832478247321766e-23,Treg,ATP13A3
7.397731850594433e-28,0.49228771896684376,0.621,0.53,2.707643834636068e-23,Treg,RFX7
1.1086665465438807e-27,0.4191960602556044,0.604,0.49,4.057830427005258e-23,Treg,ELOVL5
1.3229192332842789e-27,0.8079763823963446,0.283,0.187,4.842016685743789e-23,Treg,BTG3
2.324059732922222e-27,0.5055828446792208,0.508,0.397,8.506291028468625e-23,Treg,IPCEF1
3.380899131805593e-27,0.4586558177033089,0.476,0.359,1.2374428912321651e-22,Treg,TIAM1
7.338916983926771e-27,0.3601439043246617,0.729,0.652,2.686117005287037e-22,Treg,NSD3
9.129019867484412e-27,0.6804409228570889,0.396,0.293,3.3413125616979695e-22,Treg,RAB11FIP1
1.5461818778274674e-26,0.9141131844094991,0.264,0.173,5.659180291036313e-22,Treg,MAN1A1
2.366280687195635e-26,0.561868972529525,0.449,0.346,8.660823943204743e-22,Treg,MED15
3.958393826715779e-26,0.5007474979095532,0.555,0.453,1.4488117245162422e-21,Treg,CCDC7
5.47642998995777e-26,0.552863744179533,0.625,0.544,2.0044281406244435e-21,Treg,PHTF2
8.170655843523715e-26,0.612527902172473,0.366,0.262,2.990541745288115e-21,Treg,PCCA
8.898721026726187e-26,0.3662309328457014,0.792,0.73,3.2570208829920518e-21,Treg,COG5
9.361105771229139e-26,0.7080067836083364,0.359,0.257,3.4262583233275774e-21,Treg,EXT1
1.2158985287339246e-25,0.39204646736823534,0.705,0.645,4.450310205019037e-21,Treg,PUM1
1.4540731543046325e-25,0.33100657302127345,0.816,0.759,5.322053152070385e-21,Treg,VPS13C
2.751895729235782e-25,0.6340574227511547,0.403,0.302,1.0072213558575886e-20,Treg,EIF4G3
8.2643210062628175e-25,0.7879224782268228,0.309,0.218,3.024824131502254e-20,Treg,UGP2
1.198926193345485e-24,0.5854617161267682,0.369,0.265,4.388189760263809e-20,Treg,PKIA
1.3445735765953008e-24,0.7790174189008885,0.335,0.24,4.9212737476964605e-20,Treg,SNED1
1.5763585372037183e-24,0.6498367666001943,0.371,0.273,5.769629882019329e-20,Treg,NPC1
1.6127381448870165e-24,0.6371538393916673,0.299,0.204,5.902782884100969e-20,Treg,OTULIN
2.2929960070722072e-24,0.5068888384087025,0.393,0.289,8.392594685484986e-20,Treg,RFX3-AS1
2.8042583595034976e-24,0.6167715112545813,0.363,0.265,1.0263866021618751e-19,Treg,LRRFIP2
3.433606318097627e-24,0.4531505906519271,0.63,0.538,1.2567342484869124e-19,Treg,AC016831.7
4.151755648522564e-24,0.4755758902905227,0.518,0.41,1.5195840849157436e-19,Treg,GPR155
4.563876233026267e-24,0.39875267722947316,0.607,0.507,1.670424340049944e-19,Treg,TANK
1.151210877635775e-23,0.38529504382541724,0.699,0.621,4.2135469332347005e-19,Treg,RESF1
1.325911919794263e-23,0.41943802768983485,0.656,0.573,4.852970217638982e-19,Treg,STK10
3.468975646212443e-23,0.6157429197698322,0.361,0.265,1.2696797762702163e-18,Treg,LMTK2
4.2354141504063587e-23,0.4661846076981848,0.593,0.509,1.5502039331902313e-18,Treg,DENND1B
6.162965181946561e-23,0.7281133751724969,0.346,0.25,2.255706886244261e-18,Treg,DLEU1
7.737456664503926e-23,0.3192054774532087,0.782,0.726,2.831986513775082e-18,Treg,OGA
8.930781123151627e-23,0.4117893713137979,0.617,0.532,3.268755198884727e-18,Treg,FAM214A
1.2514410755500345e-22,0.6473355375593443,0.299,0.208,4.580399480620681e-18,Treg,POLK
2.311256440275388e-22,0.350180592627491,0.77,0.728,8.459429697051948e-18,Treg,TCF12
3.486377722835408e-22,0.7159416974858284,0.41,0.322,1.2760491103349876e-17,Treg,CD74
3.5417124586660704e-22,0.5455891164860137,0.434,0.34,1.2963021769963684e-17,Treg,CLIP1
4.0270051674148603e-22,0.632972706288475,0.315,0.224,1.473924161325513e-17,Treg,NSUN6
4.298818254096283e-22,0.6371127167526509,0.268,0.18,1.5734104691817805e-17,Treg,KIF20B
4.840185651456555e-22,0.6243593603700566,0.351,0.262,1.7715563502896136e-17,Treg,SAT1
8.181745939821351e-22,0.578698414570503,0.372,0.28,2.994600831434013e-17,Treg,DCP2
1.001108771546798e-21,0.49718399966046445,0.464,0.369,3.6641582147384353e-17,Treg,R3HCC1L
1.3347283176334247e-21,0.7536232739757341,0.26,0.175,4.885239115370098e-17,Treg,TMTC2
1.8965274060362406e-21,0.6643046556940833,0.297,0.21,6.941479958833244e-17,Treg,MYO1F
2.0860874744124516e-21,0.618858275450084,0.31,0.219,7.635288765097014e-17,Treg,IBTK
2.4537780336702126e-21,0.38582308212324445,0.673,0.585,8.981072981036345e-17,Treg,BCAS3
3.168651080280648e-21,0.5105097863209485,0.412,0.314,1.15975798189352e-16,Treg,FCMR
3.443730586422887e-21,0.27391877671205167,0.876,0.833,1.2604398319366408e-16,Treg,FAM172A
6.36845601480532e-21,0.43013519129953226,0.537,0.453,2.3309185859788954e-16,Treg,PCSK7
9.568189482988238e-21,0.5060529182903962,0.431,0.335,3.502053032668525e-16,Treg,DIP2A
1.8649429717979774e-20,0.4892140878026594,0.415,0.322,6.825877771077777e-16,Treg,PDE4B
2.217535238340725e-20,0.5822616305333707,0.39,0.3,8.116400725850887e-16,Treg,KLHL2
2.378242439838456e-20,0.33927276171492005,0.733,0.687,8.704605154052733e-16,Treg,EVL
2.4824951257756684e-20,0.3470476595414036,0.651,0.561,9.086180409851525e-16,Treg,AHNAK
2.6806823668778955e-20,0.3420525175627287,0.624,0.534,9.811565531009785e-16,Treg,INPP5D
2.8899007180736983e-20,0.6569425918401833,0.263,0.182,1.0577325618221544e-15,Treg,HERPUD1
3.023072378641105e-20,0.3917081928925388,0.555,0.46,1.106474721306431e-15,Treg,PSME4
3.0290723321178395e-20,0.3576983819344639,0.698,0.627,1.1086707642784504e-15,Treg,DOCK11
3.169393245512038e-20,0.4352409743449164,0.569,0.494,1.160029621789861e-15,Treg,ANKH
5.95127882805825e-20,0.5883829992368665,0.302,0.216,2.1782275638576e-15,Treg,GALNT10
6.987355638057292e-20,0.6270660427219492,0.317,0.232,2.5574420370853495e-15,Treg,AKAP11
9.126630949750195e-20,0.6112019592528908,0.322,0.237,3.340438193918069e-15,Treg,HNRNPLL
9.897507953881229e-20,0.46279185944596934,0.444,0.352,3.622586886200069e-15,Treg,TMEM65
1.019359398141144e-19,0.6113917571035242,0.332,0.247,3.730957333136401e-15,Treg,RAB6A
1.2455760162791908e-19,0.31465264079661015,0.714,0.657,4.5589327771834664e-15,Treg,ERBIN
2.0250619611620906e-19,0.49130049594854897,0.443,0.356,7.411929284049368e-15,Treg,FLNA
3.0370708383486253e-19,0.3868528731491272,0.577,0.489,1.1115982975439803e-14,Treg,UHRF2
3.0490226048959614e-19,0.5256205025406123,0.4,0.315,1.1159727636179709e-14,Treg,VPS54
3.1433247892728966e-19,0.47241607128792873,0.436,0.346,1.150488306121773e-14,Treg,ATP2C1
3.7555614074092842e-19,0.30426041889820277,0.667,0.575,1.3745730307258721e-14,Treg,RNF19A
4.2327277711564807e-19,0.329668338904082,0.707,0.647,1.5492206915209834e-14,Treg,WNK1
5.335137351075494e-19,0.30997161864695455,0.738,0.677,1.9527136218671417e-14,Treg,NAP1L4
6.517587017138258e-19,0.5884291720939101,0.319,0.236,2.385502024142774e-14,Treg,ISG20
7.085327520265126e-19,0.39919192429640127,0.534,0.445,2.593300725692239e-14,Treg,GNG2
7.386213568914054e-19,0.5586607403794832,0.625,0.588,2.703428028358233e-14,Treg,ABLIM1
7.45760692629578e-19,0.3301642513544112,0.7,0.643,2.7295587110935184e-14,Treg,ACTR2
8.062378511764787e-19,0.5415207073384392,0.368,0.282,2.95091115909103e-14,Treg,SP4
8.392154052485585e-19,0.5040176054342915,0.458,0.374,3.071612304750249e-14,Treg,SCLT1
8.649001854996046e-19,0.4366278218267873,0.503,0.425,3.165621168947103e-14,Treg,IQGAP1
8.931401454751607e-19,0.7003442521578482,0.269,0.19,3.2689822464536355e-14,Treg,TVP23C
1.1250635335610071e-18,0.6124013782099926,0.299,0.218,4.1178450391866424e-14,Treg,DGLUCY
1.170206511388847e-18,0.4782901214631923,0.442,0.357,4.2830728523343187e-14,Treg,MCM9
1.518725867407591e-18,0.6531246254565468,0.285,0.206,5.558688547298524e-14,Treg,NSD2
1.6603734203031913e-18,0.35933679775555105,0.605,0.528,6.077132755651711e-14,Treg,NCOA3
1.896049570403997e-18,0.29626365892843154,0.803,0.755,6.93973103263567e-14,Treg,OSBPL8
1.9310195142789433e-18,0.5208216553808622,0.272,0.191,7.06772452421236e-14,Treg,ENTPD1-AS1
2.1133770401767313e-18,0.5638031237144203,0.372,0.292,7.735171304750854e-14,Treg,PBXIP1
2.6204447934881384e-18,0.5525577324714894,0.358,0.278,9.591089988645936e-14,Treg,CLDND1
4.435163062792272e-18,0.40295144740544653,0.521,0.434,1.6233140326125996e-13,Treg,RAB8B
4.445437093192541e-18,0.35777318284655824,0.625,0.556,1.627074430479402e-13,Treg,CD53
6.159234973250353e-18,0.4706413273813813,0.474,0.389,2.2543415925593618e-13,Treg,EIF4E3
8.470760061170935e-18,0.5304659668984539,0.394,0.308,3.100382889989174e-13,Treg,MAST4
9.090838026898275e-18,0.614522081515702,0.288,0.21,3.3273376262250375e-13,Treg,ZC3H12D
9.212139214182802e-18,0.5517818822345942,0.254,0.177,3.371735073783047e-13,Treg,GTDC1
9.401669550029297e-18,0.5981548974117242,0.297,0.217,3.441105072006223e-13,Treg,BICD1
1.0610193668119312e-17,0.279220342464352,0.747,0.7,3.8834369844683497e-13,Treg,ATRX
1.1998978563842448e-17,0.661580304948434,0.265,0.191,4.3917461441519744e-13,Treg,ZFYVE28
1.8671597926500442e-17,0.6158913655490534,0.259,0.184,6.833991557078427e-13,Treg,ATP8B2
2.2821326433117208e-17,0.49501254579628057,0.399,0.316,8.35283368778523e-13,Treg,SLC39A10
2.6301263557399497e-17,0.5566999845048255,0.291,0.21,9.62652547464379e-13,Treg,P2RY10
3.9996102616525783e-17,0.3497074835375389,0.596,0.516,1.4638973518674601e-12,Treg,GSK3B
5.231381328904778e-17,0.25289816294829315,0.836,0.814,1.914737880192438e-12,Treg,FTX
5.995105486536301e-17,0.4450608733081439,0.416,0.331,2.1942685591271517e-12,Treg,ICOS
6.710901641186075e-17,0.48749882606984607,0.411,0.329,2.4562571096905152e-12,Treg,GPR174
9.907180921828496e-17,0.3606020691530045,0.541,0.463,3.626127289198448e-12,Treg,DIAPH1
1.1549831820852103e-16,0.29662072231393566,0.75,0.709,4.227353944750078e-12,Treg,SP100
1.3598339976226e-16,0.6535967459741312,0.279,0.207,4.9771284146984786e-12,Treg,ILRUN
1.4582933272001416e-16,0.5146849346374529,0.384,0.306,5.3374994068852384e-12,Treg,TXNDC11
1.5138168173236542e-16,0.486562840018538,0.31,0.229,5.540720933086306e-12,Treg,MINDY3
2.1496803195730423e-16,0.2735350184076668,0.715,0.641,7.868044937669291e-12,Treg,VOPP1
2.219480832791739e-16,0.5215500080440398,0.368,0.287,8.123521796101045e-12,Treg,MIB1
2.255502418005597e-16,0.4962448623266479,0.412,0.33,8.255364400142285e-12,Treg,WSB1
2.2684386508033587e-16,0.31101756673409753,0.649,0.582,8.302712305805373e-12,Treg,CNST
2.43426010987172e-16,0.5099756659435526,0.34,0.261,8.909635428141482e-12,Treg,ABHD3
6.436747382265466e-16,0.5802384565761105,0.266,0.195,2.3559139093829832e-11,Treg,CCDC69
1.0040895361076727e-15,0.29615562887588753,0.743,0.698,3.675068111107693e-11,Treg,MSI2
1.3211931036388437e-15,0.37299302946094826,0.571,0.5,4.8356988786285315e-11,Treg,SYNE1
1.6967336143654385e-15,0.30958742413954665,0.647,0.582,6.210214701938941e-11,Treg,TAOK3
1.904168671167623e-15,0.5598727960477381,0.298,0.223,6.969447753340618e-11,Treg,OTULINL
2.231485556956988e-15,0.39386410006872796,0.541,0.469,8.167460287018272e-11,Treg,SPIDR
2.2331109609930906e-15,0.2840377189031229,0.594,0.508,8.173409428330812e-11,Treg,SLC9A9
3.279624313103235e-15,0.6238056348351325,0.254,0.186,1.200375294838915e-10,Treg,HADHB
3.3116728774208476e-15,0.25539661879203424,0.74,0.685,1.2121053898648045e-10,Treg,RNF149
4.3015909356205736e-15,0.2878603120837384,0.694,0.635,1.5744252983464861e-10,Treg,UBR5
5.3633177613207395e-15,0.6152921064811745,0.28,0.209,1.9630279338210038e-10,Treg,WDFY1
6.7185387031190566e-15,0.49750155996061535,0.355,0.28,2.459052350728606e-10,Treg,TRIM14
7.435913591681959e-15,0.29785104771351434,0.676,0.619,2.721618733691514e-10,Treg,AP3B1
8.13394352075213e-15,0.3324166769864798,0.613,0.55,2.9771046680304875e-10,Treg,MED13
8.47879637910739e-15,0.4114228706917431,0.522,0.449,3.103324262717096e-10,Treg,ANKIB1
8.503046509569713e-15,0.4739990059966225,0.346,0.268,3.112200052967611e-10,Treg,STRN
9.405244208285159e-15,0.31436099159314423,0.835,0.799,3.442413432674451e-10,Treg,ACTB
1.0663169309459847e-14,0.5710748856380616,0.276,0.207,3.902826598955399e-10,Treg,NMT2
1.4014768482102789e-14,0.3519415227046392,0.533,0.455,5.129545412134442e-10,Treg,CSGALNACT2
1.4091605831310936e-14,0.31338456043794727,0.691,0.631,5.157668650318116e-10,Treg,ITFG1
1.5246479381337278e-14,0.5432816049648295,0.26,0.191,5.580363918363257e-10,Treg,CNKSR2
2.7201767585966405e-14,0.4061744946700626,0.365,0.287,9.956118954139564e-10,Treg,HERC2
2.8752332967400386e-14,0.506145451267024,0.307,0.236,1.0523641389398215e-9,Treg,FOXO3
3.025806320474124e-14,0.3744119598725264,0.508,0.436,1.1074753713567342e-9,Treg,S100A4
3.680748837451591e-14,0.34448137499223774,0.591,0.532,1.347190881995657e-9,Treg,DIAPH2
4.699261865135984e-14,0.5322624896363917,0.296,0.226,1.7199768352584215e-9,Treg,VRK2
5.846673306900707e-14,0.4120416428931708,0.449,0.378,2.1399408970587275e-9,Treg,PTPN2
6.686427350802821e-14,0.5341180307419178,0.252,0.184,2.447299274667341e-9,Treg,CYB5R4
7.145553346935993e-14,0.25057639122432906,0.733,0.688,2.6153439805120427e-9,Treg,LRRC8C
7.487411845127837e-14,0.2629455223462538,0.734,0.69,2.7404676094352396e-9,Treg,NCOR1
8.862702739919333e-14,0.3453611927613214,0.56,0.496,3.243837829837875e-9,Treg,YWHAB
1.0247533872140626e-13,0.3538215321837077,0.545,0.47,3.750699872542191e-9,Treg,PHF21A
1.2398454247639857e-13,0.3679390943429647,0.438,0.365,4.537958239178664e-9,Treg,RSBN1L
1.4974147703176487e-13,0.312549043054998,0.699,0.662,5.4806878008396265e-9,Treg,TBL1XR1
1.5884528196127418e-13,0.52336926687762,0.311,0.241,5.813896165064596e-9,Treg,SGO1-AS1
1.701981485301247e-13,0.5608593428517107,0.256,0.19,6.229422434351094e-9,Treg,RAB30
1.786640866847664e-13,0.30439023884213556,0.602,0.537,6.539284236749135e-9,Treg,PTBP2
2.3065799775356245e-13,0.5049715412587241,0.285,0.217,8.44231337577814e-9,Treg,HIBCH
2.4228929199609323e-13,0.39021888379092584,0.428,0.354,8.868030376349009e-9,Treg,RPRD2
2.992383554911836e-13,0.2643177888464252,0.668,0.605,1.0952423049332812e-8,Treg,FAM49B
3.411813622035162e-13,0.537280839233954,0.269,0.203,1.2487579038010895e-8,Treg,MBD2
3.48966506997801e-13,0.2784338627332301,0.573,0.499,1.2772523122626515e-8,Treg,VMP1
3.570905700801529e-13,0.2578913778236309,0.804,0.777,1.3069871955503676e-8,Treg,GLS
4.815775116820624e-13,0.319237192620101,0.519,0.46,1.7626218505075167e-8,Treg,TRIM22
5.063441850593518e-13,0.3186533251293826,0.482,0.407,1.8532703517357337e-8,Treg,TMEM87A
5.086157079686189e-13,0.4951187600618013,0.301,0.232,1.8615843527359423e-8,Treg,TSG101
5.653492272133414e-13,0.25455713336549346,0.737,0.695,2.069234706523551e-8,Treg,ATF7IP
8.310000563507436e-13,0.42661824058253806,0.386,0.316,3.041543306249357e-8,Treg,MRTFA
8.567884693946608e-13,0.2814430195472406,0.612,0.536,3.1359314768313984e-8,Treg,STXBP5
8.996416517781732e-13,0.3962717625170432,0.41,0.339,3.2927784096732916e-8,Treg,STAMBPL1
1.0187530048447247e-12,0.3134616886769612,0.61,0.553,3.728737873032177e-8,Treg,VPS13D
1.086568259055598e-12,0.40537895105847066,0.581,0.528,3.976948484969394e-8,Treg,FCHSD2
1.3176992263559674e-12,0.5343645214304809,0.264,0.2,4.8229109383854764e-8,Treg,WASHC5
1.543876049122455e-12,0.34831233853511745,0.569,0.517,5.6507407273930976e-8,Treg,WDR26
1.5590310074070426e-12,0.3370711068208423,0.554,0.489,5.706209390210516e-8,Treg,TMOD3
1.7283672070457938e-12,0.4282979215225814,0.374,0.307,6.32599681450831e-8,Treg,PARP14
1.898147514304159e-12,0.4619001222906024,0.32,0.253,6.947409717104652e-8,Treg,CAPN2
2.2513912626989924e-12,0.35107276920424363,0.397,0.324,8.240317160604583e-8,Treg,TACC1
2.342369603862525e-12,0.43494693401534695,0.356,0.289,8.573306987097229e-8,Treg,ARHGAP12
2.7684551151314466e-12,0.47595984630835386,0.302,0.236,1.0132822566892607e-7,Treg,KPNA3
2.8259219214215917e-12,0.5192221992527439,0.294,0.23,1.0343156824595168e-7,Treg,NDUFAF6
2.8273500654382567e-12,0.26282012227856555,0.722,0.665,1.0348383974510563e-7,Treg,TBC1D5
4.2244749370747255e-12,0.266983810576086,0.596,0.537,1.5462000717187203e-7,Treg,ATP8A1
4.996187311737354e-12,0.27854036932731696,0.529,0.461,1.8286545179689888e-7,Treg,RELCH
5.8748287367445094e-12,0.4463068961480681,0.307,0.243,2.150246065935858e-7,Treg,LIMS1
5.957591166964685e-12,0.4241104138412395,0.31,0.244,2.1805379430207444e-7,Treg,NSF
6.86316286252461e-12,0.29624880873827975,0.597,0.542,2.511986239312633e-7,Treg,RAB2A
8.059428231295133e-12,0.30747829953458794,0.563,0.5,2.9498313269363315e-7,Treg,UBR2
8.711934924102573e-12,0.34448929768875636,0.536,0.474,3.1886553015707827e-7,Treg,CDR2
9.582147247999258e-12,0.4625874856218996,0.339,0.276,3.5071617142402087e-7,Treg,AC016831.5
1.1217314917641381e-11,0.40762975808591134,0.397,0.335,4.105649433005922e-7,Treg,RNASEH2B
1.25795558658427e-11,0.2942970325176151,0.654,0.6,4.6042432424570865e-7,Treg,FBXO11
1.497601352922617e-11,0.40816968647403107,0.399,0.332,5.481370711832071e-7,Treg,FOXN2
1.5803610188182788e-11,0.4561419453598026,0.324,0.259,5.784279364976782e-7,Treg,ABCD2
1.6404662157497553e-11,0.3602755075283427,0.481,0.423,6.004270396265679e-7,Treg,TRAF3IP3
1.823863616578865e-11,0.29903019967702105,0.57,0.51,6.675523223040304e-7,Treg,PTBP3
1.8577918834269036e-11,0.3202081426928274,0.565,0.503,6.79970407253081e-7,Treg,SLTM
1.9262338733571028e-11,0.3841764542250752,0.289,0.224,7.050208599874332e-7,Treg,CDK19
2.3339266898920604e-11,0.31593975211486636,0.511,0.447,8.54240507767393e-7,Treg,SGTB
2.346154607296338e-11,0.3690001517751238,0.437,0.369,8.587160478165326e-7,Treg,RIOK3
2.4417788764952326e-11,0.3850787495892753,0.395,0.329,8.937154865860201e-7,Treg,UXS1
2.589378373686572e-11,0.5073843938569735,0.263,0.204,9.477383785530222e-7,Treg,LSP1
2.7702680172828773e-11,0.403883571130501,0.351,0.288,1.013945797005706e-6,Treg,ANKRD10
3.895474596394924e-11,0.4065675771453905,0.39,0.332,1.425782657026506e-6,Treg,TRAK2
4.423013242980711e-11,0.3731822863489438,0.351,0.283,1.61886707706337e-6,Treg,DBF4
5.5247966551060465e-11,0.31298855974427553,0.47,0.407,2.022130823735364e-6,Treg,SPTAN1
6.064356470230657e-11,0.3725321808604591,0.356,0.288,2.2196151116691227e-6,Treg,ATE1
6.527577321976032e-11,0.48820351500440073,0.257,0.199,2.3891585756164474e-6,Treg,GALM
6.776956640972657e-11,0.3857355154023117,0.32,0.258,2.480433900162402e-6,Treg,ADAM17
7.626410902210118e-11,0.2641938445041059,0.694,0.66,2.7913426543179256e-6,Treg,RASGRP1
7.894955705549421e-11,0.3550790698609119,0.284,0.219,2.8896327377881437e-6,Treg,CD84
8.048431588632046e-11,0.4091208269931361,0.431,0.367,2.9458064457552152e-6,Treg,ATG5
8.989538998610814e-11,0.25568390323832624,0.644,0.592,3.2902611688815443e-6,Treg,UBE2D2
9.69300650873249e-11,0.4174526966393961,0.3,0.238,3.5477373122611786e-6,Treg,MAD1L1
9.869399451040722e-11,0.35897331186249404,0.439,0.379,3.612298893075415e-6,Treg,WASF2
1.1395993491858914e-10,0.3510415579536996,0.387,0.322,4.171047577955281e-6,Treg,MAP4K5
1.2286725670796561e-10,0.28331369218843094,0.577,0.507,4.497064462768249e-6,Treg,STK39
1.427037748439027e-10,0.40615418800642267,0.376,0.314,5.223100863061682e-6,Treg,USP12
1.571314455078765e-10,0.41147970868366146,0.303,0.241,5.751168037033787e-6,Treg,CCPG1
1.5781092632983499e-10,0.3132326979961364,0.564,0.507,5.77603771459829e-6,Treg,TRAF3
2.04280216611162e-10,0.33107526246505925,0.45,0.391,7.47686020818514e-6,Treg,OPTN
2.1687564721464722e-10,0.40155983164655185,0.35,0.289,7.937865563703303e-6,Treg,LYST
2.7186461286920483e-10,0.37981074189985964,0.48,0.428,9.950516695625767e-6,Treg,TRAC
4.0227002951950983e-10,0.34222709806129087,0.352,0.289,1.472348535044358e-5,Treg,RAP1GAP2
5.958817035228507e-10,0.4350567564713187,0.288,0.231,2.1809866230639858e-5,Treg,SLC10A7
6.007187573303153e-10,0.31098502598583866,0.537,0.479,2.1986907237046873e-5,Treg,TPK1
6.064903083536658e-10,0.4001230173673765,0.254,0.197,2.219815177605252e-5,Treg,RETREG3
7.226542539559983e-10,0.3172642991388588,0.485,0.428,2.6449868349043495e-5,Treg,RTN4
7.24761624558476e-10,0.29178582844931344,0.483,0.42,2.652700022046478e-5,Treg,RYBP
7.326328847317146e-10,0.25514627347802166,0.563,0.506,2.6815096214065486e-5,Treg,CFLAR
7.669793149269621e-10,0.37071882841368825,0.394,0.332,2.8072209905641742e-5,Treg,PPP3CB
7.683573322474625e-10,0.4529492289193038,0.278,0.221,2.8122646717589372e-5,Treg,HDAC8
1.123254636648782e-9,0.3386075207037743,0.4,0.342,4.111224295598207e-5,Treg,TRPC4AP
1.163427395348131e-9,0.33634233989816753,0.327,0.265,4.258260609713694e-5,Treg,PPP4R2
1.4428482634306414e-9,0.3029519055062425,0.45,0.391,5.2809689289824907e-5,Treg,TMEM181
1.9289138879259346e-9,0.2861466557903245,0.531,0.477,7.060017721197713e-5,Treg,SMC5
2.541995280091611e-9,0.35056101670390605,0.382,0.327,9.303956924663305e-5,Treg,ANXA11
3.556101802306998e-9,0.428685953217149,0.277,0.224,1.3015688206623844e-4,Treg,SCAI
3.7584841612826394e-9,0.47708426556664363,0.273,0.22,1.3756427878710588e-4,Treg,SLC25A13
3.7841285972089005e-9,0.267553565803326,0.432,0.37,1.3850289078644296e-4,Treg,MORC3
4.540360774516337e-9,0.359134508120886,0.434,0.382,1.6618174470807244e-4,Treg,TLE5
5.20523842312045e-9,0.36335180857077853,0.339,0.282,1.905169315246316e-4,Treg,ATAD2
7.70800800803424e-9,0.32172320866425874,0.429,0.373,2.8212080110206117e-4,Treg,FIP1L1
7.912774152245583e-9,0.27522043185725864,0.507,0.451,2.8961544674634056e-4,Treg,NUTM2B-AS1
8.296453473918645e-9,0.25774194203787837,0.569,0.521,3.0365849359889635e-4,Treg,TPR
8.49693323220504e-9,0.3868756215153343,0.251,0.199,3.109962532319367e-4,Treg,RAB27A
1.0806725029081244e-8,0.29361153131715767,0.512,0.466,3.955369427894026e-4,Treg,TMEM245
1.1362659820919511e-8,0.327784282482435,0.354,0.295,4.1588471210547506e-4,Treg,CDKN1B
1.1389297564473014e-8,0.3065946939921974,0.399,0.34,4.168596801572768e-4,Treg,SLC9A8
1.4322709277602212e-8,0.3653293622057772,0.392,0.34,5.242254822695186e-4,Treg,MYO9B
1.4438381920823131e-8,0.5210563835970603,0.444,0.405,5.284592166840474e-4,Treg,ZSWIM6
1.6432063720578986e-8,0.3250188060277093,0.452,0.399,6.014299642369115e-4,Treg,LINC-PINT
1.6814926973480357e-8,0.2757425769980911,0.45,0.392,6.154431421563545e-4,Treg,CHIC2
1.7546527183623068e-8,0.42156286742930427,0.27,0.219,6.422204414477879e-4,Treg,FAM91A1
1.7813372833654345e-8,0.3047519345478963,0.389,0.333,6.519872590845827e-4,Treg,SH3BGRL
1.862339672994932e-8,0.4712315561299056,0.281,0.23,6.816349437128751e-4,Treg,RAPGEF2
1.885759970403444e-8,0.31129017141786747,0.394,0.338,6.902070067673645e-4,Treg,HCLS1
2.0385744391748826e-8,0.2929975622371723,0.415,0.36,7.461386304823987e-4,Treg,RABGAP1
2.554104544589964e-8,0.35270758790343715,0.328,0.275,9.348278043653728e-4,Treg,ASXL2
2.558795192925674e-8,0.36860415318158246,0.338,0.285,9.365446285627259e-4,Treg,APPBP2
2.690923234424515e-8,0.35562087987301916,0.358,0.305,9.849048130317166e-4,Treg,MAP4
3.2526764633301754e-8,0.32137154314220995,0.421,0.369,0.0011905121123434775,Treg,SMAD3
3.394845738777023e-8,0.27225613882791266,0.482,0.428,0.0012425474888497782,Treg,SPAG9
3.3976303391093105e-8,0.29587333418203077,0.451,0.403,0.0012435666804173986,Treg,MCL1
4.258960999324737e-8,0.3834236744330274,0.282,0.232,0.001558822315362847,Treg,ARHGAP17
4.413254394087288e-8,0.2895993974299177,0.49,0.44,0.0016152952407798883,Treg,STK24
4.469318302617568e-8,0.2530094241282973,0.444,0.384,0.001635815191941056,Treg,PIK3C3
5.9096645775593135e-8,0.35361947708816643,0.281,0.23,0.0021629963320324843,Treg,USP32
6.915938633606055e-8,0.3453002973458389,0.317,0.264,0.002531302699286152,Treg,GON4L
7.00090198442851e-8,0.5023278524284218,0.41,0.367,0.002562400135320679,Treg,TRPS1
7.146747982663476e-8,0.292254262858461,0.385,0.328,0.002615781229134659,Treg,OSBPL3
7.167769214499672e-8,0.2816612716171032,0.354,0.3,0.002623475210199025,Treg,ZNF101
7.2964685442063e-8,0.2953153147872745,0.368,0.314,0.002670580451864948,Treg,PIK3IP1-AS1
7.482405993641725e-8,0.25064028027706553,0.531,0.485,0.0027386354177328077,Treg,CTSS
8.271477505773684e-8,0.3645185014360284,0.258,0.208,0.003027443481888226,Treg,THEM4
8.63622678115629e-8,0.36249655863463726,0.284,0.233,0.0031609453641710137,Treg,CCDC186
9.115233125456477e-8,0.34439906227930206,0.34,0.288,0.003336266476248325,Treg,CMTM7
9.193793625136615e-8,0.3502755413173137,0.309,0.26,0.0033650204047362526,Treg,MAP3K14
1.0964690292818137e-7,0.2588201518905042,0.502,0.457,0.004013186294074367,Treg,ANKRD36C
1.2276844837425403e-7,0.29214137211814917,0.43,0.377,0.004493447978946072,Treg,RNPC3
1.2367713628017777e-7,0.26425060730066363,0.501,0.455,0.004526706864990787,Treg,UVRAG
1.3135628499107008e-7,0.306822769556199,0.338,0.283,0.004807771386958156,Treg,RHBDD1
1.5338167092237784e-7,0.29639036272601427,0.42,0.373,0.005613922537429951,Treg,UBA6
1.58021414051212e-7,0.39172010424569453,0.295,0.246,0.0057837417756884104,Treg,SPPL2A
1.6933144120275047e-7,0.31369078760815255,0.311,0.26,0.00619770007946187,Treg,LEMD3
2.0812219850959516e-7,0.39204387488344206,0.293,0.245,0.007617480587649692,Treg,SCAMP1
2.2568158798182128e-7,0.28939144156782975,0.396,0.343,0.00826017180172264,Treg,TM9SF2
2.2656239233876636e-7,0.2690953304198773,0.591,0.557,0.008292410121991188,Treg,WDR7
2.4563365656374964e-7,0.27145029950567123,0.392,0.342,0.0089904374638898,Treg,CEP120
2.8175372991425837e-7,0.3027104920448943,0.455,0.411,0.01031246826859177,Treg,GRB2
2.8583671998471353e-7,0.28661657638577265,0.538,0.501,0.0104619097881605,Treg,NEK7
2.870730119783416e-7,0.34405825172962634,0.333,0.284,0.010507159311419281,Treg,MDM2
3.0430533515130774e-7,0.3342395021710164,0.349,0.305,0.011137879571873014,Treg,BTN3A1
3.096118298587802e-7,0.3618229364387862,0.368,0.321,0.011332102584661214,Treg,SGK3
3.3675608669171897e-7,0.35595635908956424,0.261,0.214,0.012325609529003606,Treg,SRPK1
3.387611976188787e-7,0.26701196141078576,0.504,0.457,0.012398998594048579,Treg,SELL
4.143976536063619e-7,0.2600695491747519,0.459,0.413,0.015167368519646451,Treg,ODF2L
4.305299213989617e-7,0.37208090887023987,0.263,0.218,0.015757825653123395,Treg,ARHGAP30
4.5288741483652594e-7,0.3347985111062241,0.384,0.334,0.016576132270431684,Treg,BICRAL
4.6198608441538867e-7,0.27702609099636144,0.495,0.457,0.01690915267568764,Treg,EHMT1
4.758976053286317e-7,0.3488562570748948,0.301,0.253,0.017418328252633248,Treg,SLAIN2
4.960046101115367e-7,0.34202042041212366,0.278,0.232,0.018154264734692352,Treg,GTF2E2
5.300594672946364e-7,0.2644165592849187,0.398,0.348,0.01940070656245099,Treg,AP2B1
5.403449399368481e-7,0.278425306833568,0.265,0.217,0.019777165146628577,Treg,POU2F2
5.781064530782671e-7,0.29380866189486043,0.483,0.442,0.021159274289117656,Treg,RAD21
5.961777872625838e-7,0.3614665908689422,0.272,0.224,0.02182070319159783,Treg,GALNT7
6.601504569286156e-7,0.29387877557659525,0.423,0.378,0.02416216687404426,Treg,TMEM63A
7.420147419393998e-7,0.29547394072383804,0.363,0.316,0.027158481569723975,Treg,NUTM2A-AS1
7.502056510798718e-7,0.27001496445454454,0.418,0.37,0.027458277035174387,Treg,KLC1
8.227285045718131e-7,0.2810056178001519,0.502,0.459,0.030112685995832934,Treg,PPP2R2A
8.839925179367964e-7,0.3817677231333577,0.32,0.276,0.03235501014900469,Treg,OAZ1
1.02102699265178e-6,0.27279810027199813,0.427,0.377,0.037370608958047793,Treg,WAPL
1.06197963315618e-6,0.2733739524255364,0.456,0.413,0.038869516553149346,Treg,CLINT1
1.2179834398999149e-06,0.4092790781815975,0.262,0.22,0.04457941188377679,Treg,MIS18BP1
1.2280464263711205e-6,0.31329259616554367,0.36,0.316,0.04494772725160938,Treg,PIKFYVE
1.3126425658954858e-6,0.3580914316228759,0.29,0.247,0.04804403055434068,Treg,LINC01004
1.3311086295838472e-6,0.28591712820138837,0.475,0.432,0.04871990695139839,Treg,C2CD5
1.7077916059892527e-6,0.2814288900539239,0.524,0.48,0.06250688057081263,Treg,KAT2B
1.917071423963672e-6,0.290185527770767,0.499,0.463,0.07016673118849436,Treg,RNF111
2.155231881781504e-6,0.3444856471301496,0.328,0.285,0.07888364210508483,Treg,UBAP1
2.2699417420807515e-6,0.33569953400871083,0.318,0.274,0.08308213770189758,Treg,NCKAP1L
2.651671911237732e-6,0.28350958221332756,0.443,0.406,0.09705384362321222,Treg,HDAC4
2.730218193060194e-6,0.2966526081742496,0.399,0.358,0.09992871608419616,Treg,RSBN1
3.1748806206544976e-6,0.3890721110698285,0.252,0.209,0.11620380559657527,Treg,FAF2
3.266496225043488e-6,0.2728689580625173,0.365,0.316,0.11955702833281671,Treg,TDRD3
3.3877247834387847e-6,0.26401575153725976,0.421,0.374,0.12399411479864296,Treg,LINC00342
4.183725884575274e-6,0.3604564679706317,0.425,0.39,0.1531285511013396,Treg,TRBC2
4.31154550816001e-6,0.36574426207759103,0.283,0.239,0.15780687714416453,Treg,TMX4
4.3357660357603465e-6,0.26516177431789634,0.389,0.344,0.15869337267486444,Treg,TMEM165
4.7903039233968236e-6,0.2510859534047736,0.414,0.365,0.17532991390024713,Treg,AUH
4.7992915317107875e-6,0.2809199197389778,0.448,0.41,0.17565886935214653,Treg,CDC73
5.135236618765221e-6,0.2894650868410532,0.373,0.33,0.18795479548342583,Treg,IGF2R
5.496723214826e-6,0.36818836017054624,0.267,0.225,0.20118556638584645,Treg,TBC1D14
7.1656693958762224e-6,0.2694284388467694,0.363,0.32,0.2622706655584656,Treg,IP6K1
8.091480271568533e-6,0.3603807982134486,0.272,0.23,0.2961562694196799,Treg,BCKDHB
8.118733515394687e-6,0.2568957476384519,0.394,0.353,0.2971537653969609,Treg,FAM13B
8.128452258379393e-6,0.2738852207208433,0.29,0.246,0.29750948110894415,Treg,RO60
8.84159379866366e-6,0.2790253153263086,0.251,0.209,0.32361117462488864,Treg,LINC00278
9.181781963211694e-6,0.31453730649401423,0.286,0.246,0.3360624016355112,Treg,ELK3
9.20496312180901e-6,0.30226462163173806,0.282,0.24,0.33691085522133163,Treg,PARP12
9.937914617483304e-6,0.25038443975926805,0.508,0.473,0.3637376129145064,Treg,CAB39
1.0439327540075635e-5,0.35829930206578636,0.264,0.224,0.3820898272943083,Treg,PARP15
1.0902833235919347e-5,0.28325925313010925,0.431,0.396,0.399054599267884,Treg,KIF5B
1.0989331462219516e-5,0.31767685522024935,0.312,0.275,0.40222052084869653,Treg,CDV3
1.1165698704323566e-5,0.32441969624479616,0.314,0.273,0.4086757382769468,Treg,BAZ2B
1.124266562950301e-5,0.26101248901294194,0.367,0.325,0.4114928047054397,Treg,TUT7
1.2439890924234276e-5,0.3305448233242353,0.283,0.241,0.45531244771789875,Treg,CENPK
1.278802381909798e-5,0.33154330847590935,0.282,0.242,0.4680544598028052,Treg,TRAPPC8
1.3088812341260193e-5,0.26601926890845495,0.37,0.328,0.4790636205024643,Treg,WDR20
1.394279826302247e-5,0.281527680217521,0.316,0.275,0.5103203592248855,Treg,UBXN7
1.4989584871636126e-5,0.2904104394661886,0.297,0.256,0.5486337958867539,Treg,RNF169
1.6115600044575887e-5,0.31032078819951836,0.309,0.268,0.5898470772315221,Treg,NSMAF
1.749308298276542e-5,0.3264274077224497,0.313,0.271,0.6402643302521972,Treg,BTBD10
1.8862748928657585e-5,0.31468724995542663,0.336,0.295,0.6903954735377963,Treg,CSNK1G1
1.999667593099559e-5,0.3012533841749919,0.293,0.251,0.7318983357503696,Treg,EFCAB14
2.039280171293712e-5,0.3190514045499472,0.272,0.233,0.7463969354952116,Treg,WIPI2
2.0525913220727433e-5,0.34750222087328175,0.304,0.266,0.7512689497918448,Treg,ARPP19
2.2902744002745204e-5,0.2720257703040292,0.5,0.471,0.8382633332444772,Treg,RFTN1
2.4646490449418478e-5,0.3079563501998778,0.317,0.277,0.9020861969391657,Treg,MIA2
2.5182532339731934e-5,0.27956844536110365,0.319,0.279,0.9217058661665285,Treg,PTK2B
2.5392493731515873e-5,0.29872054947110266,0.265,0.225,0.9293906630672125,Treg,NEDD1
2.573561147611143e-5,0.2561123307670725,0.568,0.548,0.9419491156371544,Treg,THADA
3.114063017236809e-5,0.2756359711759535,0.378,0.339,1,Treg,FBXW11
3.240483067420607e-5,0.2792112360627743,0.376,0.341,1,Treg,STX8
3.799574344199558e-5,0.2980622029461163,0.334,0.3,1,Treg,CAP1
3.9227693018484066e-5,0.2760899204044236,0.267,0.23,1,Treg,TOPBP1
4.413816767775973e-5,0.31896522110772496,0.299,0.263,1,Treg,PSEN1
4.4304712770542324e-5,0.28689914021711993,0.313,0.275,1,Treg,JAK2
4.7237774232034666e-05,0.29745090549726144,0.282,0.244,1,Treg,TRIM38
4.785547587380918e-5,0.2623901386299392,0.444,0.409,1,Treg,PPP2R5E
5.2394805904256036e-5,0.35360484318432905,0.285,0.249,1,Treg,IL6R
5.6174752388172694e-5,0.26412457611802403,0.315,0.277,1,Treg,APOL6
6.257750941380841e-5,0.27784027263637917,0.365,0.329,1,Treg,DGCR2
6.937935475921556e-5,0.254380449413922,0.419,0.381,1,Treg,ANKRD13C
7.119004340011289e-5,0.26041024894886217,0.371,0.336,1,Treg,SPEN
7.19215289575085e-5,0.265443581868304,0.37,0.334,1,Treg,BIN2
8.049532948541784e-5,0.28412465800182973,0.337,0.305,1,Treg,NAA50
8.187620962232105e-5,0.28034662346192585,0.295,0.256,1,Treg,ZBTB7A
8.249075162763877e-5,0.25347477777496974,0.34,0.304,1,Treg,DDX60L
8.915120023575749e-5,0.26407875444557605,0.337,0.302,1,Treg,TCEA1
1.5628155755414782e-4,0.2969968699126679,0.263,0.228,1,Treg,DDB2
2.153356697447211e-4,0.3020214581776633,0.251,0.217,1,Treg,WASHC3
2.196034008933122e-4,0.2812259054935894,0.297,0.264,1,Treg,KRIT1
2.2046498675491725e-4,0.2696357153366892,0.307,0.274,1,Treg,VPS41
2.3857197418514616e-4,0.26191624541921654,0.264,0.23,1,Treg,TMED5
2.7603384844313754e-4,0.2515040264511045,0.273,0.237,1,Treg,CRADD
3.0609758004944984e-4,0.2893838137382621,0.276,0.244,1,Treg,ACACA
3.118584935144821e-4,0.26033473602435114,0.328,0.292,1,Treg,TNPO3
3.773053522045381e-4,0.26924018795390164,0.314,0.281,1,Treg,MTMR6
3.9903160118319415e-4,0.2769737608548586,0.277,0.246,1,Treg,SEC11A
4.268150851211676e-4,0.2901313783945396,0.257,0.224,1,Treg,TOM1L2
4.3430517783751783e-4,0.25064438289469543,0.324,0.291,1,Treg,BTBD1
4.348905425797988e-4,0.2970575856337177,0.264,0.233,1,Treg,TPM4
4.430517150802714e-4,0.29315178229914507,0.257,0.227,1,Treg,ADAMTSL4-AS1
5.042567318987999e-4,0.3070527469677699,0.325,0.295,1,Treg,GAPDH
6.232770469159039e-4,0.2591015749978012,0.272,0.238,1,Treg,KDM2B
7.084186215973898e-4,0.30891718656434086,0.305,0.276,1,Treg,GBF1
7.162616609191186e-4,0.26450959550894254,0.317,0.289,1,Treg,CAPZA2
7.218617998930166e-4,0.2632317071449643,0.268,0.238,1,Treg,ANKRD36B
9.0763601087358e-4,0.2699748260379908,0.31,0.282,1,Treg,GNAI2
0.0013562172444829973,0.25552118374688554,0.348,0.321,1,Treg,UBE2R2
0.001582749162764415,0.26507722054833294,0.444,0.421,1,Treg,LINC00513
0.0022469651479397157,0.2564398320513652,0.252,0.226,1,Treg,DGKE
0.002607171665403594,0.2616753430719422,0.326,0.304,1,Treg,ARPC1B
0.0028280458160773957,0.25559478563228993,0.271,0.246,1,Treg,TXNDC16
0.005823190749293438,0.2576338365149431,0.265,0.24,1,Treg,CEACAM21
