gene,p_val,avg_log2FC,pct.1,pct.2,p_val_adj
AC105402.3,0,7.410711007798972,0.542,0.029,0
THEMIS,0,-2.064495056582162,0.366,0.817,0
ST6GAL1,0,-2.0792234720992337,0.269,0.697,0
EIF1,0,1.6475102588145993,0.843,0.541,0
RIPOR2,0,-1.8172378913732272,0.715,0.957,0
HLA-C,0,1.9513132290518773,0.972,0.744,0
H3F3B,0,1.3620788949117548,0.891,0.676,0
HLA-A,0,1.2379922387376214,0.964,0.854,0
HLA-B,0,1.6697969183538586,0.988,0.905,0
MBNL1,0,-1.068557233160985,0.96,0.995,0
B2M,0,1.611492205393037,0.996,0.988,0
MT-ND3,0,0.7606840501929915,0.995,0.991,0
MT-ATP6,0,0.9429651989978378,0.995,0.992,0
MT-CYB,0,0.9077532500208019,0.991,0.988,0
MT-CO3,0,0.8862734941309602,0.996,0.994,0
MT-CO2,0,0.7539352892475524,0.996,0.995,0
CCL5,6.312427935389891e-305,1.1881326879245542,0.935,0.847,2.310411748632054e-300
CHST11,7.197390324284594e-297,-1.198607333598404,0.641,0.925,2.634316832591404e-292
TNFAIP8,1.0761198530347854e-296,-1.8062297427952723,0.365,0.751,3.938706274092618e-292
MALAT1,2.1869489877920467e-295,0.35322331197164836,1,1,8.00445199021767e-291
RUNX1,7.156071961391807e-293,-1.3199151180983053,0.637,0.898,2.6191938985890155e-288
SLFN12L,1.213645052778039e-288,-1.3051556116339038,0.57,0.869,4.4420622576729e-284
EEF1A1,3.2087435747456294e-280,0.9285523908708915,0.964,0.902,1.1744322357926479e-275
DOCK10,5.613287336404648e-276,-1.1637808319714371,0.692,0.926,2.0545192979974653e-271
ARHGAP15,2.2261074503973668e-275,-0.8777664310317626,0.95,0.995,8.147775879199403e-271
AP001011.1,1.717176658654467e-274,1.9420105823379636,0.716,0.382,6.2850382883412144e-270
PAG1,3.111547271741695e-268,-1.7331802256072373,0.279,0.705,1.1388574169301779e-263
ARHGEF3,2.9568487949943487e-267,-1.5918061079598187,0.426,0.782,1.0822362274558815e-262
ANKRD44,1.0961099122320618e-266,-0.828692127852694,0.871,0.982,4.0118718897605693e-262
FAU,4.4278094674750924e-265,1.4019326493045374,0.812,0.538,1.6206225431905586e-260
SAMD3,3.311562773513161e-256,-1.4354782721894521,0.501,0.813,1.212065090733552e-251
IKZF1,5.596905816227043e-240,-1.128873747150525,0.649,0.887,2.04852349779726e-235
CXCR4,1.1641396821145997e-237,1.876504159954592,0.664,0.318,4.260867650507646e-233
CDC14A,1.2724339824575318e-236,-1.4094382819179445,0.53,0.831,4.657235619192812e-232
INPP4B,1.174461311828751e-235,-1.6077358121473095,0.396,0.747,4.2986458474244114e-231
PTMA,5.468012260404075e-232,1.0551083471558163,0.909,0.796,2.0013471674304954e-227
FYB1,1.1930178701785972e-231,-1.0196882409227097,0.679,0.906,4.366564706640684e-227
NFATC3,9.366119092072554e-227,-1.2808940363200332,0.505,0.817,3.428093248889476e-222
HLA-E,4.139822184441763e-226,0.8408380534087527,0.952,0.89,1.5152163177275295e-221
UBC,1.0773205446232335e-220,1.7757963311291154,0.662,0.355,3.943100925375497e-216
HCST,3.091216595981725e-220,1.9193929296737346,0.587,0.249,1.1314161862952711e-215
H3F3A,5.0136390326957426e-219,1.2864547252081053,0.785,0.554,1.8350420223569689e-214
PACS1,3.2552932346207507e-215,-1.3703188511310376,0.41,0.75,1.191469876803541e-210
MACF1,1.9418465144582213e-213,-1.0432728616220481,0.642,0.882,7.107352427568536e-209
NKG7,9.180484319369815e-212,1.4830189175707693,0.753,0.52,3.360149065732546e-207
PIK3R5,4.338662287437416e-211,-1.1738329870424908,0.512,0.825,1.5879937838249685e-206
TXNIP,3.305670177836433e-209,0.8040934662376471,0.953,0.908,1.2099083417899129e-204
GRAP2,1.2481171808371303e-207,-1.4988123555802049,0.343,0.691,4.568233693581981e-203
SKAP1,2.262612166254376e-205,-0.7406929059270819,0.87,0.979,8.281386789707642e-201
TNIK,6.805858075694725e-205,-1.0631515644893033,0.599,0.859,2.4910121142850264e-200
CTSW,1.3193328555872345e-204,2.0742927394734503,0.522,0.196,4.828890184734837e-200
SRGN,1.609749709770498e-204,1.1901990031318057,0.835,0.633,5.891844912731e-200
BTG1,7.364403359744889e-203,0.9251488196872502,0.931,0.811,2.695445273700227e-198
PFN1,5.419229311312365e-199,1.4638726573183405,0.723,0.493,1.9834921202334385e-194
UTRN,1.339311982527195e-198,-0.6460308816129259,0.915,0.986,4.9020157872477865e-194
S100A4,1.8438308297777124e-198,1.4787955635448267,0.711,0.451,6.748605220069405e-194
TMSB4X,1.6447681471146085e-196,0.9777801814901865,0.906,0.819,6.020015895254178e-192
MT-ND1,6.982317664777473e-187,0.5660414914227196,0.991,0.986,2.5555980884852027e-182
MT-ND4,1.0213990181829018e-183,0.5071083124522735,0.99,0.991,3.738422546451239e-179
EEF1G,2.1292724900916577e-175,1.3722997696114758,0.674,0.416,7.793350240984476e-171
GZMM,1.640178754108716e-174,1.9269606947902136,0.495,0.199,6.003218257913312e-170
GNLY,2.7578419621401454e-172,1.808984153428391,0.656,0.409,1.0093977365629146e-167
JUNB,9.414089777854336e-172,1.8033278819528693,0.567,0.273,3.445650999592466e-167
LEF1,3.9820449743042307e-168,-2.6163749075566916,0.095,0.378,1.4574682810450916e-163
CD226,1.7412798797104274e-163,-1.9080306143592731,0.166,0.472,6.373258487728135e-159
DOCK8,9.657029148943075e-163,-0.8279819862390059,0.684,0.892,3.534569238804655e-158
SYNE2,1.1782895488709856e-162,-0.5915576519821077,0.925,0.985,4.3126575778226945e-158
CELF2,1.5361711747193685e-162,-0.5914542604406945,0.908,0.979,5.62254011659036e-158
ARAP2,5.294582174512236e-162,-0.8473254298754052,0.666,0.885,1.9378700216932233e-157
MT-ND2,5.355425696307808e-162,0.5364656426989267,0.99,0.991,1.9601393591056206e-157
INPP4A,3.4539973033319753e-159,-1.1275082853754483,0.42,0.73,1.2641975529925363e-154
ARHGAP25,7.71550282810919e-159,-1.0866710561566606,0.491,0.766,2.823951190116245e-154
LCP2,8.394659380782514e-159,-1.2190275571217408,0.357,0.674,3.072529279960208e-154
A2M,2.23033500615271e-158,1.729316478401067,0.568,0.308,8.163249156019534e-154
SCML4,1.2412107799435444e-157,-1.2544966298609177,0.369,0.68,4.5429555756713666e-153
LINC00861,1.407947119811559e-157,-1.6651461575847217,0.213,0.521,5.153227253222287e-153
CAMK4,1.639835515013852e-157,-1.1308222301133901,0.336,0.671,6.001961968502199e-153
CD96,5.936129062845898e-157,-0.9655806515893968,0.59,0.826,2.1726825982922272e-152
MT-CO1,1.7443953130677147e-156,0.382607921399571,0.994,0.994,6.384661285359142e-152
TRERF1,2.981665876269638e-156,-1.1199066368855926,0.421,0.72,1.0913195273734503e-151
ZNF609,5.301903293932653e-156,-1.6335277765689535,0.19,0.498,1.94054962461229e-151
FOXN3,3.0342947995323114e-155,-0.7167857548407519,0.813,0.941,1.1105822395768213e-150
NFKBIA,4.9407385123004914e-155,1.7779157671090542,0.501,0.222,1.8083597028871028e-150
DOCK2,6.8413335477061e-154,-0.7893254338078033,0.73,0.905,2.5039964917959095e-149
BCL2,9.447377417491586e-153,-1.8008313972493872,0.331,0.605,3.457834608576095e-148
IKZF2,2.008410786279445e-151,0.9030856146572876,0.519,0.177,7.350984318861397e-147
DLEU2,2.8414331690972133e-148,-1.3668299696051605,0.269,0.575,1.039992954221271e-143
MDFIC,5.3180814242795084e-148,-1.5346754196817494,0.341,0.62,1.9464709821005428e-143
ATP2B4,9.878053702497093e-148,-1.3186747145729685,0.308,0.614,3.6154664356509613e-143
CCND3,2.718631043127852e-147,-0.9196438700799587,0.557,0.809,9.950461480952251e-143
ATM,7.747593385441233e-147,-0.7794491922439444,0.739,0.908,2.8356966550053455e-142
TMSB10,4.2454174841598595e-145,1.0280100632974902,0.802,0.651,1.5538652533773503e-140
SRP14,2.0186222021364997e-144,1.812278119625344,0.434,0.166,7.388359122039802e-140
CALM1,2.8380001678720286e-144,0.8938705217598937,0.84,0.714,1.0387364414428412e-139
ATXN1,1.0987135936281536e-142,-0.6390387166813531,0.854,0.955,4.021401624038405e-138
SNTB1,1.3549011923321449e-142,-1.3603308181318263,0.279,0.58,4.9590738540548835e-138
APBB1IP,4.972433870320999e-142,-0.8161531905713022,0.641,0.866,1.8199605208761888e-137
PIK3R1,2.389136013854663e-141,0.8573408793228752,0.879,0.738,8.744476724309452e-137
KAT2B,5.152379755487413e-141,-1.2511751473323227,0.368,0.655,1.885822514305948e-136
STK10,5.797826516817714e-140,-0.8955141741969794,0.568,0.817,2.1220624834204514e-135
SAMHD1,2.05780950790417e-139,-0.8985444415563717,0.492,0.775,7.531788579880052e-135
TMEM131L,1.8172705646856864e-138,-1.1527251803760905,0.363,0.658,6.651391993806081e-134
FRYL,2.16991184911756e-137,-0.8721982096921399,0.549,0.81,7.94209435895518e-133
DOCK11,4.801132503252107e-137,-0.9379889454853434,0.475,0.753,1.7572625075153038e-132
PRKCH,7.121165812335854e-137,-0.488158629869913,0.979,0.994,2.606417898973046e-132
ZNF831,2.4577354269308087e-136,-1.1642037979049076,0.311,0.612,8.995557436109453e-132
PRKY,7.531310945208794e-134,-0.9714384084177115,0.45,0.733,2.756535119055871e-129
HERC4,9.56615303010835e-134,-1.076404086900616,0.424,0.699,3.5013076705499576e-129
TSC22D3,1.0464548505622478e-133,1.3001717993918642,0.6,0.352,3.8301293985428836e-129
MAPKAP1,4.4416287332234496e-131,-1.455560148894815,0.211,0.491,1.625680532647115e-126
ABCD2,5.38688507528943e-129,-1.804057051201602,0.123,0.382,1.9716538064066842e-124
ASXL2,1.3752964757221356e-127,-1.6120929061561458,0.156,0.424,5.033722630790589e-123
CAMK2D,5.771451689614845e-125,-0.9036312089305232,0.548,0.784,2.1124090329159293e-120
IKZF3,9.023681392249042e-125,-0.9277042388916463,0.539,0.781,3.302757626377072e-120
SRPK2,1.4443683354155148e-124,-0.7968171636098957,0.642,0.853,5.286532544454325e-120
DUSP2,2.371773587968761e-124,1.7171508650711842,0.475,0.231,8.680928509324463e-120
FLI1,7.802146026326595e-124,-1.0994221952743284,0.386,0.658,2.855663467095797e-119
EPB41,2.023608183568408e-123,-0.7257232848444986,0.687,0.878,7.40660831267873e-119
FUT8,1.5262316791618978e-122,-1.2747998125866578,0.292,0.568,5.586160568900462e-118
CFL1,2.2551347496143297e-122,1.1365724152502739,0.669,0.482,8.254018697063408e-118
ELMO1,1.3204301431561757e-121,-0.7631384792309541,0.649,0.853,4.8329063669659184e-117
CST7,5.061523838784598e-121,1.584087916962113,0.487,0.253,1.8525683402335505e-116
MSC-AS1,2.824950973763328e-120,-1.9831395596745038,0.096,0.329,1.0339603059071158e-115
UBB,7.266685089070196e-120,1.8075347100162462,0.397,0.161,2.6596794094505826e-115
RAPGEF6,1.5249607171754855e-118,-0.9676716274197028,0.4,0.68,5.581508720933995e-114
STK38,3.5754659307954206e-118,-0.82461897046516075,0.563,0.793,1.308656285330432e-113
PRR5L,7.594825609063519e-118,-1.7744616297013596,0.131,0.378,2.7797821211733385e-113
TGFBR3,8.932405112679908e-118,-1.0726714926099135,0.664,0.81,3.269349595291973e-113
GLCCI1,7.918827580367335e-117,-1.1327423143397939,0.35,0.612,2.898370082690248e-112
SSH2,2.6696999091376656e-116,-0.7579881541962452,0.639,0.838,9.77136863743477e-112
RAP1GAP2,6.572269636639642e-116,-1.0179513567425817,0.458,0.71,2.4055164097064755e-111
MYL12A,6.159478199048484e-115,1.3884549319939015,0.515,0.286,2.2544306156337356e-110
NOP53,6.526631655219156e-115,1.283355940391461,0.551,0.329,2.3888124521267632e-110
IL32,4.320441786970721e-114,1.1330930532702326,0.683,0.535,1.5813248984491536e-109
XYLT1,3.1813272327746034e-112,-1.3622386544587353,0.237,0.498,1.1643975804678326e-107
CLEC2D,5.7131298200142245e-112,-0.6481759288288451,0.7,0.881,2.0910626454234064e-107
CIRBP,3.893833969776171e-111,1.3715715438686464,0.511,0.286,1.4251821712777761e-106
ARHGEF18,5.121183260502903e-111,-1.503635080947815,0.187,0.437,1.8744042851766675e-106
RNF213,5.884070724596792e-111,-0.5616499064767901,0.794,0.924,2.1536287259096718e-106
PRKCB,4.136259161741221e-110,-0.5702902576684941,0.836,0.956,1.5139122157889042e-105
PTPRJ,5.1314877812714154e-110,-0.8655301746366986,0.594,0.801,1.878175842823151e-105
ASH1L,1.5486992364943314e-109,-0.724458572318283,0.605,0.817,5.668394075492902e-105
XAF1,1.9249350400593352e-109,-1.6779497262020528,0.126,0.36,7.045454740121173e-105
S100A6,3.439147640244466e-109,1.2861078933497683,0.528,0.301,1.258762427805877e-104
SYTL3,8.186572433109649e-109,0.8924487814060438,0.788,0.639,2.996367376242463e-104
MAP4,4.638992805942692e-108,-1.1967307980235162,0.246,0.508,1.6979177569030846e-103
CDK6,9.569043789373053e-108,-1.3074299302531038,0.271,0.522,3.502365717348431e-103
PCED1B,5.320888782913608e-107,-0.9214582525502195,0.488,0.727,1.9474985034342096e-102
FNDC3B,2.6400994721437577e-106,-0.9890566212057541,0.485,0.717,9.663028077993367e-102
PREX1,3.6696396580051283e-106,-1.0549523327278942,0.34,0.604,1.343124811226457e-101
TBC1D5,6.255165796054161e-106,-0.7378239048005009,0.604,0.824,2.2894532330137833e-101
CARD11,7.674870078655161e-106,-1.098457800174367,0.381,0.629,2.8090791974885756e-101
LINC02384,1.69463477373486e-105,-1.9925449743421275,0.115,0.334,6.202532735346961e-101
TC2N,2.0727707100956275e-105,-0.6777141051669897,0.738,0.876,7.586548076021006e-101
SLC4A7,4.945048582387463e-105,-0.8413209394198227,0.534,0.766,1.8099372316396353e-100
TBC1D22A,8.231557090216315e-105,-0.7948979956704916,0.524,0.762,3.0128322105900737e-100
AHNAK,1.0635493762145835e-104,-0.711059438121159,0.643,0.856,3.892697071882997e-100
BPTF,2.4030178403619194e-104,-0.7301135012709588,0.601,0.813,8.795285597508662e-100
PITPNC1,2.4118720937152006e-104,-0.6216895405140956,0.793,0.906,8.827693050207006e-100
ATF7IP2,2.4343042802661844e-104,-1.8674314775010505,0.11,0.329,8.909797096202261e-100
PIP4K2A,2.9590557052782495e-104,-0.55514245085371,0.868,0.952,1.083043978688892e-99
PIK3CD,3.0065272077649247e-104,-1.1156250348859835,0.266,0.531,1.10041902331404e-99
BCL11B,4.7668745282689185e-104,-0.5832109309614126,0.765,0.906,1.744723746091707e-99
RABGAP1L,5.94109804510094e-104,-0.5240066993196688,0.922,0.98,2.174501295487395e-99
PLCL2,6.22213851745758e-104,-0.7323897997604694,0.646,0.83,2.277364918774649e-99
PTPRC,6.402261827636689e-104,-0.3095200035950594,0.996,0.998,2.3432918515333044e-99
NLRC5,1.7422175877406879e-103,-0.8452553958791229,0.513,0.752,6.376690592889692e-99
DOCK9,2.78467111875288e-103,-1.1630463504432653,0.258,0.516,1.0192174761747415e-98
RORA,6.8381857862837896e-102,-0.585713299220354,0.849,0.93,2.50284437963773e-97
DDX5,1.39353578087338e-101,0.5515817132441536,0.927,0.889,5.100480311574659e-97
PTPN4,2.1850585094166395e-101,-0.6820296721070833,0.631,0.837,7.997532650315842e-97
PTK2B,3.284801833828206e-101,-1.0858241206189403,0.241,0.5,1.2022703191994618e-96
IQGAP2,4.086009826897765e-101,-0.5274486415019366,0.81,0.942,1.495520456742851e-96
CATSPERB,2.1705867978118108e-100,-1.4229073822073735,0.155,0.389,7.94456473867101e-96
CNOT6L,4.667784562775118e-100,0.6691058302029265,0.944,0.924,1.708455827821321e-95
NEAT1,1.239923831962221e-99,-0.6277786562319672,0.787,0.919,4.538245217364925e-95
ATG7,1.707747028643353e-99,-1.0623052647684557,0.307,0.561,6.250524899537537e-95
STIM1,2.584178567041188e-99,-0.8076021138700107,0.497,0.741,9.458351973227452e-95
EIF4G3,2.6556219419318734e-99,-0.9416010391289211,0.473,0.7,9.71984186966485e-95
CYBA,3.734548628998845e-99,0.948421655698894,0.695,0.537,1.3668821436998672e-94
STK39,1.0189993899387243e-98,-0.7173942226390189,0.631,0.83,3.7296396671147246e-94
MAP2K6,1.3045868089708782e-98,-2.1361855784926402,0.081,0.276,4.774918179514311e-94
ITGA4,1.3819283008068097e-98,-0.5865779858336331,0.852,0.944,5.057995773783004e-94
DDX17,1.4270361636944956e-97,-0.6310133134331921,0.679,0.871,5.2230950627382235e-93
SH3KBP1,5.394520598796326e-97,-0.6445152353737567,0.686,0.873,1.9744484843654435e-92
AC079793.1,7.793181509086613e-97,1.1583608149262978,0.571,0.381,2.8523823641407913e-92
PYHIN1,1.112273016877374e-96,-0.7884753025987603,0.584,0.791,4.071030469072877e-92
PDSS2,2.0133791311257283e-96,-1.1670585888800316,0.232,0.475,7.369168957833278e-92
TOMM7,2.1775762712948063e-96,1.2824502529224848,0.482,0.272,7.97014691056612e-92
CEP85L,4.352704538807263e-96,-0.8040241163255686,0.517,0.744,1.5931333882488464e-91
FCHSD2,4.584628782640077e-96,-0.9680169956697882,0.338,0.591,1.6780199807340946e-91
CD74,1.4477742234816305e-95,1.2403793466980797,0.545,0.342,5.298998435365116e-91
PZP,2.5844702035760965e-95,1.590296944994342,0.462,0.265,9.459419392108871e-91
ATRX,3.582437315706021e-95,-0.6701787267710078,0.596,0.811,1.3112078819215607e-90
ANTXR2,3.96523692288365e-95,-1.628263408310322,0.137,0.352,1.4513163661446447e-90
MT-ATP8,6.531588912455811e-95,0.5822856916289396,0.932,0.877,2.3906268578479514e-90
HLA-F,1.376270374881248e-94,1.2003539550552922,0.548,0.36,5.037287199102856e-90
LINC00513,2.8636593303065524e-94,1.6122632715823975,0.438,0.238,1.0481279514855013e-89
TAOK1,4.0026153343245245e-94,-1.1051930084483783,0.27,0.515,1.4649972385161192e-89
NFATC2,4.050167541033158e-94,-0.8523745166381222,0.406,0.666,1.4824018216935461e-89
FAM49B,5.452711632769831e-94,-0.7075524083790512,0.653,0.843,1.995746984710086e-89
SLC9A9,6.857079395300756e-94,-0.9868664406254244,0.345,0.596,2.5097596294740296e-89
ADAM10,8.026486617505567e-94,-0.8568495589369125,0.451,0.688,2.9377743668732126e-89
TTC39B,1.4608963198872265e-93,-1.4468867385117785,0.156,0.379,5.3470266204192374e-89
HEATR5B,1.8691811566576258e-93,-1.1847890574386697,0.198,0.436,6.841389951482576e-89
PICALM,1.95489606270786e-93,-0.560542470294811,0.797,0.916,7.155115079117038e-89
SOS1,2.0694561081857076e-93,-0.8154258533135219,0.506,0.725,7.574416301570509e-89
FTH1,2.8643936366454057e-93,1.2392691046957456,0.553,0.36,1.048396714948585e-88
MAP3K5,3.3582891940322465e-93,-0.7684638099733188,0.547,0.763,1.2291674279077425e-88
TAOK3,7.157387598144233e-93,-0.664405370777509,0.632,0.828,2.6196754347967705e-88
AC068282.1,1.9185466959038432e-92,1.9799924630175236,0.316,0.121,7.022072761677657e-88
CD81,4.433314728465968e-92,1.448904885740244,0.403,0.195,1.6226375237658289e-87
MYL12B,6.568598688298278e-92,1.4257712794177744,0.42,0.217,2.404172805904053e-87
PAM,1.394888474638155e-91,-0.775492587800338,0.568,0.77,5.1054313060231115e-87
S100PBP,1.5627971062108835e-91,-1.7026792685366843,0.093,0.289,5.719993688442454e-87
MLLT3,1.377652599952829e-90,-0.9936344679227043,0.358,0.597,5.0423462810873494e-86
CCDC88C,3.0440789859790236e-90,-0.7510354044933447,0.527,0.743,1.1141633496581824e-85
PIBF1,1.4789052995978131e-89,-0.9394992805970328,0.319,0.566,5.412941287057955e-85
RASSF3,2.515239093291211e-89,-0.9846773265092194,0.332,0.572,9.206026605355161e-85
NEDD9,3.687443698298652e-89,-1.0677272742959962,0.286,0.523,1.3496412680142895e-84
PVT1,4.21801596293308e-89,-1.9552437859251333,0.079,0.264,1.5438360225931366e-84
IFNAR2,5.2273848713147816e-89,-1.1093972501084015,0.213,0.45,1.9132751367499233e-84
MAML2,6.180659258239779e-89,-0.9117477850464479,0.568,0.747,2.2621830951083414e-84
USP25,2.0442560694067078e-88,-0.6867518077521391,0.595,0.802,7.482181639635491e-84
GZMH,2.508434751975829e-88,1.3922860139172157,0.498,0.315,9.181122035706732e-84
JUN,3.907000870166583e-88,1.9752891973342566,0.319,0.13,1.430001388489671e-83
RCSD1,6.644431610297437e-88,-0.9849320933194285,0.336,0.571,2.431928413684965e-83
R3HDM2,1.7354180246161649e-87,-0.896136848435396,0.364,0.603,6.3518035118976254e-83
AFF1,2.514497175505834e-87,-1.173603133365968,0.3,0.527,9.203311112068903e-83
FTX,7.197284491562318e-87,-0.6772410965183622,0.623,0.816,2.634278096756724e-82
PPIA,7.873565114863537e-87,1.149474630393125,0.525,0.341,2.881803567691203e-82
KLRF1,2.5427208678199137e-86,1.5337932392346514,0.314,0.119,9.306612648307666e-82
RERE,4.348679680907471e-86,-0.9863730465325982,0.333,0.563,1.5916602500089435e-81
MRTFA,4.6832264750404306e-86,-1.1976053556472848,0.197,0.424,1.714107722129548e-81
HNRNPA1,9.313283306614417e-86,0.9985403201115544,0.576,0.397,3.408754823053943e-81
PLCG2,1.4073955100803898e-85,0.5722464984129347,0.989,0.984,5.151208306445235e-81
SEMA4D,2.2232663491218904e-85,-0.9476876154392851,0.344,0.583,8.137377164421031e-81
TBCK,1.5666878175474218e-84,-1.0265878088618807,0.25,0.483,5.734234081005319e-80
CHD9,3.473931862611016e-84,-0.9689708612553163,0.319,0.551,1.271493801034258e-79
MYL6,1.0419136113438468e-83,1.0408879383538117,0.556,0.378,3.8135080088796136e-79
ADGRG5,1.1165983545497553e-83,-1.5055215493729937,0.127,0.326,4.086861637487559e-79
SPG11,1.3621555354803528e-82,-0.9928392473871114,0.303,0.538,4.985625475411639e-78
MYCBP2,1.8927832892953854e-82,-0.5549754489121321,0.716,0.891,6.92777611715004e-78
SUPT3H,4.9482429238170654e-82,-1.001628989863514,0.277,0.505,1.8111063925462843e-77
PPP3CA,5.148486910106707e-82,-0.6354473298172221,0.642,0.826,1.884397693968156e-77
MYO1F,6.671275764106898e-82,-0.7742379316491328,0.487,0.717,2.4417536424207656e-77
AC093865.1,1.1309861301494796e-81,1.1007397296926311,0.332,0.127,4.13952233496011e-77
NEK7,1.393485042996399e-81,-0.7552390025560904,0.481,0.71,5.10029460587112e-77
FARS2,1.6173196072505518e-81,-0.9334306912734988,0.342,0.565,5.919551494497745e-77
MBP,4.687840122993051e-81,-0.6181795707690423,0.686,0.84,1.7157963634166868e-76
UBR2,1.4403839195015943e-80,-0.7118952107104795,0.508,0.715,5.271949183767785e-76
WDR7,1.925068596395867e-80,-0.7426152229062721,0.417,0.664,7.045943569668513e-76
RAPGEF1,1.9693646559315803e-80,-0.6423240833349944,0.622,0.813,7.208071577175177e-76
CAMKMT,2.1409866772907777e-80,-0.9667800043635866,0.374,0.591,7.836225337551976e-76
VTI1A,3.946588492430922e-80,-0.6649870571021914,0.594,0.789,1.4444908541146418e-75
E2F3,4.976105484112095e-80,-1.3758687910263754,0.147,0.35,1.8213043682398678e-75
MBD5,7.799617250545108e-80,-0.666485965340089,0.57,0.771,2.854737909872015e-75
ZCCHC7,1.3593399862548656e-79,-0.7311216335498079,0.512,0.718,4.975320283691434e-75
EXOC4,2.1365435849728785e-79,-0.560000976014285,0.691,0.868,7.819963175359232e-75
DGLUCY,4.0206073223417144e-79,-1.3671822482462788,0.154,0.356,1.4715824860502908e-74
STX8,4.076626816250196e-79,-0.9982853115443763,0.29,0.513,1.4920861810157344e-74
TAF15,4.201030866053045e-79,-0.8679638958948156,0.326,0.564,1.537619307284075e-74
ITM2B,4.2088241909767277e-79,0.7555360851615764,0.691,0.545,1.540471742139392e-74
RACK1,6.372584049003848e-79,1.0172741591294443,0.55,0.379,2.3324294877758984e-74
CD3D,8.238085628918569e-79,1.2690200736302777,0.432,0.242,3.0152217210404853e-74
RBM6,1.2299151056841242e-78,-0.8525385036939435,0.379,0.607,4.501612278314463e-74
VCL,3.611801195671953e-78,-1.351236868659293,0.196,0.399,1.3219553556278915e-73
SRSF5,3.7774925826100276e-78,0.8800148180260458,0.628,0.482,1.3826000601610963e-73
SSBP3,3.921899070628446e-78,-1.1152053843631424,0.278,0.49,1.4354542788407174e-73
PDE7A,7.445282279719163e-78,-0.7435662853577973,0.504,0.713,2.725047767200011e-73
SERF2,9.7377799410827e-78,1.18466254352588,0.481,0.298,3.564124836235679e-73
LINC00278,1.3704992023438416e-77,-1.0186168101434,0.256,0.478,5.016164130498695e-73
ETV6,1.4420830112119084e-77,-1.003219019420183,0.268,0.485,5.278168029336706e-73
ZFP36L2,2.1731792144754364e-77,0.7164427438751364,0.826,0.754,7.954053242901545e-73
CD63,2.957030388994309e-77,1.6836042018567257,0.305,0.128,1.082302692675807e-72
COX4I1,3.526463414591742e-77,1.1970424446079355,0.451,0.267,1.2907208743747235e-72
SLAMF6,3.701793236681575e-77,-1.2838910237387369,0.143,0.344,1.3548933425578233e-72
OAZ1,3.785153169252147e-77,1.2206428359959869,0.458,0.278,1.3854039114779783e-72
CYTH1,5.217514330286849e-77,-0.5543248168921715,0.726,0.876,1.9096624200282897e-72
AOAH,5.632533762632706e-77,-0.6692584570970728,0.725,0.844,2.0615636824611966e-72
ADD3,6.8863688360260016e-77,-0.7428573277577599,0.512,0.713,2.5204798576738767e-72
NCOA3,7.395025619279955e-77,-0.9696633837263258,0.302,0.529,2.7066533269126563e-72
GPRIN3,1.4766112088784538e-76,-0.7845376369146473,0.462,0.674,5.404544685616029e-72
PTGDR,1.865538892687779e-76,-1.3982520284052569,0.148,0.341,6.828058901126541e-72
SH3BGRL3,2.02976603667925e-76,1.1252980376722679,0.533,0.372,7.429146670849723e-72
JAK2,3.2712311712036504e-76,-0.9955858545918322,0.242,0.463,1.1973033209722481e-71
R3HDM1,1.0593210939794195e-75,-1.0857387341423366,0.231,0.443,3.8772211360740735e-71
TMA7,1.3751363325009845e-75,1.3837639495677023,0.367,0.185,5.0331364905868535e-71
STAT1,1.4352334626751464e-75,-1.0403562965015238,0.343,0.552,5.253097996737303e-71
PRKCA,2.58449970248062e-75,-1.2352781466420768,0.223,0.428,9.459527361049318e-71
AAK1,4.535749791975357e-75,-0.5271549663581592,0.746,0.888,1.6601297813609006e-70
GLG1,7.305466177191439e-75,-0.6419380320526846,0.557,0.762,2.6738736755138383e-70
NCALD,4.728195366139377e-74,-0.6886180932069275,0.619,0.79,1.7305667859606733e-69
AC119396.1,5.070794524631291e-74,-2.102672109445121,0.046,0.191,1.855961503960299e-69
RUNX3,5.104758835778095e-74,0.6348514595736314,0.811,0.713,1.8683927814831406e-69
CEMIP2,6.551379469482626e-74,0.6845299427838216,0.834,0.707,2.3978703996253356e-69
SP100,1.0883004566665386e-73,-0.5553329889226313,0.67,0.842,3.983288501445198e-69
TFCP2,1.3390967435298115e-73,-1.3691550932436982,0.118,0.303,4.901227990993463e-69
ZNF638,1.9373547345356823e-73,-0.7187609590750872,0.427,0.653,7.090912063874051e-69
GAPDH,5.2624125241175896e-73,1.1380604262316345,0.468,0.29,1.926095607952279e-68
CARD8,1.1911813966519325e-72,-1.2617688942227714,0.158,0.354,4.359843029885738e-68
SLAMF1,1.2186396208697071e-72,-1.9076401177208944,0.055,0.204,4.460342876345215e-68
UBA52,1.7000671090367075e-72,0.9277720141188868,0.577,0.425,6.222415625785253e-68
ARL15,1.8843975590513502e-72,-0.6399287365576272,0.633,0.802,6.897083505883847e-68
ZFAND3,5.60742974730146e-72,-0.48952534141777004,0.776,0.914,2.0523753618098074e-67
MAP4K4,7.794969876793302e-72,-0.7750559864465411,0.395,0.614,2.8530369246051167e-67
USP28,1.0311188330496554e-71,-1.1815298694272593,0.183,0.384,3.7739980408450436e-67
NUMB,1.4085208051400912e-71,-1.1007339747294658,0.187,0.39,5.1553269988932475e-67
OSBPL3,2.1115640405529298e-71,-0.9621411696694901,0.279,0.491,7.728535544827779e-67
DLG1,2.327735708771627e-71,-0.6927376780640981,0.464,0.684,8.519745467675033e-67
ST8SIA4,4.698943336929354e-71,-0.9597420619258595,0.328,0.539,1.719860250749513e-66
UBAC2,5.390129762638939e-71,-0.6752041700618225,0.541,0.74,1.972841394423478e-66
RESF1,5.510931504052028e-71,-0.6675846355454875,0.551,0.75,2.0170560397980827e-66
COX7C,6.918027553020584e-71,1.2998445368097795,0.371,0.194,2.5320672646810637e-66
CERS6,2.0014834278751686e-70,-1.49711281630061,0.099,0.268,7.325629494365904e-66
MGAT5,2.0919111361841745e-69,-0.7341308454636399,0.343,0.571,7.656603949547698e-65
ARHGAP35,2.8949038593608077e-69,-1.1193527633045235,0.194,0.394,1.0595637615646491e-64
USP32,5.052669208164817e-69,-1.1804334848257234,0.169,0.359,1.8493274568804044e-64
COX6C,6.14097654473446e-69,1.696507157154823,0.267,0.108,2.2476588251382595e-64
RBL2,6.375841643736961e-69,-0.6203766306677667,0.554,0.754,2.333621800024165e-64
TRANK1,7.581284598260492e-69,-0.9712717859984853,0.233,0.444,2.7748259758093228e-64
SERINC5,8.34266911597564e-69,-1.210460531667739,0.193,0.387,3.053500323138244e-64
HMBOX1,9.70151623366361e-69,-1.0673745007745397,0.215,0.419,3.5508519566832176e-64
TRAF3IP3,1.08105210799579e-68,-0.9127926192371256,0.285,0.499,3.9567588204753904e-64
ROCK2,1.9150861360236417e-68,-1.2352179992745984,0.152,0.339,7.009406766460132e-64
ATP10A,1.970421716802403e-68,-1.045249955666848,0.227,0.429,7.211940525668475e-64
UBE3C,3.440300383495846e-68,-0.8715166242082184,0.314,0.527,1.2591843433633148e-63
GAB3,3.834612650592557e-68,-0.9777050881436892,0.264,0.472,1.4035065762433817e-63
CYFIP2,3.8478039816287114e-68,-0.6252688853292674,0.556,0.759,1.4083347353159246e-63
CSNK1G1,4.463083398247684e-68,-0.9110770770701982,0.22,0.429,1.6335331545926348e-63
TSPAN14,7.615596197456279e-68,-1.0458801203203745,0.206,0.411,2.7873843642309724e-63
FOXP1,7.906259559700411e-68,-0.43563003231482567,0.88,0.951,2.8937700614459475e-63
SSR4,1.409580733839238e-67,1.606213461047859,0.28,0.12,5.159206443924995e-63
MAN1A1,1.6532443668776348e-67,-1.0118000596196792,0.293,0.491,6.051039707208831e-63
TMEM135,2.047064211345131e-67,-1.0185363688771893,0.232,0.433,7.492459719944314e-63
TPT1,2.1062302802487723e-67,0.8147111622333314,0.67,0.564,7.709013448738532e-63
SEL1L3,2.3606522019491705e-67,-1.0869780248981906,0.195,0.393,8.640223124354159e-63
LYZ,2.6590630625525383e-67,1.0886850256092666,0.509,0.352,9.732436715248545e-63
TRAPPC9,3.306996997979644e-67,-0.6536273530886691,0.492,0.705,1.2103939712305295e-62
TCF12,3.380343477916318e-67,-0.5209102379409707,0.657,0.83,1.2372395163521517e-62
ITGAL,3.9327852117963846e-67,-0.6296231013188085,0.546,0.744,1.4394387153695947e-62
VOPP1,5.958026791909671e-67,-0.7210511753465998,0.424,0.633,2.1806973861068587e-62
LRCH1,7.645054146823112e-67,-1.0625042100403188,0.178,0.373,2.7981662682787274e-62
SRBD1,7.742296284028353e-67,-1.3080658908209644,0.148,0.327,2.8337578629172176e-62
ARHGAP26,8.009616693583284e-67,-0.5179059819588088,0.74,0.889,2.9315998060184175e-62
HLA-DPB1,1.5914239938852584e-66,1.2513853095623073,0.367,0.195,5.824770960019434e-62
SFMBT2,2.2826073218673746e-66,-0.6869143342988653,0.432,0.643,8.354571058766778e-62
PPP1R21,2.6930925682585675e-66,-1.1084335212832874,0.175,0.368,9.856988109083183e-62
ST8SIA1,2.9357470429754416e-66,-1.957414243260876,0.066,0.211,1.0745127751994414e-61
ATXN2,3.7396645365250126e-66,-1.101041586468388,0.169,0.359,1.3687546170135198e-61
ERBIN,4.908647033496165e-66,-0.5726314900456699,0.627,0.796,1.796613900729931e-61
NCK2,1.1572014928904203e-65,-0.6873587926227662,0.391,0.614,4.235473184128227e-61
RSU1,1.1703781566394268e-65,-1.066952684747828,0.218,0.41,4.283701091115966e-61
TRAPPC8,1.534191936630355e-65,-1.15496752982952,0.157,0.341,5.615295907260763e-61
KLF2,1.6193074930750045e-65,0.8920684237091477,0.603,0.467,5.926827355403824e-61
DIAPH1,3.2559743803750937e-65,-0.6474967805047098,0.529,0.731,1.1917191829610881e-60
SLC39A11,5.4148190597075985e-65,-0.9406612092637283,0.25,0.452,1.981877924043578e-60
SYNRG,6.068072264998992e-65,-0.7528922919736944,0.345,0.564,2.220975129712281e-60
SGCD,6.854376490101072e-65,0.9309853572581459,0.449,0.25,2.508770339141893e-60
RORA-AS1,7.903204866876617e-65,1.2597996523712267,0.423,0.26,2.892652013325511e-60
TRBC2,8.844617924261284e-65,1.2460526070222104,0.481,0.334,3.237218606458872e-60
ANKIB1,1.0512211497225345e-64,-0.7385620860343916,0.383,0.588,3.8475745300994487e-60
NDUFA4,1.35496383889534e-64,1.8331996862533542,0.231,0.085,4.959303146740834e-60
DDX10,1.42148004571983e-64,-1.2403947584630524,0.155,0.336,5.20275911533915e-60
TMEM63A,1.4724415019006785e-64,-1.2044969263030443,0.141,0.321,5.389283141106673e-60
RAB11A,1.813249687954533e-64,1.1924375594343886,0.485,0.328,6.636675182882386e-60
LARP4B,2.037572978882805e-64,-0.8754985849082627,0.301,0.507,7.457720860008955e-60
JARID2,4.041934505718044e-64,-0.7668870169386881,0.356,0.571,1.4793884484378612e-59
CBL,4.9035089359521744e-64,-1.2465777315890263,0.118,0.289,1.7947333056478555e-59
ATP6V1G1,1.648019792518175e-63,1.3792833373499338,0.336,0.174,6.031917242595772e-59
LDLRAD4,1.6825907424960288e-63,-1.1925418143601403,0.158,0.336,6.158450376609715e-59
TBL1XR1,1.993530813515391e-63,-0.6398910627674299,0.545,0.726,7.296522130547683e-59
MYBL1,2.832070116417465e-63,-0.7852331955393166,0.577,0.724,1.0365659833099563e-58
HDAC8,3.086004983860894e-63,-1.2246814238341701,0.174,0.353,1.1295086841429258e-58
SAMD9L,3.7006933944706287e-63,-1.25115228798611,0.123,0.294,1.3544907893101948e-58
EIF5A,3.7103566016650934e-63,1.6728387177305666,0.263,0.113,1.3580276197754409e-58
GALK2,4.308338601811846e-63,-1.2608070183458158,0.122,0.292,1.5768950116491537e-58
GMDS,5.204789972051112e-63,-0.7559226655028437,0.398,0.603,1.9050051776704275e-58
FOCAD,7.359677867189378e-63,-1.115669940871291,0.176,0.361,2.6937156961699842e-58
HCG17,9.212701646231012e-63,-1.6975980090106577,0.063,0.204,3.3719409295370126e-58
MSI2,1.4022504527576699e-62,-0.578495209123038,0.577,0.757,5.1323768821383475e-58
AL157938.2,1.742726811885938e-62,1.6563600239873868,0.264,0.112,6.378554404183722e-58
EVL,1.744273149765112e-62,-0.6023475313804265,0.487,0.692,6.384214155455287e-58
SETX,2.0865185562430695e-62,-0.6992972550764114,0.416,0.629,7.636866567705258e-58
B4GALT5,2.433628730749663e-62,-0.9690425820441761,0.258,0.451,8.907324517416843e-58
SND1,6.767033685234148e-62,-0.6367734990417484,0.483,0.692,2.4768019991325504e-57
IFITM1,9.51138403511407e-62,2.3892184202385973,0.162,0.041,3.481261670692101e-57
ACAP2,3.198476622951674e-61,-0.5822531322079423,0.548,0.734,1.1706744287665422e-56
ASCC3,3.8135891406119015e-61,-0.6006340696799384,0.551,0.742,1.395811761355362e-56
HLA-DRB1,4.041164173002807e-61,1.6000284464892922,0.276,0.123,1.4791064989607575e-56
TRG-AS1,9.894733625661245e-61,-1.1444240790890055,0.234,0.411,3.6215714543282725e-56
BRD7,9.984936575968687e-61,1.0979121879537184,0.479,0.333,3.6545866361702992e-56
KIAA0825,1.3923351781576536e-60,-1.755839164953642,0.093,0.241,5.096085985574828e-56
AC104365.1,1.4182646113192932e-60,2.0744061536027427,0.199,0.067,5.190990303889745e-56
CDKN2D,1.5165405908744673e-60,1.9179825253382554,0.218,0.08,5.550690216659637e-56
IFI16,1.7077705656491001e-60,-0.6009034681476397,0.497,0.702,6.250611047332271e-56
NACA,1.8273709938593604e-60,0.9681207722834435,0.489,0.337,6.688360574624645e-56
DDX60,2.185543821657882e-60,-1.2447170501939735,0.127,0.293,7.999308941650014e-56
MIF,3.120894338251635e-60,1.6735135494340978,0.243,0.098,1.142278536743481e-55
CHCHD2,3.160588457524336e-60,1.3550495559292204,0.339,0.184,1.1568069813384823e-55
RAB27A,3.212697425204741e-60,-0.7503460462968301,0.395,0.591,1.1758793845991872e-55
RFX3,3.409675684898439e-60,-0.6776249776591794,0.477,0.673,1.2479753974296777e-55
THADA,3.6466715143716227e-60,-0.7128030603180251,0.381,0.586,1.3347182409751576e-55
RBM3,4.574958180434154e-60,1.1054818003547493,0.421,0.261,1.674480443620705e-55
SGMS1,4.7148145699766777e-60,-0.7829915183897549,0.34,0.54,1.7256692807571638e-55
HCG18,4.831849681026651e-60,-1.403136883413813,0.083,0.233,1.7685053017525644e-55
LRCH3,4.973789262901083e-60,-0.7556871101470359,0.301,0.512,1.8204566081144255e-55
ELP4,7.736654994660358e-60,-0.9259595054349493,0.276,0.463,2.8316930945956375e-55
BABAM2,1.232088793635502e-59,-0.6533172799269573,0.45,0.643,4.509568193585301e-55
BTF3,1.8939023262802872e-59,1.2527487851979109,0.34,0.18,6.93187190441848e-55
TPK1,2.1118167064649035e-59,-1.0360938408505012,0.233,0.418,7.729460327332193e-55
COX8A,2.7425579754684145e-59,1.939559525163089,0.2,0.068,1.0038036446011944e-54
TRBC1,3.3342228691998934e-59,1.413133149841425,0.367,0.214,1.220358912355853e-54
JAZF1,6.486681804372265e-59,-0.8151903594675616,0.491,0.651,2.374190407218293e-54
DENND2D,8.559463218487982e-59,-1.4242478098259537,0.09,0.24,3.1328491325987863e-54
HIVEP2,8.68961089453865e-59,-0.7600193812026106,0.44,0.627,3.180484483510091e-54
SENP7,1.0255317184179967e-58,-0.7835923858098542,0.326,0.529,3.75354864258171e-54
PCNX2,1.171684017111041e-58,-0.6984528248164799,0.384,0.588,4.288480671028121e-54
PHF21A,1.759260207220818e-58,-0.6411131929503571,0.502,0.684,6.439068284448916e-54
FBXL20,1.967045798642853e-58,-0.750033342903369,0.319,0.52,7.199584327612706e-54
HIP1,3.391756739195266e-58,-1.8190853253419974,0.06,0.19,1.2414168841128593e-53
PPDPF,6.950671264834498e-58,1.5843220785061023,0.242,0.101,2.5440151896420745e-53
BCAS3,8.706348248138527e-58,-0.6181266687963092,0.587,0.752,3.186610522301182e-53
LINC01138,1.0020724099325034e-57,-0.7902124550895844,0.312,0.508,3.6676852275939556e-53
CD6,1.223442954596027e-57,-0.6842927359311153,0.362,0.568,4.477923558116918e-53
SPN,1.508858206345551e-57,-0.922792820179281,0.239,0.43,5.522571921045351e-53
ITK,2.0326589411539057e-57,-0.5270518041900294,0.67,0.821,7.43973499051741e-53
IFI44L,2.4433165099488793e-57,-1.8725464642827698,0.027,0.135,8.942782758063893e-53
HIVEP3,2.571929498039662e-57,-0.7078438744498006,0.445,0.635,9.413519155774966e-53
TANGO6,2.7818172963377786e-57,-0.9890424919526807,0.167,0.342,1.0181729486325904e-52
FAM168A,2.8024205135278165e-57,-1.2115415355472665,0.145,0.31,1.025713932156316e-52
TTC13,3.803416591159323e-57,-1.3192633508813596,0.114,0.27,1.3920885065302238e-52
TRIO,3.9200229166186336e-57,1.68983715696338,0.218,0.081,1.4347675877115861e-52
DDX60L,7.012529243827547e-57,-0.9471096784573159,0.209,0.394,2.5666558285333206e-52
SMARCAL1,8.000773864377585e-57,-1.91395519997062,0.042,0.161,2.92836324210084e-52
ACYP2,1.210424486900272e-56,-0.9170944985621425,0.242,0.427,4.430274664503686e-52
PPP2R2B,1.4634272703390633e-56,-0.8125142817449247,0.505,0.657,5.356290152168006e-52
ASAP1,1.8795981611504756e-56,-0.7054305393191342,0.295,0.488,6.879517229626856e-52
WWOX,2.0311174021314443e-56,-0.7067199815165819,0.506,0.685,7.434092803541299e-52
H1FX,2.6862866038569033e-56,1.4004498670560221,0.334,0.182,9.832077598776651e-52
ACVR1,3.5963501818238284e-56,-1.861366335472368,0.051,0.174,1.3163001300493395e-51
TMEM65,3.6177576911427243e-56,-1.2284503785308114,0.142,0.303,1.3241354925351485e-51
ANKRD17,5.604905565934455e-56,-0.5273861451738466,0.587,0.768,2.05145148618767e-51
AC023424.3,6.354124026773699e-56,1.7426363899244517,0.255,0.115,2.3256729350394416e-51
RNF149,1.6145615901764814e-55,-0.5456347673680051,0.54,0.727,5.909456876204939e-51
DIAPH2,1.8524553500352947e-55,-0.6140902260595997,0.523,0.699,6.780171826664182e-51
PPIB,2.005612293326796e-55,1.2429705144073955,0.343,0.193,7.340741554805407e-51
GZMA,2.0524819746641062e-55,1.0569402686395613,0.463,0.315,7.512289275468095e-51
CNTRL,2.3207887010677538e-55,-0.7051618296203528,0.335,0.538,8.494318724778086e-51
ZMYM4,2.7886472437231782e-55,-1.046959503655198,0.187,0.36,1.0206727776751205e-50
PPP3CC,3.379796509056763e-55,-0.48908270170359147,0.656,0.819,1.2370393202798657e-50
TGFBR1,3.3986510471617106e-55,-0.8899379265417844,0.248,0.435,1.2439402697716577e-50
GATAD2B,4.0474788201231026e-55,-0.6175942324042447,0.423,0.624,1.4814177229532568e-50
MIA2,4.39928166699639e-55,-0.839960013712772,0.271,0.46,1.6101810829373486e-50
LRBA,5.755397833278929e-55,-0.3265310341630161,0.91,0.965,2.1065331609584207e-50
VPS8,7.891275077370746e-55,-0.8855855858533084,0.264,0.45,2.8882855910684667e-50
PLXNC1,8.963665726457418e-55,-1.2995610879512633,0.111,0.26,3.2807912925406794e-50
SIPA1L3,1.1867342727895974e-54,-1.09953869898389,0.152,0.315,4.343566111837206e-50
BIRC6,1.3303302115207917e-54,-0.3728747734135105,0.834,0.935,4.869141607187249e-50
MED13L,1.958869209970426e-54,-0.48124797290551635,0.688,0.833,7.169657195412756e-50
ATP11C,2.3690192865896598e-54,-1.123015907316672,0.135,0.293,8.670847490846813e-50
HSPA5,4.4037400109460254e-54,1.0927193968320636,0.409,0.26,1.6118128814063547e-49
LDAH,5.531387059609635e-54,-1.3893092656205226,0.079,0.215,2.0245429776877227e-49
EEF1D,6.062088241056511e-54,0.8206885632707025,0.551,0.421,2.2187849171090934e-49
ITGB1,8.098167511825255e-54,-0.9071401675795218,0.394,0.561,2.9640102910031614e-49
ATF7,1.2510975621190886e-53,-1.386536959762135,0.093,0.235,4.579142187112076e-49
METTL15,1.33047269837169e-53,-0.8784969360568442,0.267,0.445,4.869663123310223e-49
GIMAP4,1.5479928942155698e-53,-1.3329104484809144,0.091,0.234,5.665808792118407e-49
LPP,1.5842791550578467e-53,-0.47248143398521636,0.737,0.873,5.798620135427225e-49
TTC17,1.616104381259674e-53,-0.5116265822292396,0.641,0.79,5.9151036458485324e-49
AC006059.1,1.8368186349271806e-53,1.9189099002223384,0.19,0.068,6.722939885696974e-49
CFLAR,2.9276548380430696e-53,-0.5956641584886793,0.511,0.697,1.071550947272144e-48
TMCC1,3.447336313785683e-53,-0.9341689355849686,0.226,0.399,1.2617595642086979e-48
MYCBP2-AS1,4.373527215793307e-53,1.5568493088547661,0.247,0.11,1.600754696252508e-48
STAT5B,5.336798181880078e-53,-0.7537377870711544,0.314,0.505,1.9533215025499272e-48
TOX,6.220784189223764e-53,-0.8890900252247782,0.499,0.634,2.2768692210977896e-48
AC027097.2,7.627583950017614e-53,-1.5167755877268114,0.079,0.21,2.7917720015459465e-48
HIST1H4C,7.739882564469306e-53,1.6039602292927255,0.248,0.114,2.832874417421411e-48
SPPL3,9.397594733557165e-53,-0.7335901156096237,0.347,0.535,3.439613648429258e-48
NIN,1.1295368848422124e-52,-0.600080953700312,0.523,0.707,4.1342179522109815e-48
NHSL2,1.1822555020847366e-52,-2.512983368233899,0.021,0.115,4.3271733631803444e-48
RAP1B,1.701813473053473e-52,-0.42321294443726165,0.806,0.904,6.228807492723016e-48
PBRM1,1.7593348818859577e-52,-0.711448485720852,0.345,0.538,6.439341601190794e-48
INPP5D,2.41202322627919e-52,-0.49025145064581266,0.583,0.765,8.828246210504464e-48
SLC25A6,2.434221095592035e-52,1.2033526285590546,0.319,0.171,8.909492631976407e-48
GBP5,2.439005390148455e-52,-0.8343405975056319,0.297,0.48,8.927003628482361e-48
SPIDR,2.9083796667527937e-52,-0.629438787425217,0.462,0.644,1.06449604182819e-47
CCDC7,3.1627998058452107e-52,-0.765313080465961,0.276,0.464,1.1576163569374056e-47
HIST1H1E,5.777782362128479e-52,1.2441855357029894,0.312,0.167,2.1147261223626445e-47
SMARCA2,6.879952471857913e-52,-0.6136632933195816,0.456,0.646,2.518131404224715e-47
PIKFYVE,6.961009676680911e-52,-0.788814378132504,0.233,0.419,2.5477991517619803e-47
AC022217.3,8.101270449101687e-52,2.123563920840864,0.165,0.053,2.9651459970757084e-47
WDR70,9.875497942435396e-52,-0.6137376047590515,0.451,0.639,3.614531001910779e-47
SNRPB,1.1024207899136291e-51,1.3573714805486798,0.28,0.139,4.0349703331628736e-47
ST3GAL1,1.5414027987911412e-51,-0.7081059904015504,0.318,0.51,5.641688383855456e-47
LINC01934,1.8021900215722455e-51,-0.6790448895663936,0.478,0.652,6.596195697956575e-47
NSD1,2.0127404429152998e-51,-0.6758235107331109,0.361,0.562,7.366831295114289e-47
STRN3,2.609688638891866e-51,-0.7405765734423806,0.28,0.464,9.55172138720812e-47
COX6A1,4.0515870440715906e-51,1.693726559896452,0.204,0.08,1.482921374000643e-46
TENM1,4.9386768701190006e-51,1.135137424507841,0.329,0.179,1.8076051212322555e-46
UBE2H,5.63894964363069e-51,-0.6991306456329307,0.336,0.527,2.063911959065269e-46
SLC16A1-AS1,6.636973641323006e-51,-1.4568196040000547,0.065,0.19,2.4291987224606335e-46
COMMD10,1.0234143947315479e-50,-0.764881338890711,0.362,0.534,3.7457990261569386e-46
SYNE1,1.175783203269085e-50,-0.3946308719237184,0.846,0.921,4.3034841022851785e-46
ME2,1.347843907384316e-50,-1.1532984686394325,0.123,0.272,4.933243485417335e-46
CLCN3,1.4502872310778741e-50,-1.6795264783485555,0.057,0.175,5.308196294468127e-46
MIATNB,1.56546973623063e-50,-1.0834034747477812,0.149,0.304,5.729775781577729e-46
HINT1,1.6144333942400679e-50,1.164087706847262,0.36,0.218,5.908987666258073e-46
EID1,1.977229573386862e-50,1.1417658122899876,0.335,0.189,7.236857961553253e-46
CHCHD3,2.2579647323740545e-50,-0.772515304985439,0.273,0.457,8.264376716962276e-46
DYNLT1,2.3757807341935797e-50,0.8826186029289729,0.483,0.337,8.69559506522192e-46
TMEM260,2.7668010809711594e-50,-1.2411899182255088,0.108,0.251,1.0126768636462541e-45
MIR181A1HG,3.132820696791045e-50,-2.0851462486588668,0.041,0.148,1.1466437032324905e-45
CARMIL1,5.967838836331662e-50,-2.2608662458772977,0.027,0.123,2.1842886924857515e-45
MTRNR2L8,8.797657810452097e-50,3.4741721996732027,0.697,0.703,3.2200307352035716e-45
YES1,1.3525205628108419e-49,0.8955556548047471,0.51,0.365,4.9503605119439625e-45
TDRD3,1.4238021213485212e-49,-0.776947482920735,0.247,0.427,5.2112581443477225e-45
GMDS-DT,1.6611987686605948e-49,-0.9276868824608395,0.205,0.371,6.080153613174643e-45
XPO1,1.949617271920923e-49,-0.6379620609560819,0.393,0.588,7.13579417695777e-45
PCNX1,2.3405346330341262e-49,-0.3736126443408514,0.83,0.92,8.566590810368205e-45
FTL,3.2376973604344522e-49,0.7636537464496935,0.507,0.362,1.185029610892614e-44
NDUFA1,3.467542411558242e-49,1.6532647960776998,0.21,0.087,1.2691551980544322e-44
DGKH,3.817906024592097e-49,-1.11906196778637,0.157,0.309,1.3973917840609533e-44
TTC39C,4.273180544080305e-49,-0.6254416211504967,0.453,0.627,1.5640268109388324e-44
DPYD,4.434177552153896e-49,-0.42758789973834954,0.835,0.912,1.6229533258638477e-44
SHISAL2A,4.6580815522458356e-49,-1.1282376165703385,0.115,0.26,1.7049044289374982e-44
DCAF6,5.187825029915148e-49,-0.7922690431386753,0.237,0.41,1.8987958391992432e-44
BTG2,7.392640981282125e-49,1.6259236391386394,0.231,0.104,2.7057805255590707e-44
MYO9A,7.650215460345103e-49,-0.7799406096141431,0.286,0.462,2.800055360640911e-44
SARAF,8.273447951827137e-49,0.5908679840107751,0.719,0.607,3.0281646848482507e-44
ELP3,1.2282717709526407e-48,-1.0029890046948922,0.146,0.3,4.4955975088637605e-44
PRH1,1.626515356321507e-48,-0.9495600023154107,0.198,0.361,5.953208855672348e-44
CYTOR,1.735208447865455e-48,-0.8070249355385051,0.248,0.422,6.351036440032352e-44
ATXN10,1.9337702722475583e-48,-0.7863299666161863,0.278,0.453,7.077792573453288e-44
GPR155,2.1770471162519007e-48,-0.9623660639297659,0.165,0.323,7.968210150193581e-44
ITGB2,2.340558049923089e-48,0.8304606262970123,0.532,0.42,8.566676518523499e-44
SPCS1,2.4317836931973206e-48,1.6203217749591858,0.191,0.073,8.900571495471513e-44
KDM2A,2.4571064566959814e-48,-0.5442533026990786,0.572,0.739,8.99325534215296e-44
IQGAP1,2.7346564516033123e-48,-0.5455487426596188,0.467,0.663,1.0009116078513284e-43
BAZ1A,3.504139517327645e-48,-0.4964475335719365,0.377,0.581,1.2825501047370913e-43
KLRD1,5.157115152310974e-48,-0.8471299403612307,0.338,0.498,1.8875557168973395e-43
PFDN5,5.343607086110323e-48,1.0135313167498867,0.386,0.246,1.9558136295872393e-43
LINC01550,5.493018942358056e-48,-1.7360910391045026,0.05,0.16,2.010499863092472e-43
ITPR1,7.15975139672975e-48,-0.7320264904636159,0.305,0.488,2.620540608717056e-43
ANO6,7.184541455270948e-48,-1.0492057801018928,0.177,0.333,2.6296140180437196e-43
RIC8B,7.632993889789504e-48,-1.1903230349220533,0.104,0.241,2.7937520936018563e-43
CDK19,7.952688853087439e-48,-0.9285344141550165,0.182,0.341,2.9107636471185334e-43
DENND4C,8.435698943833986e-48,-0.5820981647335199,0.483,0.658,3.0875501704326772e-43
DENND1A,1.200817713795655e-47,-0.739461224029633,0.296,0.473,4.395112914263477e-43
DDX24,1.2299589388699144e-47,0.8188422510061717,0.546,0.431,4.5017727121577736e-43
SLF1,1.5492504659708193e-47,-0.9808656234227919,0.219,0.382,5.670411630499796e-43
FGD3,1.7711758469151e-47,-0.7477889147358687,0.266,0.446,6.482680717293958e-43
RAB10,2.1260392363846488e-47,-0.7283734820498216,0.269,0.447,7.781516209091452e-43
AC010894.3,2.47575933804936e-47,1.2931553879932642,0.313,0.178,9.061526753194463e-43
CHM,2.8119316616117984e-47,-1.1092739882727056,0.101,0.238,1.0291951074665343e-42
SLC12A6,3.2226896028943637e-47,-1.0347663276130243,0.137,0.284,1.1795366215553661e-42
CPEB3,3.3071280126474667e-47,-1.180485022165935,0.111,0.249,1.2104419239090993e-42
AHCYL2,4.1812713929258764e-47,-1.2174376183700337,0.131,0.272,1.5303871425248e-42
HMGB2,4.2744624779802817e-47,1.2192699145800028,0.306,0.171,1.564496011565563e-42
FAM193A,4.612971949735503e-47,-0.8296551415021796,0.184,0.349,1.6883938633226913e-42
GPD2,5.360009309076973e-47,-1.310803028827403,0.096,0.226,1.961817007215263e-42
EEF1B2,6.20759212442781e-47,1.0071195904977144,0.386,0.248,2.272040793461823e-42
CCM2,6.994349851335942e-47,-0.607907848041922,0.348,0.535,2.560001989087468e-42
FRY,1.0553786526591915e-46,-2.0136759634746952,0.053,0.16,3.862791406597907e-42
CD52,1.5559331046486872e-46,0.910192563054496,0.505,0.385,5.69487075632466e-42
USO1,1.582824770183564e-46,-0.9779550746459311,0.145,0.296,5.793296941348863e-42
TMOD3,2.128468858723102e-46,-0.5976310607640212,0.427,0.61,7.790408869812426e-42
ARID5B,2.5442244976761484e-46,-0.6146216672961711,0.481,0.651,9.31211608394447e-42
AL355581.1,3.0948694964802297e-46,-1.5970860144243308,0.045,0.15,1.1327531844067288e-41
AL121839.2,3.712381808830091e-46,-1.8444726568178786,0.039,0.14,1.3587688658499016e-41
ABHD3,5.53485951329942e-46,-0.8707733695274974,0.193,0.356,2.0258139304627206e-41
INTS7,5.554527506228676e-46,-1.561732504635562,0.051,0.16,2.0330126125547576e-41
USP3-AS1,5.8019156288388725e-46,1.361219286433974,0.286,0.154,2.1235591393113156e-41
STAG1,8.139014751498538e-46,-0.4373928197866306,0.701,0.823,2.97896078919598e-41
UBASH3B,1.3333024336138958e-45,-1.0193244523293503,0.114,0.249,4.88002023727022e-41
EHBP1,1.5238734903697943e-45,-0.8292160230873942,0.243,0.409,5.577529362102484e-41
GSDMB,1.743697703837537e-45,-1.563679483558601,0.048,0.154,6.382107965815769e-41
SCFD2,1.801090786942675e-45,-0.6676800655191129,0.349,0.523,6.592172389288885e-41
GIMAP5,1.9576611717382063e-45,-1.162477527108063,0.082,0.208,7.165235654679009e-41
MYO3B,2.2804715634409714e-45,-2.5566246332312232,0.027,0.117,8.3467539693503e-41
SLMAP,2.4947769289091855e-45,-0.5467579656818884,0.401,0.588,9.131133037500509e-41
XKR6,3.248426372462284e-45,-0.6604062663999599,0.272,0.447,1.1889565365849206e-40
NDUFA13,3.987198330364467e-45,1.1536811258127184,0.322,0.189,1.4593544608966986e-40
CLEC16A,4.332116784197559e-45,-0.8328500249404922,0.184,0.344,1.5855980641841486e-40
ATRN,7.382114447646895e-45,-1.0808269283138647,0.113,0.248,2.70192770898324e-40
STRN,7.588360646745304e-45,-0.6898473292232884,0.277,0.452,2.777415880315249e-40
MAVS,1.0028646449289373e-44,-1.438104143052309,0.055,0.164,3.6705848869044034e-40
LINC00426,1.1392212592771966e-44,-2.0157479633181836,0.029,0.12,4.1696637310804675e-40
GSTP1,1.321681483978705e-44,1.5411810634888692,0.212,0.094,4.837486399510458e-40
ADCY9,1.4362173350617767e-44,-1.0447432530156955,0.177,0.324,5.2566990680596086e-40
NCOA6,2.1188594113201587e-44,-0.8177904718288607,0.205,0.369,7.755237331372913e-40
CD3G,3.088788572845246e-44,0.8124162274983753,0.518,0.4,1.1305275055470886e-39
OGT,3.265884293297041e-44,-0.5414089530520694,0.554,0.718,1.19534631018965e-39
SPTLC2,3.374455877713172e-44,-0.8740701432327624,0.162,0.313,1.235084595801798e-39
PSME1,3.6247525264432835e-44,1.2377201165811251,0.292,0.163,1.3266956722035062e-39
RBM39,5.372712736985975e-44,0.3989328904142653,0.875,0.842,1.9664665888642368e-39
TBC1D1,6.947217387116117e-44,-0.7052569419989696,0.266,0.436,2.54275103585837e-39
ARMH3,9.360512575635045e-44,-0.6734360586931784,0.284,0.46,3.4260412078081827e-39
ADAM19,1.0467568027393703e-43,-1.8623199146074538,0.032,0.124,3.8312345737063696e-39
TGFBR2,1.5511228157460333e-43,-0.45856343287401136,0.518,0.695,5.6772646179120566e-39
ATF7IP,1.8151238507529815e-43,-0.4121833363632308,0.691,0.823,6.643534806140988e-39
UMAD1,2.1851579690960603e-43,-0.6289746766204551,0.365,0.536,7.99789668268849e-39
SPECC1L,2.305419753368489e-43,-0.8775042771934504,0.197,0.35,8.438066839304006e-39
N4BP2L2,2.791737521035747e-43,-0.40024179662301584,0.689,0.83,1.0218038500742937e-38
NLK,3.2533881222513116e-43,-0.8524617942172308,0.21,0.364,1.1907725866252025e-38
KIAA1671,4.318076612212264e-43,-2.065076688183053,0.03,0.119,1.5804592208358106e-38
KDM4C,4.632165551073348e-43,-0.40616160915879007,0.665,0.813,1.6954189133483563e-38
PPP2R5E,4.756825772765873e-43,-0.5591372541056487,0.404,0.59,1.741045801090037e-38
TBC1D2B,5.126129766111766e-43,-0.8225011143004942,0.159,0.31,1.8762147556945674e-38
CALM2,5.168194519630354e-43,0.8268187537597883,0.451,0.32,1.891610876129906e-38
PRKCQ,8.057268791518613e-43,-0.4322412801553095,0.71,0.827,2.9490409503837276e-38
RAB5IF,8.284746329005985e-43,1.5441055863996975,0.214,0.098,3.0323000038794807e-38
SMAD2,9.72041683883323e-43,-0.5987476483399624,0.35,0.528,3.5577697671813505e-38
KLF12,1.0366988110553563e-42,-0.3084731898228008,0.926,0.973,3.7944213183437097e-38
LINC00299,1.1150618877225352e-42,-1.66661956863714,0.061,0.168,4.081238015253251e-38
TBC1D31,1.1615238182118224e-42,-1.5436311953629314,0.059,0.166,4.251293327037091e-38
MAN1A2,1.2188495550332221e-42,-0.5108842084067471,0.492,0.664,4.4611112563770963e-38
SLC10A7,1.3169663870707261e-42,-0.8877245063933958,0.193,0.345,4.820228673317565e-38
VPS13B,1.4446526204568406e-42,-0.33429403376703926,0.812,0.917,5.287573056134082e-38
PHF14,1.834084152910451e-42,-0.6424974909928329,0.344,0.519,6.712931408067542e-38
PHTF2,2.0330242606055867e-42,-0.6872643449674327,0.294,0.459,7.441072096242508e-38
PABPC1,2.0818497537043695e-42,0.5184658576239363,0.855,0.801,7.619778283533363e-38
SLC16A7,2.709492442075495e-42,-0.6039161413197871,0.418,0.588,9.91701328724052e-38
PATJ,4.2476261616997043e-42,-0.8062172593254903,0.224,0.38,1.5546736514437087e-37
MARK3,4.407071936208584e-42,-0.5022289138675051,0.439,0.628,1.6130323993717037e-37
PPP1R16B,4.718781386503585e-42,0.5146540651646148,0.783,0.701,1.727121175274177e-37
GZMB,5.283073421856604e-42,1.4014076990124822,0.241,0.119,1.9336577031337356e-37
STXBP5,5.342470548739516e-42,-0.5087569310447968,0.5,0.671,1.95539764554415e-37
SLC14A1,6.671751528028726e-42,-1.3296003121439564,0.103,0.226,2.441927776773794e-37
MPHOSPH9,8.974486371052717e-42,-0.7435883669505957,0.204,0.365,3.2847517566690053e-37
SLC38A9,9.403987801616976e-42,-0.9602687490033514,0.149,0.29,3.4419535752698295e-37
LIMD2,1.0231813398187998e-41,0.8788825899025928,0.437,0.311,3.744946021870789e-37
EIF3K,1.5590385629846427e-41,1.0204076726963358,0.338,0.207,5.706237044380091e-37
PIK3CB,1.5608732104320096e-41,-0.7968312740286212,0.189,0.343,5.712952037502198e-37
RPTOR,1.6630245488120113e-41,-0.6803710338818152,0.333,0.511,6.086836151106843e-37
CDK8,1.7443175632441365e-41,-1.038150473072377,0.138,0.273,6.384376713229864e-37
IFT80,2.0031194650537945e-41,-1.3518127183409807,0.07,0.18,7.331617554043393e-37
AEBP2,2.856361044925807e-41,-0.6293451834334398,0.357,0.526,1.0454567060532945e-36
NLRC3,2.866454690822779e-41,-0.8246957405965263,0.188,0.342,1.0491510813880452e-36
KLF7,4.012976153467061e-41,-1.7492509533778589,0.037,0.128,1.4687894019304791e-36
UBE2K,4.573374003888824e-41,-0.5330532012116871,0.423,0.592,1.6739006191633484e-36
ZMYND8,4.679977376706334e-41,-0.7087412652341569,0.226,0.389,1.7129185196482854e-36
CBFA2T2,5.140920991428847e-41,-0.767297076577716,0.274,0.433,1.8816284920728724e-36
SMAD3,5.848634144011175e-41,-0.598770866212216,0.4,0.57,2.14065858304953e-36
ARFIP1,6.089807254334511e-41,-1.377784440615872,0.068,0.177,2.2289303531589743e-36
RUNX2,6.499273107985535e-41,-1.2087119428642277,0.131,0.26,2.3787989502537857e-36
IDI1,6.775160763475394e-41,1.1573643718536284,0.299,0.175,2.4797765910396287e-36
ARID1B,8.672735090210593e-41,-0.2871215345440805,0.876,0.94,3.1743077703679795e-36
PPP1R12A,8.740392721483395e-41,-0.372718722619648,0.747,0.869,3.1990711399901375e-36
CEACAM21,1.3367455439332086e-40,-0.9694410689257392,0.116,0.247,4.892622365349937e-36
COX7A2,1.3949941118356928e-40,1.3722551663222327,0.224,0.11,5.105817948729819e-36
CLYBL,1.4566672223593371e-40,-1.1794502721945184,0.134,0.263,5.33154770055741e-36
PCSK1N,1.7546503292155087e-40,4.451003954023249,0.066,0.005,6.422195669961684e-36
SCAI,1.8294611090436177e-40,-1.0980826588874542,0.122,0.25,6.696010605210546e-36
SLFN5,1.994301388958228e-40,-0.5977366573671039,0.389,0.561,7.29934251372601e-36
AC073167.1,2.156978218581465e-40,1.6138596874462303,0.202,0.093,7.89475597783002e-36
CDRT4,2.4171732317163157e-40,-1.354132816986482,0.07,0.179,8.847095745404887e-36
SYNE3,2.530852770259145e-40,-1.6152063079707726,0.045,0.141,9.263174224425497e-36
AMMECR1,2.5952656408523065e-40,-0.7285309486967325,0.213,0.369,9.498931772083527e-36
RBM20,3.206787634196666e-40,4.318712309465878,0.071,0.008,1.1737163419923217e-35
GTDC1,3.744333506859456e-40,-0.5628902442941548,0.438,0.601,1.3704635068456296e-35
CERK,3.871865617809182e-40,-0.93033267428175,0.128,0.263,1.4171415347743386e-35
SLC39A10,4.0173735970217324e-40,-0.8976955444452827,0.177,0.321,1.4703989102459243e-35
DUSP1,4.119551020363298e-40,1.438422617645033,0.224,0.111,1.5077968689631707e-35
UBASH3A,4.447256566483942e-40,-1.096217420128368,0.061,0.168,1.6277403758987877e-35
ZFP36,5.683513026898824e-40,1.3013656302055256,0.243,0.127,2.0802226029752386e-35
GRAMD1B,7.584498397502734e-40,-1.3211061741431245,0.071,0.179,2.776002258469976e-35
GSK3B,7.589580148956482e-40,-0.4413898474222613,0.525,0.702,2.7778622303195623e-35
LRRFIP1,9.281462940186344e-40,-0.3861264108899132,0.68,0.826,3.3971082507376037e-35
SEPTIN9,9.502238239802199e-40,-0.6810253581154343,0.285,0.452,3.477914218150003e-35
S100A10,9.606179138624744e-40,1.1572353001458846,0.313,0.191,3.5159576265280425e-35
MLLT10,1.0054091248632816e-39,-0.5596758666356283,0.371,0.545,3.679897937912097e-35
ARID2,1.1446424785526445e-39,-0.4836590166410508,0.577,0.722,4.189505935750534e-35
AP003086.1,1.4783790176226262e-39,2.0661229919986677,0.138,0.046,5.411015042400574e-35
AC053513.1,1.6357256685169608e-39,1.2946259149132484,0.256,0.138,5.986919519338928e-35
C1orf56,1.6603638092287025e-39,1.5562959041374032,0.185,0.08,6.077097578157974e-35
LINC00649,1.7959222617575053e-39,-1.3289112671724213,0.078,0.189,6.573255070258645e-35
BCL2L1,2.7432001323431764e-39,-1.267338230994309,0.074,0.183,1.004038680438926e-34
GARS-DT,3.1501685303525524e-39,-0.833368865820557,0.183,0.328,1.1529931837943378e-34
GUK1,4.7738290327612925e-39,1.278900721135533,0.256,0.14,1.7472691642809607e-34
CDC42SE2,5.3716468750768813e-39,-0.27167374198537386,0.938,0.974,1.9660764727468893e-34
GIMAP8,5.902573482034905e-39,-2.084016355548426,0.025,0.104,2.1604009201595955e-34
ATG4C,6.004758388119826e-39,-1.8760240747351618,0.026,0.107,2.1978016176357376e-34
IER2,6.58755106256273e-39,1.1531015603712258,0.32,0.201,2.411109564408585e-34
SH3D19,9.032704646777455e-39,1.8620524190670404,0.144,0.051,3.3060602277670165e-34
ATG2A,1.0263959347973848e-38,1.1420579786412646,0.279,0.157,3.756711760951908e-34
ERN1,1.0505044009890996e-38,-0.6132580431330132,0.373,0.54,3.8449511580602035e-34
EIF1B,1.0945060378350901e-38,1.463476539470377,0.199,0.092,4.006001549080213e-34
ARRDC5,1.2050336598262129e-38,-1.5368107050064197,0.048,0.142,4.4105436983299215e-34
MPRIP,1.222322610832589e-38,-0.7838909912657822,0.196,0.347,4.47382298790836e-34
KRT10,1.347062764145835e-38,2.2895816203374855,0.103,0.026,4.930384423050171e-34
TTBK2,1.5702034195143307e-38,-1.0830180811576378,0.127,0.252,5.747101535764402e-34
SNX29,1.7619168715935916e-38,-0.6716336268536193,0.264,0.425,6.448791941719705e-34
KCNAB2,1.7720707474098414e-38,-0.6731400509524625,0.278,0.44,6.485956142594761e-34
PSMB1,1.985058416324812e-38,1.1857088350812313,0.257,0.141,7.265512309590445e-34
CUX1,2.0669468756166918e-38,-0.6854624471158616,0.341,0.497,7.565232259444654e-34
CEP192,2.460643522748872e-38,-0.6513509183403243,0.269,0.432,9.006201357613145e-34
ELL2,3.1792716159504387e-38,1.1445150614212616,0.328,0.206,1.16364520415402e-33
EEA1,3.271574067910535e-38,-0.9925856010852974,0.13,0.258,1.1974288245959348e-33
KATNBL1,4.103399593227398e-38,-1.122186456386714,0.097,0.214,1.50188528511716e-33
SDCCAG8,4.598211881719216e-38,-0.8665533508669119,0.166,0.303,1.68299153082805e-33
BICRAL,4.6573535178019313e-38,-0.7581945126480322,0.276,0.429,1.704637961050685e-33
DNM2,4.727387424151642e-38,-0.6259064070285086,0.284,0.448,1.7302710711137426e-33
CCL3L1,4.802192722498779e-38,2.4487124791795347,0.101,0.025,1.757650558361778e-33
ERAP2,5.192845202494638e-38,-0.5583567314906183,0.325,0.499,1.9006332725650624e-33
NSMCE2,5.533597487139718e-38,-0.5643200470804575,0.466,0.614,2.0253520162680082e-33
BCKDHB,5.706106545487533e-38,-0.8933685450826769,0.148,0.281,2.088492056713892e-33
NSF,6.066498066398723e-38,-0.7444488770650478,0.224,0.375,2.2203989572825963e-33
NARS2,6.696889619201151e-38,-1.3041793525953154,0.084,0.192,2.4511285695238133e-33
DNAJC13,7.756630522968584e-38,-0.9060525572415111,0.146,0.282,2.8390043377117317e-33
SAP18,8.356265751307506e-38,1.2938302278459426,0.234,0.123,3.05847682763606e-33
MIB1,8.886149454123467e-38,-0.9128706012061216,0.172,0.309,3.25241956170373e-33
HNRNPA0,1.1946342955579455e-37,1.2424772940410673,0.209,0.1,4.3724809851716364e-33
PIM1,1.2593913336947599e-37,-1.1748105747796007,0.059,0.16,4.609498220456191e-33
FLNA,1.266046338007096e-37,0.5202634033836446,0.681,0.606,4.6338562017397716e-33
PARP14,1.2681254494986533e-37,-0.5163138895389416,0.303,0.472,4.641465957710021e-33
SETD5,1.3201194287756848e-37,-0.5951360169285912,0.344,0.516,4.831769121261884e-33
CASP8AP2,1.3879366576493267e-37,-1.238505086365099,0.074,0.18,5.0799869606623e-33
UVRAG,1.414767756049249e-37,-0.5034166133830091,0.417,0.586,5.178191463915856e-33
CEP350,1.4895865521357155e-37,-0.47210251599956177,0.489,0.652,5.452035739471932e-33
CD99,1.5049142083782583e-37,0.6164387987814375,0.606,0.508,5.5081364940852636e-33
AKAP10,1.5584257101239473e-37,-0.7210731934130425,0.203,0.353,5.70399394162466e-33
CLIP1,1.57524619111619e-37,-0.6954850988249031,0.286,0.443,5.765558584104367e-33
HIBCH,1.8117794755360168e-37,-0.8011687458079745,0.182,0.321,6.631294058409375e-33
TIAM2,1.8229902491453545e-37,-0.8660456041176677,0.18,0.319,6.672326610896912e-33
LIPC,1.947249079681862e-37,-2.8405366416376796,0.009,0.071,7.127126356543584e-33
RAD51B,2.023973767731507e-37,-0.5625683016948038,0.442,0.598,7.407946387274089e-33
GTF2I,2.1330772089379285e-37,-0.5601173471855206,0.352,0.522,7.807275892433712e-33
PPFIA1,3.0195457295144885e-37,-0.8730253420270369,0.151,0.284,1.1051839324595979e-32
CASK,3.1538816539153984e-37,-0.5613722319963534,0.535,0.666,1.1543522241495749e-32
NBPF15,3.193778713751349e-37,-1.908425075513172,0.026,0.104,1.1689549470201313e-32
YARS,3.4647970642357036e-37,-0.6168183668834137,0.214,0.369,1.26815037348091e-32
AC022075.1,4.2888040597192315e-37,1.1722956142886016,0.252,0.136,1.5697451738978358e-32
UBE4B,4.355518589902382e-37,-0.6817254257622289,0.266,0.421,1.5941633590901708e-32
DDIT4,4.724793150766286e-37,1.7574313556500587,0.147,0.055,1.7293215411119686e-32
DIP2A,4.967049191727095e-37,-0.4772662974322578,0.381,0.563,1.817989674664034e-32
MEGF9,5.102540799047463e-37,-0.9397908595146756,0.186,0.32,1.8675809578593617e-32
RNASEH2B,5.115434978656228e-37,-0.7235747731308128,0.262,0.411,1.872300356537966e-32
MTRNR2L12,6.821084479388725e-37,-0.1575207347341543,0.993,0.995,2.496585130301067e-32
HSP90AB1,7.060243876701468e-37,0.8447094253967566,0.451,0.343,2.584119861311504e-32
FAM217A,7.077527679723191e-37,1.930392438153922,0.137,0.049,2.590445906055485e-32
N4BP2,7.462741541098144e-37,-0.9343499170751107,0.133,0.259,2.7314380314573313e-32
IMMP2L,7.897964635164175e-37,-0.6330432273847797,0.388,0.54,2.8907340361164394e-32
WDR59,9.06150346777994e-37,-1.018211454981851,0.09,0.204,3.3166008842421356e-32
TMEM156,1.1281125116349763e-36,-1.035567466865578,0.109,0.228,4.129004603835177e-32
LINC00342,1.13575411379136e-36,-0.6470360079658148,0.287,0.448,4.156973631887757e-32
NDUFC2,1.2901173074506618e-36,1.4357068009436382,0.18,0.078,4.7219583570001674e-32
LINC01237,1.3884402258419465e-36,-1.3663389727613264,0.064,0.164,5.081830070604109e-32
ARHGDIB,1.4636428929595729e-36,0.5548222749272185,0.646,0.558,5.357079352521333e-32
SLX4IP,1.507179902118337e-36,-1.3801895672338511,0.063,0.161,5.516429159743326e-32
RIN3,1.5248711682151804e-36,-0.6606806100028402,0.292,0.45,5.581180962784381e-32
MAP2K5,1.6853192290649274e-36,-0.5525163729301492,0.325,0.486,6.168436910300541e-32
INVS,1.7135061766650383e-36,-0.7029382827713325,0.285,0.427,6.271603957211707e-32
SF3B5,1.9231247155726645e-36,1.5340329278521598,0.17,0.072,7.038828771467509e-32
DNMT3A,1.9233761188117643e-36,-1.2241811687981912,0.074,0.177,7.039748932462939e-32
EIF2B3,2.0680590256937017e-36,-1.1823554888440686,0.083,0.19,7.569302839941517e-32
CREB1,2.0795544333176536e-36,-0.6066557067237979,0.301,0.459,7.611377181385944e-32
AC008083.3,2.1232756176812647e-36,-1.5823798646409786,0.028,0.106,7.771401088275197e-32
CHD1,2.348131050747486e-36,0.4596105419982517,0.79,0.725,8.594394458840874e-32
UQCRB,2.376414174116034e-36,1.1051936888004688,0.279,0.162,8.697913518682096e-32
RASA1,2.3840188584204477e-36,-0.6377500288145416,0.302,0.457,8.725747423704681e-32
RSF1,2.4897813795206277e-36,-0.4117069988111073,0.596,0.746,9.112848827183449e-32
AC123512.1,2.5967616263332666e-36,3.635733925761042,0.065,0.008,9.504407228542389e-32
CALR,2.6584379473495658e-36,1.0911882922077711,0.313,0.197,9.730148731094145e-32
AL450352.1,2.8017139324112e-36,-1.7855306387298948,0.038,0.122,1.0254553164018234e-31
PRKAG2,2.888186903739973e-36,-0.7312718040692369,0.228,0.378,1.0571052886378677e-31
VWA8,2.895511188475031e-36,-0.5509632955949957,0.454,0.611,1.059786050093746e-31
MCU,2.963899875542022e-36,-1.0800295284194612,0.13,0.25,1.0848169934471353e-31
KATNAL1,2.9762045942375598e-36,-1.178313769850841,0.081,0.187,1.0893206435368892e-31
SMARCC1,3.331248266633858e-36,-0.47055658780827314,0.502,0.67,1.2192701780706583e-31
RFX7,3.431921990865494e-36,-0.4899457998390986,0.467,0.621,1.2561177678766795e-31
DTHD1,3.436893055917833e-36,-1.1109560478789533,0.192,0.317,1.257937227396486e-31
VAV1,3.614696292070802e-36,-1.0550000053236197,0.111,0.228,1.3230149898608343e-31
NPM1,3.686502705361934e-36,0.8087650068400187,0.408,0.288,1.3492968551895215e-31
GK5,3.9186762420518867e-36,-0.8544598084218163,0.169,0.304,1.434274691353411e-31
AMBRA1,4.1421449780610765e-36,-0.5503037944287055,0.345,0.511,1.5160664834201347e-31
COX5B,4.35884073067298e-36,1.3962671992838218,0.2,0.096,1.5953792958336174e-31
SHLD1,4.613605688312416e-36,-1.221302604670151,0.096,0.207,1.6886258179792274e-31
NIPAL2,4.7329721935362e-36,-3.024847741148707,0.007,0.064,1.7323151525561845e-31
DENND1B,4.772483959965812e-36,-0.45661408623560695,0.509,0.667,1.746776854187087e-31
MIAT,5.729780642096461e-36,-0.7236602853491769,0.266,0.416,2.0971570128137257e-31
FBXL17,5.761951570286639e-36,-0.3999681083876445,0.683,0.8,2.1089318942406126e-31
FAM117A,6.555629649115339e-36,-0.9292106627875414,0.122,0.247,2.399426007872705e-31
SMYD3,8.099204451505441e-36,-0.44912947865812436,0.684,0.789,2.9643898212955065e-31
CAMK2G,8.441549945475482e-36,-1.0329031946782437,0.109,0.226,3.0896916955434813e-31
PET100,9.276762816661204e-36,1.5179146567434634,0.169,0.072,3.3953879585261674e-31
VKORC1L1,9.79658390730828e-36,-1.462852223620884,0.055,0.148,3.5856476759139036e-31
NPIPB5,1.0319465032586023e-35,-0.7412154925447627,0.197,0.341,3.7770273965768105e-31
NUP210,1.4305936116520734e-35,-0.6849622968547517,0.244,0.4,5.236115678007754e-31
RHOH,1.4607037580081975e-35,-0.5088091332557572,0.478,0.632,5.346321824685803e-31
ANKS1A,1.6920084072595268e-35,-0.9924369089499828,0.122,0.241,6.192919971410594e-31
GZMK,1.7565888980250959e-35,1.5910586407434473,0.244,0.141,6.429291025661653e-31
SLC25A5,2.363775931610393e-35,1.8639900510365779,0.128,0.044,8.6516562872872e-31
IFNG-AS1,2.5606223611956166e-35,-0.8072916476370398,0.153,0.281,9.372133904212076e-31
FAM222B,2.6427476900594034e-35,-0.7512075619783685,0.185,0.324,9.672720820386422e-31
LINC01184,2.844381757043609e-35,-0.9382235348846446,0.152,0.278,1.0410721668955313e-30
ARPC5L,3.2942915917284443e-35,1.0948684008631,0.284,0.169,1.205743665488528e-30
CASC4,3.8035696476300175e-35,-0.846778064969107,0.18,0.313,1.3921445267290627e-30
WBP1L,3.8411126719945167e-35,-1.271557240922197,0.067,0.165,1.405885649076713e-30
SRSF10,3.988639717362076e-35,0.6150941334914743,0.568,0.477,1.4598820229516933e-30
POC1B,4.275089845438133e-35,-0.9863082900435609,0.119,0.238,1.5647256343288112e-30
CAPZB,4.3759475511442234e-35,-0.4411436938026667,0.538,0.703,1.6016405631942973e-30
TNFRSF10A,4.808221705648485e-35,-1.6531703396668576,0.026,0.101,1.759857226484402e-30
DNAJB1,5.818448285603951e-35,1.0651589332562232,0.28,0.166,2.129610257013902e-30
FAM49A,6.343428776883216e-35,-1.2156724283768094,0.108,0.22,2.321758366627026e-30
AL031772.1,6.677089635778154e-35,1.474099769828023,0.19,0.09,2.4438815775911622e-30
HIST1H1C,8.717110071695727e-35,1.331090355403958,0.196,0.095,3.190549457341353e-30
CLHC1,1.1092614859519804e-34,-2.3918844162388746,0.016,0.081,4.0600079647328435e-30
GADD45B,1.1101366527491523e-34,1.8259127000605533,0.135,0.05,4.063211162727172e-30
EXOC2,1.2042501016141458e-34,-0.49791610484856297,0.445,0.601,4.407675796917935e-30
MED13,1.3871045049285997e-34,-0.4432162102310444,0.532,0.691,5.076941198489168e-30
RASA3,1.428099140507912e-34,-0.3984263411676059,0.631,0.772,5.226985664173008e-30
LNPEP,1.5299263916907552e-34,-0.41670661389036834,0.555,0.72,5.599683586227333e-30
TFB1M,1.5375767456677927e-34,-1.1338039535738216,0.063,0.16,5.627684646818688e-30
CAB39,1.8137430745098895e-34,-0.5716104477562756,0.406,0.555,6.638481027013647e-30
AL035701.1,1.98876729841189e-34,-1.865956660255768,0.025,0.097,7.279087188917359e-30
AC009554.1,2.160425707866735e-34,1.3303599791718532,0.198,0.096,7.907374133363037e-30
DPP4,2.219004806339492e-34,-1.991663572374347,0.036,0.115,8.121779491683174e-30
OGDH,2.227870495425091e-34,-0.8057354509461421,0.186,0.323,8.154228800305377e-30
SIK3,2.3601705295484255e-34,-0.3250080698470721,0.791,0.874,8.638460155200192e-30
SMG6,2.7867365589859784e-34,-0.5712934589359426,0.328,0.482,1.019973447954458e-29
ATP8B2,2.8470199653056027e-34,-1.1372801032395543,0.076,0.178,1.0420377775015036e-29
PRORP,3.223656448762208e-34,-0.7125085029023569,0.215,0.352,1.1798904968114558e-29
MT2A,3.2263684887845183e-34,1.4810618437001069,0.202,0.101,1.1808831305800215e-29
RHOT1,3.2303975707096716e-34,-0.8557302525469017,0.13,0.253,1.1823578148554468e-29
GIT2,3.9673998200807785e-34,-0.5778418824564086,0.27,0.424,1.4521080081477658e-29
MDN1,5.3176788747811035e-34,-0.686511008436421,0.222,0.367,1.9463236449586316e-29
ARHGAP10,5.7029623189735525e-34,-1.0578299024049718,0.153,0.273,2.08734123836751e-29
CELF1,5.711445995881481e-34,-0.4500817056043933,0.465,0.633,2.0904463489525808e-29
PDS5A,5.976326031162277e-34,-0.45000908920994065,0.513,0.674,2.1873950906657052e-29
MINDY2,5.9873959099017815e-34,-0.8090334452203395,0.148,0.276,2.191446776983151e-29
MCUB,5.9945120537665935e-34,-0.5596222092262795,0.418,0.572,2.1940513567991108e-29
RASGRF2,6.295465282222354e-34,-0.9403052380596815,0.164,0.287,2.3042032479462037e-29
REL,6.4548252348944056e-34,0.5282447104037957,0.627,0.528,2.3625305842237014e-29
SENP6,7.482679037148731e-34,-0.4204798030336978,0.585,0.73,2.738735354386807e-29
ARHGEF6,7.535352874099751e-34,-0.7276997169819689,0.203,0.343,2.75801450544925e-29
FAM107B,7.6842787935940256e-34,-0.5166148465341862,0.516,0.656,2.8125228812433494e-29
GBP2,8.019289334745418e-34,-0.5606127267813958,0.358,0.517,2.9351400894101703e-29
BICDL1,9.037363505261165e-34,-0.8498017521507666,0.198,0.331,3.307765416560639e-29
FAF1,1.0239238813099599e-33,-0.3246795057227998,0.671,0.816,3.747663797982584e-29
NCAPG2,1.0325218732579827e-33,-2.125055531626322,0.024,0.093,3.779133308311542e-29
DROSHA,1.0487448044004801e-33,-1.0165823220941355,0.108,0.221,3.8385108585861973e-29
ZNF451-AS1,1.1466611241562905e-33,1.7835327564279293,0.144,0.058,4.1968943805244385e-29
NSD2,1.1641286575668084e-33,-0.8137994501341289,0.131,0.254,4.2608272995602754e-29
ZEB1,1.601710651616652e-33,-0.4579455708185536,0.441,0.588,5.862421155982108e-29
TRIM14,1.657628443474508e-33,-0.8150349177900961,0.176,0.309,6.067085865961047e-29
EPSTI1,1.697729497558708e-33,-0.7230814106726181,0.197,0.332,6.213859734014627e-29
RNASEK,1.9097354309896934e-33,1.0660998212306716,0.294,0.184,6.989822650965377e-29
SBDS,1.9264636945973014e-33,1.2859834613106655,0.244,0.14,7.051049768595583e-29
ULK4,2.0053074771486814e-33,-0.6531995280436231,0.281,0.427,7.339625897111889e-29
MTAP,2.2483676307870783e-33,-0.7005838588236634,0.22,0.358,8.229250365443785e-29
PRPF4B,2.332926242557874e-33,0.4972362030998967,0.667,0.594,8.538743340386074e-29
MEF2A,2.7714573147907998e-33,-0.5748018050050413,0.317,0.467,1.0143810917865807e-28
GPR174,2.826555907074848e-33,-0.5544947559514575,0.363,0.524,1.034547727548465e-28
NRDC,2.949883336819134e-33,-0.6362929705226799,0.242,0.387,1.079686800109171e-28
FILIP1L,3.322531683409024e-33,1.8906612117916428,0.164,0.074,1.216079821444537e-28
LYST,3.377556785025102e-33,-0.5529319385371376,0.569,0.699,1.2362195588870377e-28
TMTC2,3.729525012226546e-33,-1.2475572957376322,0.076,0.174,1.3650434497250383e-28
PPIAL4G,3.8111027980071794e-33,-2.5639175617676955,0.009,0.065,1.3949017350986077e-28
TYROBP,4.453998786719996e-33,1.4271868500319211,0.194,0.096,1.6302080959273856e-28
FAM120A,5.2311894234459753e-33,-0.5629332642955305,0.322,0.482,1.9146676408754613e-28
DNAJC5,5.233645287696247e-33,-0.9436294295865683,0.109,0.222,1.9155665117497033e-28
STAMBPL1,5.2380555690305184e-33,-0.6927664557759717,0.222,0.362,1.9171807188208601e-28
RNF157,5.387929510269111e-33,-1.4867034799705559,0.049,0.134,1.9720360800535975e-28
LINC02446,7.32850380100879e-33,-1.3986595720702117,0.045,0.128,2.6823056762072273e-28
SLFN13,1.0008824725992619e-32,-1.0040329294306802,0.092,0.199,3.6633299379605585e-28
PIK3IP1,1.1227794101584684e-32,0.7342121442643053,0.439,0.326,4.1094849191210105e-28
TRAF5,1.1550015721037424e-32,-0.7920394956918965,0.147,0.271,4.227421254056907e-28
MTM1,1.4546440155864666e-32,-0.9936175882704898,0.108,0.218,5.324142561448026e-28
LPIN2,1.486988328621193e-32,-0.5832644338422512,0.282,0.438,5.442525981586429e-28
ID2,1.6591636565034996e-32,0.7352575164836044,0.483,0.371,6.072704899168459e-28
ABHD18,1.7266961245269417e-32,-0.80786777056917,0.172,0.301,6.319880485381059e-28
AREG,1.7718298115380913e-32,2.6927297507263863,0.074,0.014,6.485074293210568e-28
DAD1,1.8417891215422526e-32,1.3886392492425954,0.166,0.074,6.741132363756799e-28
EPB41L4A,2.1117602458656174e-32,1.2685513471840906,0.169,0.075,7.729253675892747e-28
ZBTB20,2.4230955819664784e-32,-0.30289651633676584,0.845,0.914,8.868772139555507e-28
ITFG1,2.720446251825582e-32,-0.39367862573490386,0.595,0.733,9.957105326306811e-28
ATR,2.805800017906121e-32,-0.44946816540308565,0.476,0.63,1.0269508645538194e-27
CRY1,2.870447971418994e-32,0.7725368033621584,0.404,0.283,1.050612662019066e-27
KAT6B,3.0824052449936653e-32,-0.49256209307929777,0.497,0.635,1.1281911437201314e-27
ANKUB1,3.113548106292481e-32,1.2802340198190698,0.239,0.135,1.139589742384111e-27
LINC02520,3.185715586818375e-32,-4.039655714853816,0.004,0.051,1.1660037619313935e-27
PARP4,3.327902425218974e-32,-0.4519980037484643,0.431,0.591,1.2180455666543968e-27
EHMT1,3.3512753548506174e-32,-0.4989609255463735,0.433,0.595,1.2266002926288744e-27
KRTCAP2,4.064036035411367e-32,1.3244972682408689,0.176,0.082,1.4874778293209144e-27
STAU2,4.0950562240275936e-32,-0.5281024365361556,0.367,0.519,1.4988315285563396e-27
TXK,4.5746966063285527e-32,-1.2717143092802108,0.112,0.216,1.6743847048823135e-27
MAPK14,5.003179986680706e-32,-0.5343917497637236,0.334,0.489,1.8312139069250055e-27
RAD50,5.155177365040419e-32,-0.7482372276781458,0.17,0.299,1.8868464673784437e-27
ERCC6L2,5.701891273875167e-32,-0.658044204742332,0.239,0.377,2.08694922515105e-27
TMED9,6.190094058057219e-32,1.290874040961263,0.177,0.084,2.2656363261895227e-27
NCOA7,6.389216973788692e-32,-0.48643419308267954,0.354,0.508,2.338517304576399e-27
ESR2,6.410659509529162e-32,1.1917692522186933,0.272,0.167,2.346365487082769e-27
HIST2H2AC,6.61882601842384e-32,1.3964718950531188,0.19,0.095,2.4225565110033095e-27
MGAT4A,7.682754100052033e-32,-0.46540957350437573,0.464,0.611,2.8119648281600446e-27
TMCO4,9.061101389518215e-32,-0.9374583346704313,0.101,0.208,3.316453719577562e-27
MYDGF,1.0364919718381936e-31,1.3576103992965254,0.177,0.084,3.7936642661249725e-27
HSPE1,1.1468087671223838e-31,1.49368554832854,0.17,0.08,4.197434768544637e-27
HMGB1,1.2086097383813995e-31,0.38975123317890503,0.758,0.715,4.4236325034497606e-27
PILRB,1.2329821462815354e-31,-0.6552337783008513,0.215,0.357,4.5128379536050476e-27
NCBP2AS2,1.4770766828704797e-31,1.8094678779585147,0.119,0.042,5.406248366974243e-27
EMSY,1.5774188768614639e-31,-0.6853752005171158,0.182,0.315,5.773510831200644e-27
FYN,2.0717249133493294e-31,0.3049737844392295,0.986,0.977,7.582720355349881e-27
PSMB6,2.1830698565851466e-31,1.8083813658989976,0.129,0.049,7.990253982087295e-27
GIGYF2,2.2155909553144414e-31,-0.5051309409090711,0.348,0.508,8.109284455546388e-27
ATP5MC3,2.2307154388712286e-31,1.4127088460616712,0.162,0.072,8.164641577812583e-27
SRGAP2,2.550136844747189e-31,-1.0577718130222773,0.094,0.196,9.333755865459185e-27
SP110,2.8076742096461665e-31,-0.5346017678768681,0.322,0.469,1.0276368374725934e-26
CUL4A,2.9784906303931192e-31,-0.5905689616193088,0.318,0.465,1.0901573556301855e-26
RELCH,3.032807249635749e-31,-0.46974753773199696,0.417,0.579,1.1100377814391805e-26
TOM1L2,3.339475515409059e-31,-0.9218902352428048,0.114,0.223,1.2222814333948696e-26
PPP3CB,3.4192690670212585e-31,-0.6062259500318877,0.276,0.42,1.2514866712204508e-26
AC058791.1,3.740133685436015e-31,2.039498811443291,0.112,0.038,1.3689263302064358e-26
TAGAP,3.939303554750601e-31,-0.7418706798878225,0.129,0.249,1.4418244940742675e-26
SCAND1,4.111766921227841e-31,1.1841874955160017,0.218,0.119,1.504947810838602e-26
PIGL,4.144428537877051e-31,-0.7868273316916854,0.119,0.232,1.5169022891483796e-26
ANKRD26,4.234252562770783e-31,-1.312943860580611,0.053,0.137,1.5497787804997342e-26
RBM38,4.471062655462357e-31,1.0851910523167658,0.248,0.145,1.6364536425257772e-26
ADARB1,4.500257878742343e-31,-0.9478690084715365,0.112,0.221,1.6471393861984848e-26
PPP1R12B,4.605018448623893e-31,-0.6104754985056747,0.227,0.364,1.685482802380831e-26
MAP2K1,5.478897875104747e-31,-0.6674763094542127,0.198,0.328,2.0053314112670883e-26
ITPR2,5.955980975608065e-31,-0.369345995571039,0.621,0.754,2.1799485968823078e-26
HDAC4,6.2041810300270315e-31,-0.6374734354284142,0.218,0.355,2.2707922988001937e-26
TNRC6B,6.469980104125217e-31,-0.24316100946622532,0.892,0.945,2.3680774179108707e-26
KMT2A,6.665716539732773e-31,-0.4094072899593235,0.528,0.683,2.4397189107075923e-26
LINC02100,6.909653255939753e-31,-0.9353109719921435,0.128,0.239,2.5290021882065092e-26
EDF1,7.3255356802096125e-31,1.0452566437522914,0.266,0.163,2.6812193143135205e-26
COPE,7.3432335380196225e-31,1.0632095026304418,0.273,0.168,2.687696907250562e-26
SLA2,7.547792886688026e-31,0.9413265949746585,0.311,0.2,2.7625676744566844e-26
PREP,7.6156293843498075e-31,-0.6556034346584444,0.214,0.35,2.787396510965873e-26
SPOP,7.647201570421524e-31,-0.7092437327666019,0.167,0.293,2.7989522467899816e-26
AL645568.1,7.786881570335892e-31,-0.8003678302988979,0.162,0.283,2.85007652355864e-26
ATP6V0C,8.333347180596035e-31,1.1267953994383888,0.245,0.144,3.050088401569955e-26
XIAP,8.483584421548024e-31,-0.7374019655291262,0.162,0.288,3.105076734130792e-26
LARS,8.801183881535537e-31,-0.9766106218846479,0.105,0.211,3.221321312480822e-26
TAB2,8.962989857912556e-31,-0.5312299266303417,0.468,0.601,3.2805439178945747e-26
VPS45,9.07617998681222e-31,-0.9630725213822426,0.086,0.185,3.3219726369731405e-26
MICU1,1.0486015959120883e-30,-0.7109849087527389,0.175,0.298,3.837986701197834e-26
TRIP11,1.0713456021580993e-30,-0.6571837759908821,0.158,0.283,3.9212320384588594e-26
ZNF407,1.1803568069119766e-30,-0.4541356128402152,0.526,0.658,4.3202239489785254e-26
C12orf42,1.1917642579460687e-30,-1.0307788373168516,0.111,0.215,4.361976360508406e-26
LSP1,1.627365938652771e-30,0.8372661645432459,0.377,0.275,5.956322072063007e-26
EIF3F,1.7230244454211676e-30,0.8796818415489157,0.338,0.235,6.306441772686015e-26
AC024028.1,1.8638158968134998e-30,-1.371048202467092,0.046,0.125,6.821752563927091e-26
ST3GAL3,1.867486904315487e-30,-0.8109357802303188,0.144,0.26,6.835188818485114e-26
RBMS1,1.9104405980823948e-30,-0.43835948765781096,0.488,0.639,6.992403633041373e-26
LINC01876,2.098995091964558e-30,-3.0709198279584626,0.011,0.064,7.682531936099478e-26
NCOR1,2.7114499239766076e-30,-0.3397471262602869,0.637,0.772,9.924177866746782e-26
Z93930.2,2.815049710156096e-30,-0.9163334672634684,0.099,0.2,1.0303363444142327e-25
AL137779.2,3.0178275623012483e-30,1.9755357421902147,0.109,0.038,1.1045550660778798e-25
PRR14L,3.288210567547122e-30,-0.7721679266431678,0.155,0.277,1.2035179498279222e-25
NIPAL3,3.335581053585666e-30,-0.7911106723806398,0.129,0.243,1.2208560214228897e-25
ZNF683,3.3816998885335164e-30,-2.041863228520471,0.019,0.08,1.2377359762021524e-25
AC006960.2,3.9810535052015484e-30,2.308627852616852,0.07,0.014,1.4571053934388186e-25
PSD4,3.9952025960861965e-30,-1.087258103367215,0.078,0.174,1.4622841021935088e-25
DIPK1A,4.030053091366631e-30,-0.7168822143588676,0.235,0.362,1.4750397319711007e-25
CLASP1,4.04252242538874e-30,-0.3579891552788925,0.601,0.748,1.4796036329165327e-25
KRIT1,4.9097363565498014e-30,-0.6064711147048142,0.214,0.35,1.797012603860793e-25
ZDHHC14,4.9504309977407245e-30,-1.1409043615341325,0.087,0.183,1.8119072494830826e-25
WNK1,5.103860252994501e-30,-0.3565505452098423,0.613,0.756,1.8680638911985173e-25
ATP2B1,5.524799349163975e-30,-0.45855350520280114,0.513,0.653,2.0221318097875064e-25
RABAC1,6.066625667067044e-30,1.200122568267385,0.187,0.094,2.2204456604032086e-25
FAM118A,6.646187705889168e-30,-0.7925234699446694,0.094,0.199,2.4325711622324945e-25
KLHDC10,7.78191957820595e-30,-0.8696138002219997,0.129,0.238,2.84826038481916e-25
LINC01619,8.303639239961077e-30,0.30875042461308233,0.959,0.944,3.039214998218154e-25
MIR4435-2HG,8.589952167173901e-30,-0.6660764200135494,0.253,0.385,3.1440083927073193e-25
APRT,8.835027272727572e-30,1.252537318301536,0.184,0.093,3.2337083320910185e-25
UBE3D,9.033088373909127e-30,-1.0126721258506097,0.095,0.194,3.3062006757344795e-25
NR4A2,1.0439966227675624e-29,1.200393989327696,0.242,0.142,3.821132038991555e-25
ITM2A,1.0481083407085024e-29,1.0995685955622732,0.214,0.115,3.83618133782719e-25
SIL1,1.2285992989861666e-29,-0.8719880699866751,0.11,0.216,4.496796294219269e-25
PCCA,1.3365760988004796e-29,-0.5260654863322809,0.311,0.455,4.8920021792196355e-25
SON,1.3487124125609123e-29,0.396067870981186,0.744,0.704,4.936422301214195e-25
AC005670.3,1.394117831192113e-29,-0.7652215144698458,0.162,0.283,5.102610673946252e-25
ICE2,1.4350019808254965e-29,-0.8483003111190739,0.119,0.228,5.2522507500194e-25
EDEM3,1.4978987694557337e-29,-0.7178977218903725,0.158,0.28,5.482459286084931e-25
FASTKD1,1.6516226494631175e-29,-1.3722617047047556,0.039,0.114,6.045104059299956e-25
REV3L,1.652568739355792e-29,-0.5581306986308242,0.37,0.508,6.048566842916134e-25
TRAF1,1.6902214674691674e-29,-0.7969139084513939,0.124,0.237,6.1863795930839e-25
CDR2,1.724250483334068e-29,-0.6016617846351437,0.318,0.455,6.3109291940510225e-25
KCNQ5,1.7573526614574914e-29,-0.8669926787287092,0.279,0.398,6.432086476200564e-25
STX16,1.8282842370164956e-29,-0.590817497358366,0.236,0.376,6.691703135904075e-25
IRF2,1.8306818665150097e-29,-0.867099686640101,0.105,0.211,6.700478699631587e-25
UBAP2,1.990244236267634e-29,-0.7028025484112023,0.152,0.27,7.284492929163168e-25
ZDHHC21,2.0642965060482476e-29,-0.7832028004410719,0.153,0.269,7.5555316417871915e-25
MBNL2,2.1058756497241956e-29,-0.518539184619923,0.384,0.529,7.707715465555529e-25
TVP23C,2.2847597230230087e-29,-0.7727416262601975,0.151,0.268,8.362449062236514e-25
AC087854.1,2.559891387291667e-29,1.104433309033956,0.266,0.166,9.369458466626231e-25
PACSIN2,2.7238413765158636e-29,-0.7803212726464002,0.156,0.273,9.969531822185712e-25
TSPO,2.86995485963004e-29,1.1173312011602121,0.208,0.111,1.0504321781731908e-24
HDLBP,3.099775381858825e-29,-0.8246124870277795,0.125,0.236,1.1345487875141486e-24
ATP5IF1,3.229717739193163e-29,1.1988526835801991,0.203,0.108,1.1821089897220897e-24
C1orf21,3.261926286606436e-29,-0.5654922312878317,0.48,0.594,1.1938976401608216e-24
DOCK5,3.5929332720362176e-29,-1.5496371935921542,0.033,0.103,1.315049506897976e-24
EIF4E3,4.0564867315776457e-29,-0.5249191863641072,0.355,0.498,1.484714708624734e-24
CD3E,4.297868709352845e-29,0.7057485159513655,0.421,0.324,1.5730629263102348e-24
EYA3,4.5576890590617427e-29,-0.7402110281873018,0.158,0.277,1.6681597725071886e-24
HEATR5A,4.638506868547115e-29,-1.1076928932317651,0.072,0.162,1.6977398989569295e-24
TSPYL2,4.807291584263952e-29,1.5108612996737945,0.164,0.078,1.759516792756449e-24
SNTB2,4.890697742563582e-29,-0.8319985680901001,0.123,0.229,1.7900442807556967e-24
WWP1,5.050707928971152e-29,-0.4422269869940263,0.455,0.605,1.8486096090827314e-24
ERI3,5.476196453257841e-29,-1.1305949900726986,0.079,0.171,2.0043426638569022e-24
ITFG2,5.579593359958945e-29,-0.7636993480166236,0.138,0.251,2.0421869656785737e-24
FP236383.3,5.968804320846138e-29,-1.1431688662761044,0.052,0.134,2.184642069472895e-24
LINC00243,6.075393184023469e-29,-1.4586013312610904,0.032,0.101,2.2236546592844298e-24
CD2,6.871962125600955e-29,-0.5189761437574635,0.387,0.535,2.5152068575912056e-24
RAB3IP,7.174749314435938e-29,-1.38386027701268,0.04,0.114,2.6260299965766977e-24
SOD1,8.08799962282374e-29,1.0564676554655288,0.237,0.139,2.960288741949717e-24
SERGEF,9.322158401830411e-29,-0.6971553483438467,0.187,0.31,3.412003196653949e-24
HLA-DPA1,9.488786433687512e-29,1.0448860285887833,0.244,0.145,3.472990722593966e-24
SATB1-AS1,1.004322640695281e-28,-1.0298665075871984,0.115,0.216,3.675921297208798e-24
CDK13,1.013344400191352e-28,-0.3519629642797488,0.636,0.77,3.708941839140367e-24
RGS3,1.1307137171043625e-28,-1.1389524966770155,0.067,0.154,4.1385252759736774e-24
C12orf75,1.17200417842648e-28,-0.7866312035058526,0.198,0.318,4.289652493458759e-24
AC007038.1,1.1831236948421963e-28,-0.9348631247596086,0.096,0.194,4.330351035491923e-24
PHKB,1.3136165148037187e-28,-0.49669360646039873,0.371,0.518,4.807967805833091e-24
GBF1,1.3256038626118042e-28,-0.5161033902837464,0.299,0.444,4.851842697545464e-24
BMP2K,1.330671647163713e-28,-1.2467255326363338,0.06,0.143,4.870391295783906e-24
LPIN1,1.4320052474197504e-28,-0.5812794412307014,0.203,0.337,5.2412824060810286e-24
SUFU,1.600091040867581e-28,-1.0252470609690851,0.078,0.17,5.856493218679433e-24
DHRSX,1.6107668414660403e-28,-0.8089444417577121,0.163,0.276,5.895567716449854e-24
RAN,1.7487793483100085e-28,1.3177699848934237,0.178,0.091,6.4007072927494624e-24
ZNF780B,1.8309486473993245e-28,-0.9776954529617121,0.067,0.156,6.701455144346268e-24
SUCLG2,1.9982893720027376e-28,-0.39025132982367605,0.603,0.728,7.31393893046722e-24
NDUFB8,2.0004583899422748e-28,1.137310748121648,0.222,0.127,7.32187775302772e-24
NBAS,2.3998778800871796e-28,-0.39253889763626537,0.476,0.628,8.783793028907086e-24
AVL9,2.9261772753455628e-28,-0.4728242617957079,0.375,0.517,1.0710101445492295e-23
AC104316.1,3.074309514126541e-28,1.7671738954462108,0.126,0.051,1.1252280252654552e-23
VCAN,3.6971947997534967e-28,-0.794517400368598,0.212,0.341,1.3532102686577773e-23
ITGA6,3.732600032060483e-28,-1.006854763670922,0.099,0.197,1.3661689377344575e-23
DCAF7,3.8403293073912454e-28,-0.6283383497604,0.203,0.329,1.4055989297982696e-23
COX6B1,4.558878526302363e-28,1.22951576912071,0.179,0.091,1.6685951294119278e-23
C15orf41,5.488207940960761e-28,-1.0537800849876324,0.094,0.187,2.008738988471048e-23
GMFG,5.709329856240592e-28,0.8369976496085056,0.348,0.249,2.089671820682619e-23
DTNBP1,5.787677231397189e-28,-0.7801856736564657,0.165,0.277,2.1183477434636853e-23
ZDHHC13,5.909466713187258e-28,-1.023381742101201,0.081,0.172,2.1629239116936682e-23
TASOR,6.068792377038378e-28,-0.5424630460400873,0.261,0.404,2.2212386979198168e-23
KIAA1328,6.1407013913774265e-28,-0.7099746538480772,0.215,0.335,2.247558116258052e-23
POU2F2,6.382712694199248e-28,-0.8434046508479058,0.127,0.232,2.3361366732038668e-23
STYK1,6.513393104590483e-28,-2.0820266482344745,0.02,0.078,2.3839670102111626e-23
ATP2A3,7.080946281141572e-28,-0.6194745905220163,0.209,0.343,2.5916971483606268e-23
RAP1GDS1,7.3511165651305114e-28,-0.35882971973106814,0.483,0.641,2.6905821740034186e-23
AKAP13,7.646220843164063e-28,-0.26509304683346624,0.835,0.916,2.7985932908064786e-23
OSBPL8,7.667289876649652e-28,-0.281622432998621,0.624,0.775,2.8063047677525394e-23
ADK,7.796147351769519e-28,-0.39381891271784086,0.551,0.687,2.8534678922211616e-23
SEPTIN6,7.864334380071172e-28,-0.43042638183709014,0.379,0.527,2.87842502644985e-23
TOMM20,8.360836163155584e-28,1.0056674759716175,0.291,0.194,3.060149644076575e-23
HK1,8.56338068118138e-28,-0.7779761837435757,0.143,0.255,3.134282963119197e-23
FGFBP2,8.773262360248049e-28,1.1986308075903107,0.245,0.148,3.2111017564743883e-23
SETD3,1.0825858443521645e-27,-0.818335603998426,0.126,0.233,3.962372448913357e-23
USP15,1.084828914619607e-27,-0.25699326779464027,0.816,0.899,3.9705823103992236e-23
ATXN7L1,1.1038435184491265e-27,-0.7013606030046996,0.288,0.412,4.040177661875648e-23
YTHDC1,1.144495772033034e-27,0.47164494639109744,0.661,0.597,4.1889689752181074e-23
PMAIP1,1.194946686666757e-27,1.6711366361111617,0.121,0.048,4.3736243678689976e-23
FNBP1,1.2059677526777664e-27,-0.27427028119930963,0.799,0.884,4.4139625715758926e-23
P2RY8,1.4226108861787989e-27,-0.3748262266648945,0.629,0.758,5.2068981045030216e-23
ARID1A,1.424815599762421e-27,-0.45136609881344236,0.395,0.544,5.214967576690437e-23
BCLAF3,1.5674471720145949e-27,-1.1785528132151508,0.064,0.147,5.737013394290618e-23
UQCRFS1,1.5932177561761481e-27,1.154078375733289,0.205,0.113,5.83133630938032e-23
PSEN1,1.5957393080467465e-27,-0.7926490771166249,0.16,0.274,5.840565441381897e-23
VIM,1.6089241333144485e-27,0.6599299109258174,0.487,0.397,5.888823220344213e-23
BANP,1.626080734871295e-27,-0.7103027457166994,0.135,0.246,5.951618097702426e-23
CPPED1,1.6785890826972426e-27,-1.3450275361041744,0.057,0.135,6.143803901580177e-23
AC010609.1,1.7217937657442093e-27,1.2497784702474188,0.228,0.136,6.30193736200038e-23
ZNF331,1.7533637536426067e-27,0.9962827171478796,0.304,0.201,6.417486674707305e-23
NOL4L,1.8932290777538933e-27,-0.6395134803359495,0.158,0.274,6.929407747487025e-23
TRIP12,1.9465914629889486e-27,-0.3664376452151956,0.521,0.665,7.12471941368585e-23
OST4,1.9848206023476895e-27,1.3374790916351142,0.166,0.082,7.264641886652778e-23
PPP6R3,2.0346831603387358e-27,-0.3214494745822132,0.639,0.771,7.447143835155807e-23
SNHG6,2.1622682054738373e-27,1.113428307602043,0.241,0.147,7.914117858854791e-23
CD84,2.171131901652948e-27,-0.5481836837133253,0.29,0.431,7.946559873239954e-23
ZNF718,2.2427891402588652e-27,-0.7209194361652287,0.163,0.279,8.208832532261472e-23
ADAMTSL4-AS1,2.2796987501877105e-27,-0.7868329300623584,0.106,0.208,8.343925395562039e-23
ZMYND11,2.3775293991601737e-27,-0.5253893859749764,0.265,0.399,8.701995353866152e-23
JAK3,2.847518591606083e-27,-0.69286812082617,0.141,0.254,1.0422202797137425e-22
USP24,2.8546145587889377e-27,-0.37075546031263396,0.612,0.74,1.0448174746623391e-22
AC006369.1,3.307540866682343e-27,-0.8125100336439584,0.143,0.252,1.2105930326144045e-22
TTC37,3.3542001347837244e-27,-0.5569601796962259,0.263,0.393,1.227670791332191e-22
TRIM33,3.419706040311088e-27,-0.39329672526127046,0.48,0.631,1.2516466078142612e-22
TMTC4,3.438122246928945e-27,-1.368269298967481,0.051,0.127,1.258387123598463e-22
MTRNR2L1,3.650310232472169e-27,-1.6871769504429421,0.034,0.1,1.3360500481871387e-22
SORL1,4.397843442281459e-27,-0.41594372909410193,0.547,0.673,1.6096546783094369e-22
ATG10,4.424417445729187e-27,-0.8575388473208392,0.132,0.237,1.6193810293113398e-22
ANKMY1,4.530677063513039e-27,-0.7212769973394139,0.149,0.26,1.6582731120164075e-22
PLEK,4.694426494464714e-27,-0.6715738001180416,0.21,0.335,1.7182070412390298e-22
MBOAT1,4.885489216546877e-27,-1.4132717365777947,0.047,0.121,1.7881379081483224e-22
CUTA,4.956576883261209e-27,1.1768631610012479,0.188,0.1,1.8141567050424349e-22
AC067945.4,5.189133782025199e-27,1.4879916567617957,0.153,0.074,1.899274855559043e-22
GCNT2,5.8237131750457414e-27,-1.7267188379485368,0.027,0.088,2.1315372591984916e-22
SH2D3C,6.002169283505122e-27,-1.4582230081868652,0.042,0.113,2.1968539794557094e-22
ALG13,6.3299378780753644e-27,-0.6497774638004068,0.217,0.341,2.316820562754364e-22
HDAC9,6.718995230911712e-27,-1.1895397341710883,0.094,0.185,2.4592194444659955e-22
DTNB,7.119486421805704e-27,-0.5545904930178864,0.291,0.423,2.605803225245106e-22
AC026202.2,7.653678041189963e-27,1.7641399961719897,0.114,0.044,2.8013226998559386e-22
GNB1,9.715977129694994e-27,-0.3867769392335114,0.492,0.635,3.5561447892396645e-22
ETS1,1.027406376981734e-26,-0.2624801069516587,0.849,0.911,3.7604100803908447e-22
PNRC1,1.0467032519292867e-26,0.6219419706661244,0.482,0.393,3.8310385723863823e-22
PTPN9,1.057559445381305e-26,-1.072915116278188,0.069,0.153,3.870773326040114e-22
PIGN,1.0909592425178416e-26,-0.9844438840696397,0.108,0.204,3.993019923539552e-22
AC118549.1,1.2462095865775316e-26,-0.49442537987970014,0.325,0.461,4.561251707832424e-22
RANBP9,1.2591087301354152e-26,-0.44053016566611625,0.328,0.475,4.608463863168633e-22
CEBPZ,1.3254540795968178e-26,0.8140872828596625,0.352,0.254,4.851294476732313e-22
TPST2,1.3504334110508685e-26,-0.5922433313698734,0.259,0.39,4.942721327787284e-22
RBM41,1.4283572364080736e-26,-1.0286119262103814,0.071,0.156,5.22793032097719e-22
UBN2,1.4872932790880953e-26,-0.8089069683811336,0.115,0.216,5.443642130790337e-22
LSM7,1.543516997106794e-26,1.2582766811261177,0.186,0.1,5.6494265611105775e-22
RASGRP1,1.707234257108396e-26,-0.30989227408478426,0.625,0.748,6.24864810444244e-22
RPRD2,1.7168063503879658e-26,-0.47845955617553987,0.295,0.432,6.283682923054994e-22
OAS2,1.7458456726391528e-26,-1.0317185600115106,0.054,0.133,6.389969746426563e-22
AL136962.1,1.843761771378673e-26,-1.2094818921765764,0.08,0.165,6.748352459423081e-22
RAB6A,1.8902772757671757e-26,-0.5144583368906057,0.256,0.391,6.91860385703544e-22
AC087286.2,2.463542278342877e-26,1.659928799175157,0.124,0.053,9.016811092962765e-22
ABLIM1,2.6470641581905336e-26,-0.3937482771601075,0.26,0.393,9.688519525393172e-22
CD38,2.922092787854482e-26,-1.6809958555089075,0.021,0.078,1.069515181282619e-21
AC139720.1,2.940635551548409e-26,-2.4083417202816486,0.024,0.081,1.0763020182222332e-21
AC119673.2,3.2179675073781907e-26,-1.763133353312094,0.02,0.076,1.1778082873754917e-21
VPS53,3.2396380718274246e-26,-0.5197220813172199,0.259,0.392,1.1857399306695556e-21
STX7,3.2429926078406875e-26,-0.6751368471783961,0.148,0.258,1.18696772439577e-21
MEAK7,3.397824008440524e-26,-1.6934980316000336,0.025,0.084,1.2436375653293161e-21
SLC5A3,3.533945511209174e-26,-1.0123043137466656,0.075,0.161,1.2934593965576697e-21
FKBP15,3.835749127317106e-26,-1.10148717211694,0.064,0.145,1.403922538089334e-21
ANKFY1,4.153316913319356e-26,-0.6972373247670659,0.158,0.272,1.5201555234440176e-21
SCD5,4.3804788560730027e-26,-1.5767660625244906,0.037,0.103,1.6032990661112798e-21
NLRP1,4.47288086338212e-26,-0.4196844084481046,0.449,0.595,1.6371191248064898e-21
KIF16B,4.7519959162592356e-26,-1.2344808294627425,0.067,0.147,1.739278025310043e-21
OPA1-AS1,4.8849000302458906e-26,2.601231883429275,0.064,0.014,1.7879222600702985e-21
PIGU,5.41905967841254e-26,-1.0058694705658806,0.083,0.17,1.9834300328957737e-21
G2E3-AS1,5.951623310738619e-26,2.1332378427857064,0.087,0.028,2.178353647963442e-21
DDX58,7.939178744976591e-26,-0.6215099466684584,0.125,0.229,2.905818812448882e-21
PER1,8.750827855387398e-26,0.942376382965173,0.254,0.16,3.2028905033503413e-21
IFNGR1,9.225405023285778e-26,0.9123827383904985,0.318,0.224,3.3765904925728276e-21
CRIM1,9.235763684552105e-26,-1.1148451986221435,0.083,0.169,3.380381866182916e-21
ACTR3,9.576413413175374e-26,-0.398524053875988,0.483,0.636,3.505063073356319e-21
DISP1,9.93485792146818e-26,-1.2883257357476956,0.046,0.117,3.636257347836569e-21
SETD2,1.0438377348097e-25,-0.31415320822920334,0.543,0.695,3.820550493176983e-21
MSH3,1.0454710206488569e-25,-0.5734113081204251,0.279,0.405,3.826528482676881e-21
AC087190.1,1.090722109780287e-25,2.1290616705067453,0.076,0.021,3.992151994006829e-21
GBP4,1.1884908508940055e-25,-0.8262738335641999,0.114,0.212,4.34999536335715e-21
COMMD2,1.4047603806154243e-25,1.1734268409540511,0.189,0.104,5.1415634690905146e-21
PHACTR4,1.4225366279551014e-25,-0.49893937718869463,0.265,0.394,5.2066263119784664e-21
RNF145,1.7276494741521082e-25,-0.4403083739174468,0.36,0.502,6.323369840344131e-21
RALGAPA2,1.7487436799759836e-25,-0.43872084698862357,0.367,0.509,6.400576743080098e-21
SIRPG,1.7512851214699006e-25,-1.4745656211777987,0.028,0.088,6.409878673091983e-21
CSTF3,1.7625872561870161e-25,-0.6578676916077395,0.154,0.264,6.4512456163700975e-21
LRRC8D,1.7936769103014706e-25,-0.818725694596022,0.134,0.237,6.565036859394412e-21
XRRA1,1.8733903909121668e-25,-0.6314790375395667,0.197,0.315,6.856796169777622e-21
PIK3CG,1.9994700941621227e-25,-0.6351986036118931,0.139,0.246,7.318260491642785e-21
STN1,2.0449906278988993e-25,-1.0558629835069082,0.062,0.141,7.484870197172762e-21
NFAT5,2.064347942879121e-25,-0.35863855054106253,0.525,0.661,7.55571990573187e-21
SNX18,2.09733753553406e-25,-1.2539401204593257,0.041,0.109,7.676465113808214e-21
GABPB2,2.1936570545885986e-25,-0.8662887888972864,0.097,0.19,8.029004185499729e-21
MAPK1,2.219974037201927e-25,-0.33872566993202713,0.536,0.685,8.125326973562774e-21
AC025171.2,2.3263286368123217e-25,-1.4233211773978673,0.029,0.09,8.514595443596778e-21
ATP11A,2.3273691502601933e-25,-0.6628548916049604,0.135,0.239,8.518403826867334e-21
FAM169A,2.3492682983848722e-25,0.866189661059489,0.3,0.2,8.59855689891847e-21
DBI,2.5029676906024927e-25,1.3150755459807875,0.144,0.067,9.161112044374184e-21
ABI2,2.581978052601971e-25,-0.8939049928929602,0.102,0.195,9.450297870328474e-21
HSD17B4,2.6037178859035363e-25,-1.5321108342394971,0.044,0.113,9.529867834195534e-21
APOL3,2.6621936749806786e-25,-0.7034515633263967,0.116,0.218,9.743895069796782e-21
TCAIM,2.990322365227555e-25,-1.6639871243052209,0.031,0.093,1.0944878888969374e-20
GABARAP,3.230058701039235e-25,0.8694723329799114,0.286,0.191,1.1822337851673704e-20
TBC1D14,3.3428815549174294e-25,-0.5673924877976222,0.162,0.278,1.2235280779153283e-20
ENOX2,3.3988056245698924e-25,-0.8785351308844523,0.119,0.214,1.2439968466488264e-20
DNAJC8,3.411264716268433e-25,0.9498703333759323,0.247,0.154,1.2485569988014091e-20
WDR83OS,3.432295742605212e-25,1.481216395680358,0.131,0.058,1.2562545647509337e-20
TBC1D19,3.4789327434019655e-25,-0.6517115313927243,0.207,0.323,1.2733241734125534e-20
SPATA13,3.4881638820493734e-25,-0.3857879495308061,0.442,0.588,1.2767028624688911e-20
NUGGC,3.594508423986676e-25,-1.220412386122364,0.056,0.131,1.3156260282633632e-20
KLHL22,3.804493623516282e-25,-0.8485135285660944,0.081,0.168,1.3924827111431942e-20
JMJD1C,3.8760770028048505e-25,-0.31975923682148766,0.724,0.818,1.4186829437966034e-20
LINC02725,3.946930380896048e-25,-1.6051293817614738,0.039,0.105,1.4446159887117626e-20
PLCG1,3.9493959073330525e-25,-0.9024234056149123,0.089,0.179,1.4455183960429705e-20
WDR41,4.440119072701589e-25,-1.0262242378010795,0.06,0.137,1.6251279817995086e-20
METRNL,4.775535506055576e-25,1.626845132906139,0.119,0.051,1.7478937505714014e-20
AC008964.1,5.179656406614204e-25,-1.8056248424741996,0.021,0.076,1.8958060413848646e-20
CD28,5.320495014135273e-25,-0.5481885977632464,0.159,0.272,1.947354380123651e-20
RTKN2,5.394444326462633e-25,2.1488255539437415,0.07,0.018,1.9744205679285883e-20
HS3ST3B1,6.4118234683922235e-25,-1.0677384542331714,0.065,0.144,2.3467915076662376e-20
MAP3K14,6.4955663151377945e-25,-0.6028785044233651,0.166,0.276,2.3774422270035842e-20
PDE3B,6.937486285094462e-25,0.4236175012191783,0.805,0.769,2.5391893552074238e-20
COX10-AS1,8.447662614937838e-25,-0.9147197455503446,0.101,0.191,3.091928993693398e-20
EMC6,8.648679526929608e-25,2.071956861749208,0.078,0.023,3.165503193651506e-20
LINC02362,8.715561350677855e-25,-2.0141463998815556,0.014,0.062,3.189982609961602e-20
KIAA2026,9.304345745829443e-25,-0.40662016364991094,0.43,0.575,3.4054835864310344e-20
CNNM2,9.530313132999975e-25,-0.9676236051314231,0.094,0.181,3.488189909809321e-20
CYTH4,9.61193426370689e-25,-0.8291361532178521,0.115,0.211,3.5180640598593583e-20
MZT2B,9.6651676038573e-25,0.9599793317370222,0.249,0.157,3.5375479946878104e-20
CIR1,1.059998219468267e-24,0.5954641047311011,0.517,0.436,3.8796994830758044e-20
DOP1B,1.210650195118329e-24,-0.8213700314307472,0.111,0.206,4.4311007791525964e-20
MAP4K3,1.2596351521654557e-24,-0.6816061497439873,0.153,0.259,4.610390620440784e-20
ZFAS1,1.3169018195389058e-24,0.8987371876522149,0.285,0.195,4.819992349694349e-20
AL157402.2,1.3224323171349334e-24,1.4801714385666014,0.13,0.058,4.8402345239455694e-20
PLEKHA1,1.3296100514845628e-24,-0.5622559327687765,0.264,0.388,4.866505749438648e-20
SPTBN1,1.3842297545681346e-24,-0.5498540303021189,0.241,0.369,5.0664193246948295e-20
HELB,1.5997515097356189e-24,-0.39555481012258287,0.296,0.435,5.855250500783339e-20
NABP1,1.607793187259165e-24,-0.6854377804637152,0.118,0.217,5.88468384468727e-20
AL360091.3,1.941654916681413e-24,1.4534721341443397,0.122,0.053,7.10665116054564e-20
EFNA5,1.9824153894896405e-24,1.2435025202682395,0.157,0.078,7.255838567071033e-20
SUMF1,2.0015901758801196e-24,-0.5254981341484237,0.339,0.47,7.326020202738826e-20
NPAT,2.115301132604023e-24,-0.570574256319148,0.221,0.343,7.742213675443984e-20
SRSF2,2.2146441355849072e-24,0.8170571171706116,0.356,0.27,8.105819000654319e-20
FOS,2.218239256846016e-24,1.4201021890487557,0.144,0.07,8.118977503982104e-20
FAM120B,2.232197432959881e-24,-0.42843431892913464,0.338,0.474,8.17006582437646e-20
SPTAN1,2.3038617211962418e-24,-0.49271193281734404,0.296,0.428,8.432364285750365e-20
KAT6A,2.4595170711256718e-24,-0.2807324263824025,0.604,0.736,9.002078432027071e-20
Z82206.1,2.4607571347317226e-24,-1.6068318309448122,0.023,0.078,9.006617188831578e-20
TMEM181,2.5109952141504246e-24,-0.33147448679514935,0.531,0.669,9.19049358331197e-20
SF3B6,2.8600034239756736e-24,1.355286948876075,0.146,0.071,1.0467898532093363e-19
LINC02328,2.874587593435963e-24,-0.5388968908278513,0.369,0.488,1.0521278050734969e-19
TMEM71,2.919407496127072e-24,-0.8047094497161705,0.124,0.221,1.0685323376574696e-19
DYM,2.9745557911679066e-24,-0.3071058658185917,0.595,0.734,1.0887171651253656e-19
AC009120.2,3.543385514466258e-24,-0.9101564916264235,0.091,0.178,1.296914532149795e-19
TASP1,3.700244727959818e-24,-0.6385123692163792,0.215,0.328,1.354326572880573e-19
DECR1,3.890196693388431e-24,-0.5444710877570342,0.228,0.351,1.4238508917470995e-19
ATP5PF,4.069024327144632e-24,1.594900020242271,0.108,0.044,1.4893035939782067e-19
MAP3K8,4.205630182825558e-24,0.9387945822670352,0.329,0.234,1.5393027032159824e-19
PMS1,4.728470565640995e-24,-0.7387884408446942,0.137,0.237,1.7306675117302605e-19
LINC00894,4.7464996029886954e-24,-0.9386146773126687,0.074,0.155,1.7372663196898924e-19
TOMM6,4.925882706862599e-24,1.3149054601345938,0.131,0.06,1.8029223295387799e-19
AL592183.1,5.006758252048791e-24,-0.7032579225491464,0.147,0.251,1.832523587832378e-19
LY75,5.0116380256414765e-24,-0.5299209700651406,0.287,0.414,1.834309633765037e-19
UBR3,5.05918352640319e-24,-0.37355607802237967,0.439,0.578,1.8517117624988317e-19
IGF2R,5.106126619477044e-24,-0.4049296959905412,0.429,0.579,1.8688934039947927e-19
AC024084.1,5.323217890233648e-24,-1.0770456568448188,0.061,0.136,1.9483509800044175e-19
JUND,5.6034025419208384e-24,0.8324078424513232,0.297,0.209,2.050901364368446e-19
HECTD4,5.6079899110047974e-24,-0.4158413121423078,0.298,0.433,2.0525803873268658e-19
KIAA0319L,6.3452208732963304e-24,-0.5357363831458318,0.242,0.367,2.32241429183519e-19
IFT88,6.741419130593367e-24,-0.9821078780687585,0.066,0.143,2.467426815988478e-19
SEC62,6.796976589107234e-24,0.6304090968243332,0.431,0.336,2.4877614013791387e-19
RAB8B,7.075181472934687e-24,0.49689241636617276,0.61,0.535,2.5895871709088247e-19
MOSPD2,7.357276883672915e-24,-1.4509260287633203,0.027,0.085,2.6928369121931234e-19
LINC00612,7.431950177858197e-24,0.8757636921802597,0.319,0.229,2.7201680845978787e-19
CEBPB,7.55193542386611e-24,1.3592588522188311,0.154,0.079,2.764083884489235e-19
CD8A,8.445818346760511e-24,0.6556523326088104,0.499,0.432,3.0912539730978146e-19
COX7B,8.505131993409348e-24,1.3392035302161245,0.129,0.058,3.1129633609077555e-19
KDM7A,8.773088870324462e-24,-0.4334895110211481,0.4,0.534,3.211038257427456e-19
ICAM3,8.857254671907596e-24,0.983134000604204,0.25,0.163,3.2418437824648993e-19
PYURF,8.92389952811628e-24,1.6296202814782306,0.105,0.041,3.2662364662858393e-19
SNX14,9.063611736556861e-24,-0.45340887805892716,0.35,0.481,3.3173725316971765e-19
ERC1,9.640200933817854e-24,-0.5026319024799213,0.354,0.481,3.5284099437866725e-19
SETDB2,1.053628217483244e-23,-0.7027074395117432,0.118,0.215,3.8563846388104215e-19
AGO3,1.0684466703448358e-23,-0.4197714340905474,0.395,0.533,3.910621658129134e-19
PUM1,1.088077196931474e-23,-0.33441266107565015,0.547,0.697,3.982471348488888e-19
A2M-AS1,1.1321600633515908e-23,-0.4923410038197764,0.272,0.399,4.1438190478731573e-19
XRCC4,1.2707368084391027e-23,-0.9508595154340767,0.096,0.181,4.65102379256796e-19
SMG1,1.2857121694733828e-23,-0.3375844940246675,0.612,0.74,4.705835111489529e-19
DIS3L2,1.421992658703437e-23,-0.46029677875621156,0.349,0.482,5.20463533012045e-19
PTEN,1.5619184111533122e-23,-0.3716234030973036,0.508,0.638,5.716777576662238e-19
NDUFB9,1.6213298945496924e-23,1.0585601957647062,0.231,0.145,5.934229547041329e-19
AC109587.1,1.627508171523694e-23,1.604623963592414,0.116,0.05,5.9568426585938725e-19
PI4KA,1.6879662406118314e-23,-0.424774044841153,0.314,0.452,6.178125237263364e-19
NOTCH2,1.823227461791701e-23,-0.711884386753877,0.145,0.246,6.673194832903805e-19
JAKMIP2,1.9412195662342254e-23,-0.6265275988534927,0.289,0.401,7.105057734373888e-19
PIGK,1.9733435872410455e-23,-1.04178967132709,0.082,0.164,7.222634863660951e-19
GOLPH3L,2.0670582183589075e-23,-2.1008106538462896,0.012,0.057,7.565639785015438e-19
CLOCK,2.0697272446591504e-23,-0.8708543947809211,0.12,0.213,7.575408688176956e-19
TSTD1,2.1611242344670707e-23,1.7073870876129238,0.097,0.037,7.909930810572926e-19
TBL1X,2.1654025095836052e-23,-0.44398223367704737,0.405,0.532,7.925589725326953e-19
RAP1A,2.3789581573879698e-23,-0.3040772169596151,0.625,0.74,8.707224751855709e-19
SNRPF,2.4245438436090832e-23,1.1482935114016948,0.168,0.09,8.874072921993606e-19
ECE1,2.4561755626361924e-23,-0.6299690795428751,0.092,0.18,8.989848176804729e-19
TRMT112,2.481341572820043e-23,1.5641221968793808,0.111,0.046,9.081958290678639e-19
RBM8A,2.5093271533367527e-23,0.979007083350961,0.23,0.144,9.184388313927848e-19
BEX2,2.5478271367820767e-23,1.8737948649395515,0.087,0.031,9.325302103336078e-19
IKBKB,2.5668434446101534e-23,-0.6326682450387868,0.158,0.266,9.394903691617623e-19
IPO11,2.5685011809599569e-23,-0.9514341172884166,0.093,0.179,9.400971172431538e-19
AUH,2.5786336032866706e-23,-0.4321665560237966,0.353,0.488,9.438056851389543e-19
PCNX4,2.6210005091921132e-23,-0.6503908554743397,0.2,0.308,9.593123963694054e-19
RHBDD1,2.6959301581163475e-23,-0.6362702278564814,0.155,0.257,9.867373971721643e-19
ARL6IP6,2.915705642024127e-23,-0.7882088539134104,0.11,0.201,1.0671774220372508e-18
PIM3,3.095176563468883e-23,1.72536378781464,0.093,0.034,1.1328655739952458e-18
TBC1D4,3.10694108385171e-23,-1.182350534794787,0.048,0.116,1.1371715061005644e-18
CWC27,3.5145751572775433e-23,-0.6671253914103134,0.218,0.326,1.2863696533151535e-18
BTRC,3.9033545791514e-23,-0.5137631984649316,0.24,0.359,1.4286668095152039e-18
FBXO11,3.963655064291326e-23,-0.37002258265568044,0.517,0.65,1.4507373900812683e-18
CRADD,3.964513322751799e-23,-0.6568120230073313,0.241,0.347,1.451051521260386e-18
ZFP64,4.2175412753731095e-23,-1.133873948051703,0.049,0.117,1.5436622821993118e-18
DISC1,4.422389321123635e-23,-0.6491671107762983,0.145,0.244,1.6186387154244616e-18
LCK,4.4307134273269717e-23,-0.5029893010777473,0.309,0.432,1.6216854215359448e-18
RFFL,4.5368278155165724e-23,-0.4730817066984231,0.309,0.438,1.6605243487572206e-18
PEBP1,4.692737448443264e-23,0.903480686474835,0.241,0.154,1.717588833504719e-18
SRRM2,4.7281840491371206e-23,0.40756258533547207,0.688,0.647,1.7305626438246775e-18
KMT5B,4.924799920000453e-23,-0.46349768066967356,0.255,0.38,1.802526018719366e-18
GSAP,4.9871229143927343e-23,-0.613850426697047,0.225,0.337,1.8253368578968848e-18
RFX3-AS1,5.169694250354633e-23,-0.509256386105914,0.285,0.406,1.892159792572299e-18
ELOB,5.50515475898742e-23,1.1450214878622993,0.189,0.109,2.014941693336986e-18
KLRC2,6.400562131305074e-23,1.3341093330709415,0.143,0.07,2.34266974567897e-18
GCNA,6.596715921178965e-23,-1.426031364016614,0.03,0.088,2.414463994310713e-18
CD247,6.615651034697764e-23,-0.2595121249698815,0.842,0.906,2.4213944352097288e-18
RAPGEF2,7.448272972167075e-23,0.8274686654815986,0.469,0.393,2.7261423905428713e-18
ANKH,7.52193240914948e-23,-0.5349650181804182,0.24,0.359,2.7531024810728013e-18
ATP5MG,7.778888201194737e-23,0.8161055759673135,0.303,0.211,2.8471508705192855e-18
CD69,7.787934518139797e-23,0.8307139620960392,0.442,0.368,2.850461912984347e-18
YIPF4,7.865862748134394e-23,-0.3890357274520464,0.3,0.437,2.8789844244446695e-18
INTS6,8.056544083925649e-23,-0.4755696482497102,0.269,0.392,2.9487757001576267e-18
MTA3,8.896435104464228e-23,-0.825733894777104,0.109,0.199,3.256184212584952e-18
WIPF1,9.242341673860215e-23,-0.2488749639589254,0.763,0.856,3.3827894760495774e-18
NCKAP1L,9.33147960669345e-23,-0.491386695470227,0.304,0.431,3.4154148508458697e-18
HNRNPDL,9.501580613954213e-23,0.6146265467750447,0.461,0.392,3.477673520513381e-18
VPS35L,1.0009873289743302e-22,-0.7782706103974358,0.107,0.196,3.663713722778946e-18
UBL5,1.0325312659464722e-22,1.151806951949205,0.171,0.094,3.779167686490683e-18
CEP290,1.2462297021800736e-22,-0.6353682068164354,0.154,0.256,4.5613253329492875e-18
NACC2,1.2616797775306093e-22,-1.0433065061134104,0.05,0.119,4.617874153739783e-18
NSMCE3,1.262506255897394e-22,1.3308383198236515,0.135,0.065,4.620899147210052e-18
COL10A1,1.327909319805676e-22,2.515926905237899,0.062,0.016,4.860280901420755e-18
AGPAT4,1.3337753825353926e-22,-0.5839833913653159,0.195,0.303,4.881751277617791e-18
Z83843.1,1.3555819543815274e-22,-1.03844165823901,0.055,0.125,4.961565511231828e-18
USP34,1.438833221057057e-22,-0.2272884293827322,0.791,0.88,5.266273472390934e-18
AP005899.1,1.488702340951176e-22,1.7163231532122138,0.087,0.031,5.448799438115399e-18
UTY,1.512457777253321e-22,-0.2260966668520834,0.738,0.84,5.53574671052488e-18
CCDC144A,1.669998543472848e-22,-0.7529336488722739,0.117,0.209,6.112361668964971e-18
CX3CR1,1.6726786105045683e-22,-1.0005392754274722,0.095,0.178,6.1221709823077704e-18
SGK3,1.8491941089081592e-22,-0.47483343362693564,0.239,0.358,6.768235358014753e-18
ARHGAP30,1.8605340659719947e-22,-0.5682172899317183,0.234,0.353,6.809740734864098e-18
ZFYVE28,1.8764657766496908e-22,-0.4142692037422161,0.219,0.337,6.868052389115533e-18
ABL2,1.979278981194799e-22,-0.7129505841852071,0.123,0.217,7.244358999071084e-18
SPAG1,1.9964857032989463e-22,1.5126778096568572,0.131,0.063,7.307337322644474e-18
SMYD4,2.0339565231902802e-22,-1.2021951254594327,0.038,0.099,7.444484270528744e-18
AL049869.3,2.0751754019125266e-22,1.4409450500199699,0.103,0.041,7.595349488540039e-18
RPRD1A,2.1260089488736256e-22,-0.54771698701088,0.216,0.329,7.781405353772357e-18
PLXDC2,2.130470318166643e-22,-1.4747463686637121,0.036,0.096,7.79773441152173e-18
APBA2,2.2090443745812624e-22,-0.4833753870867201,0.283,0.401,8.085323315404878e-18
SNHG22,2.2992785831856805e-22,-1.3439904794061976,0.031,0.089,8.41558954231791e-18
SYF2,2.462859611006201e-22,0.8561947780343813,0.276,0.188,9.014312462243796e-18
HIF1A-AS3,2.5303524706679232e-22,1.4643318112305403,0.127,0.06,9.261343077891666e-18
SLCO3A1,2.5452751226488115e-22,-0.3658197167728525,0.549,0.666,9.315961476406914e-18
TMEM131,2.5999948044280157e-22,-0.3658120918828571,0.456,0.598,9.51624098368698e-18
CBR4,2.7191775336011826e-22,-0.8164008872163355,0.134,0.228,9.952461690733689e-18
SFI1,2.7346401739038724e-22,-0.45874522433480913,0.294,0.425,1.0009056500505563e-17
GBP1,2.7509660182445253e-22,-0.9484525763997391,0.061,0.134,1.0068810723376786e-17
MARK2,2.819720981512072e-22,-0.6184898709132451,0.134,0.231,1.0320460764432335e-17
ZC3HAV1,2.8590307104999133e-22,-0.26322147590644884,0.568,0.7,1.0464338303500732e-17
SNRPB2,2.882296520213528e-22,1.0204423664371782,0.196,0.115,1.0549493493633534e-17
LMF1,2.923732451849035e-22,-0.8048437189381511,0.105,0.192,1.0701153147012652e-17
RSL24D1,2.9877891662090765e-22,0.8619170334212319,0.254,0.166,1.093560712724184e-17
UBE2F,3.011038227073775e-22,-0.5449562060081485,0.167,0.272,1.1020701014912725e-17
VPS13A,3.1425167830382256e-22,-0.3451996187763564,0.461,0.598,1.1501925677598209e-17
AC114760.2,3.1700530834128714e-22,1.9267880678003233,0.081,0.028,1.1602711290599451e-17
UQCR11,3.3219745475819214e-22,0.9403059099967176,0.21,0.127,1.215875904160459e-17
ABCC4,3.520381064579509e-22,-0.6441461833666671,0.121,0.215,1.2884946734467461e-17
PELI2,3.639522413790956e-22,0.7044779650367824,0.395,0.295,1.3321015986716279e-17
NFATC2IP,4.353197478346015e-22,-0.5097215697762396,0.184,0.295,1.593313809049425e-17
DPYD-AS1,4.870327743422415e-22,1.4229262718703977,0.165,0.092,1.7825886573700382e-17
PCAT1,4.884169784062968e-22,-0.6450453224580726,0.279,0.384,1.787654982664887e-17
PRPF40B,5.351030162325392e-22,-1.3387121810455742,0.039,0.1,1.9585305497127166e-17
MFHAS1,5.58104474365089e-22,-1.2795381119964293,0.059,0.128,2.0427181866236623e-17
SRSF7,6.258966371952561e-22,0.5441100086107489,0.511,0.435,2.2908442817983568e-17
PCSK7,6.398323984960822e-22,-0.3454508750227703,0.442,0.589,2.3418505617355107e-17
WDR44,6.543264703988209e-22,-0.48678891732974294,0.218,0.333,2.3949003143067242e-17
MED10,7.196633508959742e-22,0.882092328237956,0.23,0.146,2.634039830614355e-17
ARHGEF2,7.61445890079448e-22,-0.9185606018910519,0.067,0.141,2.786968102279788e-17
NAPB,7.846997715515012e-22,-1.0382720913069412,0.051,0.118,2.8720796338556496e-17
LRPAP1,8.6168222592921e-22,1.2769798560916747,0.154,0.083,3.153843115123502e-17
SKP1,8.653557542128845e-22,0.6305515251637044,0.446,0.373,3.167288595994579e-17
ATE1,8.863088312752747e-22,-0.5078974951138413,0.305,0.427,3.2439789533506325e-17
ARL17A,9.395950764884347e-22,-0.8527473983340406,0.071,0.146,3.43901193945532e-17
AGK,1.0119217696509539e-21,-0.5187815734446296,0.245,0.362,3.703734869099456e-17
AP2A2,1.1045714646668631e-21,-0.8045606146218498,0.111,0.198,4.042842017827186e-17
ANKRD11,1.1879620318122244e-21,-0.27332563861382564,0.697,0.813,4.3480598326359227e-17
FHIT,1.2430465919086893e-21,-0.9323414863965019,0.109,0.194,4.549674831044993e-17
IPCEF1,1.298548728604345e-21,-0.3658920637631878,0.273,0.399,4.752818201564763e-17
HNRNPH3,1.3001068857041998e-21,0.6489335894190018,0.404,0.32,4.7585212123659415e-17
ROCK1,1.3725884100456337e-21,-0.2798150132584878,0.698,0.818,5.023810839608024e-17
KLHDC4,1.3952221144712492e-21,-0.6017173627016498,0.167,0.272,5.106652461176219e-17
STK4,1.5071572586216967e-21,-0.22846192020175282,0.772,0.867,5.516346282281272e-17
LITAF,1.570061011413218e-21,0.3546301114048953,0.715,0.664,5.74658030787352e-17
EIPR1,1.6434579505747925e-21,-0.764611445428474,0.103,0.188,6.015220444898798e-17
MCPH1,1.6556817075302679e-21,-0.404043662940721,0.344,0.469,6.059960617731534e-17
AC009313.1,1.7090513764911722e-21,1.768873975671078,0.079,0.027,6.255298943095339e-17
SNHG32,1.7275067786036755e-21,1.3347007746519253,0.125,0.059,6.322847560367313e-17
CYC1,1.7934440031177626e-21,1.6964168655040983,0.088,0.033,6.564184395811323e-17
SETBP1,1.8387368305318463e-21,-0.7126122781243799,0.231,0.332,6.729960673429611e-17
ZC4H2,2.116286388498555e-21,-1.389244719183524,0.038,0.097,7.74581981054356e-17
NMRK1,2.1637928857945383e-21,-0.8744298051659161,0.079,0.155,7.91969834129659e-17
STXBP4,2.1928084556389465e-21,-0.8348734428818533,0.085,0.163,8.025898228484108e-17
TPD52,2.2242422055796613e-21,-0.8149343082302105,0.158,0.251,8.140948896642119e-17
COLGALT2,2.3699713949867884e-21,-1.5920274166921595,0.028,0.081,8.674332302791145e-17
KIAA0586,2.3713358042251415e-21,-0.5375249510994348,0.166,0.267,8.67932617704444e-17
BRD1,2.395962563353803e-21,0.6351736156544422,0.436,0.355,8.769462578131254e-17
EFL1,2.4817708343597403e-21,-0.734333517668845,0.096,0.179,9.083529430840086e-17
RGS2,2.577469223075359e-21,1.286958176839128,0.162,0.091,9.433795103378121e-17
AC002463.1,2.5835011875881443e-21,1.430348184528916,0.138,0.07,9.455872696691367e-17
HIGD2A,2.703585288935236e-21,1.3386075169486522,0.121,0.057,9.895392516031857e-17
MBNL3,2.8479471179589842e-21,-0.8237435561213453,0.117,0.204,1.0423771246441678e-16
CLIC5,3.04539526082403e-21,-1.7151912940197052,0.024,0.074,1.1146451194142033e-16
SMC6,3.0763475913608094e-21,-0.6686975703415832,0.141,0.236,1.12597398191397e-16
PRELID1,3.516338151459301e-21,1.3589779847092418,0.123,0.059,1.2870149268156189e-16
MYO5A,3.748821972899494e-21,-0.4032231175184333,0.442,0.574,1.3721063303009439e-16
SET,3.868692688087663e-21,0.586333933357563,0.452,0.377,1.4159802107669656e-16
INTS6L,4.059971548214603e-21,-0.580903891275927,0.162,0.262,1.485990186362027e-16
CCAR1,4.114091908569733e-21,-0.4096257605081557,0.32,0.454,1.5057987794556081e-16
TRIM22,5.142019886292756e-21,-0.36606050440700033,0.373,0.501,1.8820306985820116e-16
ATP5MPL,5.250419854012998e-21,1.0123758014757387,0.188,0.111,1.9217061707672974e-16
EYS,5.404299799532458e-21,1.5773236969808007,0.108,0.048,1.978027769626875e-16
SKAP1-AS1,5.7189150462140965e-21,1.2312540977180038,0.156,0.085,2.0931800960648214e-16
ANXA6,6.200846482217614e-21,-0.5304721044726896,0.257,0.373,2.2695718209564687e-16
ATP5F1E,6.389581405097145e-21,0.636526417420824,0.402,0.321,2.338650690079606e-16
PARP11,6.5955895852784744e-21,-0.5450819658114433,0.161,0.263,2.4140517441077745e-16
SEC61B,6.774292685061727e-21,1.041108945338535,0.203,0.124,2.479458865659443e-16
ZMYM6,6.784514494266809e-21,-0.6185945248650075,0.142,0.237,2.4832001500465946e-16
SYTL2,6.8938035794276e-21,-0.3971783405202909,0.414,0.538,2.523201048106296e-16
PPA2,7.182288034269632e-21,-0.4380666351980809,0.251,0.367,2.628789243423028e-16
DGKA,7.284931948426785e-21,-0.7101723454238545,0.129,0.22,2.6663579424436877e-16
FTO,7.61615166342924e-21,-0.37333206117196993,0.457,0.578,2.787587670331736e-16
PTPN22,7.631947514810867e-21,-0.40665674779966854,0.376,0.505,2.793369109895925e-16
LIMS1,7.702942581236014e-21,-0.654912591820971,0.178,0.279,2.8193540141581934e-16
ACTB,7.996357762849032e-21,0.3375429922348063,0.888,0.906,2.926746904780374e-16
DMXL1,8.45130176596946e-21,-0.5354805270715152,0.263,0.376,3.0932609593624823e-16
TARBP1,8.61768923004103e-21,-0.600027079846526,0.124,0.215,3.1541604350873175e-16
BMPR1A,8.704209354949281e-21,-0.7519262849579831,0.119,0.206,3.1858276660049863e-16
IRF1,9.026009561211265e-21,0.5434256219519242,0.569,0.523,3.3036097594989353e-16
IL10RB,9.68231693547207e-21,-0.8470588891333869,0.088,0.166,3.543824821552132e-16
SGO1-AS1,9.913357494808111e-21,-0.8846367632822494,0.121,0.206,3.628387976674717e-16
CASP10,1.0453409071429408e-20,-1.4722691137867678,0.023,0.072,3.8260522542338775e-16
SMARCA4,1.1023092737767067e-20,-0.6423158324530946,0.145,0.24,4.034562172950124e-16
TMEM116,1.132169210188738e-20,-0.9147387163061562,0.083,0.159,4.1438525262118e-16
SYAP1,1.1472563956345097e-20,0.8142121439348062,0.297,0.212,4.1990731336618687e-16
MBD2,1.1805573730019782e-20,-0.5113389187470028,0.197,0.306,4.32095804092454e-16
BUD31,1.2107045369885901e-20,1.4725880325602978,0.112,0.051,4.431299675831939e-16
SPAST,1.2354408169614054e-20,-0.7289067458784084,0.119,0.207,4.52183693416044e-16
CFDP1,1.2830032334308475e-20,-0.48816556630233954,0.212,0.321,4.695920134680245e-16
TRAK2,1.3557378343096157e-20,-0.7074870422845501,0.132,0.224,4.962136047356624e-16
DDX21,1.3900977060285405e-20,0.7212964917040472,0.398,0.321,5.087896613835061e-16
SCLT1,1.4315232525911023e-20,-0.4340378042120243,0.384,0.504,5.239518256808693e-16
TBCC,1.4356450124270615e-20,1.6245081577054845,0.082,0.03,5.254604309984288e-16
FXYD5,1.5346002411799946e-20,0.7656550315132054,0.316,0.234,5.616790342742898e-16
STIM2,1.6274342917398388e-20,-0.36008404838654284,0.472,0.596,5.956572251196984e-16
SSR2,1.6515827442117694e-20,0.8900920907125582,0.255,0.173,6.044958002089498e-16
PRKACB,1.7083130001012577e-20,-0.31563085363070575,0.592,0.716,6.252596411670613e-16
CLPB,1.7095819642132527e-20,-1.3232309927091372,0.03,0.083,6.257240947216926e-16
CRTC3,1.8453562849272802e-20,-0.455103473309829,0.252,0.365,6.754188538462338e-16
TRAPPC12,1.860231302755148e-20,-0.6240125933480913,0.129,0.22,6.808632591214117e-16
GSTK1,1.9136096710302595e-20,0.8475162445132699,0.284,0.203,7.004002756937853e-16
AL162253.2,1.9828152705331516e-20,-1.4794769377569574,0.026,0.076,7.257302171678388e-16
MDH2,2.023661281747567e-20,1.1674965815323417,0.136,0.069,7.40680265732427e-16
EPG5,2.0502630485740334e-20,-0.4831443756746455,0.225,0.339,7.504167784085819e-16
CIB1,2.0588372448914583e-20,1.0821890291588838,0.193,0.118,7.535550200027226e-16
ANXA4,2.0872755851155535e-20,-1.0277381946992348,0.08,0.153,7.639637369081437e-16
AL031428.1,2.0943647679671365e-20,1.2076730749831674,0.158,0.087,7.665584487236516e-16
DPY19L2,2.183499444987521e-20,-1.712639179796895,0.017,0.061,7.991826318598826e-16
SLC8A1,2.297466425830465e-20,-1.6698371878522709,0.024,0.072,8.408956865182086e-16
TTLL5,2.345126479651212e-20,-0.7359864215987652,0.138,0.226,8.583397428171401e-16
ZNF700,2.3485973870576178e-20,-0.5873972218645563,0.135,0.228,8.596101296369587e-16
CAPRIN1,2.3853569519690225e-20,-0.4922422267013342,0.307,0.425,8.730644979901819e-16
CABIN1,2.4333839365276025e-20,-0.47137965925249803,0.235,0.351,8.906428546084677e-16
SPEN,2.465047373854204e-20,-0.4215380041312684,0.262,0.383,9.022319893043772e-16
SLC44A2,2.749466488311949e-20,-0.5191337653841626,0.19,0.295,1.0063322293870564e-15
FKBP11,2.98280784998475e-20,0.9593921693577949,0.231,0.153,1.0917375011729184e-15
PHACTR2,3.0400861662651293e-20,-0.4952979818121248,0.571,0.64,1.1127019377146999e-15
EMB,3.1659759913633784e-20,-0.2371678391111547,0.69,0.806,1.1587788725989102e-15
CCDC18-AS1,3.4833681657096085e-20,-0.5121520166856184,0.219,0.325,1.2749475823313739e-15
ZNF75D,3.593045736534404e-20,-0.7679141219578163,0.121,0.208,1.315090670028957e-15
AC092652.2,3.697323359887749e-20,1.3543022157750602,0.132,0.067,1.353257322952515e-15
TMEM39A,3.899875018320224e-20,0.8367776760696549,0.266,0.183,1.4273932554553853e-15
MSH2,3.9247145259924e-20,-0.9792321772211621,0.061,0.127,1.4364847636584783e-15
AC012020.1,4.2243563365084285e-20,-1.1010167229127024,0.043,0.103,1.5461566627254498e-15
IFITM2,4.307837851541451e-20,0.8900560371614641,0.259,0.178,1.5767117320426865e-15
DEPDC5,4.3578213030019827e-20,-0.6797334344892293,0.112,0.197,1.5950061751117557e-15
HPCAL1,4.493467995043847e-20,-0.46269053343085803,0.164,0.261,1.6446542208659983e-15
ARRDC3,4.69182006998813e-20,-0.5207692416787713,0.239,0.352,1.7172530638163553e-15
BZW1,4.8065317092809435e-20,0.6361600842945534,0.428,0.356,1.759238670913918e-15
PHYKPL,5.058688884693212e-20,-0.559648462111729,0.167,0.267,1.8515307186865626e-15
ARHGEF12,5.063201965217471e-20,-0.9106967136479247,0.094,0.171,1.8531825512892466e-15
SLC3A2,5.174049148218773e-20,1.1834865478541352,0.143,0.076,1.893753728739553e-15
VPS41,5.1866008963864715e-20,-0.45307113919876263,0.267,0.382,1.8983477940864125e-15
AC068724.3,5.3421278572037766e-20,1.0649089678970856,0.181,0.107,1.955272217015154e-15
SLC37A3,5.526766739695295e-20,-0.8852303690102079,0.062,0.13,2.0228518943958747e-15
ZNF148,5.633783138540761e-20,-0.2888535586599421,0.578,0.699,2.062020966537304e-15
ACACA,5.732082188545143e-20,-0.5701298502706512,0.18,0.28,2.0979994018294078e-15
SCLY,5.947484741110408e-20,-1.0897912785842607,0.048,0.109,2.1768388900938203e-15
TBC1D32,6.044986661751146e-20,-0.6280371255410491,0.165,0.26,2.212525568067537e-15
ST8SIA6,6.136943207948974e-20,-0.9679756630244395,0.102,0.179,2.246182583541404e-15
MCTP2,6.819040527968708e-20,-0.3218178620670118,0.595,0.714,2.4958370236418265e-15
C4orf3,6.875044183893495e-20,1.0460681616490943,0.144,0.075,2.5163349217468582e-15
AC009093.2,7.731255114576963e-20,-0.5030458984332213,0.199,0.303,2.829716684486314e-15
CA5B,7.982662243537304e-20,-0.586902347848375,0.17,0.268,2.921734207757089e-15
LFNG,7.985427667806846e-20,-1.332146479498471,0.03,0.082,2.9227463806939837e-15
XPR1,7.991093350117855e-20,-0.34905610066014847,0.399,0.533,2.9248200770766358e-15
BLOC1S4,8.013348906779271e-20,1.6357117392430296,0.077,0.028,2.932965833370281e-15
FAM111A,8.426984679875159e-20,-0.7099220833907554,0.121,0.207,3.084360662681107e-15
KIAA0556,9.125080398645247e-20,-0.9343260594831122,0.071,0.141,3.3398706767081468e-15
AC068051.1,9.380408492370256e-20,-1.610153777244093,0.02,0.066,3.4333233122924374e-15
AC084198.2,9.416307172435161e-20,-1.0484731640950542,0.046,0.106,3.4464625881829933e-15
TYMP,9.440426904287002e-20,-0.8144095965773539,0.075,0.149,3.4552906512380857e-15
SUPT20H,9.487647962283804e-20,-0.5199034029723206,0.162,0.259,3.4725740306754953e-15
TTLL11,9.595095998868357e-20,-1.6959625237634932,0.022,0.068,3.511901086545807e-15
CCL4,1.0666505307886834e-19,1.1401168537474213,0.154,0.086,3.90404760773966e-15
CKMT2-AS1,1.074862529006664e-19,-1.345196161758783,0.034,0.088,3.9341043424172905e-15
SPATA5,1.1667785422327946e-19,-0.38757966952096323,0.379,0.498,4.270526142426252e-15
ZNF236,1.2132900917837687e-19,-0.566727517131487,0.2,0.302,4.440763064937772e-15
RNMT,1.3486319954687035e-19,0.569132516098084,0.41,0.327,4.936127966615001e-15
CTPS1,1.3716730836386344e-19,0.9607214925208302,0.192,0.116,5.020460653425766e-15
SNHG8,1.375523503119174e-19,1.1932762125394787,0.143,0.076,5.034553573766489e-15
HERPUD1,1.43652276081096e-19,0.7294503915250481,0.314,0.233,5.257816956844195e-15
PRKD2,1.4896265355132509e-19,-0.6244177961885291,0.124,0.212,5.452182082632049e-15
AC025178.1,1.53927472282618e-19,-1.637977993119002,0.015,0.056,5.633899413016102e-15
KMT2C,1.568844658368391e-19,-0.20973997443307235,0.807,0.889,5.7421283340941475e-15
MGA,1.6680280655086478e-19,-0.42455825838288697,0.277,0.396,6.105149522568202e-15
AGFG2,1.793103809439868e-19,-1.3293578475457792,0.024,0.071,6.562939252930861e-15
ATP6V1C1,1.8025699639162782e-19,-0.9869446354475369,0.045,0.104,6.5975863249299695e-15
RALGDS,1.8967577409549722e-19,-0.61472158998213,0.136,0.228,6.942323007669294e-15
KANTR,1.9029169638507363e-19,-0.7388771424056082,0.1,0.179,6.96486637939008e-15
ZNF133,1.9867988443226073e-19,-1.9705611473284366,0.013,0.053,7.271882450105175e-15
UPF2,1.9978878413956435e-19,-0.44562057310265535,0.296,0.414,7.312469288292195e-15
CRLF3,2.0056080357571011e-19,-0.42899442694897366,0.25,0.363,7.340725971674566e-15
SRPK1,2.0463438590563544e-19,-0.4683369464648359,0.187,0.292,7.489823158532163e-15
AL117381.1,2.270184679938375e-19,-1.3464675764514649,0.019,0.063,8.309102947042446e-15
SEC61G,2.2916327736602058e-19,1.1507471478247813,0.143,0.077,8.387605114873718e-15
CRIP1,2.3101449442960606e-19,0.8137429087527182,0.323,0.241,8.455361510618011e-15
PIGF,2.373963803567548e-19,-1.0046803137298066,0.064,0.13,8.688944917437582e-15
TPT1-AS1,2.396819178652482e-19,-0.6317382214814915,0.131,0.219,8.772597875785949e-15
SLC35E2A,2.402540322426462e-19,-0.9708232440489568,0.054,0.117,8.793537834113092e-15
GALNT7,2.5251674029544096e-19,-0.5273892989823452,0.207,0.309,9.242365211553435e-15
MAD1L1,2.5712873658963076e-19,-0.5479592691093567,0.174,0.275,9.411168887917076e-15
ABR,2.856879380567726e-19,-0.6849731349586168,0.133,0.22,1.0456464220815934e-14
FBXW8,3.0606035669564176e-19,-0.8207565990946718,0.086,0.16,1.1202115115417184e-14
DAZAP2,3.1505201526828847e-19,0.5739134259469775,0.431,0.361,1.1531218810834627e-14
NUDCD1,3.2475433158694736e-19,-1.1793190769079072,0.035,0.088,1.188633329041386e-14
TRIM38,3.258137379550664e-19,-0.46634317086519955,0.208,0.316,1.1925108622893385e-14
PRDX2,3.3082283688377396e-19,1.3255905284753224,0.102,0.046,1.210844665278301e-14
CD2AP,3.5195594382557826e-19,-0.4209523806232034,0.284,0.401,1.288193949995999e-14
LINC01578,3.647778888095e-19,0.3030966821848482,0.711,0.668,1.3351235508316509e-14
GIMAP6,3.821731473283235e-19,-1.2521774698469454,0.031,0.082,1.3987919365363968e-14
TANGO2,3.9833598084145725e-19,-0.8863323144966135,0.06,0.125,1.4579495234778178e-14
SELENOK,4.0765783567307017e-19,1.168446616172705,0.153,0.085,1.4920684443470042e-14
USP16,4.156485987945522e-19,0.607318325239425,0.433,0.361,1.5213154364479404e-14
MFSD10,4.2280617617613854e-19,1.181514027216651,0.15,0.084,1.5475128854222847e-14
CRYZL1,4.3862052019060485e-19,-0.731667765022776,0.093,0.168,1.605394965949633e-14
LRSAM1,4.419074610290108e-19,-0.9867408736526255,0.048,0.107,1.6174254981122823e-14
HACE1,4.492402324281669e-19,-0.7713827631419411,0.081,0.154,1.6442641747103337e-14
METTL25,4.61663973266753e-19,-0.7376977152442776,0.106,0.185,1.6897363085536425e-14
C17orf49,4.8307510681962e-19,1.5178442325198993,0.095,0.041,1.768103198470491e-14
UHRF2,4.93324962561858e-19,-0.3145804312449081,0.436,0.572,1.8056186954726562e-14
BICD1,4.965890255764403e-19,-0.6755152168543328,0.16,0.25,1.817565492512329e-14
RC3H2,5.149960000943046e-19,-0.37119743409024597,0.361,0.49,1.8849368599451644e-14
RNF38,5.176891226671815e-19,-0.2809652586775342,0.584,0.7,1.894793957874151e-14
MTX2,5.3428218522769e-19,-0.9127670427152756,0.055,0.117,1.955526226151868e-14
BBX,5.417397058020392e-19,-0.26572947153375726,0.712,0.81,1.982821497206044e-14
DENND4A,5.549899276404511e-19,-0.25418726693301297,0.711,0.811,2.031318634156815e-14
VIPR2,5.695626862941037e-19,1.7169760318862284,0.081,0.031,2.084656388105049e-14
TTC27,5.709304183187879e-19,-0.49684929112422627,0.168,0.264,2.0896624240885957e-14
BTN3A2,5.740574771554186e-19,-0.49424270374962426,0.217,0.325,2.1011077721365476e-14
SNHG29,5.762997131767115e-19,1.1813512114897144,0.156,0.089,2.109314580198082e-14
PDLIM5,5.767406265898431e-19,-0.656594566423746,0.166,0.257,2.1109283673814848e-14
CFAP44,6.02926169849572e-19,-1.0265119881650986,0.052,0.114,2.2067700742664184e-14
DHTKD1,6.18827690320048e-19,-1.443937364929495,0.025,0.073,2.2649712293404077e-14
NELL2,6.393492029175483e-19,-0.5858229496272909,0.28,0.382,2.3400820175985185e-14
YBX1,6.444724722388404e-19,0.6569556205640866,0.357,0.283,2.3588336956413797e-14
AL137779.1,6.956753100874068e-19,1.0319016050658294,0.174,0.104,2.5462412024509177e-14
PARP9,7.121868861213702e-19,-0.5722844833132159,0.124,0.212,2.606675221892827e-14
JAML,7.37006334764376e-19,-0.9394339566258854,0.057,0.12,2.6975168858710927e-14
ARL6IP1,8.049861931119546e-19,0.7804686641163027,0.289,0.21,2.946329965409065e-14
PRMT3,8.243620800142781e-19,-0.5795237292313892,0.175,0.27,3.0172476490602595e-14
TMEM14B,8.338918342632754e-19,-1.029764037020753,0.093,0.164,3.052127502587014e-14
TAMM41,8.508066128066856e-19,-0.567642343009833,0.127,0.213,3.11403728353375e-14
CPSF2,9.31446103459865e-19,-0.8063488545521246,0.092,0.167,3.409185883273452e-14
PRKCZ,9.628409149412744e-19,-1.040974338469137,0.043,0.101,3.524094032776558e-14
CEP104,9.794908681915496e-19,-0.767176370451379,0.08,0.153,3.585034526667891e-14
MAN2A1,9.832753079391662e-19,-0.3208475137015898,0.606,0.713,3.5988859545881425e-14
CREBBP,9.966974195919853e-19,-0.26542607312904565,0.574,0.696,3.6480122254486253e-14
CEP128,1.0125792539196557e-18,-0.5163752288016716,0.22,0.318,3.706141327271332e-14
MYO9B,1.0199561628907326e-18,-0.35616830717412684,0.386,0.518,3.7331415517963705e-14
TRIM56,1.047130666231059e-18,-0.416558243740736,0.22,0.33,3.8326029514722995e-14
HM13,1.0664994846316009e-18,-0.41822871573216,0.233,0.342,3.903494763700122e-14
ARF1,1.0689347562399103e-18,0.6528909547253399,0.346,0.268,3.9124081013136956e-14
HERC2,1.0997654787364097e-18,-0.42299173126707296,0.25,0.362,4.025251628723133e-14
RAB30-DT,1.1329760819443883e-18,-1.0172874515814887,0.034,0.087,4.1468057575246556e-14
TAF10,1.2064120419358246e-18,1.2635285410338521,0.135,0.072,4.415588714689312e-14
RAC2,1.2120067811304735e-18,0.7847776965013243,0.276,0.199,4.436066019615646e-14
AC093157.1,1.2239591588846057e-18,-0.9320960934403263,0.08,0.149,4.479812917433545e-14
CCDC92,1.2594821330859398e-18,-1.0270892049673237,0.063,0.127,4.609830555307848e-14
USP9Y,1.2624158642712314e-18,-0.3042179371851861,0.589,0.7,4.6205683048191336e-14
ZFP90,1.3066979485214583e-18,-0.7718777227693396,0.09,0.164,4.78264516138339e-14
TG,1.3539649685288196e-18,1.1721160563081514,0.15,0.084,4.955647181312333e-14
MRPS31,1.378651128108489e-18,-0.8180223377140046,0.081,0.152,5.0460009939898807e-14
CD83,1.4589446864065974e-18,1.1040905364616527,0.141,0.076,5.339883446716787e-14
SNHG9,1.4616479571728711e-18,1.5358817455658271,0.091,0.039,5.3497776880484255e-14
CNOT6,1.4670810910062971e-18,-0.5037649760797254,0.146,0.24,5.369663501192148e-14
BTBD8,1.4991726943383673e-18,-1.5604471461448957,0.02,0.064,5.4871219785478584e-14
AL354733.3,1.5312413118552448e-18,1.2274270483087169,0.138,0.075,5.6044963255213816e-14
ABCC5,1.6081853897165816e-18,-1.0725989605317248,0.056,0.118,5.88611934490166e-14
AC092683.1,1.6199937281067878e-18,-0.6407976315869394,0.137,0.226,5.929339044243654e-14
FAM106A,1.6208733525099129e-18,-1.145324217972172,0.042,0.097,5.932558557521533e-14
UBE2R2,1.6416600455438033e-18,-0.537500994472829,0.243,0.344,6.008639932694874e-14
KLF3,1.6764116573876111e-18,0.31615200466414795,0.657,0.589,6.135834307204396e-14
HDHD2,1.706768730180973e-18,-0.854516497998282,0.074,0.143,6.246944229335379e-14
COP1,1.7282592320924574e-18,-0.2159973122419787,0.757,0.854,6.325601615381604e-14
SLC35E2B,1.7289972859062925e-18,-0.832779597617104,0.061,0.126,6.328302966145621e-14
XPO5,1.739195851140406e-18,-0.9602142294954172,0.051,0.111,6.365630734759e-14
AC078881.1,1.7413992049812117e-18,-1.469482474854341,0.046,0.101,6.373695230151732e-14
GIMAP1,1.7740007262000934e-18,-0.934658863848902,0.063,0.128,6.493020057964963e-14
TMEM104,1.783823094904533e-18,-1.1696121219963433,0.04,0.094,6.528970909660081e-14
MRPS6,1.815179087377324e-18,-0.7899218183017518,0.084,0.156,6.643736977709743e-14
KIAA0232,1.8354634871739287e-18,-0.418068292522624,0.213,0.318,6.717979909405296e-14
EIF3A,1.8728186903266733e-18,-0.34383584369549847,0.517,0.637,6.854703688464657e-14
SELPLG,1.9614396205788263e-18,-0.6096779830241329,0.131,0.216,7.179065155280562e-14
TUFM,2.0201059147293164e-18,1.081798075836075,0.155,0.088,7.393789658500771e-14
HLA-DMA,2.0469427453088886e-18,1.535248710269926,0.092,0.039,7.492015142105064e-14
PECR,2.074445743029409e-18,-1.1397404636705601,0.036,0.089,7.59267886406194e-14
H2AFZ,2.1239577417552844e-18,1.141452153321165,0.148,0.083,7.773897730598517e-14
BCL2L13,2.1345059153339917e-18,-1.0139369146753052,0.058,0.12,7.812505100713944e-14
DNASE1,2.1610085080691958e-18,-1.0391590671694078,0.065,0.13,7.909507240384063e-14
ZNF438,2.1901274245824597e-18,-0.6746604964620675,0.1,0.176,8.01608538671426e-14
IMMT,2.203121086078922e-18,-0.44596362755179414,0.155,0.251,8.063643487157462e-14
PUDP,2.294285812221252e-18,-0.8478012849678584,0.086,0.156,8.397315501311005e-14
KRCC1,2.3535246568058975e-18,-1.0080707247131664,0.055,0.116,8.614135596375266e-14
LCORL,2.4023633061603073e-18,-0.4106893647786871,0.323,0.434,8.792889936877341e-14
ZNF518A,2.47856453393484e-18,-0.5603136602082324,0.168,0.263,9.071794050654908e-14
HEG1,2.4908161490302735e-18,-0.6276809567810703,0.131,0.217,9.116636187065704e-14
PRDX5,2.5773842690309814e-18,1.4975934359163998,0.091,0.039,9.433484163080295e-14
NDUFB11,2.702385032634557e-18,1.0708618675920534,0.137,0.073,9.890999457945742e-14
DERA,2.7609284760812836e-18,-1.015750600490683,0.079,0.147,1.0105274315305106e-13
TBCB,2.796754469645133e-18,1.1825429077681084,0.142,0.078,1.0236401034348151e-13
C11orf80,2.921703217968393e-18,-0.932553902925358,0.067,0.132,1.0693725948086115e-13
CC2D1B,2.9393003232544276e-18,-0.7604626305023072,0.077,0.147,1.0758133113143531e-13
LINC00944,2.9833918730428486e-18,-0.6572134321911115,0.171,0.26,1.091951259452413e-13
SLC7A6,3.0860575119344486e-18,-0.633974009610303,0.089,0.164,1.1295279099431275e-13
SNRPN,3.2716341468871512e-18,1.2054783546842769,0.136,0.073,1.1974508141021662e-13
RBM26,3.4382977729457597e-18,-0.27019048823421543,0.568,0.684,1.2584513678758775e-13
BUD23,3.6453826925048985e-18,0.9475722210058302,0.203,0.131,1.3342465192837178e-13
NPIPB4,3.910694820418699e-18,-0.7992553996403953,0.063,0.128,1.431353411221448e-13
ILRUN,3.948404887042033e-18,-0.46269450619266,0.224,0.33,1.4451556727062543e-13
MT-ND5,4.03359396579708e-18,0.1457907223771091,0.983,0.983,1.4763357274213892e-13
ATP8A1,4.4857163154641415e-18,0.31743052143398254,0.89,0.895,1.6418170286230304e-13
VPS13C,4.7053368617090005e-18,-0.23513544078984783,0.749,0.846,1.7222003447541113e-13
Z94721.1,4.828333600132423e-18,-0.9038893102891137,0.044,0.101,1.7672183809844682e-13
GABARAPL1,5.7797972893875616e-18,0.9367964204637151,0.218,0.145,2.1154636058887413e-13
ZBTB37,5.920623601144869e-18,-0.6034646771854096,0.119,0.202,2.1670074442550334e-13
VPS13D,6.207918819823759e-18,-0.3167674519896495,0.497,0.616,2.2721603672436942e-13
P4HB,6.306673817543068e-18,0.805270152393333,0.251,0.176,2.308305683958938e-13
RTN3,6.597167874903376e-18,-0.9009513783748274,0.095,0.166,2.4146294138933846e-13
MSN,7.047759005802542e-18,-0.3526149986108511,0.51,0.627,2.5795502737137884e-13
APLF,7.428685787237344e-18,-1.4310007143584835,0.03,0.077,2.7189732849867405e-13
TMEM164,7.535395690655023e-18,-1.0384089506698628,0.055,0.115,2.7580301767366447e-13
SRRM1,7.582818104576241e-18,0.47288504630338823,0.503,0.44,2.77538725445595e-13
ATP6AP2,8.24511449756179e-18,0.8487249729979209,0.231,0.157,3.017794357252591e-13
USP48,8.411161004362292e-18,-0.31215349468691433,0.344,0.472,3.078569039206643e-13
NME7,8.527792760103207e-18,-0.5947456904136046,0.113,0.192,3.1212574281253746e-13
RAB37,8.619492628456225e-18,-0.8654062172155292,0.077,0.145,3.154820496941263e-13
STT3B,9.52070610818346e-18,-0.3410104489881982,0.497,0.618,3.4846736426562284e-13
SLF2,9.532242491810241e-18,-0.5061440360394981,0.176,0.272,3.4888960744274665e-13
EPB41L4A-AS1,9.604314859786348e-18,1.4180448282434737,0.092,0.041,3.515275281830401e-13
ADD1,9.76401528855678e-18,-0.4316229070120879,0.344,0.46,3.573727235764667e-13
MAP1LC3B,1.0749852201659501e-17,0.8560665801212739,0.208,0.135,3.934553404329394e-13
LPXN,1.1166174855015716e-17,-0.40206465611529274,0.253,0.363,4.086931658684302e-13
HLA-DQB1,1.1371541965623677e-17,1.3468358188450773,0.12,0.062,4.162098074837922e-13
CEP162,1.1390104699625827e-17,-1.1712934880566874,0.039,0.091,4.1688922211100493e-13
INTS3,1.1510301954762278e-17,-1.425309211644203,0.023,0.066,4.2128856184625417e-13
NDE1,1.1588520968713407e-17,-0.4807939440195496,0.153,0.245,4.241514559758794e-13
MDM2,1.2127541614257218e-17,-0.47212749102336893,0.248,0.354,4.4388015062342843e-13
ZNF710,1.2684683652900455e-17,-0.9794788360837143,0.065,0.127,4.642721063798095e-13
AC090825.1,1.3609142444466679e-17,-0.7571939339399086,0.106,0.18,4.981082226099249e-13
RAI1,1.3840729625433764e-17,-0.9562351695426465,0.059,0.121,5.065845450205012e-13
TRAPPC1,1.384300557485155e-17,1.204963389427204,0.118,0.06,5.066678470451416e-13
MED27,1.388826196378492e-17,-0.4026318042092585,0.324,0.435,5.083242761364919e-13
DENND10,1.400357097499156e-17,-0.632561105245887,0.084,0.156,5.125447012556662e-13
ARHGAP19,1.4207753494758672e-17,-1.1032068466630718,0.054,0.111,5.200179856616622e-13
ARG1,1.4838492853169497e-17,2.177634902709067,0.052,0.015,5.431036769188567e-13
ICOS,1.5163774974130528e-17,-0.6157314685801498,0.064,0.127,5.550093278281514e-13
NBEAL1,1.5171744869330382e-17,-0.5170466120819754,0.131,0.213,5.553010339623613e-13
PSMD7,1.5201192838577748e-17,0.7067977542264008,0.265,0.188,5.563788590847842e-13
AC245060.5,1.5215763499943754e-17,-1.6581175547838543,0.015,0.053,5.569121598614413e-13
APC,1.7024249786988413e-17,-0.42641469801740733,0.278,0.386,6.231045664535629e-13
TTL,1.7265227065875232e-17,-0.9527722009956832,0.052,0.11,6.319245758380994e-13
SCYL3,1.7877028786664103e-17,-0.9241301715058603,0.044,0.099,6.543171306206928e-13
RGS1,1.7902261384730135e-17,1.7101743191002847,0.102,0.049,6.552406689425076e-13
CD44,1.8780179466043114e-17,-0.25085095879898667,0.722,0.807,6.87373348636644e-13
NCEH1,1.966201663603768e-17,-1.7524451992175285,0.018,0.058,7.196494708956152e-13
TRIM44,1.9926215121157857e-17,-0.5105525766527165,0.241,0.341,7.293193996494987e-13
ZMIZ1,2.004838847232656e-17,-0.9910070319133566,0.041,0.095,7.337910664756245e-13
GANC,2.0478276636532893e-17,-0.7549383392671034,0.071,0.137,7.495254031737405e-13
ENOSF1,2.0693870622013147e-17,-0.47535256820671257,0.168,0.262,7.574163586363032e-13
SLC20A2,2.1200746382232242e-17,-0.4210602945640613,0.235,0.338,7.759685183360823e-13
HIST1H1D,2.2187565085621632e-17,1.0093930852594297,0.163,0.097,8.120870696988374e-13
PPM1L,2.2786920006910775e-17,-0.6751298708942954,0.149,0.233,8.340240591729413e-13
NDUFB4,2.303892752546643e-17,1.3195054266264783,0.12,0.062,8.432477863595968e-13
AK9,2.3366781050687077e-17,-0.9053965190023825,0.064,0.126,8.552475532361977e-13
VPS54,2.3416565586947454e-17,-0.41887720356277613,0.303,0.411,8.570697170478638e-13
IL20RB,2.3546452449821762e-17,-0.9900762433040056,0.043,0.097,8.618237061159263e-13
IL7R,2.3917705008528895e-17,-0.46208846719072727,0.504,0.588,8.754119210171661e-13
LIMD1,2.451224683115952e-17,-0.49230377019166577,0.162,0.253,8.971727462672696e-13
EEF2K,2.5122678159617362e-17,-0.8102020433868213,0.046,0.102,9.19515143320155e-13
ST6GALNAC3,2.5392107383085746e-17,-2.123749437428959,0.016,0.054,9.293765223283214e-13
FBH1,2.625135272440247e-17,-0.9023868436231908,0.063,0.125,9.608257610658548e-13
IRAK4,2.768645738961591e-17,-0.559417893206243,0.142,0.227,1.013352026917332e-12
ABCA7,2.801434792770537e-17,-0.8814019634056387,0.049,0.106,1.025353148501944e-12
CTCF,2.8356577996792526e-17,-0.37925581004354947,0.275,0.388,1.0378791112606032e-12
RPA3,2.8520685151844045e-17,1.434242202290183,0.121,0.064,1.043885597242644e-12
ATP5MC2,2.9309316770829496e-17,0.687022786581716,0.291,0.212,1.0727503031291304e-12
SUSD1,2.9496548475277684e-17,-0.5184259260150722,0.179,0.271,1.0796031707436385e-12
NCOA2,2.994773245883538e-17,-0.20342823840263424,0.791,0.864,1.096116955725834e-12
PHIP,3.040587568001528e-17,-0.25244819210538605,0.615,0.726,1.1128854557642391e-12
EFHD2,3.140146992020312e-17,0.5886555308888047,0.384,0.309,1.1493252005493545e-12
AC022395.1,3.258207652270671e-17,1.8649285743069903,0.065,0.023,1.1925365828075883e-12
ZHX2,3.262830172536187e-17,-0.2883049078684099,0.419,0.54,1.1942284714499698e-12
RAB29,3.3136722865266665e-17,-0.45470574438809297,0.182,0.278,1.2128371935916251e-12
ZNF544,3.3794600911003475e-17,-0.6370794077201555,0.1,0.175,1.2369161879436382e-12
CMKLR1,3.382544191248006e-17,-1.6743976478432843,0.015,0.053,1.2380449994386825e-12
HLA-DRA,3.4408419124247085e-17,0.8529254325068101,0.236,0.165,1.2593825483665676e-12
ARL17B,3.502745159499535e-17,1.1721041586204377,0.178,0.113,1.282039755828425e-12
REPS1,3.739342409615051e-17,-0.30901044788779064,0.353,0.47,1.3686367153432048e-12
NDUFB7,3.789792384210297e-17,0.9245501905244311,0.19,0.12,1.3871019105448107e-12
SUPT4H1,3.950278689403738e-17,1.146935877196779,0.111,0.055,1.4458415031086622e-12
MGMT,4.068193051942577e-17,-0.520936975116589,0.223,0.318,1.4889993389415026e-12
DARS,4.2318493141889034e-17,-0.4237682754590406,0.208,0.309,1.5488991674862806e-12
NF1,4.5488782507154535e-17,-0.4475063307818832,0.36,0.462,1.6649349285443632e-12
AC010186.3,4.845147958033239e-17,-0.8733573745415968,0.05,0.107,1.7733726041197458e-12
NDUFB10,4.929888005529344e-17,1.1916726026861142,0.125,0.067,1.8043883089037953e-12
DNAJC16,5.154740598255469e-17,-0.8439806933735747,0.063,0.124,1.8866866063674845e-12
MICU2,5.344964089903543e-17,-0.3427424351472055,0.485,0.594,1.9563103065455956e-12
EDARADD,5.5518927612053e-17,-0.7457447479660351,0.068,0.132,2.032048269528752e-12
ERP29,5.623822301224874e-17,0.7748845881484417,0.249,0.177,2.058375200471316e-12
MMP25-AS1,5.729020587734292e-17,-0.7882450659540461,0.071,0.136,2.0968788253166284e-12
KRR1,5.806825417037434e-17,0.6598675453995315,0.316,0.242,2.125356170889871e-12
ARHGAP18,5.876169038757689e-17,-0.9012283080885468,0.071,0.133,2.1507366298757017e-12
COMMD1,5.884474140315038e-17,-0.4726679132016992,0.308,0.41,2.153776380096707e-12
MAP3K7CL,5.973591570112095e-17,-1.2703101189273647,0.031,0.078,2.1863942505767282e-12
CLIC1,6.156388717779097e-17,0.740013512682302,0.21,0.137,2.2532998345943274e-12
HIVEP1,6.480440283206523e-17,0.7205376919694126,0.372,0.296,2.3719059480564194e-12
POLK,6.540143688909725e-17,-0.33574138138189935,0.196,0.298,2.3937579915778487e-12
BSG,6.833701508292697e-17,0.9098809841782148,0.171,0.104,2.50120308905021e-12
AC006001.2,6.861405848697316e-17,-0.8589882253732939,0.061,0.121,2.5113431546817044e-12
RSBN1L,6.968483963171714e-17,-0.3167001674031072,0.328,0.45,2.550534815360479e-12
AL590006.1,7.044402894122031e-17,-1.8897566538366553,0.02,0.059,2.5783219032776044e-12
TMEM109,7.19421307578767e-17,1.1614394199853877,0.116,0.06,2.633153927869045e-12
TRMT1L,7.372013786735628e-17,-1.3294590645547903,0.026,0.07,2.6982307660831072e-12
PKD2,7.394585916875771e-17,-0.5783796261827308,0.137,0.218,2.706492391435701e-12
DDX18,7.528946286423887e-17,0.7717885536794749,0.269,0.196,2.7556696302940067e-12
PCM1,7.877803100051465e-17,-0.21588553033730884,0.649,0.768,2.8833547126498365e-12
ELOVL5,8.491298683050897e-17,-0.3551219280913027,0.391,0.505,3.107900230983459e-12
HLCS,8.799686414479053e-17,-0.6552265373834548,0.211,0.299,3.220773224563478e-12
QKI,9.233613841535259e-17,-0.36111990796777604,0.433,0.545,3.37959500214032e-12
CKAP5,9.319193420714921e-17,-0.5882139281399956,0.137,0.219,3.4109179839158682e-12
MARK4,1.0460356868120661e-16,-0.6012582383748509,0.099,0.171,3.828595217300843e-12
SLC6A6,1.0658729193335857e-16,-0.8476202899490723,0.079,0.144,3.901201472052857e-12
MMS22L,1.0761850234960925e-16,-0.6744164097299943,0.124,0.202,3.938944804498048e-12
NDUFS5,1.1083687030319261e-16,1.0353453482494377,0.143,0.081,4.056740289967153e-12
NBEAL2,1.1323132331439044e-16,-0.7323144175673406,0.086,0.155,4.1443796646300046e-12
AL139022.1,1.1645664881948283e-16,1.289451658178411,0.101,0.048,4.262429803441891e-12
SLC30A7,1.1658096491285913e-16,-0.33650078287023866,0.341,0.459,4.266979896775557e-12
DDOST,1.1789733002169137e-16,0.9656022591177004,0.167,0.102,4.315160176123926e-12
AL359706.1,1.1843351722476827e-16,2.2820514402898624,0.057,0.018,4.334785163943743e-12
DAXX,1.2349975123609244e-16,-0.8559640888719091,0.059,0.118,4.520214394992219e-12
TSHZ3,1.2450322894727048e-16,-2.012279938788761,0.018,0.057,4.556942682699047e-12
TNPO3,1.248976604547793e-16,-0.3577215305281578,0.319,0.431,4.571379270305377e-12
SIRT5,1.2947095695530304e-16,-1.520542066742069,0.024,0.066,4.7387664955210464e-12
GNAI2,1.312631578425492e-16,0.5471067284407178,0.436,0.372,4.8043628401951434e-12
UBR5,1.3132241222690406e-16,-0.29666288686883546,0.547,0.666,4.806531609916916e-12
MYH10,1.355338052454634e-16,1.4483144030096617,0.079,0.033,4.960672805789206e-12
MAP3K1,1.3629474902988484e-16,-0.4717374944757988,0.351,0.458,4.988524109242815e-12
POLR2J3,1.366254824084123e-16,-0.465742450740673,0.22,0.323,5.000629281630299e-12
BBS9,1.3998994238809e-16,-0.31566344642125554,0.443,0.559,5.1237718813464814e-12
FAM102B,1.5073381787440575e-16,-0.7048109760020006,0.118,0.193,5.517008468021125e-12
SNRPD2,1.5294627321859806e-16,1.0535954591349048,0.141,0.081,5.597986546073907e-12
MRPL57,1.5601319756687328e-16,1.226207474041247,0.115,0.06,5.710239044145129e-12
HNRNPM,1.5685563822088436e-16,0.4575750734325972,0.517,0.472,5.741073214522589e-12
TMEM165,1.573635964327564e-16,-0.2928547364702534,0.34,0.46,5.759664993035316e-12
AL390728.6,1.6023743156812636e-16,-0.6390888858896409,0.096,0.168,5.8648502328249934e-12
C19orf12,1.6311800106892045e-16,-0.7865668847154554,0.074,0.138,5.970281957123557e-12
AXIN1,1.6337042344815712e-16,-0.5573856349373667,0.135,0.218,5.979520868625999e-12
AKNAD1,1.732440047965191e-16,-0.8743169695180002,0.056,0.114,6.3409038195573955e-12
BRIX1,1.7982547848360456e-16,1.2927747028066634,0.117,0.061,6.58179233797841e-12
MTSS1,1.8176356450382633e-16,-0.8679372401997388,0.188,0.268,6.652728224404548e-12
SLFN12,1.8527298996537084e-16,-1.2151757915702506,0.03,0.076,6.781176705722538e-12
PHB2,2.0365416881295813e-16,1.2548893207384273,0.112,0.057,7.45394623272308e-12
SMURF2,2.0957327265195036e-16,-0.32620825042239,0.338,0.456,7.670591352334035e-12
FBXW7,2.2333140013189864e-16,-0.23350842059762167,0.687,0.772,8.174152576227623e-12
CCDC59,2.282496768081987e-16,0.8900647188437847,0.196,0.128,8.35416642085688e-12
PRIM2,2.3121930638445623e-16,-0.3894101448357413,0.278,0.38,8.462857832977482e-12
BMPR2,2.4916030210587033e-16,-0.5638173726031381,0.194,0.281,9.11951621737696e-12
TIA1,2.5672481941434047e-16,-0.5621301803874732,0.105,0.179,9.396385115384275e-12
ZNF44,2.646751952832699e-16,-0.5025358276033127,0.168,0.255,9.687376822562962e-12
DIAPH2-AS1,2.7390379678329944e-16,1.7340397561657528,0.083,0.036,1.0025152866065542e-11
FAM214A,2.7463649689831883e-16,-0.27213771052341995,0.5,0.614,1.0051970422975367e-11
PRAG1,2.796168414982738e-16,-1.1877955170871517,0.046,0.099,1.023425601567832e-11
PPP6R2,2.8852073206417917e-16,-0.3205891405252328,0.409,0.529,1.0560147314281023e-11
PIP5K1A,3.1408322186435687e-16,-0.7137051886998541,0.095,0.165,1.1495760003457325e-11
DAPK2,3.352052498937866e-16,-1.2329649186581009,0.032,0.077,1.2268847351362483e-11
TTC3,3.3786425071583034e-16,-0.2958363362250904,0.463,0.583,1.2366169440450107e-11
HMGN2,3.4532788622691213e-16,0.6572770784667487,0.296,0.223,1.263934596379121e-11
HERC1,3.5922587385363357e-16,-0.24066829781146604,0.771,0.855,1.3148026208916843e-11
ARHGAP12,3.594289000498023e-16,-0.3517525531862054,0.258,0.362,1.3155457170722816e-11
ARL13B,3.736364577966559e-16,-1.0719689735914433,0.04,0.089,1.3675467991815403e-11
MRPS24,3.882924702591047e-16,1.2339729125421333,0.088,0.04,1.4211892703953491e-11
OPRM1,3.9157374661656235e-16,1.1891595433356548,0.159,0.098,1.4331990699912798e-11
AGPAT3,4.448039326039589e-16,-0.44921060492041276,0.187,0.281,1.6280268737237498e-11
CCDC115,4.479288673572879e-16,1.6826560854116082,0.065,0.024,1.6394644474144095e-11
CBFB,4.575859707471069e-16,-0.4250518318537814,0.217,0.313,1.674810411531486e-11
LAPTM4A,4.594144217926368e-16,1.0814331666133827,0.157,0.095,1.68150272520323e-11
AKAP11,4.645048938361696e-16,-0.4785976422408049,0.165,0.253,1.7001343619297645e-11
GPHN,4.657178521939124e-16,-0.4309668660153956,0.282,0.38,1.7045739108149388e-11
CD82,5.032095800287012e-16,-1.0264992159845292,0.033,0.081,1.8417973838630494e-11
ARL6IP4,5.042938549335747e-16,0.77187177986875255,0.241,0.173,1.845765938442377e-11
RETREG3,5.068507127166423e-16,-0.4560986266838062,0.182,0.273,1.8551242936141825e-11
SPCS2,5.19254101074063e-16,0.6916774724969238,0.296,0.224,1.900521935341178e-11
JTB,5.317127737265896e-16,0.9973229418624188,0.169,0.105,1.9461219231166905e-11
TMEM87B,5.392339436763533e-16,-0.5590578938757876,0.132,0.211,1.9736501572498207e-11
PLCXD2,5.673331372961951e-16,-0.5742315279925352,0.12,0.197,2.0764960158178038e-11
ITPK1,5.709983750460931e-16,-0.6548426227543788,0.1,0.17,2.0899111525062055e-11
NEDD4,5.783837031965765e-16,-1.6421631285666987,0.018,0.055,2.1169421920697896e-11
SLC4A8,5.803714817937962e-16,-1.4216179440450314,0.023,0.063,2.1242176605134732e-11
HIST1H3D,5.806186626318387e-16,1.3695196772444527,0.096,0.047,2.1251223670987926e-11
NDUFA12,6.0654963198382645e-16,0.9986915314197129,0.134,0.075,2.2200323080240032e-11
KIAA0040,6.14640002167532e-16,-0.8912838880987382,0.041,0.091,2.2496438719333837e-11
SLIRP,6.259996298766138e-16,0.9663036843108476,0.176,0.111,2.291221245311394e-11
SLAMF7,6.286205269038005e-16,-0.4848491505456606,0.185,0.279,2.3008139905206002e-11
POLR3A,6.374642234333633e-16,-0.7556526286595935,0.068,0.128,2.333182804188453e-11
AC139887.2,6.416450228410516e-16,-0.6425001406937725,0.115,0.189,2.348484948100533e-11
AC009432.2,6.613936585681959e-16,1.5744118142071626,0.071,0.028,2.4207669297254537e-11
SNRPE,6.690622805095556e-16,1.067536338690969,0.117,0.062,2.4488348528930245e-11
RPA1,7.107285098502617e-16,-0.6050793122174952,0.12,0.195,2.601337418902943e-11
AGAP1,7.15943976563465e-16,-0.5399308005008119,0.327,0.414,2.620426548619938e-11
ZNF585B,7.290414501084764e-16,-0.96427602739167,0.039,0.089,2.6683646115420346e-11
ADAM22,7.388640422767652e-16,-0.7634288775080083,0.093,0.16,2.7043162811371883e-11
DCTN3,7.424939773243076e-16,1.5168953543794639,0.076,0.032,2.7176022064046984e-11
INPP5B,7.426025339380099e-16,-0.784453284304055,0.069,0.13,2.71799953446651e-11
SNX25,7.524967651414527e-16,-0.39692212185607556,0.24,0.34,2.754213410094231e-11
AOPEP,7.635210834767812e-16,-0.5347709137588009,0.207,0.295,2.794563517633367e-11
YLPM1,7.646452802051782e-16,-0.33589762813480906,0.277,0.382,2.7986781900789727e-11
NUDCD3,7.685634297547516e-16,-0.47796718380526715,0.231,0.328,2.8130190092453664e-11
IDE,8.090305489757232e-16,-0.6847351707084287,0.106,0.178,2.961132712306045e-11
AC092652.1,8.3294118826014525e-16,1.1374069710122612,0.145,0.086,3.048648043150958e-11
ITCH,8.548448898169699e-16,-0.2517602196989379,0.615,0.737,3.1288177812190914e-11
ITGAM,8.559249450637462e-16,-0.8514649113154993,0.086,0.151,3.1327708914278174e-11
NFX1,8.827261313046406e-16,-0.3465558796036412,0.238,0.34,3.230865913188115e-11
PALM2-AKAP2,8.878042041605495e-16,-1.266364966422136,0.035,0.081,3.2494521676480275e-11
PAN3,8.995345558042861e-16,-0.17920361012331298,0.803,0.879,3.2923864276992675e-11
WASF2,9.47454423047803e-16,-0.32959511680559256,0.347,0.459,3.4677779337972635e-11
IBTK,1.0005905654239102e-15,-0.4382565592426383,0.199,0.292,3.662261528508054e-11
GYPC,1.0019564559843202e-15,0.7486399201145838,0.262,0.191,3.66726082454821e-11
GTF2H1,1.047282742394454e-15,-0.7123400442595331,0.071,0.133,3.833159565437941e-11
LINC01135,1.0832229936852256e-15,-1.3907914882153163,0.026,0.067,3.9647044791872944e-11
CHCHD6,1.0873797993276412e-15,-0.9995491619698604,0.049,0.101,3.9799188035190994e-11
SRGAP2C,1.1320946844480776e-15,-0.5869387791418679,0.091,0.159,4.1435797545484085e-11
CD37,1.1521667324489892e-15,0.7747142526363268,0.266,0.198,4.217045457436545e-11
CAPNS1,1.1758354105867254e-15,0.8349103170447769,0.209,0.142,4.303675186288474e-11
TNK2,1.1765218203697522e-15,-0.7841173284835901,0.076,0.139,4.30618751473533e-11
HSPBAP1,1.188042525114323e-15,-0.5969559203336557,0.095,0.164,4.3483544461709333e-11
EML4,1.1892805560983286e-15,0.28879465828090733,0.884,0.865,4.3528857633754924e-11
KYAT3,1.1970758544772973e-15,-0.5207445897273539,0.118,0.193,4.3814173349723556e-11
MTFP1,1.2134346213090482e-15,1.2778082025786717,0.099,0.049,4.4412920574532477e-11
AIDA,1.2232048843489215e-15,-0.6029832819468378,0.104,0.176,4.4770521972054874e-11
SDCBP2-AS1,1.2242975547566023e-15,-0.9689680274367878,0.038,0.086,4.4810514801646404e-11
AP3B1,1.2384130670693973e-15,-0.20878671682468752,0.654,0.773,4.532715666780701e-11
SLC25A17,1.2385789505081517e-15,-0.8930606059445196,0.049,0.103,4.533322816754886e-11
KIAA1841,1.256358923094757e-15,-1.2844467754194349,0.019,0.057,4.59839929441912e-11
ENC1,1.2720726879410177e-15,0.9323941859124572,0.162,0.098,4.655913245132919e-11
TRMT10C,1.3265237043244255e-15,1.2045075046354916,0.119,0.065,4.85520941019783e-11
CBX4,1.5686153270910408e-15,1.0336058621453226,0.162,0.101,5.741288958685918e-11
XXYLT1,1.635968839803043e-15,-1.0276171894770711,0.044,0.094,5.987809550563118e-11
CATSPER2,1.6955713898352614e-15,-0.9388207189125051,0.042,0.092,6.20596084393604e-11
ZKSCAN1,1.7203623520823942e-15,-0.4829180173876231,0.129,0.207,6.296698244856771e-11
LMO7,1.7492304102265549e-15,-0.8317892684199892,0.047,0.099,6.402358224470214e-11
SLC25A3,1.7745730103639542e-15,0.7508821724670371,0.31,0.243,6.495114675233109e-11
LANCL1-AS1,1.809507304444915e-15,1.8552267977143564,0.058,0.02,6.622977684998833e-11
BMT2,1.868391644632264e-15,-0.5587908405170126,0.173,0.256,6.838500258518549e-11
C4orf19,1.870279447239655e-15,1.6660409347107628,0.07,0.028,6.845409804841862e-11
CEP89,1.8843950131337576e-15,-1.6264895833752773,0.019,0.056,6.897074187570867e-11
GFOD1,1.9071679531288383e-15,-0.8509981154012858,0.085,0.147,6.980425425246861e-11
AC005037.1,1.928135468950471e-15,1.0741672137818425,0.148,0.088,7.057168629905619e-11
SACS,1.94208999264572e-15,-0.6322821237389792,0.105,0.177,7.1082435820826e-11
UBXN1,2.0039378900707004e-15,0.8997225965251926,0.161,0.099,7.33461307144777e-11
PRMT2,2.0132576336694357e-15,-0.384571472106406,0.323,0.428,7.368724264993502e-11
MVB12B,2.015804594398925e-15,0.6087449657810997,0.447,0.386,7.378046395959506e-11
UQCRQ,2.021315068663612e-15,1.2060779001856152,0.108,0.056,7.398215282815687e-11
LBH,2.024347793509523e-15,-0.5065699465793893,0.178,0.265,7.409315359024205e-11
SNAPC3,2.060936111662836e-15,-0.5624797950425514,0.103,0.174,7.543232262297147e-11
CCDC141,2.0961325336294835e-15,-1.3648211414628864,0.025,0.066,7.672054686337272e-11
PTER,2.1111143863245697e-15,-0.651800280624535,0.101,0.171,7.726889765386558e-11
GALNT2,2.1131447069867014e-15,-0.5897467961759387,0.162,0.243,7.734320942042026e-11
OPA1,2.1865332670002344e-15,0.4019611460305337,0.562,0.5,8.002930410547558e-11
SUCLG2-AS1,2.2057061428054387e-15,-1.5778733624545764,0.018,0.055,8.073105053282187e-11
RELB,2.233820273479729e-15,0.8889759088950941,0.191,0.124,8.176005582963156e-11
ATP6V1F,2.293511693916785e-15,1.5032735135538515,0.077,0.033,8.394482150904825e-11
KDM4B,2.3751776793517588e-15,-0.4997445736542969,0.148,0.23,8.693387824195372e-11
AL157392.3,2.4439348186364715e-15,-0.894493249972345,0.049,0.101,8.945045829691349e-11
FLOT2,2.5634485407262436e-15,-0.4737504186913911,0.114,0.19,9.382478003912125e-11
CROCC,2.632458161545062e-15,0.9369826775485346,0.18,0.118,9.635060117071081e-11
ZSCAN5A,2.660752376220826e-15,-1.2913444944680834,0.024,0.064,9.738619772205845e-11
LAX1,2.69657640218349e-15,-0.7489946364385436,0.049,0.102,9.869739289631792e-11
ANAPC4,2.696988992979794e-15,-0.5612746846218128,0.121,0.196,9.871249413205345e-11
EMC7,2.7185702019318153e-15,0.8246638150483836,0.168,0.104,9.950238796090637e-11
AL365356.1,2.718974126913138e-15,1.5050806530558798,0.085,0.039,9.951717201914776e-11
TET1,2.742533498045641e-15,-1.1999230023318401,0.032,0.076,1.0037946856196851e-10
TBCD,2.7470504102794014e-15,-0.560844809464467,0.147,0.226,1.0054479206663637e-10
TLE5,2.752848808189259e-15,0.46352552561017524,0.472,0.413,1.0075701922853506e-10
MINK1,2.775326378073232e-15,-0.6636444867023128,0.095,0.162,1.0157972076385837e-10
PGRMC2,2.794268339016144e-15,0.8895031662013081,0.197,0.132,1.0227301547632989e-10
TMEM59,2.875450617346211e-15,0.5480989690328322,0.377,0.306,1.0524436804548867e-10
MRTFB,2.9906198751119876e-15,-0.7294115374192954,0.101,0.168,1.0945967804897386e-10
CPEB2,3.0022845700787125e-15,-0.5106469795906848,0.135,0.214,1.0988661754945096e-10
INTS9,3.098804298377589e-15,-0.7050149698521274,0.085,0.15,1.1341933612491814e-10
METTL8,3.1078404011710947e-15,-0.872108295156147,0.071,0.131,1.1375006652326324e-10
DDI2,3.138294305776514e-15,-0.45991818828214204,0.119,0.195,1.1486470988572618e-10
ST7L,3.1712009962374717e-15,-0.9216370709980191,0.066,0.123,1.160691276632877e-10
ABCB10,3.174020373473503e-15,-0.6848604325215686,0.091,0.157,1.1617231968950369e-10
POLR2L,3.1820885422043143e-15,1.1000925784035627,0.115,0.061,1.164676227332201e-10
LRRC28,3.3658346744029807e-15,-0.7545706202846547,0.086,0.149,1.2319291491782348e-10
ZNF22,3.4019387464436676e-15,1.2753874803828513,0.104,0.053,1.2451436005858468e-10
C9orf78,3.4073385576373838e-15,0.5847568128759703,0.334,0.263,1.2471199854808587e-10
STX2,3.617859323053095e-15,-0.7718096845537195,0.069,0.128,1.3241726908306634e-10
DAP3,3.658923603753859e-15,-0.5102314456345398,0.13,0.207,1.33920262820995e-10
LRFN2,3.706354791658906e-15,1.4817780645460945,0.062,0.023,1.356562917295076e-10
MKNK1,3.7762511418639004e-15,-0.7729556942600382,0.08,0.142,1.382145680433606e-10
DDX3Y,3.786108392305201e-15,0.5268884468685598,0.426,0.366,1.3857535326676267e-10
NLGN4Y,3.9230873265968e-15,-1.4418133557408097,0.032,0.076,1.4358891924076947e-10
PCBP1-AS1,3.977021438097673e-15,-0.5214200886876865,0.173,0.257,1.4556296165581292e-10
AC078845.1,4.222348333188474e-15,-0.831537196877135,0.098,0.163,1.5454217134303134e-10
AL158071.4,4.308029375412658e-15,-1.7040035057220586,0.016,0.051,1.576781831694787e-10
EIF5,4.345270064546161e-15,0.5416075665328351,0.458,0.412,1.5904122963245403e-10
ATRAID,4.354272506598995e-15,1.2789224996254067,0.099,0.049,1.593707280140298e-10
RGPD5,4.366877081396619e-15,1.2555390434307971,0.094,0.046,1.5983206805619765e-10
RPF1,4.424124832815698e-15,0.682584705033318,0.305,0.236,1.6192739300588737e-10
PLEKHA5,4.4524853809811504e-15,-0.5538036674481629,0.16,0.238,1.629654174292911e-10
BLZF1,4.590853099852213e-15,-0.6532545455164984,0.093,0.16,1.6802981430769084e-10
EIF3H,4.630012311760891e-15,0.41485235458623193,0.523,0.455,1.6946308062276037e-10
EMP3,4.796882061219079e-15,0.6162116713073318,0.37,0.31,1.755706803226795e-10
PKP4,5.185834000487424e-15,-0.691401945475958,0.092,0.156,1.898067102518402e-10
THAP11,5.208679256138468e-15,1.64588777013478,0.063,0.024,1.9064286945392407e-10
ZNF207,5.319362499047366e-15,-0.2997215647717266,0.529,0.64,1.9469398682763266e-10
SUB1,5.4895860281040265e-15,0.45831867774755697,0.48,0.424,2.0092433821463548e-10
FAM193B,5.755246694942038e-15,-0.5655100204330188,0.091,0.158,2.1064778428157353e-10
TESPA1,5.77188358111482e-15,-0.5390454600190541,0.156,0.236,2.1125671095238353e-10
OSBPL5,5.894746744435583e-15,0.8171226210681096,0.3,0.229,2.1575362559308676e-10
PI4K2B,5.932671826841296e-15,-0.4005677630142129,0.233,0.328,2.1714172153421828e-10
ST6GALNAC6,5.975787353202143e-15,-0.8165000841352619,0.055,0.109,2.1871979291455165e-10
MAP3K4,6.093770350257803e-15,-0.33979574544566893,0.276,0.379,2.2303808858978585e-10
EXT1,6.159905458038643e-15,-0.7472026365166764,0.154,0.229,2.2545869966967236e-10
MNDA,6.163161701880929e-15,-0.8017302962639461,0.079,0.141,2.2557788145054387e-10
AF165147.1,6.2747518860233704e-15,-0.41648768787178203,0.376,0.472,2.2966219378034139e-10
TSGA10,6.382080586250171e-15,-1.1581129042689309,0.03,0.073,2.335905315373425e-10
ISCU,6.4658299582991035e-15,1.1074765816126488,0.131,0.075,2.3665584230370547e-10
AL355916.2,6.678115175944442e-15,1.4119032260816848,0.093,0.046,2.4442569355474254e-10
ANKRD27,6.823410988255239e-15,-0.5963981737386201,0.097,0.165,2.4974366558113e-10
TMC8,7.128520810009686e-15,-0.31353224520084766,0.35,0.462,2.609109901671645e-10
NUTM2B-AS1,7.273744661083068e-15,-0.2395748915630087,0.429,0.551,2.6622632834030135e-10
LINC01684,7.503645037407105e-15,-1.079197513081512,0.037,0.082,2.7464091201413745e-10
CTNNBL1,7.51642945438816e-15,-0.424197342846435,0.177,0.263,2.7510883446006103e-10
UBE2G1,7.682887274727442e-15,-0.3397971940472927,0.363,0.47,2.812013571422991e-10
MRFAP1,7.804293276591527e-15,1.0520841694512124,0.146,0.089,2.8564493821652647e-10
TBX19,8.201642694687244e-15,-1.4359670684483379,0.02,0.058,3.001883242682478e-10
MX1,8.510542635699468e-15,-0.1911795026084444,0.112,0.185,3.1149437100923625e-10
MED15,8.602328754449235e-15,-0.3579264446067595,0.357,0.469,3.1485383474159645e-10
LRIG2,8.726759293864302e-15,-0.49445600125698064,0.137,0.215,3.194081169147273e-10
PFDN2,8.967543336730974e-15,1.0566145339240145,0.124,0.07,3.2822105366769035e-10
AC244131.2,9.012043285176077e-15,-0.8625451581361882,0.068,0.125,3.298497962807296e-10
RNF170,9.252726777777932e-15,-0.8771647230768551,0.05,0.101,3.386590527934501e-10
AC104806.2,9.29505129465672e-15,-0.5077806460946899,0.113,0.185,3.4020817243573063e-10
EMC4,9.427703672867515e-15,1.2683174153966852,0.096,0.048,3.450633821306239e-10
TLK1,9.487356154367275e-15,-0.23946856485220058,0.462,0.589,3.472467226059966e-10
WDYHV1,9.511412352098714e-15,-1.2257595911508683,0.024,0.063,3.48127203499165e-10
MRRF,9.68040057099199e-15,-0.9966251610714474,0.036,0.082,3.543123412988778e-10
EHD1,9.825044558519237e-15,-0.41150878250148143,0.179,0.267,3.596064558863626e-10
AC024145.1,9.896301172099078e-15,1.386590949316692,0.082,0.038,3.6221451919999833e-10
NSD3,9.972193115417962e-15,-0.2570117977431452,0.496,0.617,3.649922402174128e-10
BDP1,1.018729172031586e-14,-0.3231164993058594,0.365,0.478,3.728650642552808e-10
ZNF235,1.023979567617439e-14,-0.7641803081633407,0.06,0.114,3.7478676154365886e-10
CDC40,1.0445687710880054e-14,0.5869343271641373,0.355,0.294,3.8232261590592086e-10
SIVA1,1.0979362585917421e-14,1.1518909520475555,0.119,0.066,4.0185565000716354e-10
NCOR2,1.1604643375257953e-14,-0.4552763082893473,0.174,0.26,4.247415521778163e-10
ETFA,1.2140655072305704e-14,-0.3800441273386283,0.228,0.322,4.443601163014611e-10
APOLD1,1.3341501709288032e-14,-1.124282659104448,0.046,0.094,4.883123040616512e-10
AL606489.1,1.3666649313783862e-14,1.8268666345257265,0.061,0.024,5.002130315338031e-10
ACAD10,1.4329827294513605e-14,-0.9969712525550176,0.032,0.076,5.244860088064924e-10
XRN1,1.440083540161413e-14,-0.2009512463103018,0.728,0.814,5.270849765344788e-10
MAST2,1.465737771666562e-14,-0.7567493239835645,0.069,0.126,5.364746818076784e-10
PIK3C3,1.4715031336912636e-14,-0.2747856585106948,0.338,0.451,5.385848619623394e-10
SNIP1,1.5689161867934798e-14,0.9306443091057766,0.187,0.125,5.742390135282815e-10
SH3BP2,1.5878527736077794e-14,-0.5983054753265955,0.107,0.177,5.811699936681833e-10
FBXL4,1.5883442465537084e-14,-0.37137294800985066,0.236,0.333,5.813498776811228e-10
SACM1L,1.7836970606579396e-14,-0.30977311813097963,0.305,0.415,6.528509611714125e-10
KCTD7,1.807648351396184e-14,-0.7256060033986855,0.07,0.127,6.616173730945173e-10
NMT2,1.8718856466185902e-14,-0.5378001458127095,0.134,0.207,6.851288655188702e-10
PRDM10,1.8797385451859965e-14,-0.7811633859834761,0.071,0.129,6.880031049235266e-10
TGFB1,1.921609099667466e-14,0.4364385185571211,0.516,0.471,7.033281465692892e-10
TRIM66,1.9423151170003348e-14,-0.7110130287621574,0.061,0.116,7.109067559732926e-10
COX14,1.9938836974520603e-14,1.4518667875954343,0.083,0.039,7.297813721044286e-10
FOXO3,2.1300523367151117e-14,-0.38772258205041266,0.268,0.363,7.796204557610981e-10
AC009303.2,2.1760920795284762e-14,1.9682383366656548,0.051,0.017,7.964714620282176e-10
AL049840.4,2.2363676087745774e-14,-1.3825473683418026,0.017,0.051,8.185329084875831e-10
PDZD8,2.2693069979002036e-14,-0.30818936711497413,0.398,0.508,8.305890543014535e-10
HDAC7,2.320542648002874e-14,-0.7783330807221283,0.071,0.128,8.493418145955318e-10
APMAP,2.3536002278451675e-14,0.6087991808659234,0.343,0.28,8.614412193936097e-10
POLA1,2.4558714072668396e-14,-0.6106241219603148,0.13,0.201,8.988734937737359e-10
TIAM1,2.485384030823655e-14,-1.4356667552616758,0.02,0.057,9.096754091217659e-10
PLSCR1,2.5435471619416705e-14,-0.4066570153122153,0.081,0.143,9.309636967422709e-10
CPB2-AS1,2.61837709421941e-14,1.2840361496333799,0.152,0.097,9.583522002552462e-10
PATL2,2.6332665188170668e-14,-0.44841094406020976,0.176,0.259,9.638018785522346e-10
CD47,2.6984035692943445e-14,-0.25837655791966196,0.599,0.717,9.87642690397423e-10
RCAN3,2.7109731992822377e-14,-0.7072502735583315,0.105,0.17,9.922433006692918e-10
ZYG11B,2.7905368699787852e-14,-0.7032340433761768,0.077,0.137,1.0213643997809351e-9
EMD,2.828577347439143e-14,1.2824469313888045,0.093,0.047,1.0352875949362008e-9
KIF21B,2.8312115829536693e-14,-0.47409016145357885,0.136,0.214,1.0362517514768724e-9
IPO9,2.8487432672482126e-14,-0.3061292445317444,0.222,0.318,1.0426685232455183e-9
STYX,2.954156023549999e-14,-0.5770701910929945,0.099,0.166,1.0812506461795352e-9
AGAP2,3.1877456492145116e-14,-1.072267762928211,0.029,0.07,1.1667467850690034e-9
SEPTIN11,3.230648766943239e-14,-0.6356914093651913,0.161,0.236,1.182449755188895e-9
IER5,3.270046760657729e-14,1.3245195884925896,0.09,0.044,1.1968698148683353e-9
NFKB2,3.308547017988202e-14,1.4597746525969502,0.098,0.051,1.2109612940538617e-9
SMDT1,3.5465659320881976e-14,1.1709203525287386,0.116,0.065,1.2980785968036011e-9
TAF4,3.7614968858045634e-14,-0.7352970371686902,0.053,0.104,1.3767454751733283e-9
SHPRH,4.00089423203168e-14,-0.37367885444944765,0.258,0.352,1.4643672978659151e-9
ZFYVE16,4.0899238174562315e-14,-0.5592964112220998,0.103,0.17,1.4969530164271554e-9
NCL,4.1799558088388337e-14,0.4635902587277133,0.485,0.439,1.5299056255931015e-9
PPCDC,4.275853959886744e-14,-0.6619401703039915,0.093,0.156,1.565005307858147e-9
TCF20,4.325275708256784e-14,-0.3753239450922377,0.301,0.401,1.5830941619790655e-9
NEK10,4.4707356553765893e-14,-1.4357944201185537,0.019,0.053,1.6363339572243855e-9
KSR1,4.480862789214337e-14,-0.578583086192108,0.095,0.159,1.6400405894803395e-9
ATP5MF,4.4945084285915626e-14,1.1427510478703216,0.097,0.05,1.6450350299487979e-9
PLGRKT,4.504329634462968e-14,-0.9599047627119222,0.049,0.098,1.6486296895097908e-9
CLSTN3,4.540216705183847e-14,-0.6719578446919954,0.071,0.128,1.6617647162643399e-9
OSTF1,4.6895328190038217e-14,-0.5182841287200355,0.144,0.22,1.7164159070835888e-9
SGCE,4.721700092438036e-14,1.2525198951426186,0.112,0.062,1.7281894508332455e-9
HNRNPK,4.7357317619778254e-14,0.3774877798027697,0.542,0.504,1.7333251822015039e-9
SP4,4.8394409727452183e-14,-0.327655171500269,0.346,0.454,1.7712837904344773e-9
FKTN,4.896383716622709e-14,-0.8612688989182471,0.056,0.107,1.7921254041210776e-9
GPD1L,5.3516934854831145e-14,-0.7440264096005036,0.057,0.109,1.958773332621675e-9
RNF144A,5.465939101256477e-14,-0.4929406379067347,0.156,0.233,2.000588370450883e-9
DIP2B,5.810450794434144e-14,-0.30610123982003556,0.307,0.404,2.126683095270841e-9
AL050309.1,5.92288227663013e-14,-0.6933694200471924,0.092,0.153,2.167834142069394e-9
KIAA0753,5.963236763995233e-14,-1.0181728477648333,0.026,0.065,2.1826042879898955e-9
CDYL2,6.10230983224458e-14,-0.5116996999262945,0.146,0.221,2.2335064216998386e-9
MRPL42,6.295453999336824e-14,-0.612987771401291,0.085,0.147,2.3041991182972712e-9
TAPT1-AS1,6.303948739426236e-14,-1.3989619870826973,0.022,0.058,2.3073082781173966e-9
PRIMPOL,6.363639888933297e-14,-0.9742137778913995,0.039,0.084,2.329155835748476e-9
CDK11B,6.487298765971773e-14,0.7544890619087341,0.245,0.181,2.3744162213333286e-9
DCAF10,6.544529887238353e-14,-0.5313163743257158,0.2,0.282,2.3953633840281095e-9
LTA4H,6.562545479472635e-14,-0.7366946318901428,0.066,0.121,2.401957270941779e-9
CIAO2B,6.639605325837271e-14,1.2256683954651737,0.096,0.05,2.4301619453096994e-9
ARNT,6.669561574964594e-14,-0.5467179397610773,0.119,0.189,2.441126232052791e-9
AC092120.3,6.708959985881431e-14,1.3244062549819295,0.08,0.038,2.4555464444324627e-9
ZBTB40,6.732919008187574e-14,-0.5309087620305339,0.129,0.201,2.4643156861867342e-9
GPX4,6.736942011562828e-14,1.1690383574267376,0.118,0.068,2.4657881456521107e-9
ZBTB10,6.755751664022026e-14,0.8915888093269076,0.161,0.102,2.472672666548702e-9
ZZEF1,6.812138980644798e-14,-0.2964512546074609,0.38,0.491,2.4933109883058026e-9
PGAM1,6.890871393777118e-14,0.9870035975395541,0.138,0.084,2.522127838836363e-9
ECHDC2,7.031074454623114e-14,-0.46412930895816273,0.122,0.195,2.573443561136606e-9
GDAP1,7.117159597947778e-14,-1.0300866460701046,0.053,0.102,2.6049515844448664e-9
KNTC1,7.201452030101373e-14,-1.0022092304944397,0.032,0.073,2.6358034575374035e-9
LIN54,7.80980452591769e-14,-0.5195528249666236,0.124,0.196,2.8584665545311338e-9
TMEM50B,7.874117528829312e-14,-0.5734343565566835,0.096,0.161,2.8820057567268163e-9
C19orf53,8.047814625211898e-14,1.3556191473148755,0.09,0.045,2.945580630973807e-9
ZNF37A,8.082513623680167e-14,-0.36570173730861205,0.167,0.25,2.958280811403178e-9
GPCPD1,8.191122304204518e-14,-0.2581964039805371,0.569,0.68,2.9980326745618956e-9
BIN2,8.221433903413758e-14,-0.3040976929654029,0.395,0.507,3.0091270229884694e-9
PACRGL,8.505763294097139e-14,-0.8507543214333328,0.049,0.098,3.113194423272494e-9
PXK,8.531836366916265e-14,-0.7479964919234054,0.085,0.145,3.1227374286550224e-9
AC004039.1,8.685270157360903e-14,1.8102413645587765,0.057,0.022,3.178895730295664e-9
LINC01303,8.939786568742589e-14,1.6430813736266074,0.058,0.022,3.272051282025475e-9
AC079447.1,8.963441316277112e-14,-0.9080110025324077,0.058,0.11,3.280709156170586e-9
GPATCH2,8.98060855847906e-14,-0.516159754220708,0.184,0.264,3.286992538488921e-9
PTBP3,9.131663227964416e-14,-0.2581634953546601,0.505,0.618,3.3422800580672557e-9
WASHC4,9.382466155298075e-14,-0.2986398946895589,0.219,0.313,3.4340764375006486e-9
ZFAND6,9.610963656595525e-14,0.29480169075111107,0.718,0.677,3.5177088079505282e-9
SF3B3,9.753609361596891e-14,-0.4105700838245987,0.15,0.229,3.569918562438078e-9
AP000442.1,9.965270704251221e-14,1.5068790236436589,0.086,0.043,3.6473887304629896e-9
ZNF277,1.0156951765193258e-13,-0.3610216462721185,0.185,0.268,3.7175459155783845e-9
MIRLET7BHG,1.0248618177908017e-13,-0.8068665454877799,0.059,0.111,3.7510967392961135e-9
AMN1,1.0625123039819536e-13,-0.8540154793834849,0.065,0.118,3.888901283804348e-9
TTC19,1.063283924815119e-13,0.6468587306669533,0.332,0.273,3.891725493215817e-9
ARHGAP21,1.082023936561696e-13,-0.9487960594410065,0.068,0.122,3.960315810209464e-9
PHC3,1.0879174301329472e-13,-0.21857917177619024,0.561,0.675,3.9818865860296e-9
TYW1B,1.0914825185380835e-13,-0.5577324985178134,0.131,0.201,3.99493516610124e-9
ZNF587,1.1257515364437158e-13,-0.8885722741455571,0.048,0.096,4.1203631985376446e-9
TRPM7,1.1475561489652593e-13,-0.2419559527345967,0.479,0.599,4.2001702608277455e-9
C1QBP,1.1602376265975039e-13,1.179267117716702,0.093,0.048,4.246585737109524e-9
STK40,1.163242135491535e-13,-0.6754109380508995,0.08,0.138,4.257582540112568e-9
SYNJ2,1.1646228714727063e-13,-0.8419864242519539,0.04,0.084,4.262636171877252e-9
FAM126A,1.1705859527177837e-13,-0.5654227635403348,0.146,0.218,4.2844616455423605e-9
SRP19,1.1739813711007173e-13,0.8287572301979369,0.191,0.13,4.296889216365735e-9
INSYN2B,1.1831428719640485e-13,1.0216931821892263,0.141,0.086,4.330421225675614e-9
FBXO42,1.1838700992924169e-13,-0.3956169836079176,0.211,0.298,4.333082950420175e-9
TBC1D22B,1.1856727528588522e-13,-0.564344861790935,0.086,0.147,4.339680842738685e-9
GSE1,1.255326703749161e-13,-0.23785776210282245,0.28,0.386,4.594621268392305e-9
AL161725.1,1.2787061270226928e-13,1.4266636338097247,0.071,0.031,4.680192295515758e-9
GAPVD1,1.2881173317162667e-13,-0.3059870911951045,0.277,0.378,4.714638245814708e-9
SLC25A42,1.328577856750818e-13,-0.5777071801924546,0.103,0.167,4.8627278134936695e-9
SLC25A43,1.335943223562996e-13,-1.1825206787279812,0.027,0.066,4.889685792562922e-9
DDB2,1.3394795921302124e-13,-0.49052300602482435,0.136,0.209,4.9026292551557905e-9
MRPS27,1.344734872097087e-13,-0.3372664748327943,0.144,0.22,4.921864105362548e-9
NEK1,1.3642136106566889e-13,-0.3605855675893972,0.242,0.332,4.993158236364547e-9
TJP2,1.3684954674348102e-13,-1.5055790238397204,0.021,0.057,5.008830260358148e-9
CMC1,1.3689461958138788e-13,-0.4608193760590909,0.3,0.389,5.010479971298378e-9
INPP5F,1.3752584830507247e-13,-0.8746763892662286,0.047,0.094,5.033583573813958e-9
MAP3K3,1.392900553209302e-13,-0.33893196168969286,0.25,0.346,5.098155314801367e-9
NPC1,1.4633546125020544e-13,-0.25412209057635415,0.599,0.709,5.356024217218769e-9
SQSTM1,1.467039259712748e-13,0.5859386486743934,0.352,0.29,5.3695103944746284e-9
DPP8,1.4688038864325915e-13,-0.2418006930193617,0.37,0.481,5.375969104731929e-9
CSGALNACT1,1.472639053536404e-13,-1.318804034160036,0.03,0.07,5.390006199848592e-9
CDC27,1.4991017252647078e-13,-0.2788686504431934,0.323,0.427,5.486862224641357e-9
CHIC1,1.53540578807424e-13,-0.43250313892694203,0.134,0.207,5.619738724930526e-9
SF1,1.5540911500948633e-13,0.38700003643152825,0.537,0.503,5.688129018462209e-9
VDAC2,1.5542234839558756e-13,0.7968821283011632,0.176,0.116,5.6886133736269e-9
CNOT1,1.569304462314846e-13,-0.2972854911997171,0.34,0.454,5.743811262518568e-9
KIF2A,1.5726694405352432e-13,-0.20624898231920863,0.543,0.662,5.756127419303043e-9
ACADM,1.57975242063612e-13,-0.7411504814955312,0.055,0.105,5.782051834770263e-9
AL391839.1,1.6328181151833046e-13,1.2876598927759522,0.083,0.04,5.976277583382413e-9
KDM3B,1.6751406430110643e-13,-0.307949851747143,0.306,0.409,6.131182267484796e-9
PRR5,1.679566359908953e-13,-0.5043497195085778,0.15,0.225,6.1473808339027594e-9
DRAP1,1.6954963631274395e-13,0.8798981633457745,0.168,0.109,6.205686238682741e-9
NDUFA6,1.6993950594452875e-13,1.153075357431854,0.096,0.05,6.219955857075697e-9
CARS2,1.7548559440966084e-13,-0.5399447773268072,0.121,0.191,6.422948240987996e-9
AC022137.4,1.7780042744479352e-13,1.7338830689188298,0.054,0.02,6.507673444906887e-9
GATAD2A,1.8361628548189974e-13,-0.31064688750455993,0.348,0.456,6.720539664923012e-9
HIST1H4E,1.8600812974128182e-13,1.373546509598605,0.085,0.042,6.808083556660656e-9
PAXX,1.8686921703113948e-13,0.8150434113914345,0.209,0.149,6.839600212556736e-9
SERP1,1.915407636495899e-13,0.6705361531451225,0.267,0.202,7.01058349033864e-9
ABHD17B,1.9504420688408806e-13,-0.4715726136550312,0.141,0.213,7.138813016164507e-9
TAGLN2,1.9558773479140676e-13,0.7423641051425152,0.247,0.186,7.1587066811002785e-9
ABCC1,1.9950125365395184e-13,-0.30218627603679393,0.363,0.469,7.301945384988291e-9
TRRAP,2.0139875331105055e-13,-0.3338779190256547,0.318,0.421,7.371395769937762e-9
EPS15,2.0168753578182484e-13,-0.17754946472114908,0.75,0.846,7.3819654971505705e-9
RNF31,2.041134636628853e-13,-0.8296300075284087,0.046,0.094,7.470756883525265e-9
GPR171,2.05088229700084e-13,-0.7915351816182059,0.055,0.104,7.506434295252775e-9
AC078883.1,2.0615020208425518e-13,-1.1838876828720952,0.026,0.064,7.545303546485823e-9
COPG2,2.0663918455588073e-13,-1.27327688525296,0.025,0.062,7.56320079392979e-9
GDI2,2.0700635918973549e-13,-0.36212777279275876,0.165,0.247,7.576639752703508e-9
DCAF1,2.1083244284518095e-13,-0.3711230364063815,0.201,0.29,7.716678240576469e-9
ERMP1,2.1240481043094082e-13,-0.7030481424034427,0.079,0.136,7.774228466582865e-9
TOMM22,2.1253187043413452e-13,1.267005280456865,0.081,0.039,7.778878989759758e-9
ARMC10,2.2610261434888335e-13,-1.0721113003379545,0.039,0.083,8.27558178778348e-9
CYBB,2.3317960342351455e-13,-0.8222931273230849,0.056,0.107,8.534606664904055e-9
WASHC3,2.348694438315773e-13,-0.42579099911135876,0.131,0.203,8.59645651367956e-9
HERC6,2.39624949270261e-13,-0.5049227368926723,0.132,0.204,8.770512768240824e-9
UFC1,2.403048647919533e-13,0.9256074961292502,0.137,0.083,8.795398356250283e-9
RNF166,2.441083979678764e-13,0.5985145136349008,0.321,0.26,8.934611474022243e-9
LSM3,2.484659658135149e-13,1.0337952729670583,0.103,0.055,9.094102814740458e-9
AC087500.1,2.5055721143103834e-13,-1.2776211764047343,0.017,0.05,9.170644495587434e-9
NR3C1,2.509292178591363e-13,-0.19803485151239508,0.641,0.742,9.184260302862248e-9
L3MBTL3,2.538280949321494e-13,-0.43359444217959026,0.204,0.288,9.2903621026116e-9
ABAT,2.546874092551384e-13,-0.6625373452577927,0.074,0.13,9.32181386614732e-9
STX12,2.5474630453266903e-13,-0.48492695704877187,0.128,0.198,9.32396949220022e-9
SCAPER,2.6604973039930266e-13,-0.22143656377700616,0.46,0.575,9.737686182344877e-9
PHF1,2.736587043352793e-13,1.0035815637419667,0.146,0.093,1.0016182237375557e-8
C12orf57,2.7565414789634547e-13,0.9607987019518549,0.141,0.087,1.008921746715414e-8
TET3,2.8545333404199626e-13,-0.4215707138054057,0.174,0.253,1.0447877479271105e-8
TPGS2,2.857917999332649e-13,-0.6431804357299473,0.065,0.119,1.046026566935743e-8
IL17RA,2.957565057092748e-13,-0.4590900139370193,0.143,0.218,1.0824983865465167e-8
ABT1,3.014512988066609e-13,1.2829339560685395,0.093,0.048,1.1033418987622595e-8
NGLY1,3.076630152832292e-13,-0.35168703897425746,0.288,0.385,1.1260774022381472e-8
PDE4D,3.0775977869239185e-13,0.2994246607629405,0.546,0.476,1.1264315659920234e-8
LINC02284,3.1333829964536185e-13,1.2481457033497454,0.072,0.032,1.146849510531989e-8
ANAPC5,3.1373881132406325e-13,-0.3276954814314475,0.277,0.379,1.1483154233272039e-8
GUSB,3.145025850057972e-13,0.8808664444940332,0.148,0.092,1.1511109113797184e-8
EML2,3.279212006498544e-13,-0.8877277659618936,0.054,0.102,1.2002243864985321e-8
TCP11L2,3.3352181201583495e-13,-0.42992299134518547,0.192,0.273,1.2207231841591575e-8
PARP12,3.3588854697446025e-13,-0.30559285956412263,0.194,0.279,1.229385670781222e-8
TUBA4A,3.407427278767204e-13,1.0283121686220467,0.149,0.096,1.2471524583015843e-8
TNRC6C-AS1,3.475283301546943e-13,-0.829904513245687,0.051,0.1,1.2719884411991967e-8
HELZ,3.496735394286396e-13,-0.19140538953061315,0.715,0.81,1.2798401216627638e-8
EVA1C,3.510193459538156e-13,-0.4871445790476997,0.189,0.267,1.2847659081255605e-8
CCDC39,3.547624298184556e-13,1.7418510157278453,0.053,0.02,1.2984659693785294e-8
H6PD,3.549678646501401e-13,-0.8373395643691564,0.056,0.106,1.2992178814059778e-8
C8orf37-AS1,3.592249646511032e-13,-1.6904448425975982,0.02,0.053,1.314799293119503e-8
AL592295.4,3.696764438406348e-13,-1.108394609936385,0.028,0.067,1.3530527521011075e-8
PWWP2A,3.6976420400068057e-13,-0.43541539362841175,0.134,0.206,1.353373963062891e-8
ANXA1,3.702735523493326e-13,0.5481671704952081,0.374,0.313,1.3552382289537923e-8
FAM177A1,3.7311852967559786e-13,0.8229201011360037,0.226,0.166,1.3656511304656558e-8
CAPRIN2,3.8378194862793624e-13,-0.7663869410643462,0.062,0.114,1.4046803101731094e-8
SNHG3,3.8409539281929303e-13,1.2188187714457295,0.096,0.051,1.4058275472578944e-8
TMEM154,3.8549541403596747e-13,-0.5610391893567952,0.088,0.148,1.4109517649130446e-8
CMIP,3.9643685531963545e-13,0.4994400426990362,0.606,0.585,1.4509985341553976e-8
PSMA2,4.138226255992307e-13,0.8031698828256462,0.172,0.114,1.5146321919557442e-8
MAPKAPK5-AS1,4.18176239868006e-13,1.257222247476119,0.081,0.039,1.530566855540889e-8
ZC3H15,4.210946296270798e-13,0.522479114767952,0.353,0.296,1.5412484538980747e-8
ZMYM2,4.231221069385064e-13,-0.20652253684188038,0.588,0.691,1.5486692236056273e-8
EIF3G,4.2577770717590073e-13,0.7480826395043686,0.2,0.14,1.5583889860345142e-8
ZBTB20-AS5,4.535730245323985e-13,1.595327543517513,0.061,0.025,1.6601226270910316e-8
AC116337.3,4.657317113596615e-13,-1.3214454861932285,0.026,0.063,1.7046246367474972e-8
HOOK3,4.692215460512661e-13,-0.3588043486266349,0.307,0.399,1.717397780702239e-8
RABGEF1,4.728904629377622e-13,-0.29865878783541183,0.248,0.343,1.7308263833985033e-8
PGM2L1,4.763615020148254e-13,-0.7036801431986723,0.053,0.101,1.7435307335244625e-8
CD58,4.814842091655041e-13,-0.3330397167755365,0.184,0.267,1.7622803539666616e-8
GIMAP2,4.834647548248757e-13,-0.9507714276489088,0.043,0.088,1.7695293491345275e-8
STX3,4.895423014311149e-13,-1.3040951541287695,0.019,0.052,1.7917737774680238e-8
ALG6,4.95745305885246e-13,-0.6500041986120573,0.096,0.157,1.8144773940705886e-8
DAPP1,4.959886726419744e-13,-0.889468206374342,0.038,0.081,1.8153681407368905e-8
IFI27L2,5.014545318449063e-13,1.2911394785199977,0.075,0.035,1.8353737320055415e-8
C13orf46,5.076659526538986e-13,-1.1715780363553607,0.024,0.059,1.8581081533085342e-8
DENND6A-AS1,5.157497326537252e-13,1.0724605916279621,0.156,0.101,1.8876955964859e-8
HNRNPUL2,5.209788705653949e-13,-0.5539084296025374,0.12,0.188,1.906834764156402e-8
VPS28,5.247648882401976e-13,0.918306775762084,0.129,0.077,1.920691967447947e-8
GET1,5.515807692792046e-13,-1.2805601979557557,0.021,0.055,2.018840773638817e-8
ECH1,5.546774908905928e-13,1.1999012858984945,0.09,0.047,2.0301750844086588e-8
THRA1/BTR,5.776793138346717e-13,1.3295468694954566,0.084,0.042,2.1143640565662818e-8
FGFR1OP,5.798269143574839e-13,-0.4486818300717189,0.109,0.174,2.122224489239827e-8
USP3,5.866714754448019e-13,-0.22268882772371423,0.685,0.783,2.1472762672755197e-8
AFG1L,5.890620711753239e-13,-0.8630345920788001,0.052,0.099,2.1560260867088033e-8
NME2,6.031135113961186e-13,0.9731469169636021,0.153,0.099,2.2074557630609338e-8
FAM8A1,6.079480963913996e-13,-0.6151188178065001,0.079,0.136,2.2251508276021616e-8
AL713852.1,6.120412892312061e-13,1.6258042630861649,0.055,0.021,2.2401323227151377e-8
RHOBTB3,6.139959597102666e-13,1.1430752000139002,0.074,0.034,2.2472866121355468e-8
BRD4,6.237817346005421e-13,-0.2704401683430766,0.417,0.537,2.283103526811444e-8
NCR1,6.363506712734859e-13,1.0109781829772047,0.098,0.052,2.3291070919280856e-8
TTI1,6.41851356509925e-13,-0.6678137401119395,0.058,0.109,2.3492401499619765e-8
TSC22D1,6.603146725982536e-13,-0.41320106398106615,0.224,0.306,2.4168177331768682e-8
FO393401.1,6.767769916096063e-13,-0.5625475458598881,0.06,0.111,2.47707146699032e-8
ARMC2,7.146649016820429e-13,-0.8425892703854736,0.06,0.11,2.6157450066464454e-8
LINC01004,7.239878099026508e-13,-0.4360353393512094,0.2,0.281,2.6498677830246922e-8
WDR89,7.248310793998089e-13,-0.7126048121514617,0.066,0.118,2.6529542337112406e-8
UXS1,7.402363335750787e-13,-0.4478404384768031,0.151,0.225,2.7093390045181454e-8
GPS2,7.487677070138794e-13,0.8756742924940231,0.15,0.096,2.7405646844415e-8
EPRS,7.582248389585549e-13,-0.47089544572466674,0.168,0.246,2.775178733072207e-8
NRIP1,7.753846374118239e-13,0.6754840160989019,0.223,0.161,2.8379853113910168e-8
ARF5,7.778995884279744e-13,1.1930568991863224,0.09,0.047,2.847190283605229e-8
TNFSF8,7.789378628378703e-13,-0.4112466582190647,0.163,0.24,2.850990471772889e-8
TAX1BP1,7.882177033137458e-13,0.31081688835255905,0.702,0.687,2.884955615898641e-8
TOB2,7.988559008964379e-13,-0.9258247536957103,0.037,0.078,2.9238924828710523e-8
ZNF169,8.20338393311731e-13,-0.5416704810718393,0.076,0.131,3.002520553360267e-8
EXT2,8.391108114753321e-13,-0.46823001660553315,0.16,0.235,3.071229481080863e-8
ENY2,8.408814607369125e-13,1.092930258401857,0.127,0.076,3.077710234443173e-8
POLR2I,8.416877280270374e-13,1.4696416637416907,0.055,0.022,3.080661253351759e-8
LINC01191,8.769743189633441e-13,-1.1589507703038335,0.024,0.06,3.2098137048377355e-8
METTL6,8.783759481606111e-13,-0.8194598281462666,0.052,0.099,3.214943807862653e-8
TSHZ2,9.011250078792008e-13,-1.5297727703982062,0.027,0.063,3.298207641338663e-8
SLC25A51,9.195528571197858e-13,-0.6532857870565301,0.08,0.137,3.365655412344128e-8
SKAP2,9.222060382567013e-13,-0.652791368244104,0.168,0.237,3.3753663206233525e-8
NIPA1,9.241598691658694e-13,-0.6898968937036174,0.054,0.103,3.3825175371339985e-8
CNN2,9.656439708364894e-13,-0.48456836551946725,0.118,0.187,3.5343534976586344e-8
H2AFJ,9.772517340614117e-13,1.246825514161038,0.087,0.045,3.576839071838173e-8
POLR2G,9.814074449052497e-13,0.9921594696997027,0.093,0.049,3.5920493890977045e-8
PPP5C,1.0130008068637194e-12,-0.7654877966486899,0.055,0.104,3.7076842532018996e-8
RETREG1,1.0178835735769213e-12,-0.6866337968467269,0.076,0.13,3.7255556676488895e-8
MYO1G,1.0185860498485619e-12,-0.3888844693802286,0.249,0.34,3.728126801050721e-8
STAT2,1.0211130586351275e-12,-0.43898614825671545,0.107,0.172,3.73737590591043e-8
MTMR3,1.0385948450147726e-12,-0.33143777698494536,0.293,0.388,3.801360992238569e-8
NNT,1.0948729411948549e-12,-0.34007983125692764,0.278,0.369,4.0073444520672887e-8
TEX2,1.1218243312380324e-12,-1.0673748374133183,0.032,0.071,4.105989234764322e-8
GNAS,1.1458559020032309e-12,0.371814025982645,0.601,0.571,4.193947186922025e-8
ADGRE5,1.152282637587705e-12,-0.271900924353468,0.45,0.561,4.2174696818347595e-8
CCDC138,1.1529723989733152e-12,-0.7947006436578545,0.069,0.12,4.219994277482231e-8
TSEN54,1.1541388138657197e-12,0.750919355444496,0.21,0.151,4.2242634726299206e-8
FOXN2,1.1845613246621859e-12,-0.3616626824709214,0.287,0.383,4.3356129043960665e-8
DTX3L,1.2113672375133762e-12,-0.5594287578540615,0.083,0.141,4.433725226022708e-8
PDE4A,1.221558883309665e-12,1.200279241324922,0.092,0.048,4.471027668801705e-8
NDUFA3,1.2401420293088977e-12,1.0507459890638322,0.115,0.067,4.5390438414734964e-8
AC018797.3,1.283466770836492e-12,1.1914122668127143,0.081,0.04,4.697616727938644e-8
RALY,1.3147679326711889e-12,-0.27156547237673656,0.429,0.535,4.8121821103698185e-8
NHEJ1,1.363613039622692e-12,-1.0930530010576285,0.024,0.06,4.9909600863230156e-8
QSER1,1.3790391009998336e-12,-0.6487252359130598,0.083,0.139,5.047421013569491e-8
AC079921.1,1.396139034031143e-12,1.7086748711791189,0.061,0.026,5.1100084784573864e-8
SH3YL1,1.4101482877280813e-12,-0.8431418268059372,0.05,0.096,5.161283747913551e-8
NDUFA2,1.5148217244693828e-12,1.0722906713482625,0.11,0.063,5.544398993730388e-8
DCUN1D4,1.5231335513479538e-12,-0.508176562569624,0.102,0.164,5.574821111288646e-8
KLRK1,1.578267804175584e-12,-0.31149967715073856,0.478,0.583,5.776617990063055e-8
CDC16,1.5972599551585331e-12,-0.4830072652731696,0.14,0.211,5.846131161875747e-8
LINC00886,1.6007346629254532e-12,-1.1986378274833007,0.02,0.052,5.858848939773451e-8
CCDC30,1.617390490153893e-12,-1.1021730401197305,0.036,0.075,5.919810933012264e-8
TRIP4,1.7042786269798993e-12,-0.47691081014169934,0.136,0.206,6.237830202609129e-8
P2RX7,1.8077501256695636e-12,-0.9803528099950767,0.033,0.072,6.61654623496317e-8
AC009061.2,1.883622952072863e-12,-1.288411692272958,0.02,0.052,6.894248366881886e-8
ALCAM,1.9033396790790082e-12,-0.7268872190276706,0.06,0.108,6.966413559397078e-8
TM2D1,1.949521419545974e-12,-0.33035962000057,0.206,0.29,7.135443347680219e-8
ZNF397,1.9814339708448273e-12,-1.0068232056844604,0.03,0.068,7.252246476689153e-8
OGA,2.0300307428458086e-12,-0.1922614933216904,0.701,0.796,7.430115521889944e-8
NT5DC1,2.0414508380427064e-12,-0.42120353102335467,0.28,0.36,7.47191421232011e-8
AHCYL1,2.0554755308103124e-12,-0.6249379680017897,0.074,0.128,7.523245990318825e-8
ARFGEF1,2.061464498203281e-12,-0.1866934729314358,0.674,0.773,7.545166209873828e-8
HCLS1,2.0694219342108853e-12,-0.3639490721432649,0.338,0.439,7.574291221405261e-8
NOL7,2.098452179661896e-12,0.7108676440648567,0.199,0.141,7.680544822780505e-8
CAPN7,2.108174337622053e-12,0.4723245542285247,0.457,0.409,7.716128893130477e-8
ELOVL6,2.141068632226624e-12,-0.7876339646074069,0.068,0.119,7.836525300812666e-8
TNKS,2.164906744876558e-12,-0.2594695883377054,0.558,0.654,7.92377517692269e-8
RBL1,2.1784242286923448e-12,-0.34495251486484724,0.218,0.301,7.973250519436851e-8
AC092338.3,2.294326202894138e-12,1.417558290061669,0.094,0.051,8.397463335212834e-8
ZMYM5,2.3019885701399625e-12,-0.3155958920113252,0.165,0.244,8.425508365569276e-8
C18orf25,2.3812342585560436e-12,-0.2826432751764243,0.236,0.328,8.715555509740976e-8
DMXL2,2.4538061980266935e-12,-0.8276688563004369,0.057,0.105,8.9811760653975e-8
CCND2,2.533754924133661e-12,-0.393923400245761,0.212,0.294,9.273796397821612e-8
CNOT10,2.5354835887890286e-12,-0.4470667450302148,0.124,0.191,9.280123483326723e-8
FYCO1,2.555459520970402e-12,-0.3690145062466786,0.184,0.265,9.353237392703768e-8
ASPH,2.558773701888342e-12,-0.7966057439400054,0.072,0.124,9.36536762628152e-8
BICD2,2.6070641378078578e-12,-0.6684919175444561,0.07,0.122,9.542115450790541e-8
SELENOS,2.6702258357932688e-12,0.9277365424483037,0.158,0.105,9.773293581586944e-8
CYTIP,2.68435542472947e-12,-0.1703413685330306,0.615,0.728,9.825009290052333e-8
UBE2E3,2.7006340738776863e-12,0.4624592546326952,0.403,0.337,9.884590773799719e-8
C1orf122,2.8902548807415104e-12,1.4585923552798503,0.064,0.028,1.0578621889002002e-7
CDKL1,2.904123191593365e-12,-0.7070750731792583,0.061,0.11,1.0629381293550875e-7
AC127502.2,2.9097297993471076e-12,1.2264931966268013,0.098,0.054,1.0649902038590349e-7
STX18-AS1,3.0040517947176966e-12,-0.8288202231677486,0.088,0.143,1.0995129973846241e-7
ATXN3,3.017821944227446e-12,-0.33263310500959925,0.183,0.262,1.1045530098066875e-7
PDHX,3.019254837733048e-12,-0.5836144409597941,0.088,0.146,1.105077463158673e-7
TAF1B,3.078617163826589e-12,-0.4306875896799891,0.175,0.25,1.1268046681321698e-7
TNFSF13B,3.122579732122661e-12,-0.7645293218232068,0.052,0.098,1.1428954077542151e-7
FRMPD3,3.140452904985602e-12,-0.6034065216619053,0.082,0.136,1.1494371677537801e-7
ZRANB2-AS1,3.2724792197076477e-12,1.506429433704945,0.055,0.022,1.197760119205196e-7
C1RL,3.296141954792459e-12,-0.7619293304143795,0.048,0.093,1.206420916873588e-7
TADA2A,3.3144295511774324e-12,-0.5227631045069323,0.063,0.114,1.213114360026452e-7
DAAM1,3.3318253166143766e-12,-0.5595461691534123,0.096,0.154,1.219481384134028e-7
POU5F2,3.3444510750307484e-12,-0.8498279972308911,0.038,0.079,1.2241025379720042e-7
CMTM7,3.4000253215769066e-12,-0.4481794546664671,0.148,0.218,1.2444432679503636e-7
ZNF101,3.418703553255882e-12,-0.42494853413473616,0.162,0.235,1.2512796875271853e-7
BAZ1B,3.4433610533956287e-12,-0.3284252660380748,0.249,0.341,1.260304579153334e-7
NIBAN1,3.4963664634506918e-12,0.3702473064531988,0.684,0.649,1.2797050892875878e-7
PRMT7,3.500151616796135e-12,-0.6690606951281239,0.067,0.118,1.2810904932635533e-7
SNHG15,3.5338401392345395e-12,1.2737106507582712,0.071,0.033,1.2934208293612337e-7
PGK1,3.5980532636059076e-12,0.5701165903222177,0.276,0.215,1.3169234750123982e-7
MOAP1,3.6139550083464414e-12,1.2083093279635289,0.083,0.042,1.3227436726048811e-7
LAMTOR5-AS1,3.661087476313299e-12,-0.5562291979372262,0.139,0.206,1.3399946272054305e-07
LINC01176,3.668750006005479e-12,-1.087021327416204,0.031,0.068,1.3427991896980654e-7
DAG1,3.6908120357727e-12,-1.1782699254370845,0.03,0.067,1.350874113213166e-7
SHLD2,3.701092517000518e-12,-0.3151046336439439,0.256,0.342,1.3546368721473596e-7
SS18L2,3.710097374420532e-12,1.1957416184544725,0.083,0.042,1.357932740011659e-7
STRBP,3.7992161445215536e-12,-0.8276456963203578,0.072,0.123,1.3905511010563337e-7
ERP27,3.998569272356363e-12,-0.47608773395055004,0.127,0.194,1.4635163393751523e-7
KIAA1109,4.08420561503789e-12,-0.17737195911780868,0.723,0.806,1.494860097160018e-7
COG7,4.273559891594638e-12,-0.5956697443719192,0.078,0.133,1.5641656559225536e-7
TMED2,4.349822169675534e-12,0.8762256938978283,0.143,0.092,1.5920784123229424e-7
CCZ1B,4.394684333903106e-12,0.9001746006441915,0.168,0.114,1.6084984130518758e-7
ACVR2A,4.5182746173842985e-12,-0.8043081820871998,0.069,0.119,1.6537336927088272e-7
LMBRD2,4.589829934314761e-12,-0.45295422430042076,0.115,0.179,1.679923654258546e-7
IFITM3,4.652403614130901e-12,-1.0949689076847942,0.023,0.056,1.7028262468080512e-7
AC015971.1,4.748257897485499e-12,1.6625282435099256,0.055,0.022,1.7379098730586675e-7
ACBD5,4.827858363503971e-12,-0.37270182614376945,0.183,0.261,1.7670444396260886e-7
AL355816.2,4.941158704856224e-12,-1.253154482663593,0.022,0.055,1.8085134975644267e-7
PRDM15,4.999966192005236e-12,-1.100844627293307,0.028,0.064,1.8300376259358364e-7
PAK1,5.1178641539227156e-12,-0.6099399675973678,0.051,0.097,1.8731894589772533e-7
WDTC1,5.1527880860229014e-12,-0.49888215071666697,0.106,0.167,1.885971967365242e-7
HSP90AA1,5.214156675276837e-12,0.3267915694971546,0.702,0.68,1.908433484718075e-7
SOD2,5.314356435179769e-12,0.6778942594061186,0.249,0.19,1.9451075988401474e-7
SAMD9,5.420599623812274e-12,-0.3071631760950533,0.198,0.28,1.9839936683115304e-7
AC245297.3,5.430916018841215e-12,-0.3038954434369434,0.426,0.521,1.987769572056073e-7
RPE,5.466708892429068e-12,-0.43909543434526943,0.136,0.204,2.000870121717963e-7
CATSPERG,5.548631480180069e-12,-1.116384817164124,0.029,0.065,2.030854608060707e-7
PKNOX1,5.61496440891205e-12,-0.8032956898013772,0.05,0.095,2.0551331233058993e-7
METAP1,5.6318763688371845e-12,-0.4635467484549126,0.118,0.183,2.0613230697580978e-7
HABP4,5.655971100643665e-12,-0.33326445070155364,0.094,0.154,2.0701419825465877e-7
ADA2,5.713484942947046e-12,-0.39755859570360874,0.149,0.22,2.0911926239680485e-7
ARID5A,5.863843372957857e-12,0.7869548835028042,0.187,0.132,2.146225312936305e-7
TENT5C,5.9089575755899095e-12,0.6094068758612755,0.298,0.241,2.1627375622416627e-7
PCMTD2,5.93699653412867e-12,-0.45879230021526074,0.125,0.192,2.1730001014564345e-7
ARHGAP11B,5.990518195477712e-12,-0.7634488152754482,0.037,0.077,2.1925895647267974e-7
SLC7A5,6.0649915208837155e-12,0.879453208168662,0.157,0.104,2.2198475465586486e-7
LINC01473,6.068762048721268e-12,-0.4636981520403315,0.215,0.289,2.2212275974524712e-7
FUT10,6.152239211142391e-12,-0.8171192372161062,0.04,0.081,2.2517810736702263e-7
ZMYM1,6.233474516164665e-12,-0.7141423706365329,0.049,0.093,2.281514007661429e-7
INTS10,6.310452634383977e-12,-0.486751249233804,0.116,0.18,2.3096887687108795e-7
STAG2,6.3629961215445916e-12,-0.18625354987352294,0.696,0.787,2.328920210446536e-7
TECPR2,6.533912146257019e-12,-0.8419917828234815,0.045,0.087,2.391477184651531e-7
DUSP5,6.572165517957103e-12,1.5320604622084222,0.07,0.033,2.405478301227479e-7
UIMC1,6.687505164937272e-12,-0.31278078295771294,0.25,0.341,2.447693765418691e-7
CLN5,6.69001888622093e-12,1.3955246904839242,0.075,0.037,2.448613812545723e-7
WDFY1,6.721970708284234e-12,-0.34292947792507256,0.287,0.375,2.4603084989391124e-7
LNX2,6.886259759518676e-12,-0.6033515394753786,0.085,0.139,2.520439934581431e-7
PCNT,7.004882677257255e-12,-0.4653844181471134,0.124,0.19,2.563857108702928e-7
BRWD1,7.106808880501091e-12,-0.22600967300578634,0.612,0.705,2.601163118352204e-7
TRMT2B,7.198911272778506e-12,-0.7348605474850545,0.074,0.126,2.634873514949661e-7
UBE2D2,7.34685407510948e-12,-0.21052466932200287,0.475,0.581,2.689022060030821e-7
RNF13,7.351682264965984e-12,-0.24175726288898136,0.344,0.444,2.6907892258002e-7
ANKRD49,7.662604016083603e-12,0.8202290798369117,0.197,0.141,2.8045896959267597e-7
TYW1,8.032474966018392e-12,-0.2797818857599608,0.286,0.378,2.9399661623123917e-7
ARSB,8.037576308225609e-12,-0.5376382382691038,0.111,0.171,2.941833304573655e-7
SLC2A3,8.244507170802442e-12,-0.3451735649852764,0.222,0.31,3.017572069585402e-7
G6PD,8.259725437528563e-12,1.1748207608803045,0.082,0.042,3.023142107389829e-7
RALGAPB,8.450911361542653e-12,-0.24639967302663807,0.342,0.443,3.093118067438226e-7
PSME2,8.548994346685411e-12,0.7521133409169911,0.195,0.138,3.1290174208303276e-7
TMCO3,8.726927106143356e-12,-0.9753786044531929,0.032,0.069,3.19414259011953e-7
AL365295.1,8.72984140214313e-12,-0.4775519511452412,0.155,0.222,3.195209251598407e-7
KLRG1,9.079030325718907e-12,-0.3413504281668952,0.386,0.476,3.3230158895163767e-7
SGPP1,9.137974185068251e-12,-0.40616948806093667,0.187,0.261,3.3445899314768304e-7
LYRM7,9.18362789562213e-12,-0.8258133084277441,0.048,0.091,3.361299646076656e-7
CCDC69,9.23613237173648e-12,-0.34599388038259843,0.223,0.307,3.380516809379269e-7
PSMB9,9.311165512203758e-12,0.621260500232324,0.288,0.231,3.4079796891216975e-7
C9orf85,9.31290613501983e-12,-0.5060332094145371,0.116,0.177,3.4086167744786083e-7
FBXW4,9.375881951134506e-12,-0.2703414957034167,0.332,0.433,3.4316665529347406e-7
NDUFS7,9.410826788734749e-12,1.111801177320014,0.093,0.051,3.4444567129448054e-7
ZNF592,9.58008781755503e-12,-0.4871184781620457,0.098,0.158,3.506407942103316e-7
AC004825.3,9.643649289128574e-12,1.7065318287155526,0.051,0.02,3.529672076313949e-7
MRE11,9.722682425114147e-12,-0.4004551997629133,0.173,0.247,3.558598994416029e-7
STYXL1,9.768944293582033e-12,-0.9166921532924985,0.026,0.06,3.57553130089396e-7
FAM185A,9.777826168941736e-12,-1.119722592366267,0.033,0.071,3.5787821560943646e-7
RNF43,9.870324219385201e-12,1.027210630469114,0.112,0.066,3.6126373675371776e-7
RABEP1,9.872194449540657e-12,-0.2644732579618313,0.398,0.498,3.613321890476376e-7
ATF1,9.950877573949526e-12,-0.7287378034908942,0.074,0.125,3.642120700841266e-7
ZNF33B,1.0216148640009005e-11,-0.33394115930548257,0.152,0.225,3.739212563729696e-7
TNFSF10,1.0281232569032904e-11,-0.6342805984396067,0.069,0.12,3.763033932591733e-7
DYNLRB1,1.0342505796318598e-11,1.2145055668497453,0.082,0.043,3.78546054651057e-7
NVL,1.0385679976857039e-11,-0.3839804917147627,0.168,0.242,3.801262728329445e-7
MON1B,1.0467839996556055e-11,-0.5763505094151933,0.078,0.132,3.831334117139482e-7
MAST4,1.0494854278328949e-11,-0.9917038083575576,0.039,0.079,3.8412216144111785e-7
STAT6,1.0695630599613836e-11,-0.4480265577679511,0.131,0.199,3.91470775576466e-7
FOXK1,1.1131468893144737e-11,-0.4808734418265156,0.181,0.255,4.074228929579905e-7
UQCR10,1.1419583580011712e-11,1.051477230260778,0.108,0.063,4.1796817861200866e-7
NAB1,1.1660624880506772e-11,-0.43422442864361965,0.048,0.092,4.267905312514284e-7
TFAM,1.2015530027675205e-11,0.8003839944732877,0.164,0.111,4.397804145429402e-7
ARHGEF28,1.2388271974851384e-11,1.3254411556289982,0.073,0.035,4.534231425515355e-7
TTN,1.2569883250282958e-11,-0.8844777023196391,0.112,0.169,4.600702968436065e-7
CEP63,1.260632611847669e-11,-0.5739314674548213,0.075,0.127,4.6140414226236536e-7
TENT4A,1.2699122365984694e-11,-0.35133017822733925,0.193,0.271,4.648005777174058e-7
DNAJB6,1.2759158543086179e-11,0.4284553434190055,0.494,0.46,4.6699796183549726e-7
NDUFA5,1.2779776899273023e-11,0.815283536199068,0.18,0.126,4.6775261429029195e-7
ALMS1,1.2939254425378921e-11,-0.388480407258851,0.214,0.292,4.7358965122329387e-7
PDS5B,1.3213871524034903e-11,-0.25286855243286444,0.472,0.574,4.836409116512014e-7
GPI,1.3255946524909805e-11,-0.517409288339943,0.111,0.172,4.851808987582237e-7
ZDHHC12,1.3430279600123874e-11,1.3226667129291596,0.055,0.023,4.915616636441339e-7
ATP5MC1,1.3436307593033642e-11,1.2736677550591367,0.067,0.031,4.917822942126244e-7
C9orf16,1.3741554476450777e-11,1.1144811816590348,0.094,0.052,5.029546353925749e-7
RAD51D,1.4215105025741603e-11,-0.8087786192580986,0.046,0.088,5.202870590471684e-7
UST,1.4287171439450297e-11,-0.5053708046105158,0.22,0.291,5.229247618553204e-7
CARNMT1,1.4345887829325708e-11,-0.4218491395745562,0.147,0.216,5.250738404411503e-7
CYB5B,1.486384904230574e-11,-0.40565329994326316,0.125,0.19,5.440317387974323e-7
PUM2,1.5145702408917457e-11,-0.15598277149484785,0.762,0.841,5.543478538687879e-7
SASH3,1.544283951803853e-11,-0.4321212695148987,0.152,0.222,5.652233691997282e-7
RALGAPA1,1.5572858137109768e-11,-0.1715461027988594,0.528,0.634,5.699821806763546e-7
HDGFL3,1.5715585880164186e-11,-0.9465912886126338,0.042,0.081,5.752061587998893e-7
LGALS1,1.6596251842121346e-11,0.8095579458860952,0.205,0.148,6.074394136734833e-7
LDLRAP1,1.7332483144144437e-11,-0.6628748473152799,0.055,0.1,6.343862155588305e-7
GCH1,1.8114788562985265e-11,-0.4807547741514071,0.112,0.174,6.630193761938237e-7
RUFY3,1.863021205821503e-11,-0.4775816501898523,0.124,0.187,6.818843915427283e-7
ZBED5,1.8789628845814483e-11,-0.5070081313646555,0.095,0.153,6.877192053856559e-7
UBTD2,1.8825006028384364e-11,-1.0349671621244623,0.023,0.055,6.890140456448961e-7
SUMO3,1.939907202020815e-11,1.1389692423323734,0.083,0.043,7.100254350116386e-7
CHST12,1.942450121915502e-11,-0.3757017264567252,0.167,0.241,7.109561691222929e-7
MYO18A,1.9511858729698617e-11,-0.6454556944922487,0.075,0.126,7.141535413656991e-7
SESN3,1.9808827203930916e-11,-0.44176374769085347,0.18,0.252,7.250228844910754e-7
CAMSAP1,2.015365796234565e-11,-0.7600494523109182,0.052,0.096,7.376440350798132e-7
MCF2L2,2.0411142075720078e-11,-0.754253253910663,0.08,0.131,7.470682111134306e-7
APH1A,2.045820446979334e-11,1.2046997618760282,0.073,0.036,7.48790741798906e-7
B4GALT4-AS1,2.1113642368774414e-11,1.5931576769613947,0.06,0.027,7.727804243395124e-7
KDELR2,2.183271745213638e-11,1.468657527068281,0.072,0.036,7.990992914656436e-7
TMEM161B-AS1,2.202934035887194e-11,-0.36787655541232445,0.141,0.21,8.062958864750719e-7
AL450384.2,2.2759759609039117e-11,-0.8152031613608817,0.046,0.087,8.330299614504407e-7
HHAT,2.405662494288151e-11,-0.4827651051274878,0.102,0.16,8.804965295344062e-7
AC011997.1,2.4090448464624566e-11,-0.9456514272255887,0.05,0.092,8.817345042537237e-7
SLC25A12,2.420055188079138e-11,-0.40814636345669075,0.217,0.293,8.857643993888453e-7
NUTM2A-AS1,2.448111733376721e-11,-0.25964882376302956,0.315,0.411,8.960333755332136e-7
NUCKS1,2.5064275023530924e-11,0.33790815177360156,0.57,0.544,9.173775301362553e-7
CCDC93,2.5227272115780944e-11,0.6449858463024916,0.349,0.301,9.233433867096984e-7
NSUN6,2.5267132608556188e-11,-0.4835069975433237,0.126,0.188,9.24802320605765e-7
RTRAF,2.549245362626651e-11,0.6936297950908145,0.184,0.129,9.330492951749806e-7
ELL,2.573362864396956e-11,-0.6269738301713834,0.065,0.113,9.418765419979298e-7
SLC25A36,2.597285708959285e-11,0.43557308878060286,0.396,0.335,9.506325423361878e-7
CYB561D2,2.7396177459939482e-11,0.9179080649667639,0.115,0.069,1.002727491211245e-6
CYB561D2.1,2.7396177459939482e-11,0.9179080649667639,0.115,0.069,1.002727491211245e-6
MRPL1,2.7471059871577594e-11,-0.37578957512832134,0.187,0.26,1.0054682623596114e-6
BCL9L,2.7588517228357166e-11,-0.36800794536802495,0.138,0.207,1.0097673190751007e-6
ADAM17,2.8277851860552586e-11,-0.3127417923372691,0.288,0.378,1.0349976559480851e-6
CHD3,2.8566527985503234e-11,-0.3161408732660211,0.252,0.341,1.045563490797404e-6
ZFR,2.933507833648424e-11,-0.21147098319097335,0.549,0.652,1.0736932021936596e-6
DIS3L,2.943224187413311e-11,-0.4134981065753468,0.128,0.193,1.077249484835146e-6
ZNF445,2.9924995863464845e-11,-0.7718746175594953,0.056,0.101,1.0952847735986768e-6
TRIM27,3.0108533877706484e-11,-0.6912382175670788,0.048,0.091,1.102002448457935e-6
CASP2,3.0867695680757533e-11,-0.5986688908431246,0.064,0.113,1.1297885296114066e-6
IQCH-AS1,3.088116685784831e-11,-0.864620169350713,0.042,0.081,1.130281588164106e-6
MICOS13,3.183032705427157e-11,0.9373067390780174,0.099,0.057,1.1650218005133936e-6
FLACC1,3.185302886086483e-11,-1.2538485836978297,0.02,0.05,1.1658527093365137e-6
EPS15L1,3.19797963030556e-11,-0.30480791739648794,0.154,0.224,1.1704925244881381e-6
BNC2,3.2458468341363e-11,0.26769265812716825,0.145,0.09,1.1880123997622272e-6
MORF4L2,3.267079265217799e-11,0.6742502273690498,0.234,0.179,1.1957836818623666e-6
COPS9,3.319629397834104e-11,1.0676081650708782,0.096,0.054,1.2150175559012603e-6
LY9,3.337759980232269e-11,-0.4485291254534324,0.151,0.219,1.2216535303648127e-6
CYP20A1,3.3916192006826725e-11,-0.24325977474892974,0.286,0.383,1.241366543641865e-6
AIMP1,3.4062450570436716e-11,0.6323922816741464,0.236,0.177,1.2467197533285542e-6
AGTPBP1,3.436782320911238e-11,-0.183693569433236,0.762,0.841,1.2578966972767223e-6
FAM122C,3.452199372212122e-11,-1.0121939483152658,0.036,0.074,1.2635394922233587e-6
NFKBIB,3.462060850088997e-11,1.0405910570340609,0.113,0.068,1.2671488917410737e-6
IDH3B,3.474362356013667e-11,0.9866042359438136,0.125,0.079,1.2716513659245624e-6
MRPS22,3.531595382152843e-11,1.2369303891681267,0.086,0.047,1.292599225821762e-6
RDX,3.577983960029984e-11,-0.4100867506817141,0.13,0.195,1.3095779092105744e-6
GNL3,3.582916889179436e-11,0.973430127383529,0.151,0.102,1.3113834106085652e-6
SRI,3.590327462901126e-11,0.8044451891143252,0.153,0.102,1.3140957546964412e-6
POC1B-AS1,3.60835945682043e-11,-0.7072846646672781,0.039,0.078,1.3206956447908456e-6
EXOC6,3.657164650230983e-11,-0.2783692835548409,0.285,0.371,1.3385588336310421e-6
JMJD6,3.6786448312809174e-11,1.0125703477980934,0.113,0.068,1.3464207946971286e-6
NDUFS6,3.7015902256011487e-11,0.5982372541627392,0.24,0.184,1.3548190384722765e-6
TUT7,3.7342338632728044e-11,-0.22657560317679137,0.363,0.466,1.3667669362964792e-6
AC044849.1,3.895468366438338e-11,1.121196975778041,0.083,0.045,1.425780376800096e-6
ZFAT,3.930943119201836e-11,-0.5794915084899557,0.089,0.143,1.438764491059064e-6
KDM6A,4.1274316834640884e-11,-0.1717028306305164,0.633,0.733,1.510681270464691e-6
MREG,4.128930046269667e-11,-0.9437181737726856,0.035,0.072,1.5112296862351608e-6
LARP1,4.331095315687441e-11,-0.38412376466000714,0.174,0.246,1.5852241964947602e-6
D2HGDH,4.3370882959855245e-11,-0.6393055793184259,0.065,0.112,1.5874176872136619e-6
HMOX2,4.364150544199222e-11,-0.4226624682323617,0.155,0.222,1.597322740682357e-6
TRIM37,4.3996049071334405e-11,-0.3465250668467717,0.192,0.268,1.6102993920599106e-6
AL365361.1,4.4464963336722076e-11,-0.5851907701212666,0.08,0.132,1.6274621230873647e-6
HECA,4.661045851368284e-11,-0.25211648324425795,0.472,0.575,1.7059893920593056e-6
CTNNA1,4.827574839370698e-11,-0.6751606042072447,0.069,0.117,1.7669406669580691e-6
CNST,4.829488921250558e-11,-0.28268156344252054,0.315,0.408,1.7676412400669168e-6
PLEKHA8,4.848075797988469e-11,-0.6518462864341275,0.082,0.133,1.7744442228217594e-6
NUAK1,4.891101882181909e-11,-1.208012540159236,0.027,0.061,1.7901921998974005e-6
SMIM26,4.947379962146814e-11,1.4027934385264298,0.063,0.029,1.8107905399453554e-6
SAE1,4.981255587055729e-11,-0.6241433097312936,0.062,0.109,1.8231893574182672e-6
RAB5C,4.992026971709337e-11,0.7642929181562215,0.184,0.131,1.8271317919153344e-6
MRPL54,5.0017544129426265e-11,1.109573202080356,0.107,0.064,1.8306921326811307e-6
TMEM229B,5.0584373917412794e-11,-0.9275743475126967,0.032,0.068,1.8514386697512256e-6
CCDC152,5.117367238440307e-11,-1.0826215609976138,0.026,0.058,1.873007582941537e-6
STARD9,5.172925348538217e-11,-0.6164738398212322,0.08,0.131,1.893342406818473e-6
NDUFB2,5.195237937156897e-11,0.8439415332766051,0.167,0.116,1.9015090373787959e-6
GAS7,5.2650502914822705e-11,-0.6772029519291257,0.106,0.161,1.927061057185426e-6
GIGYF1,5.374133870122794e-11,-0.41259427601919674,0.114,0.174,1.9669867378036437e-6
DNAJA3,5.3747096539598224e-11,-0.8806289797383511,0.031,0.066,1.9671974804458347e-6
WDR82,5.409027628198047e-11,-0.26376123337954926,0.283,0.375,1.9797582021967673e-6
TTYH2,5.4835530494493494e-11,-0.8497611085071193,0.033,0.069,2.0070352516289564e-6
PRR12,5.5467564908767284e-11,-0.6018572883531605,0.077,0.127,2.0301683432257916e-6
ELF4,5.599483961493915e-11,-0.7521897308259873,0.046,0.086,2.049467124746388e-6
MOB3A,5.7347248477677645e-11,-0.5199879010921358,0.099,0.155,2.0989666415314795e-6
MIR646HG,5.74209113181226e-11,-0.5573902702680268,0.131,0.19,2.1016627751546054e-6
RUFY2,5.803278092410858e-11,-0.38713162845957433,0.164,0.233,2.124057814603298e-6
EDRF1-AS1,5.929456612429664e-11,1.4479857630699584,0.058,0.026,2.1702404147153814e-6
ANKRD36B,5.950555719313676e-11,-0.3366876371249978,0.204,0.284,2.1779628988259986e-6
CGGBP1,6.210159833212926e-11,0.6181997788753683,0.269,0.216,2.2729806005542632e-6
TMEM258,6.399090980134e-11,1.0165285681604268,0.096,0.054,2.3421312896388453e-6
LAMTOR1,6.463874513508137e-11,0.9472136524183523,0.125,0.08,2.3658427106891134e-6
MICOS10,6.503928392766758e-11,0.9150210411556481,0.11,0.065,2.380502831036561e-6
ZRANB3,6.630692469414899e-11,-0.7210976821548214,0.104,0.158,2.426899750730547e-6
SMIM14,6.83943081932297e-11,-0.7589702891099965,0.066,0.113,2.5033000741804005e-6
SLC35E3,6.853159870398888e-11,-0.5770070427508414,0.071,0.121,2.5083250441646966e-6
MTHFR,7.014235131993466e-11,-0.6675221331098249,0.058,0.103,2.5672802006609285e-6
LETMD1,7.248198220913161e-11,-0.5450083401374592,0.08,0.132,2.652913030836426e-6
XPO6,7.451042365821067e-11,-0.2074787178566042,0.447,0.552,2.7271560163141688e-6
MCOLN2,7.551318199387826e-11,-0.15087521766222634,0.333,0.433,2.7638579741579383e-6
ANAPC11,7.608652640559374e-11,1.2297020110486505,0.064,0.031,2.7848429529711364e-6
MOSMO,7.686857487795174e-11,-0.30719502395550996,0.185,0.258,2.8134667091079117e-6
LAMTOR4,8.221047960081674e-11,0.6682034866183242,0.19,0.137,3.0089857638694933e-6
EZH2,8.478388681524821e-11,-0.3500074960314448,0.155,0.222,3.1031750413248996e-6
PPP4R1,8.914939845109522e-11,-0.40419100124102186,0.138,0.203,3.262957132708536e-6
EAPP,8.963723117711707e-11,0.49798924652109955,0.329,0.273,3.280812298313662e-6
DPYSL2,9.018401631744091e-11,-0.762249521323322,0.045,0.085,3.300825181234655e-6
CSPP1,9.070677404890556e-11,-0.3209821767284111,0.168,0.239,3.3199586369639924e-6
TBXAS1,9.072568605415708e-11,-1.1176811215126397,0.038,0.075,3.320650835268203e-6
POLG2,9.255761171883603e-11,-0.5623171941483196,0.071,0.12,3.3877011465211174e-6
GNG5,9.374101928921722e-11,0.9818950077300905,0.121,0.077,3.4310150470046395e-6
DDHD1,9.638691428466478e-11,-0.21148649832439625,0.587,0.681,3.5278574497330154e-6
AC131571.1,9.779296012827521e-11,1.2675212515526086,0.092,0.052,3.579320133655001e-6
LINC00174,1.0113489273052315e-10,-0.6760273259463332,0.074,0.122,3.7016382088298775e-6
GRK3,1.0441843074074915e-10,-0.9736391395895769,0.034,0.07,3.82181898354216e-6
NAA15,1.0537536345734691e-10,-0.22828154095996422,0.346,0.445,3.856843677902354e-6
CDK5RAP2,1.0568363757001925e-10,-0.23826960685917034,0.291,0.381,3.868126818700274e-6
TRAP1,1.0872253613685976e-10,-0.8850573333409373,0.04,0.078,3.979353545145204e-6
INO80,1.1145703285344374e-10,-0.20792780113104165,0.261,0.35,4.0794388594688945e-6
BTBD7,1.1157248358564376e-10,-0.29704087194203915,0.253,0.335,4.0836644717181475e-6
PPARA,1.1178101590910847e-10,-0.6080798388236868,0.098,0.151,4.091296963289279e-6
SLC35A1,1.1233921044772816e-10,-0.662703802929081,0.065,0.111,4.111727441597299e-6
RAB3GAP2,1.1687675159074557e-10,-0.19571294589066623,0.396,0.497,4.277805984972879e-6
VIM-AS1,1.2011965701138247e-10,-0.6335789150092541,0.075,0.124,4.39649956627361e-6
N4BP1,1.2019218188882044e-10,-0.24878283458638284,0.391,0.482,4.399154049312717e-6
RAC1,1.2033674681981725e-10,0.6062081767839245,0.295,0.245,4.404445270352131e-6
DHRS7,1.2060011546079236e-10,0.6362586342315112,0.213,0.158,4.414084825980461e-6
POLR2K,1.210120932831789e-10,1.1935935568692368,0.071,0.036,4.429163626257631e-6
CCNK,1.2261153163641745e-10,0.5073242422286279,0.342,0.287,4.487704669424515e-6
TPI1,1.23191637546207e-10,0.6824399719108695,0.203,0.151,4.508937125828723e-6
SERPINB6,1.232561705478724e-10,0.6005598672591915,0.188,0.134,4.5112990982226776e-6
AL158198.1,1.2490376870734826e-10,-1.1517483986240618,0.027,0.059,4.5716028384576535e-6
OAS1,1.2827419856904295e-10,-0.8052537437692262,0.023,0.054,4.694963941825541e-6
LENG1,1.2897526532621217e-10,1.2275909230226287,0.057,0.026,4.720623686204691e-6
APAF1,1.3208789268189648e-10,-0.4142325394149756,0.144,0.21,4.834548960050093e-6
LARP4,1.3545861261705212e-10,-0.30561230472676104,0.181,0.254,4.957920680396725e-6
FAAH2,1.3635584507830785e-10,-0.682731596122226,0.074,0.121,4.9907602857111455e-6
SEC22A,1.414139404221929e-10,-0.3053723116440475,0.168,0.237,5.175891633392683e-6
UEVLD,1.4499508306683886e-10,-0.6352488568608494,0.065,0.111,5.306965035329369e-6
TTN-AS1,1.4975303657053262e-10,-0.41872980337934274,0.12,0.181,5.4811108915180646e-6
MCM8,1.5027175822377118e-10,-0.9950691401489942,0.033,0.067,5.500096622748249e-6
ST3GAL2,1.541717844187371e-10,-0.6471281370912867,0.055,0.098,5.642841481510196e-6
FAM13A-AS1,1.5437741734629848e-10,-0.5479892889966573,0.096,0.151,5.650367852291871e-6
NDUFAB1,1.5499283956009368e-10,1.0613592783929795,0.084,0.046,5.672892920738989e-6
BATF,1.556879204871273e-10,-0.7785908253040286,0.049,0.09,5.698333577749347e-6
HSD17B11,1.5655141525457516e-10,-0.38904243880155764,0.162,0.23,5.729938349732706e-6
PSMB8,1.5682861140522707e-10,0.6364104559382675,0.207,0.154,5.740084006042716e-6
LINC00672,1.577295288778669e-10,-0.7926551735807825,0.034,0.069,5.773058486458807e-6
ATP1A1,1.58305035080621e-10,0.47012227528203065,0.357,0.303,5.7941225889858095e-6
KDM5A,1.6638018666834055e-10,-0.18005062301149177,0.592,0.702,6.089681212247932e-6
AC079781.5,1.678290309021437e-10,-0.3351140700422756,0.261,0.343,6.142710360049362e-6
ZBTB44,1.678522635405266e-10,-0.2815135152320415,0.371,0.465,6.1435606978468135e-6
EIF4A1,1.686154906622606e-10,0.4314924016738601,0.435,0.395,6.1714955737294004e-6
TRIM73,1.720808653216448e-10,-0.7570731427509645,0.05,0.091,6.298331751637521e-6
PTPN6,1.732350028857643e-10,-0.503728101387928,0.09,0.143,6.340574340621859e-6
CUBN,1.7421357264061463e-10,-0.47059089848567504,0.093,0.146,6.376390972219136e-6
RIOX2,1.7514857112764567e-10,-0.7388889490701951,0.041,0.079,6.410612851842959e-6
WSB2,1.7625100044097972e-10,-0.4929485830895357,0.07,0.118,6.450962867140299e-6
COMMD6,1.778087900979206e-10,0.9641837964976767,0.128,0.083,6.507979526373992e-6
NIPBL,1.780129516888149e-10,-0.1305204452927926,0.83,0.889,6.515452044762314e-6
NUCB2,1.8674928582870376e-10,0.6531061216738461,0.224,0.168,6.835210610616386e-6
LINC02325,1.879375828918235e-10,-0.9156162067552351,0.026,0.058,6.878703471423632e-6
UBE2W,1.8980989086393283e-10,-0.29584961249403413,0.273,0.357,6.947231815510806e-6
WDR25,1.9339894672561221e-10,-0.8522939950047221,0.043,0.082,7.078594849104132e-6
AC104389.5,1.9437020787653485e-10,-1.0490438283160906,0.026,0.058,7.1141439784890525e-6
TMED4,1.985479395645086e-10,0.7637510203430591,0.178,0.129,7.267053136000579e-6
AC026979.2,1.9863060760492893e-10,0.9716399301036727,0.12,0.077,7.270078868948004e-6
PARN,2.018097622294472e-10,-0.28267899978824035,0.259,0.338,7.386439107359996e-6
MRPL10,2.0647152700186642e-10,0.7824921380285559,0.134,0.088,7.557064359795313e-6
CC2D2A,2.0689511529165242e-10,1.499287731087046,0.071,0.037,7.5725681147897704e-6
CRLS1,2.0827306345267008e-10,-0.5573990011268231,0.064,0.11,7.623002395431178e-6
PKD2L2,2.0828832360229216e-10,1.1219484915290103,0.093,0.054,7.623560932167495e-6
LPGAT1,2.102859817695845e-10,-0.27887254981771786,0.3,0.386,7.696677218748562e-6
DIDO1,2.1371967593197216e-10,-0.24854159509252793,0.375,0.473,7.822353858786113e-6
IWS1,2.1533765697679737e-10,-0.25121849355512715,0.203,0.283,7.88157358300776e-6
ADRM1,2.1549582442719523e-10,1.296453036369782,0.074,0.039,7.887362669859773e-6
RAB30,2.1583642650030132e-10,-0.5437362499608933,0.076,0.125,7.899829046337528e-6
POLE3,2.2686793315999056e-10,1.1524059554043655,0.098,0.058,8.303593221588815e-6
PHTF1,2.342644193091357e-10,-0.5415944287792887,0.073,0.12,8.574312011133677e-6
SHQ1,2.3481648643810553e-10,-0.4778234544559048,0.103,0.157,8.594518220121101e-6
CASS4,2.386201076878332e-10,-0.6017825859954233,0.051,0.092,8.733734561482383e-6
AP2B1,2.402835906314879e-10,-0.19978240660319824,0.385,0.493,8.794619700703089e-6
FAM133B,2.420015369977194e-10,0.3404244252841304,0.53,0.485,8.857498255653528e-6
AC022146.2,2.492108324683972e-10,-0.7059839549925404,0.038,0.075,9.121365679175806e-6
CRACR2A,2.5065621484372814e-10,-0.3596177432934484,0.225,0.299,9.174268119495294e-6
MIR29B2CHG,2.547656562758764e-10,-0.366967245036073,0.166,0.234,9.324677785353351e-6
MX2,2.5558035019068836e-10,-0.21822338411342132,0.174,0.248,9.354496397329385e-6
AC010883.3,2.5569309286660924e-10,1.4274598043893407,0.056,0.026,9.358622892010765e-6
FAM78A,2.5588130931139054e-10,-0.5036391799577471,0.113,0.169,9.365511802106205e-6
MAP3K7,2.600101954598217e-10,-0.3108889168928222,0.296,0.381,9.516633164024933e-6
DFFA,2.627344263496746e-10,-0.5397281912920777,0.053,0.095,9.61634273882444e-6
RBM45,2.630088922602823e-10,-0.7628385992352502,0.035,0.07,9.626388465618594e-6
PPP3CB-AS1,2.6613188139636203e-10,-0.8846842785070281,0.039,0.075,9.740692990988246e-6
SRGAP2B,2.6624390701323144e-10,-0.6196540257747805,0.064,0.109,9.744793240591284e-6
TNFRSF1A,2.6790395742689163e-10,-0.8765476581352356,0.035,0.07,9.805552745781661e-6
XPOT,2.7013196812553833e-10,-0.5960698632986594,0.079,0.127,9.88710016536283e-6
UBA6-AS1,2.753303540628832e-10,-0.798023280014349,0.052,0.093,1.0077366289055589e-5
FER,2.769359607047927e-10,0.5791906422808856,0.296,0.233,1.0136133097756118e-5
AC098829.1,2.851583586817719e-10,1.160368271791217,0.096,0.056,1.0437081086111533e-5
ACSS1,2.853093065325663e-10,-0.40398740568075353,0.112,0.171,1.0442605928398459e-5
LASP1,2.8903743400063245e-10,-0.4219741898380769,0.144,0.209,1.0579059121857148e-5
PSMB3,2.902302860250969e-10,0.7663826480608227,0.114,0.071,1.062271869880457e-5
RNGTT,2.9187331370556623e-10,-0.19736095037569168,0.557,0.656,1.068285515493743e-5
IQSEC1,2.9502544619817214e-10,-0.26833299094030594,0.326,0.419,1.0798226356299299e-5
PDE5A,2.956203450372954e-10,1.0791770690063094,0.092,0.053,1.0820000248710049e-5
RANBP2,2.9709128331008665e-10,0.3593624775160804,0.536,0.512,1.0873838060432482e-5
ERO1A,3.000382520300565e-10,-0.3992991932931075,0.157,0.224,1.09817000625521e-5
UBE2G2,3.0358900207397183e-10,-0.3481777976737828,0.224,0.305,1.1111661064909443e-5
DCAKD,3.058516772913528e-10,-0.6088907418121918,0.052,0.094,1.1194477240540804e-5
GBP3,3.147865544740589e-10,-0.35666269973796805,0.123,0.185,1.1521502680305029e-5
JPX,3.1756628879313996e-10,-0.27118947676391975,0.278,0.361,1.1623243736117715e-5
AC026470.2,3.1891149294577587e-10,1.2725147403586738,0.068,0.035,1.1672479553308343e-5
ZSWIM6,3.1953426088930713e-10,-0.2258888839517661,0.371,0.459,1.1695273482809531e-5
PPP1R13B,3.215566995641391e-10,-0.5287605957867584,0.104,0.158,1.1769296760747054e-5
RB1CC1,3.248641056707957e-10,0.25387872637236697,0.699,0.677,1.1890351131656794e-5
ZNF365,3.285055541183688e-10,0.8969967398477894,0.102,0.061,1.2023631786286417e-5
ZBTB8OS,3.287405056225022e-10,-0.3743603930047563,0.133,0.195,1.2032231246289203e-5
HACD3,3.2882628072806206e-10,-0.442686586316429,0.164,0.228,1.20353707009278e-5
PLEC,3.29243112676501e-10,-0.4328736981871073,0.104,0.16,1.2050627167072614e-5
AC004797.1,3.4246691355184034e-10,0.9716982780594126,0.115,0.073,1.2534631502910908e-5
CYCS,3.460737725604217e-10,0.8395633786537278,0.145,0.098,1.2666646149483994e-5
ZNF652,3.4648635492726183e-10,-0.24570786271050404,0.368,0.46,1.268174707669271e-5
PLAAT3,3.547435300991472e-10,0.9852235758577763,0.086,0.048,1.2983967945158886e-5
AL049828.1,3.591162618281078e-10,-0.9623368356415547,0.054,0.094,1.3144014299170573e-5
PRDX6,3.639065280503327e-10,0.6922452120966824,0.156,0.108,1.3319342833170228e-5
ZNF263,3.6469975644327433e-10,-0.5856030129791234,0.079,0.127,1.3348375785580284e-5
NHLRC2,3.683136822656885e-10,-0.321564040913892,0.14,0.203,1.3480649084606464e-5
MVP,3.685481972418239e-10,-0.47742329529673266,0.145,0.205,1.3489232567247997e-5
STX6,3.697261685541419e-10,-0.6676017558322391,0.059,0.102,1.3532347495250148e-5
U2AF1,3.7538013291110377e-10,1.0447170410927342,0.089,0.051,1.3739288244679309e-5
FAM120C,3.7813440353995983e-10,-0.5676994003069762,0.079,0.128,1.384009730396607e-5
CCT7,3.786476225052054e-10,0.934493234186415,0.114,0.071,1.3858881631313022e-5
ARPC3,3.8016028524289444e-10,0.4559458954463609,0.372,0.319,1.391424660017518e-5
KIF20B,3.8293622042829813e-10,0.5213700715130455,0.253,0.196,1.401584860389614e-5
WARS2-AS1,3.8342188051673937e-10,-0.6933730092889816,0.08,0.127,1.4033624248793178e-5
FLVCR1,3.837510110832084e-10,-0.5531088916532088,0.053,0.095,1.4045670756656512e-5
HERC5,3.856322140855038e-10,0.9867387217048609,0.187,0.137,1.4114524667743524e-5
FBXL15,3.8967779783133743e-10,1.167123354974514,0.071,0.037,1.4262597078424781e-5
RHOC,3.9175498880571236e-10,1.1086537295955452,0.079,0.043,1.4338624345277878e-5
TEP1,3.9775050403222197e-10,-0.5510691967470702,0.077,0.125,1.4558066198083357e-5
LINC02086,4.0110290578185805e-10,-1.147003672832755,0.024,0.054,1.4680767454521786e-5
AL499604.1,4.109063474480096e-10,1.093213256061078,0.067,0.034,1.50395832229446e-5
SLK,4.1661484731816425e-10,-0.278798633659396,0.222,0.3,1.524852002669213e-5
USP33,4.176315587426366e-10,-0.21253568696001413,0.428,0.527,1.5285732681539243e-5
UNK,4.3369323292664963e-10,-0.4772942126261466,0.113,0.169,1.5873606018348302e-5
PRRC2B,4.3608352066942013e-10,-0.22731074182775202,0.479,0.572,1.5961092940021447e-5
B3GALNT2,4.3623796793567513e-10,-0.8649799735568529,0.037,0.073,1.5966745864413644e-5
MAP3K2,4.49836228915285e-10,0.30116841068248457,0.653,0.63,1.6464455814528347e-5
VGLL4,4.5103942525700713e-10,-0.32301102596923276,0.221,0.296,1.650849400383172e-5
ZNF131,4.609943249056686e-10,-0.25795297981552323,0.347,0.442,1.6872853285872377e-5
IFI44,4.734592985633057e-10,-0.21151789309624192,0.102,0.158,1.732908378671555e-5
PPIE,4.776915630728768e-10,0.8342357405401952,0.114,0.071,1.7483988900030363e-5
MATK,4.79940162399754e-10,0.6813445032250375,0.205,0.155,1.7566289883993397e-5
NHP2,4.837880235298331e-10,1.0618191103187455,0.064,0.031,1.7707125449215423e-5
COG4,4.865949979039217e-10,-0.5121152818477215,0.073,0.12,1.7809863518281438e-5
CRK,4.915119371849435e-10,-0.4744859289049621,0.094,0.147,1.7989828412906117e-5
BTN3A3,5.021484295073177e-10,-0.5416557143999221,0.088,0.139,1.8379134668397335e-5
AL122035.1,5.057580984901844e-10,-0.8387882070457775,0.031,0.064,1.8511252162839237e-5
CHCHD10,5.139320425179286e-10,1.0628516145902411,0.089,0.051,1.8810426688198704e-5
CLASP2,5.173951003366555e-10,-0.17349289216551989,0.483,0.578,1.8937178067421927e-5
CREBL2,5.209499823686997e-10,-0.6273563219641445,0.04,0.077,1.9067290304676778e-5
KIZ,5.21156926832845e-10,-0.35116651154128975,0.195,0.266,1.907486467900896e-5
UGP2,5.212599969409011e-10,-0.4182169964972872,0.144,0.206,1.9078637148033924e-5
CD7,5.252187166781454e-10,0.6794529004507558,0.252,0.203,1.92235302491368e-5
ZW10,5.285914899457922e-10,-0.9563125416190195,0.021,0.05,1.9346977123505942e-5
ACTG1,5.36490872681326e-10,0.3282879238431733,0.543,0.515,1.9636102431009214e-5
MAF1,5.476488986656309e-10,1.0800623062630146,0.101,0.061,2.0044497340060756e-5
IL18RAP,5.618839373371233e-10,-0.7194140790024759,0.049,0.088,2.056551399047605e-5
RPH3AL,5.658922431454195e-10,-0.9786097599443893,0.03,0.061,2.0712221991365497e-5
RWDD1,5.773845266673913e-10,0.6846634057083784,0.184,0.134,2.1132851060553188e-5
NEK6,5.789197218784856e-10,-0.8938597840766307,0.026,0.057,2.118904074047445e-5
ABHD17A,5.944304797146055e-10,0.5338118655470019,0.312,0.261,2.1756749988034275e-5
FIS1,5.952252994082069e-10,0.7827885809964255,0.127,0.083,2.178584118363978e-5
ZNF280D,5.955274269320222e-10,-0.33759869131838943,0.195,0.267,2.1796899353138944e-5
EGLN2,6.004594677966622e-10,-0.8290065161991311,0.036,0.07,2.1977416980825634e-5
ATP5F1D,6.025748009730708e-10,0.6897362081335315,0.194,0.144,2.2054840290415363e-5
FRA10AC1,6.026522562664635e-10,-0.31876290524381534,0.124,0.185,2.205767523160883e-5
COLQ,6.078010334908308e-10,-0.899979761607349,0.041,0.078,2.2246125626797898e-5
DNAJC10,6.086955374153053e-10,-0.4337180565012452,0.131,0.191,2.2278865364937588e-5
EFCAB13,6.273390132465512e-10,-0.9080865725473122,0.032,0.065,2.296123522383702e-5
CROT,6.397186523274125e-10,-0.5687437569395508,0.07,0.115,2.3414342393835625e-5
APLP2,6.463007767071751e-10,0.6101302880975696,0.233,0.181,2.3655254728259315e-5
CCNY,6.521892192947838e-10,-0.1942411511745954,0.481,0.572,2.3870777615408382e-5
TRAPPC4,6.620652013976003e-10,1.1610277346647062,0.075,0.041,2.423224843635357e-5
KCMF1,6.687626712870835e-10,-0.21099418453837882,0.349,0.449,2.4477382531778544e-5
KDSR,6.730074582816529e-10,-1.0477196625681304,0.023,0.052,2.463274598056678e-5
PPM1K,6.801108153604581e-10,-0.28767311318051514,0.209,0.286,2.4892735953008125e-5
CEP170,7.109614679593547e-10,-0.5099159495642916,0.099,0.151,2.602190068878034e-5
MORC2,7.29786708035559e-10,-0.7646455872594851,0.05,0.09,2.6710923300809496e-5
RIC1,7.322445890839091e-10,-0.2556821417204987,0.293,0.377,2.6800884205060157e-5
GTF2A1,7.36927073532323e-10,-0.40356906805933535,0.103,0.158,2.697226781835655e-5
ULK2,7.393484320861023e-10,-0.6407755708753018,0.053,0.093,2.706089196278343e-5
DBT,7.415999753321905e-10,-0.3371266456960791,0.089,0.141,2.7143300697133504e-5
PDAP1,7.498446031621967e-10,0.8400060262003466,0.131,0.087,2.744506232033956e-5
GPBP1L1,7.554858832928354e-10,-0.24709039510584363,0.394,0.485,2.765153881440107e-5
NDUFAF2,7.589186302884263e-10,-0.3325614033587152,0.194,0.261,2.7777180787186692e-5
REST,7.661071326295828e-10,-0.2684803384929538,0.292,0.377,2.804028716137536e-5
SPIRE1,7.699307426556293e-10,-1.0244891040952786,0.038,0.072,2.8180235111938688e-5
BX890604.2,7.748601228196969e-10,-0.7748925659033752,0.033,0.067,2.8360655355323726e-5
TUBA1B,7.875227084455379e-10,0.8955441968553224,0.134,0.09,2.882411865181513e-5
PCYT1A,7.934600529894685e-10,-0.3103611156727019,0.172,0.243,2.9041431399467535e-5
DOT1L,8.009154019610044e-10,-0.8287133917747616,0.041,0.076,2.931430462717472e-5
MAST3,8.082380960440187e-10,-0.6708970722808134,0.06,0.102,2.9582322553307125e-5
STUB1,8.167942161237808e-10,0.9155707761635576,0.123,0.081,2.98954851043465e-5
MARF1,8.451332121399041e-10,-0.29287349189483197,0.226,0.304,3.093272069753263e-5
MAGI3,8.493824474450273e-10,-1.2282268814764887,0.025,0.055,3.108824695893544e-5
ABI1,8.533992732536659e-10,-0.15690693218994878,0.636,0.735,3.123526680035742e-5
NUP50-DT,8.823731713376546e-10,-0.40199087217805785,0.07,0.116,3.2295740444129494e-5
EP300,8.959442862350404e-10,-0.2655416630413786,0.407,0.502,3.279245682048871e-5
TPCN1,8.963812599965554e-10,-0.7030897216365903,0.028,0.06,3.280845049713392e-5
COPA,9.27359850240214e-10,0.402147796508736,0.471,0.436,3.3942297878642076e-5
SEC31A,9.352134139067592e-10,-0.22687449869400977,0.321,0.413,3.422974616240129e-5
TRAPPC6A,9.369162409425031e-10,1.0061856697485574,0.091,0.053,3.4292071334736556e-5
SLC20A1,9.414515223741486e-10,-0.3045208194452207,0.28,0.363,3.4458067170416217e-5
N4BP2L1,9.427813180204e-10,-0.3887455217767869,0.138,0.198,3.4506739020864664e-5
PIGH,9.434903267805062e-10,1.0065173344029,0.097,0.058,3.4532689450493306e-5
PTS,9.517611538679106e-10,0.5292994265328476,0.28,0.223,3.4835409992719395e-5
SH3BP5,9.617292637645213e-10,-0.3470395978540048,0.208,0.28,3.5200252783045244e-5
VPS26A,9.85215185230127e-10,0.4991807888450064,0.371,0.329,3.605986099460788e-5
WDR6,9.869157065418675e-10,-0.5944363725835826,0.054,0.095,3.612210177513889e-5
MARCH6,9.962099611347967e-10,0.28084046391606754,0.648,0.624,3.646228078749469e-5
LY6E,9.968746448924115e-10,0.6100246901008529,0.248,0.198,3.6486608877707154e-5
CORO1A,1.0019269591444235e-9,0.3828056889797157,0.477,0.446,3.6671528631645045e-5
SAFB,1.0256991318694457e-9,-0.29159449353057193,0.244,0.322,3.754161392555358e-5
C2CD3,1.0268140159394773e-9,-0.3538251156602028,0.149,0.213,3.758241979740081e-5
PDGFD,1.0342539968846675e-9,-0.5373666922065243,0.325,0.38,3.7854730539975715e-5
PAFAH1B1,1.0475241645485436e-9,-0.17379558225917746,0.577,0.67,3.8340431946641245e-5
SFSWAP,1.0662378049833067e-9,-0.25434650919158497,0.377,0.474,3.902536990019401e-5
PPP1R35,1.0701330467909731e-9,1.0955612946754616,0.089,0.052,3.9167939645596405e-5
SESN1,1.0752587598037763e-9,-0.368338203671449,0.212,0.283,3.935554586757802e-5
SBNO1,1.0828992543559085e-9,-0.26900054430393194,0.258,0.339,3.963519560868061e-5
SLC3A1,1.0833546872207825e-9,1.3940509033537998,0.051,0.023,3.965186490696786e-5
NFIA,1.0985363874714305e-9,-0.539709223244422,0.168,0.227,4.020753031784183e-5
OGG1,1.1117252582000505e-9,-0.7135738757295074,0.045,0.083,4.069025617538005e-5
CSTB,1.1145364293029396e-9,0.9700996670362876,0.092,0.054,4.0793147848916894e-5
CENPC,1.1205168534553024e-9,0.3104300293224831,0.59,0.571,4.101203735331752e-5
AL133480.1,1.121828186419832e-9,1.090405303918659,0.09,0.052,4.106003345115227e-5
UBE2O,1.1460236171304492e-9,-0.3701595602644341,0.101,0.154,4.194561041059157e-5
TMLHE,1.151944950449255e-9,-0.48234697095680845,0.09,0.139,4.216233713139318e-5
AGFG1,1.1855139374045744e-9,-0.21917208013375,0.392,0.488,4.339099562294483e-5
FADS2,1.1866307066304458e-9,-0.8638695454078058,0.03,0.061,4.343187049338095e-5
NXT1,1.1904450737132093e-9,1.280563703325794,0.05,0.022,4.3571480142977176e-5
ERICH1,1.1951076516467846e-9,-0.29055210582123564,0.261,0.343,4.374213515792396e-5
PDK3,1.1962253144868192e-9,-0.2815128621766984,0.198,0.271,4.378304273553207e-5
SF3A1,1.1979483256925012e-9,0.7388745449826627,0.171,0.124,4.384610666867124e-5
RABGAP1,1.2019434925822903e-9,-0.22114896310855392,0.325,0.414,4.399233377200441e-5
AC015923.1,1.2149719485956487e-9,1.4231539152747672,0.051,0.023,4.446918829054934e-5
NUP54,1.2443945042878593e-9,0.38498424122434916,0.416,0.365,4.5546083251439936e-5
HNRNPL,1.2659193150495515e-9,0.5040787237803473,0.324,0.277,4.6333912850128636e-5
POMP,1.2740049172458754e-9,0.639723258964133,0.207,0.157,4.6629853976116286e-5
ATP2C1,1.3128796320779792e-9,-0.27837549613278717,0.305,0.387,4.8052707413686115e-5
LINC00662,1.3181683063104747e-9,-0.8098395388254318,0.044,0.081,4.8246278179269684e-5
MARCH1,1.3256906133334043e-9,-0.7235202306006405,0.035,0.069,4.852160213861593e-5
PSMC3,1.3418891135003028e-9,0.9654589261958431,0.093,0.055,4.9114483443224585e-5
SMAP1,1.3614068412894149e-9,-0.2138821003200715,0.419,0.514,4.982885179803387e-5
YPEL5,1.3677267305034344e-9,0.5183568147785785,0.341,0.296,5.0060166063156206e-5
ELK3,1.3724193478085805e-9,0.7655400931028348,0.224,0.176,5.023192054914185e-5
CST3,1.411074681412585e-9,0.7101919522398785,0.16,0.113,5.1646744414382025e-5
NOD1,1.4942508225780031e-9,-0.4201495498223329,0.086,0.135,5.4691074357177495e-5
ZNF701,1.5026406467117258e-9,-0.623054812225313,0.047,0.085,5.499815031029587e-5
FCHO1,1.5182128133390826e-9,-0.8031695523863474,0.033,0.066,5.556810718102376e-5
ZFAND2A,1.53429652975177e-9,1.1289247986783082,0.087,0.051,5.615678728544453e-5
OIP5-AS1,1.5424060926638442e-9,-0.4525369158358161,0.134,0.194,5.645360539758936e-5
PSTK,1.5916301526186097e-9,0.9833843176425439,0.076,0.042,5.8255255215993735e-5
CTNNB1,1.5955197690357344e-9,-0.2412076318854266,0.451,0.548,5.839761906647691e-5
TM7SF3,1.6089379101005382e-9,-0.3971306523279251,0.119,0.174,5.88887364475898e-5
AC005480.1,1.6364198737755547e-9,1.1189323451061868,0.092,0.055,5.989460380005908e-5
PIGX,1.6651051534566e-9,-0.6367881212090618,0.065,0.108,6.094451372166502e-5
CPT1A,1.6691330685995748e-9,-0.3162482364519309,0.143,0.204,6.109193944381304e-5
TMCC3,1.675981181747443e-9,0.6413270082993194,0.174,0.123,6.134258723313816e-5
AC027097.1,1.7364647437539465e-9,-1.054321373854449,0.024,0.052,6.35563460861382e-5
BAX,1.7464439882590665e-9,0.8021391823949489,0.124,0.081,6.392159641427009e-5
STK11,1.7529080220167742e-9,-0.6748687166037937,0.041,0.077,6.415818651383596e-5
ARL4C,1.7616892148147453e-9,0.27005129335297773,0.657,0.636,6.44795869514345e-5
ERMN,1.7681154258719758e-9,0.9303484984177375,0.103,0.064,6.471479270234019e-5
FEZ2,1.7984393684136286e-9,-0.3683934708640092,0.146,0.207,6.582467932330723e-5
DPH6,1.8142285847732086e-9,-0.4668366209780724,0.117,0.171,6.64025804312842e-5
NDUFS3,1.846519080063471e-9,1.0491884722699685,0.078,0.044,6.75844448494031e-5
SMIM7,1.8570877021708207e-9,-0.3073967479643102,0.163,0.228,6.79712669871542e-5
MBTD1,1.897222629443551e-9,-0.28315962623119656,0.314,0.396,6.944024546026342e-5
NR1H2,1.9134875637914784e-9,1.047683198791436,0.083,0.048,7.00355583223319e-5
NAA40,1.91600897543169e-9,-0.9179432377825414,0.032,0.063,7.012784450977528e-5
YME1L1,1.917783526137667e-9,0.31043741594498253,0.571,0.549,7.019279484016475e-5
KIF3B,1.932031411666489e-9,-0.44127296716886355,0.076,0.122,7.071428169840516e-5
PLEKHG3,1.9814103036939547e-9,-0.764769362215761,0.058,0.098,7.252159852550244e-5
TRIR,1.9912867592595254e-9,0.5557066575052843,0.28,0.23,7.288308667565789e-5
KIAA0100,2.003240648609531e-9,-0.42697388436500383,0.115,0.17,7.332061097975744e-5
CTIF,2.014283221167082e-9,-0.9536913345294735,0.024,0.052,7.372478017793638e-5
SPATS2,2.0372096697299944e-9,-0.5162084768524657,0.068,0.111,7.456391112178752e-5
ATP2B1-AS1,2.0395925961896785e-9,1.3439829011056315,0.058,0.028,7.465112861313842e-5
COPS6,2.049369594899586e-9,0.817410100230562,0.122,0.08,7.500897654291974e-5
POLR1A,2.077619643232257e-9,-0.5181413625817295,0.078,0.124,7.604295656194383e-5
GML,2.094131234714917e-9,-0.8118964001766762,0.037,0.07,7.664729732180068e-5
DMTF1,2.1359483541560728e-9,-0.2501907647785301,0.389,0.488,7.817784571046641e-5
P4HA1,2.154488144536538e-9,-0.46937842233058513,0.127,0.182,7.885642057818184e-5
VPS33A,2.1708308780470305e-9,-0.40254230453654305,0.126,0.183,7.945458096739937e-5
HUWE1,2.215795865054077e-9,-0.1601721756320027,0.439,0.543,8.110034445684428e-5
UNC13D,2.216664163411669e-9,-0.5065053245272659,0.109,0.161,8.113212504503049e-5
GPAA1,2.2254096798902177e-9,1.1480177922235586,0.064,0.033,8.145221969366185e-5
SP1,2.273168603343388e-9,-0.5027065473477452,0.074,0.12,8.320024405097134e-5
RNF113A,2.3404885033059328e-9,1.3798036908999713,0.056,0.027,8.566421970950044e-5
NT5C2,2.365193548611086e-9,-0.25098724258344796,0.372,0.456,8.656844907271436e-5
LINC02245,2.3908517651854905e-9,-0.8430715040628645,0.045,0.081,8.750756545755414e-5
DTWD1,2.4237854157972875e-9,-0.3574737527877787,0.078,0.124,8.871297000359652e-5
PLCB1,2.464216935121264e-9,-0.537761253311198,0.505,0.52,9.019280404237338e-5
KPNA6,2.467542915521935e-9,-0.26927185358153816,0.294,0.378,9.031453825101834e-5
HMG20A,2.4824899705416828e-9,-0.35173432845603736,0.109,0.164,9.086161541179613e-5
SLC35F2,2.538712779258635e-9,-0.7780579833935635,0.026,0.056,9.29194264336453e-5
CEP250,2.5529975851417755e-9,-0.48679012470967,0.077,0.124,9.344226461377412e-5
AC027018.1,2.6137863060912054e-9,1.2840594900360445,0.08,0.045,9.566719258924421e-5
TRDC,2.6270909164456804e-9,0.9179570778639861,0.115,0.074,9.615415463282835e-5
VPS50,2.6288250620797e-9,-0.20824934302864717,0.278,0.355,9.62176260971791e-5
TSPAN5,2.6402237672060385e-9,-0.30043009280764954,0.307,0.378,9.663483010350821e-5
ZNF566,2.643917786186079e-9,-0.6788144475254003,0.049,0.087,9.677003489219667e-5
ARRB1,2.68508259326818e-9,-0.5066976183333762,0.097,0.147,9.827670799620866e-5
GADD45GIP1,2.7142921469701317e-9,0.8116454716727255,0.111,0.071,9.934580687125379e-5
EIF1B-AS1,2.788113243986594e-9,-0.7096889779880897,0.041,0.075,1.0204773284315332e-4
ZC3H12D,2.7952971000969414e-9,-0.7291439054861555,0.038,0.072,1.0231066916064816e-4
NPDC1,2.827593686905828e-9,-0.8839684459168078,0.028,0.058,1.0349275653444021e-4
FAM192A,2.835178955034294e-9,-0.3457698100625829,0.145,0.207,1.0377038493321019e-4
SDF2L1,2.887955744723096e-9,1.0181826003749384,0.089,0.053,1.0570206821261004e-4
HLA-DQA1,2.891121747788927e-9,1.2388896808594243,0.067,0.035,1.0581794709082252e-4
MED30,2.8969727988664323e-9,0.7413260957646878,0.146,0.101,1.0603210141131029e-4
KLHL7,2.928272962344639e-9,-0.525206230435058,0.092,0.141,1.0717771869477613e-4
PRKRIP1,2.9738784436175935e-9,-0.20289116607577332,0.245,0.325,1.0884692491484755e-4
SURF4,3.006963944609838e-9,0.6983305190556042,0.238,0.194,1.1005788733666468e-4
TRIB2,3.049735009460304e-9,-0.7978501321054696,0.042,0.077,1.116233510812566e-4
REX1BD,3.056224358071712e-9,0.7435546451326864,0.139,0.095,1.1186086772978274e-4
MCCC1,3.0941273360708723e-9,-0.3318289465358665,0.135,0.194,1.1324815462753e-4
IKBKE,3.099751210602123e-9,-0.5941621486124582,0.049,0.088,1.134539940592483e-4
AC005332.7,3.137691004314416e-9,-0.9682904786388238,0.024,0.051,1.1484262844891195e-4
PCF11,3.1642975887400436e-9,-0.23580289897688736,0.303,0.393,1.1581645604547434e-4
CREB3L2,3.185454559101374e-9,-0.42357041859953004,0.134,0.191,1.165908223176694e-4
RHOG,3.187112120772404e-9,0.7125923996566368,0.176,0.129,1.1665149073239076e-4
LONP2,3.204133337787357e-9,-0.17711654759577533,0.42,0.516,1.1727448429635506e-4
C2orf42,3.2088119229836033e-9,-0.7028721166900045,0.032,0.063,1.1744572519312286e-4
AGBL5,3.2471359709222113e-9,1.220075566333627,0.075,0.042,1.1884842367172385e-4
IVD,3.2636905561595588e-9,-0.3885936464094777,0.102,0.154,1.19454338045996e-4
CHMP7,3.2979963534934282e-9,-0.7397571692067317,0.036,0.069,1.2070996453421297e-4
SF3B2,3.31929535943648e-9,0.4721527703113549,0.317,0.272,1.214895294507346e-4
ERI1,3.3891028868829995e-9,-0.7281569308939051,0.057,0.096,1.2404455476280467e-4
DDT,3.3996368702698925e-9,1.0706943453699398,0.072,0.04,1.2443010908874834e-4
SH3PXD2A,3.5774002166774965e-9,-0.7570307951867048,0.041,0.075,1.3093642533061305e-4
GOPC,3.6124942063655662e-9,-0.42283996378894945,0.152,0.211,1.3222090044718608e-4
APPBP2,3.6223941496533216e-9,-0.2382946712101435,0.262,0.342,1.3258324827146122e-4
VAMP4,3.6953851199425293e-9,-0.4769910600043561,0.086,0.135,1.352547907750165e-4
ZMAT1,3.7067265889022503e-9,-0.49136657745879675,0.065,0.107,1.3566989988041125e-4
RNF111,3.7907032291066076e-9,0.3480643950999046,0.48,0.444,1.3874352888853094e-4
SNRNP200,3.820246055483801e-9,0.3755658105297674,0.407,0.367,1.398248258767626e-4
KLF10,3.8494992702071304e-9,0.8408856640584343,0.101,0.062,1.4089552278885118e-4
AC107068.2,3.858500552164617e-9,1.571302536500895,0.061,0.032,1.4122497870977716e-4
C1GALT1,3.9054504646598405e-9,-0.27806753420444896,0.27,0.349,1.4294339245701483e-4
TRABD2A,3.907063362107517e-9,-0.4400609079425084,0.08,0.127,1.4300242611649724e-4
DPP7,3.962194801582157e-9,0.7781223593127895,0.154,0.11,1.4502029193270852e-4
MAGED1,3.972273106703144e-9,-0.23252485997201777,0.243,0.317,1.4538916797844178e-4
SEC11A,3.9939575218328935e-9,-0.29407874433464415,0.205,0.274,1.4618283925660574e-4
CD300A,3.997854415744619e-9,-0.5247380595482154,0.101,0.151,1.463254694706688e-4
COX10,4.02912401574474e-9,-0.3741056920089989,0.128,0.184,1.4746996810027324e-4
DPY19L4,4.157107067064895e-9,-0.5251060086218571,0.048,0.084,1.5215427576164222e-4
CCDC85C,4.16090097864675e-9,1.0199670003941097,0.094,0.057,1.522931367194497e-4
FIG4,4.171622736446213e-9,-0.43399860528074163,0.096,0.145,1.5268556377666783e-4
DOP1A,4.2084579321839366e-9,-0.23593994776006177,0.298,0.378,1.5403376877586426e-4
HS2ST1,4.2228403275863845e-9,-0.40466794883733476,0.178,0.238,1.5456017882998927e-4
LYPLA1,4.225684033603396e-9,-0.34998578115684076,0.185,0.25,1.546642613139179e-4
AC023509.6,4.419306564420264e-9,-0.812668755292969,0.026,0.055,1.617510395643461e-4
RAP2A,4.439426238185523e-9,-0.44849862767671556,0.172,0.233,1.6248743974382832e-4
C11orf54,4.454779378396305e-9,-0.4420301868635217,0.06,0.101,1.6304938002868315e-4
LINC01762,4.4925499055841314e-9,-0.8684802833519356,0.031,0.061,1.644318190942848e-4
FOXJ3,4.5750470937825024e-9,-0.20174428193646432,0.505,0.6,1.6745129867953338e-4
ATP5MD,4.592349711667719e-9,1.0685745738947723,0.088,0.052,1.6808459179675018e-4
SKA2,4.69355830399883e-9,-0.6208618226574769,0.049,0.086,1.7178892748466118e-4
PRPSAP2,4.703694477657963e-9,-0.4785218612128894,0.088,0.135,1.721599215767591e-4
RAB11FIP3,4.735725694657513e-9,-0.41433530248252803,0.116,0.171,1.7333229615015963e-4
NPEPPS,4.740377895301224e-9,-0.2592544949248419,0.324,0.407,1.7350257134592009e-4
BLOC1S1,4.78397380391904e-9,0.8652728379128161,0.096,0.059,1.750982251972408e-4
NOL8,4.800552085238537e-9,-0.33394665231480747,0.143,0.204,1.757050068718157e-4
AL591895.1,4.856063761146005e-9,-0.6792941518373918,0.059,0.099,1.7773678972170492e-4
LRRC37A3,4.8770825928866465e-9,1.0002906998270222,0.091,0.055,1.7850609998224415e-4
MLXIP,4.894868426356027e-9,-0.400242107080642,0.14,0.197,1.7915707927305694e-4
AP002495.1,4.968695464153163e-9,-0.5691112416484698,0.091,0.138,1.8185922268346993e-4
YWHAG,4.978891609797225e-9,-0.497409110832325,0.122,0.176,1.8223241181018824e-4
ZNF891,5.006183187350309e-9,-0.7953303189766756,0.026,0.054,1.8323131084020867e-4
SELENOF,5.039660717423435e-9,0.43983441911752874,0.402,0.359,1.8445662191841515e-4
ACP1,5.04171761944439e-9,0.766921753095387,0.151,0.108,1.845319065892841e-4
TMEM9B,5.172251322519179e-9,0.7029351157814971,0.137,0.094,1.8930957065552446e-4
HAX1,5.188037044865526e-9,1.0039794586110078,0.103,0.066,1.8988734387912311e-4
PSTPIP2,5.194217421975374e-9,-0.44198972037991013,0.115,0.168,1.9011355186172066e-4
GON4L,5.194352992200285e-9,-0.236433916631305,0.283,0.369,1.9011851386752264e-4
IL12RB2,5.258520906954252e-9,-0.654763726530301,0.053,0.091,1.9246712371543258e-4
FANCC,5.373236755203418e-9,-0.514824716938688,0.081,0.126,1.9666583847720032e-4
PRKAR1B,5.398345387006514e-9,-0.8382406192077938,0.027,0.056,1.975848395098254e-4
MVD,5.405397323986109e-9,0.8389025694466234,0.107,0.068,1.9784294745521557e-4
CCDC14,5.415272918580669e-9,-0.22568222588808481,0.187,0.255,1.9820440409297105e-4
GSR,5.459432284607096e-9,-0.45811150237380494,0.096,0.145,1.9982068104890433e-4
CAPZA1,5.49002203554032e-9,0.2962650698628406,0.615,0.602,2.0094029652281125e-4
TUBA1A,5.4906103369986324e-9,0.6114080703378095,0.215,0.168,2.0096182894448693e-4
AL513188.1,5.5188815270783785e-9,1.1916588260592202,0.071,0.039,2.0199658277259572e-4
SNUPN,5.54226936234183e-9,-0.9000170255198601,0.028,0.058,2.0285260093107332e-4
HPS3,5.645143680571183e-9,-0.3923323874246789,0.114,0.167,2.0661790385258588e-4
AC008549.2,5.656767519508377e-9,-0.8848123401762455,0.028,0.057,2.070433479815261e-4
ACTR3B,5.757109151518372e-9,-0.5991803063106185,0.049,0.086,2.1071595205472392e-4
FXN,5.789632738521654e-9,-0.38771252579837456,0.098,0.147,2.1190634786263108e-4
PSME4,5.857894148136671e-9,-0.22856496525679315,0.598,0.682,2.144047837159503e-4
TOMM5,5.867743047345758e-9,1.0256910026287642,0.082,0.048,2.147652632759021e-4
PSMB7,6.031278398268607e-9,0.4223883198326497,0.379,0.332,2.207508206550293e-4
GNAO1,6.039623451442805e-9,-0.4892257802705491,0.08,0.125,2.2105625794625812e-4
NAIP,6.179909711249015e-9,-0.4299547407112003,0.09,0.138,2.261908753414252e-4
CEP78,6.219709638604268e-9,-0.32324396614739603,0.377,0.455,2.276475924825548e-4
PRR13,6.344569489877717e-9,0.656193750291283,0.175,0.128,2.3221758789901433e-4
HERC3,6.380400144732713e-9,-0.25061366474228386,0.364,0.453,2.3352902569736205e-4
SRSF11,6.47425972839378e-9,0.20628540214333757,0.794,0.805,2.3696438031894075e-4
ZAP70,6.501753803426337e-9,-0.2534753619504323,0.247,0.326,2.3797069095920736e-4
UQCRH,6.5332743537460126e-9,0.675597269405899,0.182,0.136,2.391243746214578e-4
ZHX3,6.622998930079326e-9,-0.5102107391184687,0.061,0.101,2.424083838398334e-4
DRAM2,6.625571270128723e-9,-0.5259915744866157,0.084,0.13,2.425025340579814e-4
STK24,6.651307843176842e-9,-0.24580268059236304,0.325,0.405,2.434445183681156e-4
INTS4,6.8124729781233544e-9,-0.3087838715188398,0.169,0.232,2.493433234722929e-4
TAF1,6.89898382791862e-9,-0.1695612064866699,0.303,0.396,2.525097070856494e-4
NSRP1,6.9081706727200974e-9,-0.2345034973288453,0.278,0.359,2.5284595479222827e-4
MON2,6.9389682466787995e-9,-0.13450263886881242,0.621,0.719,2.5397317679669073e-4
BCAS2,7.085063920072252e-9,0.647238179091063,0.178,0.132,2.593204245385645e-4
PRDM1,7.268169164265735e-9,0.47291860271087804,0.315,0.267,2.6602225958129015e-4
COMMD9,7.643995041199253e-9,0.965905897681727,0.111,0.072,2.7977786250293386e-4
ITGB1BP1,7.6581687034132655e-09,-0.3935374903512594,0.088,0.135,2.802966327136289e-4
AUP1,7.847904823891158e-9,0.8687072456307743,0.11,0.072,2.8724116445924026e-4
WDR92,7.864102515029685e-9,-0.6968202759787432,0.027,0.056,2.878340161526015e-4
LSM5,7.905571062010224e-9,1.1319223871193227,0.072,0.04,2.893518064406362e-4
SUMO2,8.174478866669855e-9,0.4976005791824946,0.292,0.245,2.991941009989834e-4
WWP2,8.18606065361139e-9,-0.19837692216508251,0.338,0.425,2.9961800598283047e-4
SLC30A6,8.193596825243656e-9,-0.3110643938699815,0.105,0.157,2.9989383740074306e-4
CUL1,8.230520568015835e-9,-0.19476144123237893,0.325,0.413,3.0124528330994756e-4
NAAA,8.242861248591422e-9,-0.31217610735358703,0.134,0.193,3.016969645596946e-4
COX5A,8.324364952313322e-9,0.8989448415361763,0.115,0.076,3.046800816196199e-4
TOB1,8.488221932249927e-9,0.7740599564628188,0.165,0.12,3.106774109422796e-4
AGO4,8.592062920356214e-9,-0.18529175687931415,0.277,0.358,3.144780949479578e-4
CRBN,8.735135199365129e-9,-0.19164251872769855,0.368,0.461,3.197146834319631e-4
RNF216,8.793378286352888e-9,-0.24086979695592992,0.482,0.566,3.21846438658802e-4
ALG8,8.99246876294918e-9,-0.6438477862085246,0.045,0.08,3.291333491927029e-4
ZNF106,9.092904615119978e-9,-0.2635382948565336,0.184,0.251,3.328094018180063e-4
CHMP2B,9.200267734329712e-9,0.7256064105233733,0.123,0.082,3.367389993442018e-4
UBR1,9.587084886219466e-9,-0.17556081238359922,0.493,0.594,3.5089689392051867e-4
SIN3A,9.669656471552739e-9,-0.2600723288915791,0.22,0.292,3.539190965153018e-4
PDE4B,9.671233282430964e-9,0.03155895297419775,0.266,0.355,3.539768093702557e-4
PWWP3A,9.748449847248128e-9,-0.8392601953586118,0.031,0.061,3.5680301285912874e-4
QRICH1,9.996360436106453e-9,-0.24403223586104517,0.281,0.36,3.658767883219323e-4
AL110114.1,1.0123932633378295e-8,-1.0065527190070993,0.024,0.051,3.7054605831427894e-4
DZIP3,1.0127356556509386e-8,-0.4568500390357818,0.117,0.168,3.7067137732480003e-4
AL035530.2,1.0244645941165755e-8,-0.9421491446197634,0.032,0.061,3.749642860926078e-4
EBP,1.0317690233405916e-8,0.9018287279553856,0.114,0.075,3.7763778023288996e-4
ZBTB7A,1.0641019753156149e-8,-0.20967003675639206,0.401,0.495,3.894719639852682e-4
AL359232.1,1.0808095351326349e-8,-0.8874720605334527,0.038,0.07,3.955870979538957e-4
STAMBP,1.0984335460971387e-8,-0.6016872578986041,0.058,0.097,4.020376622070137e-4
AC103591.3,1.0991988372090446e-8,1.3604752632338786,0.071,0.04,4.023177664068824e-4
LRRC69,1.1053612644003679e-8,-0.6751793214681869,0.066,0.105,4.0457327638317864e-4
UBE2I,1.1073630945596244e-8,0.5408909902836949,0.253,0.206,4.053059662397681e-4
ITSN2,1.1129045959461016e-8,-0.13465432302490354,0.629,0.731,4.0733421116223264e-4
SNHG7,1.115094086403189e-8,0.8332416039481536,0.119,0.08,4.081355865644312e-4
TPR,1.1169619885237855e-8,-0.18610325920950954,0.461,0.555,4.0881925741959073e-4
OCIAD1,1.1313175709478515e-8,0.5076585759351653,0.312,0.271,4.1407354414262315e-4
NFYC,1.1327667896325878e-8,-0.425488787684305,0.151,0.209,4.1460397267342345e-4
SNX9,1.1409263380401813e-8,0.8073134090033627,0.218,0.17,4.175904489860867e-4
STRAP,1.142414769036881e-8,0.4856097356251563,0.266,0.215,4.181352296151888e-4
KDM1B,1.1497797263484952e-8,-0.8735505935860823,0.046,0.08,4.2083087764081275e-4
PLEKHA2,1.1517989885181664e-8,0.3575925043601542,0.52,0.493,4.215699477875341e-4
RP9,1.1744244950211696e-8,0.9866592745796525,0.089,0.054,4.2985110942269825e-4
RNF121,1.188724006712883e-8,-0.42989701280611536,0.098,0.145,4.350848736969823e-4
NAT10,1.1957040439929117e-8,-0.41570475226983183,0.085,0.131,4.376396371418456e-4
NNT-AS1,1.1985569729506253e-8,-0.7069808681323768,0.04,0.073,4.3868383766965834e-4
USP40,1.2005077480869192e-8,-0.6387398044479924,0.057,0.094,4.393978408772933e-4
AP001628.1,1.2071559320526137e-8,-0.8691423761510708,0.024,0.051,4.4183114269057713e-4
SDCBP,1.214016665462036e-8,0.43872130634732254,0.326,0.279,4.4434223972575983e-4
SUPV3L1,1.2261105304832864e-8,0.5748083495268346,0.246,0.198,4.4876871526218764e-4
HELLS,1.243618704805554e-8,-0.4910043761372549,0.06,0.099,4.551768821458808e-4
AC068533.3,1.2482014105837774e-8,1.024381496656456,0.086,0.051,4.568541982877684e-4
EP400,1.2705753872226419e-8,-0.259275247454094,0.266,0.344,4.6504329747735915e-4
GCNT4,1.2747676166229917e-8,-0.8653369511304563,0.033,0.064,4.665776953601812e-4
SPOCK2,1.2904679695033425e-8,0.36703858470988127,0.489,0.462,4.7232418151791836e-4
ANKHD1,1.2920887068571295e-8,-0.13472741689021017,0.689,0.787,4.7291738759677797e-4
TM9SF3,1.3088251373731123e-8,0.3171593226198455,0.537,0.51,4.7904308852993286e-4
ITGAV,1.3617473778898291e-8,-0.3297639851088464,0.125,0.179,4.984131577814564e-4
POT1,1.3678125739770778e-8,-0.5270505144750273,0.087,0.132,5.006330802013502e-4
NR2C2,1.3711301529283894e-8,-0.1828036446866667,0.304,0.386,5.018473472733198e-4
TMEM245,1.39369506560094e-8,-0.2096792343777112,0.321,0.404,5.101063309606e-4
PSMD8,1.3957004727866737e-8,0.6994729417422614,0.129,0.088,5.108403300446505e-4
ITPRIP,1.4054378235276314e-8,0.5760805627550136,0.196,0.148,5.144042977893484e-4
CLTC,1.4077755444891701e-08,-0.21415489840601987,0.399,0.488,5.152599270384811e-4
TMED3,1.4377619881620174e-8,-0.744408880690832,0.081,0.123,5.262352652871799e-4
GART,1.448958218549776e-8,-0.4610788144974436,0.097,0.145,5.303331975714035e-4
CRAMP1,1.4589153202210657e-8,-0.5493283163154392,0.057,0.095,5.339775963541123e-4
ENSA,1.464449197393425e-8,-0.30195528066773336,0.241,0.311,5.360030507379675e-4
TMOD2,1.4784262088365891e-8,-0.6014930242225196,0.046,0.081,5.411187766962799e-4
URB1,1.4861624895468857e-8,-0.5108924663097767,0.047,0.082,5.439503327990556e-4
AC073343.2,1.4866891290723156e-8,1.297771317139496,0.063,0.034,5.441430881317583e-4
AC016831.7,1.4880819275903621e-8,-0.18655938244612935,0.423,0.519,5.446528663173484e-4
RBMX,1.490159701139993e-8,0.39444800256648027,0.474,0.453,5.454133522142488e-4
CDC25B,1.4976374483608715e-8,-0.37152132438157126,0.134,0.189,5.481502824745626e-4
TTC28-AS1,1.4997494188041186e-8,-0.817805863458382,0.05,0.085,5.489232847764955e-4
NCR3,1.5052163845467968e-8,1.121200074429443,0.052,0.025,5.509242489079731e-4
MORC3,1.5215288982217e-8,-0.20612553421457325,0.28,0.363,5.568947920381244e-4
KLHL8,1.5323288851584826e-8,-0.5530596224970141,0.081,0.124,5.608476952568563e-4
UBAP1,1.5400527548855696e-8,-0.28273245264448493,0.253,0.325,5.636747088156673e-4
ODF2L,1.5543980027487473e-8,-0.2038466916296091,0.4,0.489,5.689252129860691e-4
MRPL48,1.5719116154264933e-8,-0.6321856433439201,0.054,0.091,5.753353703622508e-4
ZNF257,1.5875123597530334e-8,-0.8618151705011026,0.024,0.05,5.810453987932077e-4
ZNF140,1.616720543075749e-8,-0.6877905318237492,0.03,0.059,5.91735885971155e-4
AC008014.1,1.6206181524871627e-8,-0.5643021843948713,0.121,0.17,5.931624499918264e-4
ZNF518B,1.639532069779598e-8,-0.8004957401834414,0.031,0.06,6.000851328600307e-4
AC046134.2,1.6535671088962965e-8,-1.0820674823876888,0.028,0.055,6.052220975271335e-4
DGCR8,1.6637750895126114e-8,-0.6007621812394015,0.065,0.104,6.089583205125109e-4
AATF,1.6667376407833424e-8,-0.21375246096326417,0.307,0.386,6.100426439031112e-4
FAS,1.705171099865584e-8,-0.4991959840782709,0.095,0.142,6.241096742618025e-4
FAM117B,1.7056030429841838e-8,-0.3315720611036208,0.233,0.296,6.242677697626411e-4
DPY19L1,1.710754092721379e-8,-0.23604555477863265,0.126,0.182,6.261531054769519e-4
ZFYVE1,1.7364728699160033e-8,-0.5452726185807237,0.048,0.083,6.355664351179564e-4
ARL5A,1.750860730429633e-8,-0.28131770135527645,0.184,0.25,6.4083253594455e-4
MFSD4B,1.755612467980931e-8,-0.2954613096779264,0.158,0.215,6.425717194057005e-4
MAGOH,1.7802136998423824e-8,0.8594910302853476,0.115,0.076,6.515760162793104e-4
C11orf49,1.8148100168037702e-8,-0.2790565905620839,0.166,0.227,6.642386142503479e-4
RUFY1,1.828627560808788e-8,-0.4159928709002102,0.134,0.188,6.692959735316244e-4
CD48,1.8332317432552926e-8,0.4675627963527818,0.298,0.253,6.709811503488696e-4
GPR107,1.8361229905933403e-8,-0.310682422516913,0.131,0.187,6.720393757870685e-4
ZNF573,1.8764628427401112e-8,-0.3323608229517139,0.045,0.08,6.868041650713081e-4
SNRPG,1.9015201763199135e-8,0.778117263066479,0.145,0.103,6.959753997348515e-4
PTPRA,1.91617272779723e-8,-0.18269911913359804,0.648,0.739,7.013383801010641e-4
AAGAB,1.943825388012277e-8,-0.23827103899706942,0.175,0.238,7.114595302663735e-4
IRF9,1.972134017922369e-8,-0.31579881187233205,0.096,0.145,7.218207718997662e-4
TERF2IP,1.988938895203108e-8,0.30183434392777087,0.492,0.454,7.279715250332895e-4
MACO1,1.9942683374544708e-8,0.5089485731487773,0.345,0.304,7.299221541917109e-4
NAPA-AS1,2.0027742904273713e-8,1.3227538501477545,0.051,0.025,7.330354180393222e-4
PHF8,2.005843377876603e-8,-0.3283671480332059,0.124,0.179,7.341587347366156e-4
POLH,2.0376903705248463e-8,-0.8331896303497253,0.027,0.055,7.458150525157989e-4
ZC3H13,2.0463997797904632e-8,-0.16281662790649953,0.345,0.434,7.490027834011075e-4
DCLRE1C,2.0691762341789998e-8,-0.2102179364707082,0.111,0.163,7.573391934718557e-4
TMEM203,2.0697252714333656e-8,1.2760939485686356,0.056,0.029,7.575401465973262e-4
TXNRD2,2.0960981277443404e-8,-0.6576330268770754,0.033,0.063,7.67192875735706e-4
NUDCD2,2.10410672920885e-8,1.1381811325620323,0.057,0.029,7.701241039577312e-4
RPAP3,2.1090938250933057e-8,-0.47453524778477174,0.087,0.133,7.719494309224008e-4
PPP2R3A,2.1108494717004577e-8,0.9479005746593265,0.07,0.039,7.725920151370845e-4
TUG1,2.1453440755014383e-8,-0.31022903644678446,0.162,0.225,7.852173850742814e-4
SPATA1,2.188953326562844e-8,1.1143968072573411,0.061,0.032,8.011788070552665e-4
SNRNP27,2.2040013517491978e-8,0.7952937106586409,0.141,0.101,8.066865347537239e-4
TCEA1,2.2108092310420047e-8,0.38420715546773754,0.369,0.323,8.091782866536841e-4
DPH5,2.235021038099587e-8,-0.6172205088718083,0.037,0.068,8.180400501548297e-4
UCK2,2.2738670944037625e-8,-0.6147723848021562,0.043,0.076,8.322580952227211e-4
GAB2,2.312193231219628e-8,0.5710004617555248,0.204,0.155,8.46285844558696e-4
CPLANE1,2.315944330103484e-8,-0.32139781089847014,0.193,0.254,8.476587842611761e-4
MTHFD1L,2.3318591498889853e-8,-0.6963531527121212,0.044,0.077,8.534837674508675e-4
CHD6,2.3413155782417005e-8,0.2576402946600198,0.617,0.596,8.569449147922448e-4
CTSB,2.361101955321743e-8,-0.5021058267336611,0.062,0.101,8.641869266673111e-4
UFL1-AS1,2.386633140324714e-8,-0.8739856508077035,0.025,0.052,8.735315956902486e-4
ZNF143,2.393054675762816e-8,-0.348833931790794,0.112,0.164,8.758819418759483e-4
BZW2,2.415101534215079e-8,-0.630261960594064,0.075,0.116,8.839513125380611e-4
WDR33,2.438144147692219e-8,-0.17798414098810666,0.482,0.576,8.92385139496829e-4
GTF2F2,2.4875091845591954e-8,-0.2798495939270607,0.241,0.311,9.104532366405111e-4
ABL1,2.5416066886654467e-8,-0.4296570337409786,0.172,0.229,9.302534641184401e-4
MTMR8,2.5627960316531488e-8,-0.4984409416540645,0.082,0.125,9.380089755453689e-4
XPA,2.6278738247021733e-8,0.6527836063409005,0.199,0.154,9.618280985792425e-4
PAK2,2.6466618591071497e-8,-0.17108770941241558,0.408,0.505,9.687047070518079e-4
FBXW11,2.6490779888661402e-8,-0.22360460321176567,0.324,0.402,9.695890347048959e-4
OCIAD2,2.6814407065243578e-8,0.8045989244075571,0.133,0.093,9.814341129949801e-4
PMF1,2.684005362793083e-8,0.5903424436395348,0.192,0.148,9.823728028358963e-4
MOB1B,2.7303333449767183e-8,-0.38866044927382426,0.1,0.148,9.993293075949287e-4
DEF6,2.784140349191112e-8,-0.25953670644522797,0.211,0.283,0.001019023209207439
NECTIN3,2.7914347926923473e-8,-0.5840154264230781,0.033,0.062,0.001021693048473326
SNU13,2.7919121508860587e-8,0.5909923757742199,0.27,0.227,0.0010218677663458063
CD53,2.792728607374965e-8,-0.17030722829171463,0.552,0.647,0.001022166597585311
ATP6V1A,2.7982402589884823e-8,-0.36568166057941565,0.148,0.204,0.0010241839171923745
ANKRD36,2.7989524031642727e-8,-0.16299478651834942,0.435,0.535,0.0010244445690821555
FGGY,2.8704678361925953e-8,-0.4948958549802797,0.118,0.167,0.0010506199327248518
YEATS2,2.898913657213006e-8,-0.2611125472453747,0.189,0.254,0.0010610313876765324
ORC2,2.911345293802471e-8,-0.2090548377028955,0.228,0.296,0.0010655814909846424
ANGPT2,2.9792528041135317e-8,1.0437823030582654,0.1,0.065,0.0010904363188335938
SLC25A40,3.0240522546861874e-8,-0.4959486501247803,0.074,0.115,0.0011068333657376914
ZFP14,3.0493057492251466e-8,-0.43565401300517803,0.092,0.137,0.001116076397273896
PUF60,3.1014158466040975e-8,1.0955749080304233,0.088,0.055,0.0011351492140155657
CRTC1,3.146223183511713e-8,-0.46760631218028403,0.089,0.133,0.001151549147397122
APOL1,3.1662063919781596e-8,-0.6724194056874673,0.035,0.065,0.0011588632015279263
DDA1,3.1776105228248615e-8,1.278249159515377,0.058,0.03,0.0011630372274591275
FAM126B,3.1819114036435326e-8,-0.15186704688794195,0.343,0.432,0.0011646113928475694
METTL2B,3.2088869172222456e-8,-0.44171367881699863,0.05,0.085,0.0011744847005725142
PXYLP1,3.228647309995986e-8,-0.5375261769956969,0.069,0.108,0.0011817172019316308
SLC35B4,3.2331619120986383e-8,-0.6012731013513934,0.05,0.085,0.0011833695914472227
LINC02694,3.299365915159634e-8,-1.1451856916041834,0.064,0.1,0.0012076009186075775
BRWD3,3.309755367758492e-8,-0.2530937614494116,0.303,0.379,0.0012114035621532857
INTS2,3.35371400114832e-8,-0.45816143433101764,0.082,0.126,0.0012274928615602966
TBCEL,3.4004024300776555e-8,-0.4924251227309271,0.072,0.112,0.0012445812934327226
TRPV2,3.414876903237135e-8,-0.46609703055997254,0.088,0.133,0.0012498790953538238
FAM89B,3.493922219896598e-8,1.2653955554567964,0.061,0.033,0.0012788104717043538
CD36,3.618134212612694e-8,-0.750565198189721,0.044,0.077,0.001324273303158372
NAP1L1,3.619340919621552e-8,0.2707883726143643,0.547,0.517,0.0013247149699906842
SF3B1,3.627467645264333e-8,0.2438384563063707,0.667,0.669,0.0013276894328431985
NFIC,3.63487694026353e-8,-0.4412954944943279,0.065,0.104,0.0013304013089058546
CEP152,3.6415484814810663e-8,-0.45765080469786557,0.051,0.086,0.001332843159706885
USP13,3.694057739423693e-8,-0.44129851806526643,0.064,0.104,0.0013520620732064659
AC009126.1,3.705090952162675e-8,0.7896549804712485,0.098,0.062,0.0013561003394010607
PPP2CB,3.724066041557378e-8,-0.34370242531042816,0.054,0.09,0.0013630454118704158
PARVG,3.7253263306005803e-8,-0.33371971509700993,0.134,0.188,0.0013635066902631184
PLAGL1,3.7614427356324165e-8,-0.947116189703423,0.029,0.057,0.0013767256556688208
ARID4A,3.7700051093299885e-8,-0.18463858451032966,0.392,0.484,0.001379859570065869
KLC1,3.813924638479033e-8,-0.16639979319865994,0.345,0.437,0.001395934556929711
OTUD7B,3.887870063167296e-8,-0.39330460182068916,0.094,0.14,0.0014229993218198619
GSN,3.937069314740461e-8,-0.8452607151829024,0.025,0.051,0.0014410067398881563
AC106818.2,3.9962855599282774e-8,1.483753634774903,0.063,0.035,0.0014626804777893487
EEFSEC,4.0493485857756566e-8,-0.2280412596778269,0.276,0.349,0.0014821020758797481
ADHFE1,4.06107361812129e-8,-0.5742511429795765,0.073,0.113,0.0014863935549685734
PSMA7,4.163870934900024e-8,0.5271684493113383,0.271,0.229,0.0015240184008827578
GRAMD1A,4.167898195214338e-8,-0.4796873543090747,0.071,0.111,0.0015254924184303997
TNRC6C,4.176016965188447e-8,-0.12557845289442637,0.609,0.697,0.0015284639694286236
CCDC85B,4.2084858003499295e-8,0.5669819993988988,0.203,0.157,0.0015403478877860778
TIMP1,4.213622476134161e-8,1.144883065199711,0.065,0.036,0.0015422279624898642
BCAS4,4.249073098763918e-8,-0.4550205215936274,0.07,0.111,0.0015552032448785816
LINC01278,4.331837745507268e-8,-0.25565914580295657,0.271,0.338,0.0015854959332331153
HTT,4.379451352185564e-8,-0.21007415875840652,0.362,0.449,0.0016029229894134382
AURKAIP1,4.419766352090379e-8,0.8828438076781242,0.098,0.063,0.0016176786825285996
C19orf25,4.4309738585645475e-8,-0.5275283406836417,0.071,0.112,0.00162178074197321
VPS36,4.4709249850916054e-8,-0.2867672703133883,0.197,0.262,0.0016364032537933785
PARK7,4.500339720595332e-8,0.5636085880484194,0.205,0.16,0.0016471693411350976
IDH1,4.520379482285695e-8,-0.6222854142335201,0.031,0.059,0.0016545040943113873
DLGAP4,4.531911494945302e-8,-0.4610503310995331,0.083,0.127,0.00165872492626493
SYMPK,4.5409469191790805e-8,-0.306524172425358,0.135,0.19,0.0016620319818887353
ZNF623,4.570975254417662e-8,-0.8519452390423528,0.03,0.057,0.0016730226528694084
AC243829.1,4.624452043812176e-8,-0.4640999129616905,0.074,0.116,0.0016925956925556945
KCNQ1,4.813395330775952e-8,-0.9334359515737405,0.026,0.052,0.0017617508250173063
TMEM160,4.8407293305521385e-8,0.7434280774295072,0.125,0.086,0.0017717553422753882
ISCA1,4.864582833227753e-8,0.5982809550050253,0.191,0.147,0.0017804859627896898
DCAF12,4.871599842439098e-8,-0.666331514422581,0.031,0.059,0.0017830542583311343
SNX19,5.1045813198551996e-8,-0.29196560748307165,0.121,0.174,0.0018683278088802017
AC025165.2,5.1687298798704557e-8,1.0858893151445896,0.078,0.047,0.0018918068233313855
UFM1,5.30998146935028e-8,0.6317203850112433,0.228,0.186,0.0019435063175968958
ANKRD46,5.318840285272313e-8,-0.4085320738298239,0.066,0.105,0.0019467487328125193
DPM3,5.4128691092914245e-8,1.2009991311674555,0.057,0.03,0.0019811642226917545
LYN,5.4177904617558e-8,-0.42267412919069336,0.211,0.271,0.0019829654869072404
TAPBP,5.441201461437159e-8,0.31670905172365327,0.535,0.515,0.0019915341469006146
RAB28,5.4448834230860226e-8,-0.2860040980452704,0.243,0.307,0.0019928817816837153
RBM5,5.551962924640126e-8,-0.18650908748407427,0.315,0.401,0.0020320739500475325
GPSM3,5.6336568627237974e-8,0.6138537779009845,0.226,0.185,0.0020619747483255372
TSPAN17,5.673255223924306e-8,-0.8557274897230105,0.025,0.05,0.002076468144508535
GALNT3,5.8072314996794546e-8,0.5772302249418951,0.196,0.15,0.002125504801197677
EPHA4,5.824612872181979e-8,-0.3744548710286543,0.148,0.201,0.0021318665573473263
ENTPD1-AS1,5.825631514263237e-8,-0.49776076903550714,0.17,0.222,0.0021322393905354874
TMED8,5.859156811512952e-8,-0.6172602919242911,0.049,0.082,0.0021445099845818555
AMPD3,5.919640998520584e-8,-0.7716501930766482,0.028,0.055,0.002166647801868519
TXNDC15,5.924998373363939e-8,-0.35828931500263383,0.098,0.144,0.0021686086546349355
CDV3,5.977824581060763e-8,0.4168575490920971,0.36,0.325,0.00218794357491405
ZNF827,6.07091320942712e-8,-0.25890914711344426,0.319,0.39,0.0022220149437824203
TTC14,6.079837464162562e-8,-0.17092516800700153,0.377,0.465,0.0022252813102581395
IKBIP,6.102623699222579e-8,-0.5110465981034906,0.039,0.07,0.002233621300152456
NCAPD2,6.102823822328645e-8,-0.6133145100484407,0.051,0.085,0.0022336945472105074
SDHA,6.232947638795824e-8,0.46994363275230777,0.342,0.304,0.0022813211652756593
RBM14,6.259896514047193e-8,-0.4963698822743605,0.075,0.117,0.002291184723106413
TAFA2,6.329619573094824e-8,0.4154649795880032,0.089,0.055,0.0023167040599484366
AL357153.2,6.501670405167079e-8,-0.7680630151851608,0.031,0.059,0.0023796763849952027
ZNF532,6.682820006757398e-8,-0.529842621063018,0.056,0.092,0.002445978950673275
KDM3A,6.765965996949278e-8,-0.2637538045399723,0.302,0.375,0.002476411214543405
NR1D2,7.01848785786967e-8,0.421869788008852,0.395,0.358,0.0025688367408588783
TOP3A,7.159242898982902e-8,-0.36957996415187133,0.073,0.114,0.0026203544934567317
DCAF5,7.18102960161092e-8,-0.17013087920390224,0.428,0.515,0.0026283286444856125
AC019205.1,7.256057914701994e-8,-0.7402518545271759,0.039,0.069,0.0026557897573600765
CWF19L2,7.300838268416083e-8,0.3393755015763473,0.49,0.465,0.0026721798146229704
AP2M1,7.32324689333181e-8,0.7058140745981185,0.132,0.093,0.002680381595428376
SOCS7,7.337912437046357e-8,-0.549618107356538,0.039,0.069,0.0026857493310833373
METTL4,7.422945859126721e-8,-0.3527470939890367,0.075,0.115,0.002716872413898971
MMS19,7.518265496931865e-8,-0.29861380119781833,0.127,0.179,0.002751760354532032
SNF8,8.044466041321937e-8,0.7269708522928475,0.136,0.097,0.0029443550157842425
AIG1,8.331916742414933e-8,-0.845803966699411,0.039,0.069,0.0030495648468912896
CHMP2A,8.443431573215996e-8,0.8661407753513015,0.102,0.067,0.0030903803901127865
PECAM1,8.535008595837332e-8,-0.3653202302494992,0.191,0.249,0.003123898496162422
HIKESHI,8.658953955686624e-8,-0.6377932410505416,0.037,0.066,0.0031692637373208613
ATP5PO,8.682029430755629e-8,0.8017657815570596,0.116,0.079,0.0031777095919508676
MPEG1,8.741766064435737e-8,-0.7268095037239233,0.027,0.054,0.0031995737972441243
MGME1,8.754828483100181e-8,-0.5408008468637866,0.034,0.063,0.003204354773099497
SLC9B1,8.812363744955756e-8,-0.7678007632653872,0.03,0.058,0.0032254132542912563
MAZ,8.881934534189268e-8,0.8817403831682138,0.101,0.066,0.0032508768588586138
WDR63,8.911681220380308e-8,-0.730402968692579,0.047,0.079,0.0032617644434713967
TXN,9.172006998283144e-8,0.7882936561569716,0.099,0.064,0.0033570462814416138
HAUS1,9.287630271971664e-8,-0.6738458245834376,0.026,0.052,0.003399365555844349
GYS1,9.359485059565396e-8,-0.5790869220944987,0.044,0.076,0.0034256651266515305
AC087071.2,9.464999537824633e-8,1.0947509110663254,0.064,0.036,0.003464284480839194
MAPK8,9.536892322831372e-8,0.3137134315836789,0.506,0.463,0.0034905979590795105
ZMAT3,9.616160270896247e-8,-0.5764946757043394,0.103,0.147,0.0035196108207507354
TESK2,9.729617293076795e-8,-0.8225249995869868,0.046,0.078,0.003561137225439038
PLAAT4,9.755887819407459e-8,0.5585579058621102,0.23,0.187,0.003570752500781324
PHKA2,9.812470963838499e-8,-0.3570089889308299,0.084,0.126,0.003591462497474529
SLC24A1,9.95428515503924e-8,0.8399807208566066,0.105,0.07,0.0036433679095959123
TMEM91,1.0081144221612705e-7,-0.7783423434093026,0.04,0.071,0.0036897995965524664
GCNT1,1.0456607819670016e-7,-0.8424758375179944,0.035,0.063,0.0038272230280774226
CDC37,1.0543013133164201e-7,0.5285925673367318,0.214,0.17,0.0038588482368694292
PIK3C2B,1.0843446227070878e-7,-0.48752677157683877,0.051,0.085,0.003968809753570212
SAT2,1.0861198080503932e-7,0.9408925910592407,0.081,0.05,0.003975307109445244
SEC31B,1.0871006726581493e-7,-0.423348286267625,0.077,0.118,0.003978897171996092
AHDC1,1.0994095224630568e-7,-0.9184393657591414,0.029,0.055,0.004023948793167034
SLC44A1,1.1213159716673007e-7,-0.7307937959689366,0.052,0.086,0.004104128587899487
HNRNPC,1.1247599034488152e-7,0.20313711075853957,0.76,0.756,0.0041167337226130085
ANKRD44-IT1,1.1294175766854528e-7,-0.6387962961420328,0.032,0.059,0.004133781272426426
PIN1,1.1301025567673478e-7,0.8319691900578456,0.106,0.071,0.004136288368024169
RANBP10,1.1403630093767147e-7,-0.4666039773466124,0.074,0.113,0.004173842650619714
NAPEPLD,1.154240414024444e-7,-0.6227877108216608,0.04,0.07,0.004224635339370867
VAV3,1.1717523274689822e-7,-0.17735146644153765,0.683,0.732,0.004288730693769222
TTF2,1.1744847011147933e-7,-0.4955544490179471,0.073,0.112,0.004298731454550255
ATXN7L3B,1.1755703931038043e-7,0.5970320562795062,0.186,0.144,0.004302705195799234
CEP57L1,1.2007631129126484e-7,-0.9285448161359411,0.03,0.056,0.004394913069571584
GPR65,1.229348268916212e-7,0.7561067204966199,0.159,0.12,0.004499537599060227
SMAP2,1.229664344159666e-7,0.28188012410524843,0.627,0.623,0.0045006944660587935
ATP2A2,1.237735387734788e-7,-0.2396281963230485,0.203,0.267,0.004530235292648097
ZNF354B,1.261423384303342e-7,-0.7953038774089607,0.026,0.051,0.004616935728888662
APOL2,1.2803305171024702e-7,-0.6307420514586015,0.046,0.078,0.004686137725646751
MYO1D,1.2871788321066006e-7,-0.4922289948258874,0.114,0.159,0.004711203243393369
TCP1,1.2980940356490845e-7,0.6395049106032518,0.181,0.14,0.004751153979879214
MAP3K20,1.3158972516148052e-7,-0.6424422258855231,0.064,0.101,0.004816315530635348
LCMT1,1.3413235377159528e-7,-0.443466264030677,0.098,0.143,0.004909378280394159
NUBPL,1.3435186888997692e-7,-0.2827564415011443,0.203,0.262,0.0049174127532420455
RAB11FIP1,1.3617936876651702e-7,-0.24198592539497726,0.17,0.228,0.004984301076223289
KLHDC1,1.3627074701525927e-7,-0.8085022271715161,0.041,0.071,0.004987645611505505
PITHD1,1.3705517168980054e-7,0.8141302757181916,0.112,0.076,0.005016356339018389
WRNIP1,1.4036075648023548e-7,-0.36631451250534564,0.124,0.174,0.005137344047933099
SNX6,1.407160202821554e-7,-0.16312813539125956,0.286,0.365,0.0051503470583471695
MDM4,1.412467835460035e-7,-0.15820440216541654,0.42,0.513,0.005169773524567274
WBP11,1.4606712668710877e-7,0.5092374824589975,0.272,0.231,0.005346202903874869
PDE6D,1.4617888915016771e-7,-0.5767745297162905,0.079,0.118,0.0053502935217852885
BCOR,1.462915189506818e-7,-0.38091810863795605,0.077,0.117,0.0053544158851139044
CYLD,1.463062053213178e-7,0.26615306301337505,0.626,0.621,0.005354953420965553
PAPSS1,1.467263424454714e-7,-0.44016768357062186,0.071,0.109,0.005370330859846699
C20orf194,1.470389401070818e-7,-0.24033660194448866,0.17,0.227,0.0053817722468593
TIGAR,1.511700069147567e-7,-0.4343600176601954,0.091,0.133,0.00553297342308701
ISG20,1.5355252883809173e-7,0.5174368729633879,0.305,0.268,0.005620176108002996
SDF4,1.5364987221107986e-7,0.8373776784240201,0.118,0.082,0.0056237389727977335
HIBADH,1.5409700539218075e-7,-0.27061439662134623,0.169,0.225,0.005640104494359208
NUDT5,1.5468869938032405e-7,-0.3906494799070428,0.089,0.132,0.005661761086019241
RHBDF2,1.561218952601317e-7,-0.34611679090370184,0.149,0.203,0.00571421748841608
RNF169,1.5895302896976524e-7,-0.20938187111438206,0.281,0.354,0.005817839813322377
ZNF350-AS1,1.5925571343123257e-7,1.217999900224076,0.052,0.028,0.005828918367296544
ZBTB4,1.6079520737085743e-7,-0.31047460305000363,0.112,0.16,0.005885265384980753
CREBZF,1.6112693614654516e-7,-0.28215226049339026,0.133,0.186,0.0058974069898996995
ACSL6,1.6411001518539612e-7,-0.5834664779926246,0.035,0.063,0.006006590665800683
SAT1,1.6611872944023582e-7,0.6175746913315701,0.272,0.233,0.006080111616242071
CTDNEP1,1.6615452305859595e-7,0.8460415340958227,0.1,0.066,0.00608142169846767
NAP1L4,1.6973607555509953e-7,0.2832254261955156,0.602,0.589,0.006212510101392198
ANO9,1.7139232739673692e-7,-0.7355832950745937,0.033,0.061,0.006273130575047968
VPS35,1.729277434745379e-7,-0.2551505524527333,0.124,0.175,0.0063293283389115615
GCLC,1.7400639459036524e-7,-0.33226645872839944,0.127,0.177,0.006368808048401958
RMDN1,1.7614004652665605e-7,-0.3814015458985005,0.107,0.153,0.006446901842922138
NCOA1,1.773773371791706e-7,-0.13639971982327648,0.742,0.811,0.006492187918094823
DCTN5,1.779166437046663e-7,-0.3061723201356804,0.124,0.174,0.006511927076234491
RASSF1,1.822824854332522e-7,-0.2972287334041537,0.239,0.304,0.006671721249342464
MFSD6,1.8892917569067703e-7,-0.17357670198956576,0.333,0.416,0.00691499675945447
GMIP,1.9000405498102064e-7,-0.3506641495937808,0.085,0.127,0.006954338416360336
AL683807.1,1.9147473377897043e-7,-0.4633056642406459,0.076,0.115,0.0070081667310440965
PSMC5,1.9245209310873344e-7,0.749445042929326,0.105,0.07,0.0070439390598727525
LDHB,1.9344661425037802e-7,0.4560014744029406,0.291,0.253,0.007080339528178086
CCDC66,1.9490940173766743e-7,-0.18430563094241775,0.208,0.272,0.007133879013000366
POGZ,1.9880511729889658e-7,-0.2023908441730803,0.248,0.32,0.0072764660982569136
MIF4GD,1.9955727270349151e-7,1.1168929191247505,0.059,0.033,0.007303995738220493
ATP10D,1.9984322317356532e-7,-0.6280029282055231,0.041,0.071,0.007314461811375664
MSANTD2,2.010254778957786e-7,-0.48360453853038,0.081,0.121,0.007357733516463393
ABHD2,2.0671608770954823e-7,0.4722327285345608,0.34,0.302,0.007566015526257175
TMEM241,2.0712606021810442e-7,-0.49270672393637316,0.067,0.103,0.0075810209300428396
DERL2,2.076627964657915e-7,0.7892393082548699,0.14,0.103,0.007600666013444435
SEC23IP,2.119294224632853e-7,-0.38487863352541973,0.108,0.153,0.007756828791578705
WHRN,2.1445581381833048e-7,1.0302559992396942,0.094,0.061,0.007849297241564714
SINHCAF,2.1514699557818177e-7,-0.21038879762137958,0.155,0.211,0.007874595185157032
ABCA3,2.1628868553099805e-7,-0.740456992266699,0.032,0.059,0.00791638217912006
RFX1,2.1706865704198197e-7,-0.5778235979153212,0.046,0.078,0.007944929916393582
PHB,2.1954956230585497e-7,0.9169787386302857,0.071,0.042,0.008035733529956597
SH3BGRL,2.2005954942877944e-7,-0.20657278989228411,0.348,0.424,0.008054399568642756
ZNF33A,2.2397998523507435e-7,-0.19068407140280064,0.344,0.42,0.008197891439588956
ANKRD36C,2.2636114565713925e-7,-0.17175806812514915,0.435,0.525,0.008285044292196954
ATF4,2.3681473242324024e-7,0.6466032579368096,0.171,0.131,0.008667656021423015
AC025442.2,2.3782595944469615e-7,-0.3878652038282582,0.083,0.123,0.008704667941635325
TNRC18,2.401025384113104e-7,-0.31629812836809046,0.139,0.192,0.008787993008392371
M6PR,2.4055099690824964e-7,-0.35819362764026075,0.164,0.218,0.008804407037838845
NOMO3,2.454611632418827e-7,-0.6553473787137025,0.029,0.055,0.00898412403581615
SLC25A46,2.479740093437635e-7,-0.3757177394657665,0.101,0.145,0.009076096715991088
ABCB1,2.4906961221543194e-7,0.5376043635019744,0.269,0.223,0.009116196876697024
TSEN2,2.531601865388208e-7,-0.5546721706556546,0.058,0.092,0.009265915987507381
TRIM65,2.5395143511664897e-7,-0.6419784536943292,0.027,0.053,0.009294876476704468
C6orf62,2.5544292424054956e-7,-0.19686443543456722,0.345,0.43,0.009349466470128354
UTP20,2.5617866990711765e-7,-0.3124247442248438,0.118,0.166,0.009376395497270413
CUL9,2.575322346496593e-7,-0.49176588959130463,0.047,0.079,0.00942593732041218
SELL,2.581002831831266e-7,-0.40859551868885446,0.122,0.17,0.009446728464785616
NDUFA7,2.623794523580292e-7,1.0253902655891651,0.067,0.039,0.009603350335756227
DNAH1,2.62420928921545e-7,-0.44018520605660183,0.082,0.123,0.009604868419457468
WAKMAR2,2.6296619334049204e-7,-0.366319720469347,0.102,0.145,0.00962482564245535
GP6,2.631680820315124e-7,1.057460969909636,0.055,0.03,0.009632214970435385
LPAR6,2.6481900608186675e-7,0.6454148854525708,0.147,0.109,0.009692640441602405
NEO1,2.653846308362343e-7,-0.362072010652148,0.091,0.133,0.009713342873237012
VSIR,2.690914220767699e-7,-0.263713628770386,0.205,0.267,0.009849015139431854
TAF7,2.729557381023822e-7,0.5100412792069635,0.235,0.194,0.009990452970285292
KIN,2.734743978271814e-7,0.7396591805873524,0.161,0.122,0.010009436434872666
CAST,2.760951052190534e-7,-0.11642006850455155,0.646,0.732,0.010105356946122572
ARID3A,2.8155507948022817e-7,-0.7666959088303811,0.031,0.057,0.01030519746405583
PPM1G,2.8174500269449753e-7,0.6655700368817327,0.198,0.158,0.010312148843621303
PLPP1,2.826115618739298e-7,0.6741727019294421,0.175,0.134,0.010343865776147704
MRPL9,2.863245290814551e-7,0.8724264270793605,0.091,0.059,0.010479764088910338
NUDT16L1,2.864845156246008e-7,1.0625100017578686,0.073,0.044,0.010485619756376014
PKIA,2.889643203104074e-7,-0.7122901434122428,0.027,0.051,0.010576383087681222
LEPR,2.9020801913184165e-7,-0.7476174300867628,0.043,0.073,0.010621903708244536
TIRAP,2.903207913410747e-7,-0.7343851431284096,0.033,0.06,0.010626031283874675
ODC1,2.948794354704035e-7,0.7894775622912074,0.14,0.103,0.01079288221765224
TCP11L1,3.0082510424784846e-7,-0.29274602079610523,0.103,0.148,0.011010499640575502
ACACB,3.0437810881832266e-7,-0.5849347691293065,0.043,0.073,0.011140543160859427
SQOR,3.0856725595043583e-7,-0.46543156118663287,0.079,0.119,0.011293870135041902
TANK,3.1261709154630357e-7,-0.10370425828327412,0.553,0.63,0.011442098167686257
CAMKK2,3.160724507941204e-7,-0.6182273289751086,0.042,0.071,0.0115685677715156
UBE3B,3.267664555723456e-7,-0.5862013064419067,0.064,0.099,0.011959979040403421
FBXO38,3.3226289491060357e-7,-0.14462996955010027,0.218,0.286,0.012161154216623001
FAM149B1,3.3529809489571115e-7,-0.5760858893415828,0.052,0.085,0.012272245571277924
MTIF3,3.3911453094626724e-7,-0.17684276488528639,0.099,0.144,0.012411930947164328
ANAPC1,3.4458765641002134e-7,-0.21865585289518896,0.192,0.253,0.012612252812263192
PUS7,3.454650985119513e-7,-0.7218471416797878,0.037,0.065,0.012644368070635929
CCDC134,3.459441624309125e-7,-0.38137072116579107,0.081,0.121,0.012661902289133829
ERH,3.4600107458965556e-7,0.687650218620653,0.139,0.101,0.012663985331055984
VRK1,3.483738719142259e-7,-0.2806778466239594,0.191,0.249,0.012750832085932582
CCDC112,3.4921769387177313e-7,-0.7290641306694332,0.042,0.071,0.012781716813400769
PARP10,3.493690761565251e-7,-0.596228133847772,0.05,0.081,0.012787257556404976
ZNF224,3.514164367924988e-7,-0.367200379502596,0.096,0.139,0.012862193003042248
ZNF622,3.5144496965632263e-7,0.738691460772984,0.108,0.074,0.012863237334391065
DHRS1,3.5286146904728935e-7,1.020690712261557,0.066,0.039,0.012915082628599838
CRPPA,3.539659098248816e-7,-0.48268352315368857,0.075,0.112,0.01295550626550049
RSAD2,3.566836707334329e-7,-0.08749530338520994,0.038,0.067,0.013054979032514378
SAP30BP,3.5968582195058156e-7,0.5030401618255937,0.234,0.191,0.013164860769213235
ZADH2,3.6257704411416255e-7,-0.4531641334143117,0.068,0.105,0.013270682391622464
RIOK2,3.636198745151692e-7,0.8433626281357478,0.092,0.06,0.013308851027129708
PCGF6,3.656347123797717e-7,-0.7302097696072813,0.026,0.05,0.013382596107812023
PDK1,3.71250790393043e-7,-0.3407169654355463,0.121,0.167,0.013588150179175766
SSH1,3.724580910513104e-7,-0.32614914349940294,0.15,0.201,0.013632338590569011
ACOX1,3.8397096225114544e-7,-0.4520957820910565,0.064,0.101,0.014053721189354175
TRAF3IP2-AS1,3.8470273841339997e-7,-0.39020027960833303,0.143,0.19,0.014080504928668853
RIC8A,3.916133328815693e-7,1.0975599307913133,0.073,0.045,0.014333439596798317
SLC25A29,3.917782191486562e-7,-0.7507845267877502,0.035,0.062,0.014339474599059966
HIPK3,3.945024178642572e-7,-0.16343770865872465,0.32,0.399,0.014439182996249677
ERVMER61-1,3.971006618438284e-7,-1.0495615394473956,0.029,0.054,0.014534281324145963
DUSP8,3.9894625427339764e-7,1.0628357277286926,0.064,0.038,0.014601831852660627
SMG7,4.039942123266151e-7,-0.20306976830709528,0.295,0.368,0.014786592165366439
NAA35,4.117851728337001e-7,-0.15680601776116287,0.247,0.318,0.015071749110886257
SYNJ1,4.2342192244378036e-7,-0.24813482828010416,0.176,0.233,0.015497665783364804
SLC18B1,4.235095219851628e-7,-0.5691972471091566,0.04,0.069,0.015500872014178943
HNRNPLL,4.2387980896520373e-7,-0.1959858838000421,0.187,0.247,0.015514424887935422
KRBOX4,4.261693310709755e-7,-0.4527404589004753,0.051,0.083,0.015598223686528774
SELENOW,4.2924706544302063e-7,0.8136277239802299,0.116,0.081,0.015710871842279997
HEMK1,4.3503869138777753e-7,-0.7592066517172418,0.027,0.051,0.015922851143484046
SCAF4,4.39160919510238e-7,-0.22657361776422444,0.288,0.357,0.01607372881499422
EOGT,4.4023322063860466e-7,-0.4538715726905478,0.045,0.075,0.01611297610859357
SS18L1,4.4444498458727796e-7,-0.6279512879115035,0.038,0.067,0.01626713088087896
FAM13B,4.444918840640217e-7,-0.09538862647783075,0.434,0.529,0.01626884744862726
UBP1,4.517462077970523e-7,-0.14453590242503328,0.234,0.304,0.016534362951579912
SNX27,4.5398167400930373e-7,-0.30908857197912076,0.112,0.158,0.016616183250414526
NFKB1,4.62974694314869e-7,0.35015400469088864,0.584,0.561,0.01694533678661852
ARL6IP5,4.64415582393232e-7,0.3078738364663097,0.478,0.455,0.016998074731174685
CLINT1,4.6860263996007335e-7,-0.20394273461815737,0.356,0.429,0.017151325225178645
DUSP18,4.800014170670599e-7,-0.7996239996373125,0.029,0.054,0.01756853186607146
RCOR3,4.813400534133907e-7,-0.17568998200768787,0.3,0.377,0.017617527294983514
NUP50,4.818565951988639e-7,-0.27019241128436033,0.114,0.16,0.01763643324087362
CLTB,4.846929077785708e-7,0.8298209712516853,0.095,0.063,0.017740245117603467
PARD6G,4.955806982879153e-7,1.2098716709531594,0.054,0.029,0.018138749138035988
RBPJ,5.012390483202423e-7,-0.2813513116562606,0.247,0.315,0.01834585040756919
GOSR2,5.033262315142329e-7,-0.22232653701157767,0.16,0.216,0.01842224339965244
ZNRF2,5.313470832858482e-7,0.3036459362661692,0.568,0.561,0.01944783459534533
ACADVL,5.313808739789758e-7,0.7186235320383076,0.111,0.077,0.019449071368504493
THRAP3,5.374025584231295e-7,0.30323942380380176,0.496,0.472,0.019669471040844964
ADNP2,5.483401558419999e-7,0.48137027847991254,0.244,0.203,0.020069798043973037
EIF4ENIF1,5.521830194258066e-7,-0.3274246262833045,0.085,0.125,0.02021045069400395
DGKE,5.569157825423559e-7,-0.3312957447303467,0.181,0.235,0.02038367455683277
SERINC1,5.60915338998111e-7,0.2548944138250635,0.531,0.509,0.020530062322669858
SRA1,5.639514091585064e-7,0.7996694736113459,0.104,0.071,0.02064118552661049
PHLDB2,5.643692286085338e-7,-0.4833663803390833,0.096,0.137,0.020656478136300945
TRIM35,5.660319354497745e-7,-0.7479784119645729,0.029,0.053,0.020717334869397194
RRAGB,5.67308551487444e-7,-0.5618301364263654,0.036,0.063,0.020764060292991937
MRPL55,5.688836979499473e-7,1.099104871966774,0.052,0.029,0.02082171222866602
LTN1,5.755778826971711e-7,-0.22611368867150158,0.203,0.262,0.02106672608459916
AKAP9,5.876447034560063e-7,-0.10647177172801792,0.638,0.732,0.021508383791193287
PPP4R2,5.8871261813613355e-07,-0.18202847296166644,0.234,0.301,0.021547470536400624
SERPINB9,5.972535589657311e-7,0.45509952477602156,0.269,0.229,0.021860077511704726
CALM3,6.116807104307689e-7,0.7192748810562464,0.134,0.098,0.022388125682476574
MAP4K3-DT,6.130396632745073e-7,-0.6837473851871292,0.042,0.071,0.02243786471551024
CRTAM,6.25697143779104e-7,0.5986810974818628,0.17,0.131,0.022901141159458984
ENTPD5,6.277846433318859e-7,-0.8895528890570983,0.027,0.051,0.022977545730590354
CADM1,6.314985602366639e-7,0.5153631113017717,0.147,0.108,0.023113478803222138
TMED10,6.328823814256696e-7,0.49604301454383254,0.222,0.181,0.023164128042560933
UBR4,6.3302129124195e-7,-0.18887912773028753,0.339,0.418,0.023169212280746615
NUP43,6.350800278343689e-7,-0.45858836500745115,0.058,0.091,0.023244564098765737
CEPT1,6.404558912844606e-7,-0.19724322192797605,0.156,0.209,0.023441326076902542
NEMF,6.489125713106796e-7,-0.12445930150271622,0.448,0.541,0.023750849022542184
CCDC126,6.548535015432545e-7,-0.8047968681679221,0.028,0.052,0.023968293009984657
AC242426.2,6.564722240341333e-7,-0.6951667737415823,0.04,0.068,0.024027539871873314
SMURF1,6.733738195668121e-7,-0.1847441415713316,0.22,0.281,0.02464615516996489
AC016074.2,6.784518426204959e-7,-0.4463831137512113,0.115,0.161,0.02483201589175277
LNPK,6.958175405326995e-7,-0.24496824092853692,0.18,0.235,0.025467617801037335
CCDC84,7.0147464363923565e-07,-0.22913985607821064,0.184,0.245,0.025674673431839663
LBR,7.201462372429467e-7,-0.23720705545919624,0.322,0.398,0.026358072429329093
ZNF316,7.234715595884121e-7,-0.4859655094361761,0.044,0.073,0.02647978255249547
FAM114A2,7.369537871803002e-7,-0.5201404006190282,0.044,0.073,0.02697324556458617
TOPORS,7.405461813645759e-7,0.6641626817656896,0.132,0.096,0.027104730784124842
TMEM43,7.4154716576057895e-07,-0.3547933323373824,0.08,0.12,0.02714136781400295
SSNA1,7.457254220421653e-7,1.0180894460132306,0.073,0.045,0.02729429617216529
TRMT13,7.52756195483855e-7,-0.23891239785229823,0.113,0.16,0.027551629510904577
ANKRD10,7.54212461779798e-7,-0.21397590761546065,0.251,0.32,0.027604930313602387
YPEL3,7.567670546566447e-7,0.6423275628520597,0.152,0.115,0.027698430967487853
NT5C,7.581252197872516e-7,0.8960172963255231,0.081,0.052,0.027748141169433194
CBWD3,7.609051417640763e-7,-0.9019823522761752,0.027,0.05,0.027849889093706958
FAM228B,7.649587611769362e-7,-0.33747925913114096,0.107,0.151,0.02799825561783704
HEATR3,7.662354283992821e-7,-0.47611514863845206,0.064,0.098,0.028044982914842122
NDFIP1,7.676193280150834e-7,0.318529709790627,0.517,0.497,0.028095635024680068
AP002812.2,7.680692127290122e-7,-0.42967544969830795,0.077,0.114,0.028112101255094574
AC093019.2,7.702935021546121e-7,0.8566340925287061,0.071,0.043,0.028193512472360956
RAB11FIP4,7.785304557108585e-7,-0.3150602475975298,0.154,0.207,0.028494993209473133
NUP205,7.885689167490013e-7,-0.24155402391190622,0.17,0.224,0.028862410921930197
UVSSA,7.923330603584641e-7,-0.47657906562855734,0.072,0.108,0.029000182342180145
KYAT1,8.017602156147731e-7,-0.7644843608342673,0.027,0.051,0.029345225651716312
PLA2G12A,8.040657530224706e-7,-0.5540452240005522,0.037,0.065,0.029429610626375446
CBLB,8.113417026699494e-7,-0.08341318039408119,0.959,0.975,0.029695917659422817
DSE,8.191536886669895e-7,-0.5547730244868463,0.065,0.099,0.029981844158900484
ZNF720,8.396619773316022e-7,-0.28366806940902534,0.14,0.19,0.030732468032313973
KLF3-AS1,8.474033150867979e-7,-0.6948944142669347,0.034,0.06,0.03101580873549189
SREBF2,8.56785192461329e-7,-0.23754714541873595,0.3,0.369,0.031359194829277105
PAXBP1,8.577438947424403e-7,-0.21369505458293891,0.241,0.309,0.03139428429146806
LARP1B,8.619766687915812e-7,-0.550874766162625,0.07,0.104,0.03154920805444066
CHFR,8.620469679205231e-7,-0.17347246899450697,0.231,0.299,0.03155178107285907
ABCF1,8.652365244085922e-7,0.5809482129145562,0.196,0.158,0.03166852202987888
SNRPA1,8.657394291341198e-7,0.40779417993704725,0.322,0.287,0.03168692884573792
PNPLA8,8.751997349418443e-7,0.4520164467509823,0.283,0.244,0.03203318549860645
UCHL3,8.987177305058245e-7,-0.5056523439146596,0.085,0.123,0.03289396765424368
LZTFL1,9.089229638982668e-7,-0.41068222811171584,0.104,0.146,0.03326748940164046
EEF2,9.105947763562359e-7,0.3657141250846457,0.4,0.369,0.03332867940941459
PYROXD2,9.14865202251302e-7,-0.6925479518505417,0.027,0.051,0.033484981267599905
LINC02591,9.379734469860289e-7,-0.4401076503281991,0.081,0.119,0.03433076613313565
ZBTB41,9.868650055049848e-7,-0.3226802037378744,0.067,0.102,0.03612024606648795
ARHGAP17,9.875063862428572e-7,-0.24817288749409058,0.231,0.293,0.036143721242874814
AC073332.1,1.0010712015675386e-6,-0.750705656962779,0.041,0.069,0.03664020704857348
MCRIP1,1.0145312398160181e-6,0.8733178835892916,0.078,0.05,0.03713285790850608
RREB1,1.0165504983100356e-6,-0.13910457598762727,0.333,0.411,0.03720676478864561
XPNPEP3,1.0270388981489261e-6,-0.3446804668019625,0.093,0.133,0.037590650711148844
MRPL47,1.0271017933434927e-6,0.6302918154012052,0.13,0.094,0.03759295273816518
NEDD8,1.0463446053687812e-6,0.692816741061203,0.149,0.113,0.03829725890110276
ADCY7,1.0465190549448385e-6,-0.22697895825082715,0.209,0.269,0.03830364393003603
SEC11C,1.0585992504142459e-6,0.6622529402967021,0.151,0.115,0.03874579116441181
GKAP1,1.0677054037689665e-6,-0.2403513079978168,0.057,0.09,0.039079085483347945
AMD1,1.0693593452766017e-6,0.4053278875058284,0.318,0.278,0.0391396213964689
CD244,1.0773582958924264e-6,-0.4263317361739667,0.075,0.112,0.0394323909879587
LGALS8,1.0790836653488413e-6,-0.26915264104471515,0.171,0.226,0.03949554123543294
NPHP3,1.0797933479587823e-6,-0.2006780579451447,0.155,0.209,0.03952151632863939
ATP5F1B,1.0836784823019668e-6,0.5932701991053652,0.19,0.154,0.039663716130734286
NBR1,1.0870111136158975e-6,-0.2662361201772018,0.136,0.184,0.03978569376945546
SP140,1.0873143011414207e-6,-0.08922312957776934,0.34,0.424,0.039796790736077135
UQCRC2,1.1021331541392634e-6,0.49794724001546553,0.268,0.23,0.04033917557465118
POLR1D,1.1069429849247514e-6,0.6007808810077654,0.18,0.143,0.04051522019123083
RCC1L,1.115854350950798e-6,-0.3918945151602078,0.083,0.122,0.04084138509915016
ITGB3BP,1.125773992067104e-6,-0.3189047762623436,0.125,0.171,0.04120445388364807
C16orf72,1.1282232387916991e-6,-0.18902048540105365,0.173,0.229,0.04129409876301498
AL021368.2,1.1296109970365022e-6,-0.5513841514747688,0.061,0.093,0.04134489210253302
TULP4,1.1311905886582581e-6,-0.1774973602242052,0.322,0.394,0.0414027067354809
CWC15,1.1543923843947074e-6,0.637581605314309,0.18,0.143,0.04225191566123069
LSM1,1.177525849843953e-6,0.9336633815575768,0.074,0.046,0.04309862363013852
NCK1-DT,1.1775355283615133e-6,-0.5716415352782791,0.03,0.054,0.04309897787355975
ZNF789,1.177930740253814e-6,0.7772055196569334,0.108,0.076,0.04311344302402984
BET1,1.186014357449275e-6,-0.5513185502863958,0.039,0.066,0.04340931149700091
RIF1,1.1935807348072473e-6,-0.1726378847320249,0.369,0.447,0.043686248474680056
PURB,1.2060163631589848e-6,-0.253903612643253,0.102,0.144,0.044141404907982004
ATP6V0B,1.2105280176847692e-6,0.7636784175597888,0.104,0.072,0.04430653597528023
CCT6B,1.212326652878231e-6,0.830189700084031,0.069,0.042,0.044372367821996134
SELENOH,1.2229294303018857e-6,0.7628523747492166,0.12,0.086,0.04476044007847932
KPNA4,1.2364915085435133e-6,-0.17270698727584738,0.321,0.398,0.045256825704201135
TSR2,1.2423422675684263e-6,0.990213568712913,0.075,0.047,0.04547096933527197
PAAF1,1.2464250965394484e-6,-0.41463938862879823,0.038,0.065,0.04562040495844035
NAA25,1.252572220370329e-6,-0.24177847124928994,0.219,0.28,0.045845395837774416
PGPEP1,1.2602645872854471e-6,-0.545378008126439,0.05,0.081,0.04612694415923465
TES,1.2712842433561404e-6,-0.21973881865582268,0.364,0.438,0.04653027459107809
SARM1,1.2775791718360541e-6,-0.31291372264184836,0.118,0.164,0.04676067526837142
HSPH1,1.2887291172081892e-6,-0.13608159011509824,0.094,0.137,0.04716877441893693
KLHL2,1.3236822270760711e-6,-0.2324031823642911,0.251,0.312,0.04844809319321128
LCOR,1.3269141492661605e-6,-0.10814257046763354,0.551,0.644,0.04856638477729074
CCR7,1.3326321572287574e-6,-0.3585306338304317,0.05,0.081,0.04877566958672975
AC015871.1,1.336873864612412e-6,-0.6211020938269094,0.035,0.061,0.04893092031867889
MROH1,1.3449957931263474e-6,-0.36039286337769383,0.067,0.102,0.04922819102421744
TSN,1.353704112605732e-6,0.6864336876106741,0.149,0.113,0.049546924225482396
TUBD1,1.3570243702349487e-6,-0.3151030938919228,0.044,0.073,0.04966844897496936
KPNB1,1.3604718760657156e-6,-0.11308038410842702,0.42,0.51,0.04979463113588126
ATXN7,1.3607583044841277e-6,-0.16542220625873627,0.442,0.525,0.04980511470242356
CHTOP,1.3700906942700726e-6,-0.42481911443335396,0.083,0.121,0.050146689500978926
DNASE2,1.373774696773817e-6,1.150875085848119,0.053,0.03,0.05028152767661848
TEX14,1.3868589453110208e-6,1.0027022203158422,0.126,0.094,0.05076042425732867
ALG13-AS1,1.3981935741372469e-6,1.2374941365006986,0.058,0.034,0.05117528300699737
XPO7,1.4167610642998212e-6,-0.21092957083114888,0.241,0.304,0.051854871714437756
OARD1,1.4240659710512637e-6,-0.4331611510454285,0.097,0.137,0.0521222386064473
KLHDC2,1.4246891887337843e-6,0.43936149309426514,0.278,0.24,0.05214504899684524
ATP5ME,1.4274896801643048e-6,0.6892812579493695,0.133,0.098,0.05224754978369372
TAB1,1.4452764220494233e-6,-0.6533826294432519,0.036,0.063,0.052898562323430945
PLIN3,1.4478704251522261e-6,-0.5221076551544561,0.052,0.083,0.05299350543099663
ZC3H7B,1.4487586540692614e-6,-0.3594800672446814,0.082,0.12,0.053026015497589035
ASB3,1.4488193443087762e-6,-0.18547526394768488,0.382,0.457,0.053028236821045516
TDRD7,1.4517676805183853e-6,-0.4239983854381446,0.086,0.124,0.05313614887465342
MLLT6,1.4539006858979432e-6,-0.16274248868822155,0.326,0.402,0.053214219004550624
VAMP2,1.4578949935339422e-6,0.4829649704962382,0.303,0.27,0.05336041465833582
SLC25A53,1.45938231227669e-6,-0.3841169769751598,0.075,0.111,0.05341485201163913
UBALD2,1.5252272698039323e-6,0.6592071395215131,0.165,0.129,0.055824843302093724
SZT2,1.5345285127892259e-6,-0.2665622593588801,0.091,0.132,0.05616527809659846
ANKRD13A,1.5688620621086489e-6,-0.2581517269321373,0.14,0.189,0.05742192033523866
SRPRA,1.5787885220508206e-6,0.6861878556263556,0.165,0.13,0.05778523869558209
STAM2,1.58941489282059e-6,-0.19653236251063344,0.158,0.21,0.05817417449212642
GALNT6,1.6039299567168404e-6,-0.573842626128656,0.037,0.063,0.05870544034579308
DNAJA1,1.6055447400068487e-6,0.5623318663578535,0.283,0.251,0.058764543028990666
ANKRD13D,1.6172312135826826e-6,-0.2152626586894104,0.14,0.19,0.059192279648339764
SELENOI,1.6319696274769605e-6,-0.1744037333619084,0.155,0.207,0.05973172033528423
OXNAD1,1.6769563522711472e-6,-0.20836328018224515,0.375,0.45,0.061378279449476256
PASK,1.7190906168213717e-6,-0.3661136801085436,0.045,0.073,0.06292043566627903
TRMT11,1.7231512684022188e-6,-0.3027582307131288,0.198,0.252,0.06306905957478962
PIK3AP1,1.7297201378484014e-6,-0.12767772971246855,0.163,0.214,0.06330948676538933
EML5,1.73529673724198e-6,-0.44704198155294805,0.045,0.073,0.06351359587979372
NPC2,1.7396466319509036e-6,0.9180887194640528,0.069,0.043,0.06367280637603502
SBK1,1.7460061017364186e-6,-0.374854273960767,0.11,0.153,0.06390556932965466
MCM6,1.7593441295483538e-6,0.6095770470752082,0.172,0.136,0.0643937544855993
ZNF440,1.771641603410911e-6,-0.6362803024631902,0.04,0.068,0.06484385432644275
ARL10,1.779409163956799e-6,-0.6485061437990813,0.03,0.054,0.0651281548099828
CTSC,1.7898485582961352e-6,-0.1946947868783171,0.334,0.404,0.06551024708219684
TSR3,1.7919584770703486e-6,0.7637891540255821,0.074,0.047,0.06558747221925183
TERF1,1.8126763168360568e-6,0.4291353775735588,0.318,0.281,0.06634576587251652
SLCO4C1,1.820808177622279e-6,-0.5077998373391203,0.097,0.136,0.06664340010915304
ATP5F1A,1.8782302091686242e-6,0.5370166056187431,0.219,0.183,0.06874510388578081
NRF1,1.903161975661448e-6,-0.17809472786972025,0.438,0.515,0.06965763147118466
USP10,1.9174775936712535e-6,-0.2052473405626083,0.319,0.387,0.07018159740596155
B3GAT1,1.94636694113923e-6,-0.6740871939118724,0.037,0.063,0.07123897641263696
TADA2B,1.9580467332229557e-6,0.8589588634761909,0.074,0.047,0.0716664684826934
MTOR,1.964058773192045e-6,-0.2481833120734367,0.184,0.238,0.07188651515760204
MAP4K1,1.9806802450821675e-6,-0.2995642973848023,0.115,0.16,0.0724948776502524
PHF5A,2.0074080389307873e-6,1.0296117494710275,0.061,0.037,0.07347314163290575
DDX27,2.015800522467751e-6,0.568320233951888,0.206,0.17,0.07378031492284215
APOBEC3G,2.0407618011309355e-6,-0.3581484368512595,0.086,0.124,0.07469392268319337
WSB1,2.0654278984081673e-6,-0.08924166852428603,0.268,0.343,0.07559672650963734
PPM1B,2.0750619382265034e-6,-0.0932013410968322,0.637,0.732,0.07594934200102825
NAGK,2.0861400100904033e-6,-0.731299211417582,0.037,0.062,0.07635481050931885
REEP3,2.1016836056559655e-6,-0.2787365660178942,0.1,0.141,0.076923721650614
S1PR5,2.12478395344054e-6,0.7448778028118335,0.118,0.086,0.0777692174798772
PCID2,2.1449499860307366e-6,-0.2459740186887882,0.108,0.151,0.07850731443871099
AC068888.1,2.155496497886226e-6,0.9331551312343342,0.101,0.071,0.07889332731913375
C1orf159,2.163704950844618e-6,-0.5941278221545345,0.041,0.067,0.07919376490586387
OLA1,2.164965195541496e-6,-0.20318672762868017,0.332,0.396,0.0792398911220143
PPP2R1B,2.1892552740002017e-6,-0.3173727611123667,0.104,0.146,0.08012893228368138
CEP97,2.2180529500579356e-6,-0.37586536588533637,0.07,0.104,0.0811829560250705
RSPRY1,2.2246757598540645e-6,-0.28420635797882177,0.123,0.167,0.08142535748641862
XRCC6,2.235715051484832e-6,0.40213544030582193,0.314,0.28,0.08182940659939633
CARF,2.2480205145797187e-6,-0.24290674801384238,0.131,0.177,0.08227979885413228
CCDC186,2.248689068810004e-6,0.42223179408323613,0.316,0.28,0.08230426860751495
UQCC1,2.253034831321604e-6,-0.19568032844812344,0.181,0.237,0.08246332786120203
SSBP1,2.27140512012398e-6,0.40242575077519965,0.251,0.211,0.08313569880165779
ZNF248,2.301440774313393e-6,-0.4591866141912597,0.061,0.093,0.0842350337806445
BRD8,2.306001375780945e-6,-0.5764940749767837,0.042,0.07,0.08440195635495837
DGCR2,2.308574273833652e-6,-0.17368737370221105,0.234,0.298,0.0844961269965855
USP4,2.3186624144314686e-6,-0.19769124269189356,0.225,0.287,0.08486536303060618
COIL,2.3297282001927433e-6,0.8012992968335213,0.108,0.077,0.0852703818552546
ZNF800,2.335011417024013e-6,-0.14982979530341756,0.44,0.527,0.0854637528744959
CEBPZOS,2.3382420328521896e-6,0.6039182978177369,0.17,0.133,0.085581996644423
VNN2,2.342022098910164e-6,-0.2558426323890495,0.08,0.118,0.08572035084221091
USP45,2.3444487151406885e-6,-0.3153071534690284,0.122,0.166,0.08580916742286435
AC083862.3,2.397867083848292e-6,-0.6237256761191232,0.036,0.061,0.08776433313593134
RALGPS1,2.4114378605486724e-6,-0.4261424958585618,0.081,0.118,0.08826103713394196
ARRB2,2.4235859715231216e-6,-0.2556356934920988,0.158,0.207,0.08870567014371777
GPATCH2L,2.427762404239279e-6,-0.17804832524388997,0.258,0.323,0.08885853175756185
EHBP1L1,2.4411268723707013e-6,-0.24305137597932913,0.089,0.128,0.08934768465564004
SLC39A9,2.5052787905917867e-6,-0.31938922290153937,0.142,0.188,0.09169570901444998
VAC14,2.5178169373761963e-6,-0.15359921692318845,0.143,0.193,0.09215461772490616
EPHA1-AS1,2.521529071061173e-6,-0.5443894975867178,0.028,0.051,0.09229048552991
AC012085.2,2.523540056365987e-6,1.252652910904005,0.05,0.028,0.0923640896030515
CERT1,2.5286676842706377e-6,-0.1613479767267204,0.394,0.47,0.09255176591198962
SYNC,2.5420552516421837e-6,1.009817730786502,0.074,0.048,0.09304176426535557
GOLGA5,2.5459592196988884e-6,-0.40991063345691403,0.067,0.101,0.09318465340019902
PAXIP1-AS2,2.551884521732301e-6,-0.6743713571972427,0.04,0.066,0.09340152537992394
PNRC2,2.5561619742062497e-6,0.5460500777369927,0.17,0.134,0.09355808441792295
TIMM22,2.5590741777439795e-6,1.070692848263079,0.051,0.029,0.0936646739796074
MRPL33,2.595445658009265e-6,0.5112751159774014,0.101,0.069,0.09499590652879711
NME3,2.628171423457282e-6,0.7872313155541792,0.095,0.065,0.09619370226995998
TACC3,2.634140179154547e-6,-0.3927781984991896,0.072,0.107,0.09641216469723558
TSTD3,2.696141782683765e-6,0.587628131446084,0.15,0.115,0.09868148538800847
VPS39,2.705675755342916e-6,-0.2094989877739677,0.171,0.226,0.09903043832130606
SLC25A24,2.718390243982161e-6,-0.2810572030260311,0.116,0.16,0.09949580131999107
DUS2,2.7277824712074003e-6,-0.4268445078071492,0.05,0.08,0.09983956622866205
PLEKHM3,2.7587644641149767e-6,-0.20797609609517134,0.206,0.261,0.10097353815107227
ERVK13-1,2.7704111283410683e-6,-0.413621774645466,0.046,0.075,0.10139981770841144
GOLGA3,2.8052139323569532e-6,-0.3111871136148483,0.102,0.142,0.10267363513819684
BCR,2.8111533627988553e-6,-0.19630779862297457,0.281,0.349,0.10289102423180091
EIF6,2.828556331639438e-6,0.9085196996989882,0.073,0.047,0.10352799029433507
VCPIP1,2.8690006068591725e-6,-0.18662248381557706,0.206,0.265,0.10500829121165257
PARVB,2.872546151415931e-6,-0.4812196465430931,0.046,0.075,0.1051380616879745
PNPLA6,2.9168863042769093e-6,-0.3989288441767229,0.062,0.094,0.10676095562283916
ARSG,2.922774388318183e-6,-0.24339070707972765,0.132,0.177,0.10697646538683381
TMBIM6,2.9284225494681413e-6,0.27444642461054114,0.47,0.455,0.10718319373308344
MEMO1,2.9598714826624186e-6,-0.602107148862201,0.038,0.064,0.10833425613692718
RAD9A,2.9650180427887202e-6,-0.6155053986532044,0.047,0.075,0.10852262538410995
STX17,2.9883116551537186e-6,-0.24052214384302317,0.137,0.185,0.10937519489028125
SLC17A5,2.991884772244276e-6,-0.158089312336663,0.148,0.198,0.10950597454891275
C3orf62,3.013607205943134e-6,-0.507192088250513,0.033,0.058,0.11030103734472464
ZNF195,3.014811641914974e-6,-0.2898251596607939,0.093,0.132,0.11034512090572997
CASP8,3.0208351034624477e-6,-0.22125675777522336,0.469,0.543,0.11056558562182905
ASTN2,3.0275435835798564e-6,-0.6799217977047025,0.055,0.084,0.11081112270260632
LUC7L,3.1101655737352642e-6,-0.19243202296028136,0.238,0.302,0.1138351701642844
C1RL-AS1,3.1690325285671062e-6,-0.6550862310922505,0.028,0.05,0.11598975957808466
FBXL18,3.179003707080238e-6,-0.384660646156576,0.041,0.067,0.1163547146828438
ARF4,3.21705090857598e-6,0.5961730401384309,0.179,0.144,0.11774728030478945
ARPP19,3.2273129156365507e-6,0.40638706689104215,0.316,0.279,0.11812288002521339
SEH1L,3.2370721568704793e-6,-0.3922468809339592,0.061,0.092,0.11848007801361642
BCL10,3.2421850321851597e-6,0.7863537985780773,0.096,0.067,0.11866721436300903
PTPRM,3.2732739484367226e-6,0.44813275098338456,0.371,0.335,0.11980509978673248
EMC1,3.287112001929196e-6,0.8826533913089634,0.07,0.045,0.12031158638261051
DLEU1,3.3143923704063463e-6,-0.43639541995126074,0.161,0.208,0.12131007514924268
ODF2,3.3175859367674314e-6,-0.5588025794432014,0.045,0.073,0.12142696287162476
BRD9,3.3252344178320953e-6,0.49895898806073036,0.254,0.222,0.12170690492707252
ICAM2,3.3291750807832993e-6,-0.501798448873449,0.069,0.102,0.12185113713174954
ASH2L,3.3325088867495802e-6,-0.292909699076204,0.119,0.162,0.12197315776392138
AC022210.2,3.363343826413401e-6,-0.43813823126904206,0.038,0.064,0.1231017473905569
FKBP5,3.3929776067278463e-6,-0.03573777178821258,0.568,0.669,0.1241863733838459
WDR60,3.4013821865854337e-6,-0.277126314090718,0.116,0.158,0.12449398941121347
SETD1B,3.444764440225744e-6,-0.2517693946580144,0.127,0.174,0.12608182327670245
DHRS7B,3.4551792778196108e-6,-0.36509339458574175,0.076,0.11,0.12646301674747557
ARMCX4,3.4606787051878684e-6,-0.7674425863421419,0.033,0.057,0.12666430128858117
MKLN1,3.476895720817846e-6,-0.08646461763064339,0.67,0.757,0.12725786027765398
STIMATE,3.487013232858026e-6,-0.35404874048005874,0.075,0.11,0.12762817133583662
LGR6,3.493387938103292e-6,-0.4129576066939096,0.098,0.136,0.12786149192251858
NUS1,3.506722854974707e-6,-0.2515293261991565,0.174,0.224,0.12834956321492924
COG6,3.5126795888334795e-6,-0.31760633852090203,0.221,0.274,0.12856758563089418
FAM219A,3.534514270601815e-6,-0.5935851064207043,0.041,0.067,0.129366756818297
RALGPS2,3.592512389098392e-6,-0.851979422916969,0.03,0.052,0.13148954595339024
ACSL1,3.6072018133434533e-6,-0.29609454568818094,0.093,0.132,0.13202719357018372
CHMP3,3.660535399199691e-6,-0.253165237093699,0.209,0.262,0.1339792561461079
GALNT10,3.7148182521634766e-6,-0.21850552858679428,0.429,0.493,0.1359660628474354
AHR,3.7398452893705532e-6,-0.27319174910975486,0.139,0.185,0.1368820774362516
TRIM52,3.7707284464688626e-6,-0.3079158208423032,0.093,0.131,0.13801243186920684
TSC1,3.7915115264349143e-6,-0.34688052648871137,0.092,0.13,0.1387731133790443
ELAC2,3.796887302015911e-6,-0.40644711045377013,0.063,0.095,0.13896987214108436
THOC2,3.814215841355176e-6,-0.10800057015371323,0.407,0.494,0.1396041140094408
C17orf67,3.869639986889814e-6,-0.559932714927156,0.041,0.068,0.1416326931601541
GNB5,3.908911617478496e-6,-0.2042173763101558,0.191,0.245,0.14307007411133044
UTP23,4.007089430124739e-6,0.60105854361141,0.128,0.094,0.14666348023199557
BTBD11,4.008714345637097e-6,0.379499392183997,0.209,0.27,0.14672295376466338
IPMK,4.143130824278632e-6,-0.2322869380974255,0.107,0.148,0.1516427312994222
CCT8,4.1903718005336036e-6,0.5738810658290581,0.163,0.127,0.15337179827133043
ACTN4,4.232006207731354e-6,-0.1903327289510979,0.295,0.361,0.15489565920917528
LINC01572,4.248760995557077e-6,-0.6898915752663628,0.035,0.059,0.1555089011983846
PPP1R15A,4.2498131036322095e-6,1.0704649522304002,0.054,0.032,0.1555474094060425
MFN2,4.2676090268084615e-6,-0.37462274953047947,0.069,0.103,0.1561987579902165
NDUFV2,4.298578158935106e-6,0.33413271180918647,0.357,0.326,0.15733225919518382
DENND5A,4.308765306598067e-6,-0.5497290858958779,0.066,0.098,0.15770511898679587
ESR1,4.322026278508516e-6,-0.9452631748439182,0.033,0.057,0.1581904838196902
GNL3L,4.325859632235175e-6,-0.28451513474690504,0.108,0.149,0.15833078839943965
CLIP4,4.361517122518367e-6,0.2919814601984738,0.497,0.472,0.15963588820129476
AIP,4.372424479132556e-6,0.8053849265706026,0.097,0.068,0.16003510836073068
ALS2,4.416423499004161e-6,-0.47194709477034635,0.057,0.087,0.1616455164870513
SRFBP1,4.45009019171799e-6,-0.338803363182379,0.105,0.144,0.16287775110707015
ZNHIT1,4.471965692425777e-6,0.7643173675681598,0.094,0.065,0.16367841630847588
RBM10,4.6631998038514035e-6,-0.30103333681614997,0.114,0.155,0.17067777602076523
ZNF655,4.6748063216569105e-6,-0.17450342753758802,0.25,0.319,0.1711025861789646
USP7,4.691492828502087e-6,-0.1824647664328347,0.354,0.432,0.1717133290160049
LIPE-AS1,4.845340977049378e-6,-0.4903142494227237,0.079,0.114,0.17734432510098427
MBD1,4.870785525765694e-6,0.7283088850096595,0.119,0.088,0.17827562102855016
TAF11,4.90891930505676e-6,0.555285071346632,0.203,0.169,0.17967135548438248
CDC7,4.909931957860566e-6,-0.6129566708178835,0.05,0.078,0.17970841958965458
PSMC1,4.961927399989783e-6,0.5497382165831052,0.178,0.143,0.18161150476702606
CYP51A1,5.002189671657028e-6,0.5670841306844228,0.133,0.1,0.1830851441723189
SLC25A13,5.006383930318797e-6,-0.2541271756119931,0.203,0.255,0.18323865823359828
SNHG16,5.0176875888572885e-6,0.6253212944272191,0.131,0.098,0.18365238343976562
HSDL2,5.0252497220265286e-6,-0.6340800160176738,0.053,0.081,0.18392916507589296
LUC7L2,5.066245882377801e-6,0.23714679176201492,0.626,0.621,0.1854296655409099
COG5,5.097503809180556e-6,-0.10777955320602262,0.757,0.804,0.18657373691981752
PSMA3-AS1,5.1406758610588935e-6,-0.16088940733027562,0.319,0.389,0.18815387719061658
GNG2,5.14763454334124e-6,-0.0734305126748338,0.665,0.754,0.18840857192083274
CASP7,5.163454968458232e-6,-0.31665660050238986,0.083,0.119,0.18898761530053976
PGLS,5.226241961451581e-6,0.8146213231680854,0.111,0.08,0.19128568203108934
TAF1D,5.246607801285456e-6,0.413334936435283,0.367,0.344,0.19203109213484895
GTF3A,5.2642128610696e-6,0.4774468206493969,0.214,0.18,0.19267545492800844
RO60,5.29196152722102e-6,0.38450906584925104,0.351,0.319,0.19369108385781655
MLLT1,5.397195989278768e-6,-0.5905647394917546,0.028,0.051,0.1975427704035922
FNDC3A,5.414025335068306e-6,-0.11392855931516688,0.567,0.647,0.19815874128883507
BTAF1,5.484705437400945e-6,0.3158953270452449,0.499,0.486,0.200745703714312
LMNB1,5.5474451098896434e-6,-0.4676065226226529,0.063,0.094,0.20304203846707083
ERCC8,5.561859519864911e-6,-0.28943083753656595,0.086,0.121,0.2035696202865756
UBL3,5.591146516784006e-6,-0.25321962956071,0.361,0.428,0.2046415536608114
GRPEL1,5.6202220641927944e-6,0.681916315695914,0.091,0.062,0.20570574777152048
MCC,5.676461559159596e-6,0.8674996218254276,0.072,0.046,0.20776416952680038
RMND5A,5.697181235189424e-6,-0.21954074323649173,0.199,0.253,0.2085225303891681
CAB39L,5.802427210457727e-6,-0.6615418129218322,0.041,0.067,0.21237463832996328
EGLN1,5.818641568576851e-6,-0.30882662510662784,0.153,0.2,0.21296810005148134
LINC01031,5.865563552317752e-6,1.0300792353055939,0.051,0.029,0.21468549157838204
GLMN,5.956493398656448e-6,-0.0734994933119828,0.217,0.279,0.21801361488422463
ACER3,5.999800031567786e-6,-0.19014040521887754,0.15,0.198,0.21959868095541255
AC009879.4,6.018554242463845e-6,-0.6329872219546169,0.036,0.061,0.22028510382841918
AC092279.1,6.03451554805728e-6,-0.5450533898634262,0.034,0.058,0.2208693035744445
ACAP1,6.0678808023786606e-6,-0.17281409360076772,0.277,0.346,0.22209050524786136
FUT11,6.070213578721266e-6,-0.26250549979065463,0.159,0.207,0.22217588719477707
NUP93,6.10743170213596e-6,-0.281379845936914,0.15,0.195,0.22353810772987828
RAD54L2,6.13855523597469e-6,-0.1741400640357782,0.17,0.222,0.22467726019190962
GABARAPL2,6.142823150844431e-6,0.634958012488412,0.109,0.078,0.22483347014405702
MARCH7,6.173284276509432e-6,-0.1148515921044373,0.505,0.59,0.2259483778045217
FP671120.4,6.190186943141052e-6,-0.5443313438018236,0.036,0.06,0.22656703230590566
LMAN2,6.207990656369735e-6,0.6015490724220645,0.164,0.129,0.22721866601378865
VAMP8,6.273419225438738e-6,0.6634929608979805,0.141,0.109,0.22961341707028327
AL133243.3,6.401738989026711e-6,-0.4446388140940094,0.053,0.081,0.23431004873736666
XRN2,6.4252720817498545e-6,-0.14013622548538152,0.417,0.493,0.23517138346412642
LDHA,6.428745382945803e-6,0.5614645328849441,0.142,0.109,0.23529850976119934
SLTM,6.452847074200756e-6,-0.1356681607586827,0.522,0.597,0.23618065576282188
MED25,6.6447786996030165e-6,-0.6019691078777076,0.034,0.057,0.24320554518417
MBD3,6.680872446353616e-6,-0.4995653821663044,0.05,0.078,0.2445266124089887
ANAPC7,6.700535439831025e-6,-0.2606712709517689,0.098,0.137,0.24524629763325534
GTF2E2,6.761020395867484e-6,-0.1275571773315587,0.251,0.313,0.2474601075091458
ZNF41,6.7722185969406575e-6,-0.34370209984343747,0.054,0.083,0.24786997286662502
SMIM8,6.822062466270551e-6,-0.44499389987381277,0.07,0.102,0.24969430832796843
PTCH1,6.842870133315858e-6,-0.2856344607344815,0.143,0.189,0.25045588974949373
RNF7,6.856820254947211e-6,0.5349595013370831,0.127,0.095,0.25096647815132284
POGLUT1,6.915017651470336e-6,0.6487008276214302,0.174,0.139,0.2530965610614658
SLC16A3,6.924182643601407e-6,0.7352851509769687,0.112,0.083,0.25343200893845513
DHX32,6.9871959401384745e-6,0.7555886334911903,0.071,0.045,0.2557383586050083
AMY2B,7.01881372800196e-6,-0.4133019331350467,0.048,0.076,0.2568956012585997
OXSR1,7.033270308595224e-6,-0.14721051904607504,0.219,0.28,0.2574247265648938
ZBTB25,7.080701882286411e-6,-0.21705826486016566,0.157,0.207,0.25916076959356493
POLE4,7.1158080494125664e-6,0.8562336963279362,0.07,0.045,0.26044569041654936
CSAD,7.169281684323204e-6,-0.4569182119854187,0.064,0.096,0.2624028789279136
FOSL2,7.225228179969286e-6,0.5215224756274357,0.203,0.169,0.26445057661505583
KIDINS220,7.3421732192772255e-06,-0.15917162039380606,0.412,0.485,0.2687308819987657
DDX6,7.35988574559821e-6,0.1653436754747193,0.718,0.724,0.2693791781746401
S100A11,7.388922483186181e-6,0.7215309150555498,0.107,0.077,0.2704419518070974
MED19,7.436991493960757e-6,0.8160219220415379,0.064,0.04,0.2722013256704577
MRI1,7.461960403602899e-6,-0.5509227842057336,0.043,0.068,0.2731152127322697
MED23,7.462001852194696e-6,0.3044260267205362,0.451,0.432,0.27311672979217805
ZNF559,7.501992064083092e-6,-0.38819944590989097,0.049,0.077,0.27458041153750523
TDP2,7.5377805011648745e-6,0.5616600569084648,0.179,0.144,0.2758903041231356
ZNF141,7.600450725885927e-6,-0.0977360149691544,0.149,0.199,0.27818409701815083
ZNF836,7.608597321991335e-6,0.8835291649718195,0.074,0.048,0.27848227058220487
PRPF38B,7.797168533762773e-6,-0.14564289584048745,0.349,0.426,0.2853841655042513
USP37,7.836493016435088e-6,-0.2031325438844358,0.109,0.15,0.2868234808945407
ARHGAP4,7.896366933278787e-6,-0.21570395281685104,0.215,0.274,0.2890149261249369
SCAP,7.918365740501664e-6,-0.2925047262283047,0.107,0.147,0.2898201044681014
DOCK7,7.919430556548993e-6,-0.16835348469423317,0.095,0.133,0.28985907780024966
TAF3,7.927784363486908e-6,-0.16093790107689898,0.392,0.46,0.29016483548798433
ZNF197,7.975863879155404e-6,-0.43768894703890693,0.046,0.073,0.291924593840967
WWC3,8.158485162477174e-6,-0.355299888151158,0.092,0.128,0.29860871543182704
CLIC3,8.187245010012573e-6,1.0869642049518102,0.055,0.033,0.2996613546114702
CYB561,8.281364838298908e-6,-0.46161554025836127,0.048,0.075,0.3031062344465783
HP1BP3,8.300727125791119e-6,-0.11351458148872129,0.455,0.546,0.30381491353108075
COL6A2,8.355119530510932e-6,0.69852322553529,0.12,0.089,0.3058057299362306
ZNF91,8.412838871144386e-6,-0.12113526850726192,0.304,0.377,0.30791831552275567
RALBP1,8.456687513253629e-6,-0.2279971706697559,0.122,0.165,0.30952321967259605
LTB4R,8.586508479300514e-6,-0.583832957177747,0.038,0.062,0.3142747968508781
DOK6,8.643284685076736e-6,1.0462676283722472,0.072,0.047,0.3163528627584936
LINC02256,8.679879543609092e-6,0.8267849419278677,0.083,0.057,0.31769227117563636
B3GLCT,8.740488388664332e-6,0.5133010707047385,0.171,0.134,0.3199106155135032
POLE,8.770719399230271e-6,-0.612664122543094,0.034,0.057,0.32101710073122713
ENPP4,8.78458852535834e-6,-0.23020038267089982,0.099,0.137,0.32152472461664056
AGPAT5,8.824665689011632e-6,-0.27138387159897603,0.082,0.116,0.32299158888351476
TMEM168,8.867740151062877e-6,-0.11032081954347303,0.215,0.274,0.32456815726905236
ACTR3C,8.981843783137129e-6,-0.29935031319080974,0.076,0.109,0.32874446430660204
ZNF398,8.99224891478642e-6,-0.24294095006696392,0.102,0.14,0.32912530253009775
WDR48,9.087989717042423e-6,0.3780248635290562,0.367,0.339,0.3326295116334697
WDR19,9.237621355052176e-6,-0.33520139352918,0.042,0.067,0.3381061792162647
BCAP29,9.391339206335587e-6,-0.4077646922328284,0.079,0.112,0.3437324062910888
TSNARE1,9.408754130722156e-6,-0.4514640972349666,0.066,0.097,0.34436980993856164
SOX13,9.443415936493876e-6,-0.6049525089607486,0.038,0.062,0.34563846669161236
BCL2L11,9.571841075269517e-6,-0.24002948700159787,0.143,0.188,0.3503389551959396
BLOC1S2,9.845443462321157e-6,0.7342159092191631,0.092,0.064,0.36035307616441664
MAP2K4,9.84571419387186e-6,0.30125913112361813,0.505,0.478,0.36036298520990395
LINC00476,9.939484136689373e-6,-0.4385016984998852,0.132,0.171,0.3637950588869677
RNF4,9.956390318373899e-6,-0.17678130307838322,0.283,0.348,0.3644138420428031
SPICE1,1.0011452606715202e-5,-0.637532904678451,0.046,0.072,0.3664291768583831
EVI2A,1.0175131172850461e-5,0.8242478033379228,0.124,0.095,0.3724199760574997
XPNPEP1,1.0242232460344808e-5,-0.30762837353410677,0.113,0.153,0.37487595028108034
GAK,1.0277708976606035e-5,-0.12381750449243677,0.237,0.299,0.3761744262527575
TMEM192,1.0288448549526727e-5,-0.37627843199962974,0.083,0.117,0.37656750536122774
CCDC88B,1.038485114346207e-5,-0.2880095752700904,0.098,0.136,0.38009593670185526
GOLPH3,1.0425893626986216e-5,-0.18159745949290484,0.355,0.427,0.3815981326413225
RTN4IP1,1.0601852561361207e-5,-0.700979383822669,0.033,0.056,0.38803840559838154
KAT14,1.0604010797928334e-5,-0.5707646797839758,0.034,0.057,0.38811739921497496
AL392172.1,1.0645435627126102e-5,-0.5064240215133058,0.033,0.056,0.38963358938844245
BTBD2,1.0672626524314958e-5,-0.5346442622679546,0.045,0.071,0.3906288034164518
RNH1,1.0794757517848926e-5,0.6606307196150165,0.116,0.086,0.39509891991078855
MRPS7,1.0813558979027566e-5,0.8249865901897706,0.079,0.053,0.395787072191388
TARSL2,1.0866579487446945e-5,-0.2494446814740398,0.225,0.278,0.39772767582004565
KPNA1,1.0902768156619833e-5,-0.1366405636023707,0.291,0.361,0.39905221730044255
MSRA,1.0956418459639854e-5,-0.24006402534578625,0.14,0.184,0.4010158720412783
GPATCH1,1.099255872986256e-5,-0.5811449945093048,0.036,0.06,0.40233864207169956
RAB3GAP1,1.102506197638217e-5,-0.17592284670381808,0.13,0.174,0.4035282933975638
MXRA7,1.1032560666022602e-5,0.8236685029095363,0.072,0.048,0.4038027529370932
MRPL21,1.103681491923454e-5,0.9508664512323284,0.056,0.034,0.40395846285890336
MYH9,1.1061886965756402e-5,-0.11954411332042114,0.645,0.735,0.4048761248336501
GFM2,1.1079432984099543e-5,-0.3335798052974692,0.102,0.138,0.4055183266510274
BACH1,1.111560393006437e-5,-0.2199363280349289,0.293,0.354,0.40684221944428606
NELFCD,1.1208714838960835e-5,0.6520364566374501,0.133,0.101,0.41025017182080553
NARS,1.124652211012886e-5,0.5516013415408098,0.19,0.158,0.4116339557528264
IMP4,1.1300600232108744e-5,0.7705403780500353,0.08,0.054,0.41361326909541213
UBE2Z,1.1361925672514455e-5,-0.2691624445895938,0.129,0.172,0.41585784153970157
ZBTB1,1.1412951713453383e-5,0.23699006210003448,0.528,0.508,0.4177254456641073
AC133550.2,1.1491610870186116e-5,1.0535728475425978,0.052,0.031,0.42060444945968206
EMC3,1.149298654623111e-5,0.4948699241710087,0.216,0.182,0.4206548005786049
BRK1,1.152589165545994e-5,0.6462494945335788,0.129,0.098,0.4218591604814893
KRI1,1.1571949856691633e-5,-0.23302474706359444,0.101,0.14,0.42354493670477045
HMGN3,1.1591225799787579e-5,0.47767812981674207,0.248,0.212,0.4242504554980252
TRIM41,1.1791398121605474e-5,-0.5276048929674588,0.035,0.058,0.43157696264888196
B4GALT1,1.181862831826667e-5,0.297380806454262,0.427,0.399,0.4325736150768784
ALKBH7,1.1828656845546137e-5,0.904878813391087,0.069,0.045,0.43294066920383417
CAPN2,1.1923649218951386e-5,-0.1786673963616925,0.362,0.432,0.43641748506283967
FRG1,1.203070003022268e-5,0.4307340419387797,0.218,0.183,0.4403356518061803
AK2,1.2047038409936857e-5,-0.39362703181344605,0.059,0.088,0.4409336528420989
SERPINA1,1.2214740626541094e-5,-0.3710875939990981,0.061,0.092,0.4470717216720306
PTDSS1,1.2302204628749567e-5,-0.1754913142491198,0.131,0.175,0.4502729916168629
UXT,1.2479218438771403e-5,0.6261086995542882,0.115,0.085,0.45675187407747214
PIEZO1,1.2555771972413305e-5,-0.30555830093684366,0.12,0.16,0.4595538099622994
LSM8,1.2684999177869503e-5,0.44205304997194794,0.236,0.203,0.46428365490920165
ELF2,1.2809471412017836e-5,-0.14554212825229484,0.473,0.544,0.4688394631512648
AC108449.1,1.28272984442552e-5,1.0869867928526808,0.051,0.031,0.4694919503581846
RNF214,1.2832101666917666e-5,-0.4345864963206889,0.046,0.072,0.46966775311085346
ZNF571,1.2832916192487032e-5,0.8952732618190842,0.054,0.032,0.46969756556121783
TSC2,1.2866622171686523e-5,-0.40486674643753684,0.055,0.083,0.47093123810589843
ACBD6,1.2874232160620046e-5,-0.11040985975362694,0.413,0.484,0.4712097713108543
ZNF337-AS1,1.2930479189255413e-5,-0.547613442043551,0.046,0.071,0.47326846880593737
KIAA0930,1.3043511496245472e-5,-0.6338410676591018,0.036,0.059,0.4774055642740805
CREM,1.3147801852322239e-5,0.6048900616050908,0.209,0.176,0.4812226955968463
PACS2,1.3177170501486655e-5,-0.4202973850508347,0.061,0.091,0.48229761752491307
HELQ,1.3197819514907301e-5,-0.22964997581852742,0.126,0.167,0.48305339206512216
SUZ12,1.3365075315782748e-5,-0.14882656903365002,0.27,0.334,0.48917512163296434
PPP1CA,1.3457697616076392e-5,0.4734678559151231,0.225,0.191,0.49256519044601205
MMUT,1.3498608534038496e-5,-0.43268706037788673,0.048,0.075,0.49406257095434303
AKR1B1,1.3515660447830641e-5,0.7340461199332644,0.08,0.054,0.4946866880510493
ZNF253,1.3564025783812203e-5,-0.23944727730402127,0.075,0.108,0.49645690771331047
LINC02320,1.3835692824920666e-5,0.8777663643394817,0.068,0.044,0.5064001930849213
NME9,1.387428092327651e-5,1.059473724216712,0.056,0.035,0.5078125560728435
PFKP,1.3882490755768087e-5,-0.22064855566963892,0.132,0.176,0.5081130441518678
KLRC4,1.3970772660746916e-5,0.642410899979134,0.129,0.098,0.5113442501559978
SNRPD1,1.4256998828314763e-5,0.4967989534307087,0.178,0.143,0.5218204141151487
SLC4A4,1.4714932753065172e-5,-0.3495135185169173,0.212,0.256,0.5385812536949384
RGS12,1.4719054916023319e-5,-0.5215745113681467,0.03,0.051,0.5387321289813695
KLHL28,1.4840548952743607e-5,0.35244584273118085,0.329,0.295,0.5431789322193687
POLI,1.4851810371313269e-5,-0.6244382029924758,0.029,0.05,0.5435911114004369
CCDC91,1.4904059206610118e-5,-0.048521740730207874,0.751,0.82,0.5455034710211369
EIF4G1,1.4954145540353558e-5,-0.17390643839774855,0.141,0.187,0.5473366809224806
NRBF2,1.5288286233672096e-5,0.7848139657403519,0.079,0.053,0.5595665644386324
COX15,1.5359501268211516e-5,-0.5243835663474568,0.038,0.061,0.5621731059178097
AC027279.1,1.5592117473905416e-5,-0.5725186115827716,0.031,0.053,0.5706870916624122
RHBDD2,1.5660489334603723e-5,0.7361543097144201,0.094,0.067,0.5731895701358308
DCAF8,1.5665518045852655e-5,-0.11898100806578385,0.21,0.267,0.5733736259962531
ACSL5,1.5674625724218776e-5,-0.2815445107604013,0.123,0.164,0.5737069761321314
U2SURP,1.571753462108778e-5,0.2128691039018098,0.511,0.493,0.5752774846664338
WDR81,1.595583893977335e-5,-0.4702696648303193,0.054,0.081,0.5839996610346444
IL10RA,1.6217855126655162e-5,-0.10784524231919257,0.383,0.467,0.5935897154907056
RGCC,1.6253893649533996e-5,1.136910745254399,0.052,0.032,0.5949087614665938
RAD23A,1.6280544706843155e-5,0.554617752892576,0.166,0.134,0.5958842168151663
CSNK1D,1.634629194064297e-5,0.4281624477951589,0.297,0.269,0.5982906313194734
SURF1,1.6525477721682127e-5,0.7554289666448422,0.081,0.056,0.6048490100912876
G3BP1,1.658072553902758e-5,-0.1282131361412553,0.351,0.427,0.6068711354539484
HOPX,1.6596419190658322e-5,0.9104776180852578,0.074,0.05,0.6074455387972852
DPY19L3,1.6848018711140834e-5,-0.4254432593472537,0.054,0.081,0.6166543328464656
ITPR3,1.69325024401083e-5,-0.3264201321714062,0.105,0.143,0.6197465218104039
FGL2,1.7261828238682207e-5,-0.31603158084277583,0.112,0.151,0.6318001753640075
NIFK,1.735538795089201e-5,0.7751847045064026,0.1,0.073,0.6352245543905986
DCP2,1.7385381385772427e-5,-0.16090778459050398,0.225,0.283,0.6363223441006566
RYBP,1.7454123754704146e-5,0.3080184374544749,0.395,0.358,0.6388383835459265
HSP90B1,1.7734154703048596e-5,0.3136381686392467,0.392,0.368,0.6490877962862817
FDX1,1.773751945430936e-5,-0.2783378732568611,0.113,0.152,0.6492109495471768
UGGT1,1.783736248395147e-5,-0.1883315787807396,0.279,0.34,0.6528653042751078
GTF2A2,1.795699561819005e-5,0.6772596857641069,0.093,0.065,0.657243996621374
LATS1,1.7960125776013794e-5,-0.11202866213472173,0.319,0.39,0.6573585635278809
ICA1L,1.8046821437572405e-5,0.7849888373910887,0.075,0.05,0.6605317114365876
ITPRID2,1.8075410865968972e-5,-0.3837791522790548,0.064,0.094,0.6615781131053303
ZNF678,1.8107583087367643e-5,-0.22647382186141163,0.124,0.165,0.6627556485807431
AC007216.4,1.8578769094142004e-5,0.8026606705666168,0.093,0.066,0.6800015276146915
ATP6V0E1,1.874394413300861e-5,0.37281664263279196,0.267,0.231,0.6860470992122482
ZNF335,1.8786254409659388e-5,0.496129798586869,0.235,0.204,0.6875956976479433
C19orf48,1.881321635449871e-5,0.8889173768546339,0.05,0.03,0.6885825317910073
KDM2B,1.8830174662103747e-5,-0.13026331819250722,0.281,0.346,0.6892032228076592
ZBTB24,1.902632903499837e-5,0.6846995691922098,0.09,0.063,0.6963826690099753
ORC3,1.9051132492043417e-5,-0.2984496386861908,0.125,0.164,0.697290500341281
NAMPT,1.940781421781204e-5,-0.2630947644229981,0.176,0.227,0.7103454081861386
CLPX,1.964806314572643e-5,-0.21757144066214884,0.149,0.194,0.7191387591967331
GTF3C3,1.96952306777862e-5,-0.2636413890918192,0.116,0.156,0.7208651380376527
ABHD6,2.008930514878232e-5,-0.6830196222594256,0.033,0.054,0.7352886577505817
KLHL3,2.0146690549316937e-5,-0.47210447493844443,0.039,0.063,0.7373890207955492
DUSP6,2.022066914862935e-5,-0.4793150018737582,0.032,0.053,0.7400967115089828
ZCCHC8,2.0314842510708818e-5,-0.2454186242741513,0.128,0.17,0.7435435507344534
ANAPC15,2.0399729918466756e-5,0.9799681885847336,0.053,0.032,0.7466505147458017
TFDP2,2.0442690698195725e-5,-0.19761757241466205,0.483,0.536,0.7482229222446618
ARHGAP45,2.0682283784404263e-5,-0.19815800234964,0.252,0.312,0.7569922687929804
AC104162.2,2.0705948091576126e-5,-0.3358742729294115,0.123,0.161,0.7578584060997778
CHMP4A,2.090257890888485e-5,0.5656211395655896,0.188,0.157,0.7650552906440944
FBXO32,2.1030589281940264e-5,-0.19200417836025319,0.304,0.363,0.7697405983082957
TNRC6A,2.1034344374116482e-5,0.1930751735039682,0.698,0.706,0.7698780384370374
RBM7,2.1076384823947915e-5,0.6808849814257898,0.118,0.088,0.7714167609413176
NOC3L,2.1127706674987597e-5,-0.41847639143242366,0.056,0.084,0.773295192011221
TAPT1,2.1220211412201147e-5,-0.14316397682632048,0.205,0.26,0.7766809578979742
CSGALNACT2,2.1385780491306082e-5,-0.12853944775196402,0.379,0.452,0.7827409517622939
C5orf56,2.1388811523797037e-5,-0.12839028974312994,0.499,0.581,0.7828518905824954
CCDC82,2.1491344064368516e-5,-0.19430402328748342,0.174,0.221,0.7866046840999521
CRYBG1,2.1809039034163337e-5,0.34261739159425186,0.544,0.54,0.7982326376894123
MTHFS,2.1987442184396803e-5,-0.21453221111043597,0.079,0.111,0.8047623713911074
PCBP1,2.2069137905846195e-5,0.42006221880820127,0.195,0.162,0.8077525164918766
PDCD11,2.2244120254558446e-5,-0.5169128865262733,0.067,0.096,0.8141570454370937
SVIL,2.2324040555300195e-5,-0.3964830143092797,0.161,0.203,0.8170822083645425
PPP4C,2.2482975615623214e-5,0.6450143771628558,0.132,0.102,0.8228993905074252
AL645465.1,2.251738557326606e-5,-0.17454433978856332,0.127,0.168,0.824158829367111
NDUFA9,2.2760354614639992e-5,0.48187164967758045,0.216,0.182,0.8330517392504384
HIRA,2.2998558392124452e-5,-0.244380005479506,0.069,0.1,0.8417702357101471
EXD3,2.3247710947498395e-5,-0.5421696894359305,0.043,0.068,0.8508894683893887
TMLHE-AS1,2.3279540596078707e-5,0.8084312524212145,0.067,0.044,0.8520544653570767
CEP295,2.333537785108244e-5,-0.25874932525781813,0.117,0.156,0.8540981647274684
C8orf33,2.3340200781367267e-5,0.7868400724256348,0.093,0.066,0.8542746887988234
TMEM62,2.343762885510314e-5,0.42848881373733627,0.304,0.276,0.85784065372563
GEN1,2.3552920467589462e-5,-0.41631297330653316,0.055,0.082,0.8620604420342419
DISC1FP1,2.3736640422922058e-5,0.5986711347107408,0.074,0.049,0.8687847761193702
TRAPPC6B,2.3776846922363583e-5,-0.3224142690449494,0.081,0.114,0.8702563742054296
ZC3H14,2.379495835917246e-5,-0.12672939138195694,0.129,0.172,0.8709192709040712
GCLM,2.3851597676719215e-5,-0.20914110154351406,0.173,0.22,0.8729923265656
SPAG7,2.3929517311397983e-5,0.6459111423853938,0.11,0.081,0.8758442631144776
TCF25,2.3929570171898327e-5,0.19214440935278798,0.58,0.572,0.8758461978616506
PNPLA2,2.3949669980311576e-5,0.6594537767048987,0.081,0.055,0.876581870949384
CSE1L,2.397749071472656e-5,-0.14297077788981993,0.154,0.201,0.8776001376497069
RUBCN,2.404802482779797e-5,-0.09986847062884963,0.133,0.176,0.8801817567222335
GATAD1,2.405915653543395e-5,-0.23563231787741779,0.08,0.113,0.8805891883534179
AC012447.1,2.4210808920004115e-5,0.8054393222446183,0.064,0.041,0.8861398172810706
LINC01422,2.4391743753811554e-5,-0.3102266923059549,0.082,0.114,0.8927622131332567
PSAP,2.4448846410212247e-5,0.2963047855192647,0.393,0.369,0.8948522274601785
LYSMD3,2.4625156700699907e-5,0.5939041114955748,0.131,0.101,0.9013053604023173
MPHOSPH10,2.4703860833474098e-5,0.5282082755991854,0.161,0.128,0.9041860103659854
SNHG1,2.490167536809172e-5,0.635174836260779,0.118,0.09,0.9114262201475251
ORC5,2.4907034251994084e-5,-0.15548966162257266,0.172,0.22,0.9116223606572355
CCDC97,2.494143764135394e-5,0.8209877123636675,0.109,0.082,0.9128815591111955
DCAF17,2.505163000634156e-5,-0.31242958785588293,0.09,0.124,0.9169147098621074
SIPA1L1,2.513134943516612e-5,-0.007092110876593338,0.492,0.572,0.9198325206765151
UBE2S,2.5420783798219346e-5,0.9944043290075224,0.065,0.042,0.9304261077986262
PIP4K2B,2.5607540046443915e-5,-0.3961828132246743,0.036,0.058,0.9372615732398938
GTF2F1,2.5699501480223235e-5,0.6678531096902942,0.117,0.088,0.9406274536776507
SIDT1,2.5715281324023905e-5,-0.11408629507002965,0.527,0.592,0.9412050117405989
PSMB10,2.575656264510982e-5,0.568956655165437,0.165,0.134,0.9427159493736645
ZNF66,2.603181652658341e-5,-0.3800985206094607,0.07,0.1,0.9527905166894793
MTERF4,2.6084501121182842e-5,-0.09013980760528062,0.187,0.241,0.9547188255364132
TCF7,2.6106666258997792e-5,-0.23228727202947375,0.405,0.46,0.9555300917455781
FAM102A,2.6107408697409604e-5,-0.12716742822761118,0.116,0.157,0.9555572657338889
TRIM24,2.6131265224444865e-5,-0.20677791870350143,0.19,0.239,0.9564304384799065
ST3GAL5,2.6148436514581945e-5,-0.2102806976355176,0.15,0.194,0.9570589248702138
ACSL4,2.6178814195904917e-5,-0.1545665440729716,0.288,0.354,0.9581707783843159
BACH2,2.6282095523756812e-5,0.0020565132334879888,0.313,0.377,0.9619509782650231
H2AFV,2.635429922254109e-5,0.379652320687131,0.328,0.302,0.9645937058442265
FOXK2,2.650291777392095e-5,-0.15121206680151195,0.215,0.27,0.9700332934432807
FCHO2,2.6515585140527706e-5,0.5461742574301045,0.132,0.1,0.9704969317284545
LAMP1,2.6606333684517594e-5,0.440565631307147,0.281,0.253,0.9738184191870285
JOSD1,2.672487756619322e-5,0.5105908984245587,0.167,0.135,0.978157243800238
KANSL1,2.6775235416546886e-5,-0.02881353086227012,0.758,0.834,0.9800003914810326
MTMR1,2.696273581702926e-5,-0.09162147046341851,0.281,0.344,0.9868630936390879
ECHDC1,2.7080208622048688e-5,-0.1354459526207622,0.161,0.207,0.991162715775604
AKAP1,2.7480987471250122e-5,-0.4477352210259453,0.041,0.065,1
GMPS,2.7518814813586913e-5,-0.21501063791937214,0.185,0.231,1
HMGN1,2.7612020155306354e-5,0.4648734638564295,0.245,0.214,1
ZMAT2,2.7709292339700985e-5,0.6480940119631553,0.117,0.089,1
DPEP2,2.772800738686677e-5,-0.4820575633272113,0.044,0.069,1
UBXN7,2.7912706019377757e-5,-0.16037285535993587,0.272,0.335,1
RALA,2.7959854084748354e-5,-0.16328597930989341,0.185,0.232,1
MTMR10,2.7960530656410452e-5,-0.18926310463664414,0.176,0.225,1
ENDOD1,2.8028180964735283e-5,-0.3909043301578934,0.038,0.061,1
SNX11,2.8379453450196727e-5,1.0518215756169083,0.057,0.036,1
PBX3,2.8425066885966166e-5,-0.36394877969759154,0.289,0.333,1
NBPF14,2.858308439811847e-5,-0.4815745496948405,0.037,0.06,1
SERTAD2,2.8596314024132258e-5,-0.4212128211498293,0.123,0.16,1
AL139260.1,2.8599177152854894e-5,-0.4266798375301004,0.043,0.067,1
CEP83,2.915647280860899e-5,-0.2649398269293419,0.109,0.146,1
WDR27,2.976469785759666e-5,-0.2798043933879175,0.079,0.111,1
TMEM117,3.0190954007904573e-5,-0.2473468232373508,0.279,0.328,1
INTS8,3.0200391978827335e-5,-0.19786824546018866,0.161,0.206,1
SNX5,3.042376044564046e-5,-0.31819087042878635,0.092,0.127,1
ARHGAP5,3.0452976023772436e-5,0.3964809749475818,0.248,0.211,1
TOMM40,3.061024335931291e-5,0.8782644312314494,0.055,0.034,1
CCDC28A,3.063074787470145e-5,0.5621025524907737,0.151,0.12,1
TARDBP,3.080873430667571e-5,-0.17204296907619732,0.204,0.258,1
MIS18BP1,3.085364615016582e-5,-0.17665134301922686,0.285,0.342,1
DHX38,3.126721531897845e-5,0.6511398351548525,0.123,0.094,1
DGKD,3.132326071158588e-5,-0.14278494439058342,0.395,0.468,1
FMNL3,3.1337410345548e-5,-0.7058398996115747,0.038,0.06,1
SNX10,3.1663159718674936e-5,-0.2886840724029822,0.104,0.14,1
ALYREF,3.170157635264861e-5,0.9623052327071719,0.05,0.031,1
PPM1F,3.2015878674728956e-5,-0.6548133642679508,0.03,0.051,1
CDC37L1,3.240255315468942e-5,0.5430772941575666,0.175,0.143,1
CTC1,3.241256257474144e-5,-0.258110439044706,0.103,0.139,1
TUBB4B,3.2462750759032126e-5,0.7052079456278666,0.084,0.059,1
RNASEH2C,3.251383442955746e-5,0.7917181139586562,0.065,0.042,1
RAB8A,3.304970891106714e-5,0.7103969908334558,0.117,0.089,1
R3HCC1,3.312309703040417e-5,0.7773997053350219,0.06,0.038,1
SMNDC1,3.3277713610146154e-5,0.5222804046581844,0.159,0.128,1
LEMD3,3.337152876340543e-5,-0.1800893874618007,0.253,0.308,1
CBWD5,3.3408496142647144e-5,-0.32773710793468425,0.084,0.117,1
PSMA3,3.374879459676574e-5,0.40628561196575474,0.217,0.184,1
PLEKHJ1,3.376265502885913e-5,0.63215980282629,0.081,0.056,1
TBC1D10A,3.400542904114049e-5,-0.3086514774787863,0.083,0.115,1
AC107223.1,3.4062105143071394e-5,-0.7340372658989813,0.033,0.054,1
EDC3,3.434973040526914e-5,-0.37977950653812753,0.029,0.05,1
TMEM185A,3.459429222147699e-5,-0.5367959090632746,0.036,0.058,1
SMAD4,3.467202958248898e-5,-0.09391844727775922,0.329,0.398,1
ZNF862,3.4917286674941663e-5,-0.32877274590212835,0.067,0.096,1
CHROMR,3.492216619271431e-5,-0.6757762828160092,0.03,0.051,1
SEMA6A-AS1,3.4933442196827955e-5,-0.4676170067186787,0.061,0.089,1
TMC6,3.4961144211251366e-5,-0.18998973001431807,0.239,0.296,1
IL2RB,3.508828499743568e-5,0.5575933398149455,0.212,0.182,1
ITGB7,3.508962819997079e-5,0.5582784459269942,0.169,0.138,1
COTL1,3.534547147543579e-5,-0.14578889363058561,0.184,0.232,1
PET117,3.5456575494669444e-5,0.8327209669548044,0.063,0.041,1
RILPL2,3.5525730296303536e-5,-0.20985501922879468,0.083,0.116,1
CAP1,3.566440645796889e-5,-0.09362127653499919,0.402,0.482,1
FCN1,3.570094196188899e-5,-0.48692628511068325,0.069,0.098,1
ZNF83,3.577489726399297e-5,-0.13127838304596767,0.224,0.283,1
TPM4,3.588174415277643e-5,-0.11378114803162809,0.155,0.2,1
KMT2E,3.599667510570881e-5,0.15649665806102941,0.867,0.875,1
TENT4B,3.6205487557285895e-5,0.3123356027506383,0.37,0.34,1
GTF2IRD2,3.6573617667572495e-5,0.7736484320993233,0.103,0.077,1
MLKL,3.694034824676535e-5,-0.4020210886671016,0.061,0.089,1
PTMS,3.7077924207055054e-5,0.9041390636392497,0.051,0.031,1
STOM,3.7259409078250905e-5,-0.19812034540672513,0.192,0.242,1
SAP130,3.760967921167325e-5,-0.20111008838414407,0.171,0.217,1
AC008569.1,3.781771426729799e-5,0.8490920455701607,0.085,0.061,1
TLE3,3.8047010005975286e-5,-0.14336084612269362,0.08,0.113,1
RECQL,3.812966791858831e-5,-0.17083684097481638,0.198,0.248,1
IRF2BP2,3.81716998905639e-5,0.5596525656936474,0.197,0.168,1
LSR,3.8289352515817974e-5,1.0031253455556697,0.06,0.039,1
TRIM13,3.8529765361461115e-5,-0.32923041865550706,0.108,0.143,1
RBM15B,3.908772803203922e-5,0.8950345923102332,0.05,0.031,1
S100A8,3.934499894658313e-5,0.2784425332534466,0.262,0.225,1
CTSD,3.9422884676058786e-5,0.4182711919051727,0.222,0.189,1
RDH14,3.956158569499567e-5,0.8294628705924727,0.058,0.037,1
FNTB,3.962837030959251e-5,-0.34217694648714114,0.08,0.111,1
ZNF354C,3.970418423846542e-5,-0.6321643034953661,0.033,0.054,1
INKA2,4.026746309319966e-5,1.0011130323161785,0.095,0.07,1
WWC2,4.0297116137205576e-5,-0.5167983375367906,0.033,0.053,1
APIP,4.0613919147461144e-5,-0.1968686921001852,0.097,0.133,1
PAXIP1,4.06437615881495e-5,-0.3055953347066711,0.052,0.078,1
RCBTB1,4.0890395199047474e-5,-0.30275908185635925,0.073,0.103,1
DLG3,4.0899359682057e-5,-0.3001566307069379,0.069,0.098,1
TRAK1,4.098810448433302e-5,-0.15353030815534802,0.225,0.277,1
UBQLN2,4.129613399241992e-5,-0.23152185396980118,0.121,0.161,1
S1PR4,4.135401595929436e-5,-0.20174365427911223,0.117,0.156,1
ZNF281,4.1367792250913635e-5,0.6309752117307155,0.115,0.087,1
ARHGEF7,4.210107639534744e-5,-0.09038648975729335,0.279,0.342,1
LSM4,4.236506328249142e-5,0.7504564542809697,0.083,0.058,1
ST7,4.241858367597118e-5,0.8800353908147032,0.1,0.075,1
ZNF846,4.255849619446264e-5,-0.434512402910324,0.046,0.07,1
BTN3A1,4.265895803375289e-5,-0.09002638154407916,0.396,0.478,1
SMYD2,4.321393789000024e-5,-0.2554446485860171,0.097,0.131,1
LINC01163,4.3473285555024364e-5,-0.385827898141633,0.04,0.062,1
GTF3C6,4.360579783267651e-5,0.7829767799396872,0.078,0.054,1
BIVM,4.375188696246347e-5,-0.5134480280639395,0.032,0.053,1
SNRPD3,4.3867929530805455e-5,0.6435597673319584,0.087,0.062,1
AC078785.1,4.38848601633226e-5,-0.7316930951549976,0.032,0.052,1
MFSD14C,4.3886101892239254e-5,-0.10084552937238456,0.351,0.427,1
NUFIP2,4.399888810019264e-5,-0.13447882843103076,0.387,0.462,1
RBAK,4.450803244354658e-5,-0.17632065112663842,0.074,0.105,1
WDFY2,4.493854808364583e-5,-0.17579784753498595,0.297,0.354,1
OSBP2,4.504682302099048e-5,1.003555104384192,0.057,0.036,1
TBC1D9B,4.50897457648452e-5,-0.2800797743089234,0.083,0.115,1
ARHGAP1,4.51842056100672e-5,-0.22940071706494436,0.115,0.153,1
POLR1B,4.5306902493400924e-5,-0.36787881481805407,0.056,0.083,1
BRD3,4.537597826088809e-5,-0.23002126655480626,0.086,0.12,1
DGKZ,4.581279481916861e-5,-0.12484112164169034,0.239,0.296,1
IPO7,4.5998305677409216e-5,-0.18357240116451656,0.175,0.223,1
CDC42SE1,4.6250409910938335e-5,0.41765440070936966,0.327,0.307,1
PSMD6-AS2,4.6323173381585866e-5,-0.2166167622585795,0.107,0.144,1
SLC25A26,4.6586763967674405e-5,0.2734042440096407,0.481,0.462,1
DAP,4.6827594149953315e-5,-0.22650819087659047,0.101,0.137,1
SAMD4B,4.691020819415724e-5,-0.11564215399817668,0.108,0.146,1
NCBP3,4.743170588921008e-5,-0.19366855775577696,0.142,0.185,1
PRKN,4.74826912091506e-5,-0.3125893480220027,0.168,0.207,1
RC3H1,4.761079878513078e-5,-0.10977653084436678,0.521,0.6,1
GNPDA2,4.800690009926879e-5,0.6989577714757378,0.099,0.073,1
GPR180,4.919486691587525e-5,-0.284387488862897,0.06,0.087,1
GLE1,4.956478016589715e-5,-0.309918177931247,0.069,0.098,1
NSL1,4.9683438467030586e-5,-0.19855306836294695,0.157,0.2,1
ETAA1,5.010087155749365e-5,-0.3444618040069103,0.051,0.076,1
NCKAP1,5.023742631572853e-5,0.7398945244453059,0.067,0.045,1
POLR3F,5.036042915202667e-5,0.6269331561872877,0.093,0.067,1
PDPK1,5.0367367364095816e-5,-0.2210471651964574,0.111,0.149,1
FAM160A2,5.040466968580799e-5,-0.45338518610024714,0.047,0.072,1
NDUFV1,5.0459192061954224e-5,0.5047980034213622,0.174,0.144,1
HIST1H2BG,5.1093038287915854e-5,-0.4813360272916407,0.036,0.057,1
STAU1,5.1188986201033054e-5,-0.10141247971524153,0.306,0.371,1
AC092944.1,5.123662123971706e-5,-0.7310147282229904,0.033,0.054,1
TTC38,5.1420786094828085e-5,0.4126406909782958,0.185,0.151,1
OSER1,5.162768139517087e-5,0.48360235551046427,0.181,0.151,1
HACD4,5.166614793434455e-5,-0.20191504429488205,0.153,0.197,1
MAF,5.167823645584807e-5,-0.19493576513730618,0.198,0.247,1
ZNF346,5.1754198726870706e-5,-0.20690251645286284,0.107,0.143,1
ELK4,5.182461433659987e-5,-0.15880921698638695,0.238,0.293,1
POLR3GL,5.294794958354991e-5,0.5266854543309838,0.13,0.101,1
PKD1,5.3002110414190525e-5,-0.3336412246005698,0.056,0.082,1
UTP6,5.340344499393352e-5,-0.2753695794154083,0.072,0.101,1
NBPF3,5.369432935148946e-5,-0.5986614192533346,0.031,0.051,1
DNAJC24,5.3983337669535435e-5,-0.24746097402210598,0.135,0.173,1
FAM210A,5.4380890326638557e-5,-0.29720101056697557,0.064,0.092,1
ENTPD4,5.452932651658081e-5,-0.160358828177181,0.199,0.251,1
PRDX1,5.500159157943256e-5,0.7051862771959305,0.096,0.071,1
B3GNTL1,5.5207536751889614e-5,-0.36340242724891203,0.049,0.073,1
EXOC5,5.649555101095804e-5,-0.11510925735194694,0.18,0.229,1
CNBP,5.673666907932972e-5,0.3511534314323531,0.365,0.343,1
BAG5,5.704992835695778e-5,0.6664937961968476,0.098,0.072,1
CORO1C,5.716877129718719e-5,-0.7098193600774394,0.032,0.051,1
LRRC8B,5.764350744480665e-5,-0.1471316588709199,0.187,0.233,1
AFDN,5.7718997668757956e-5,-0.261645788293861,0.062,0.09,1
PBDC1,5.801304291084027e-5,0.9297708761474794,0.064,0.043,1
ZNF830,5.8190365512783665e-5,0.7537474158253197,0.075,0.051,1
SLC11A2,5.9214251088890835e-5,-0.09716436285781094,0.112,0.151,1
MYOM1,5.92203943848574e-5,-0.8492198898717858,0.031,0.051,1
CCDC180,5.968878742157141e-5,-0.5132208819729613,0.034,0.055,1
CCDC88A,5.9706979428542407e-05,-0.2544728368489675,0.089,0.121,1
SPATS2L,6.015130500183187e-5,-0.3344282948353787,0.071,0.099,1
FNIP2,6.020464912611558e-5,0.6184033071832967,0.137,0.108,1
TRAM1,6.084304334564519e-5,0.26497616258361656,0.426,0.409,1
MRS2,6.104077660242385e-5,-0.2994824693418967,0.038,0.059,1
MTMR12,6.215774771718397e-5,-0.11272727922657677,0.168,0.215,1
IL15,6.23549722582883e-5,-0.3303310793932348,0.124,0.16,1
NUP153,6.269863368436326e-5,-0.10682677795760609,0.413,0.492,1
PRMT1,6.273138442222862e-5,0.7352364292370912,0.059,0.038,1
IRAK1BP1,6.329580820030063e-5,-0.6125602331079403,0.036,0.057,1
QRSL1,6.385512450717911e-5,-0.2856859701460712,0.074,0.104,1
CYB561A3,6.450849917629978e-5,0.7768737679988549,0.05,0.031,1
GALM,6.464285335194157e-5,-0.16125082930459378,0.15,0.193,1
PNKD,6.56247988149365e-5,0.7742465324746872,0.057,0.037,1
TMEM242,6.572718688448279e-5,0.583793739973167,0.122,0.094,1
TFRC,6.649976599989062e-5,-0.28540473984153636,0.162,0.204,1
ZNF81,6.721462642080749e-5,-0.24299711730440077,0.083,0.114,1
ZNF24,6.726874555319634e-5,0.5582405924899237,0.183,0.155,1
ASCC1,6.729761665643181e-5,-0.23521928727844532,0.102,0.137,1
TRAPPC11,6.754757830918523e-5,-0.2138923589900733,0.213,0.261,1
DENR,6.80609078126716e-5,-0.17204829971117963,0.137,0.178,1
ENOPH1,6.8404198591054e-5,-0.28134899035242467,0.091,0.123,1
DOCK3,6.877042919839116e-5,-0.444317419531166,0.089,0.119,1
DR1,6.877071210826116e-5,-0.1986205131095815,0.171,0.216,1
DPP9,6.912243300247524e-5,-0.19623908214312635,0.162,0.206,1
THOC7,6.913966820443177e-5,0.6173729557483307,0.094,0.068,1
IDS,6.973197726422487e-5,0.3228804447827459,0.341,0.317,1
SMG5,6.977347761898224e-5,-0.3065449569521568,0.089,0.121,1
GRB2,6.982838569085744e-5,-0.16892794680611456,0.44,0.508,1
ZNF782,7.01373127730119e-5,-0.17941892524239,0.134,0.174,1
LLPH,7.050973109777531e-5,0.6516952114881664,0.123,0.096,1
GDE1,7.083231398731182e-5,0.6189761242875547,0.104,0.077,1
MCTP1,7.09694734963691e-5,-0.3944874629870849,0.036,0.057,1
TPRG1L,7.134780445759504e-5,0.7363796678711152,0.069,0.047,1
IMPDH1,7.150302351490217e-5,-0.5692779438202642,0.033,0.053,1
ZNF680,7.204059435102228e-5,-0.32502968823553324,0.07,0.098,1
HNRNPU,7.25612856466772e-5,-0.12933148996665245,0.598,0.684,1
ZNF276,7.283500603541459e-5,-0.18302247447938907,0.184,0.231,1
EIF4H,7.32476364596251e-5,0.38323593552609103,0.273,0.245,1
SEC24B,7.342399667694112e-5,-0.10312561366032957,0.459,0.531,1
C12orf65,7.35379311717804e-5,-0.20877725074054965,0.083,0.114,1
BLCAP,7.383558507388698e-5,-0.29641959078702285,0.103,0.137,1
ZDHHC3,7.549980631951366e-5,-0.2165339166541569,0.125,0.163,1
PRDM11,7.555137031324061e-5,-0.7505218029418148,0.032,0.051,1
MFSD1,7.604515210071342e-5,-0.33197998475476287,0.079,0.109,1
AC016831.5,7.642640105096941e-5,-0.10979262794496486,0.197,0.251,1
AP1AR,7.69641182337107e-5,-0.3963033216125913,0.04,0.062,1
ADAT2,7.797221532545447e-5,-0.2744419581323565,0.093,0.124,1
BORCS5,7.826441154352552e-5,-0.11109136065447611,0.307,0.366,1
RETREG2,7.987943341491623e-5,0.7576046316634604,0.077,0.054,1
C1QTNF3,8.115623061912524e-5,-0.5507863339785168,0.033,0.054,1
DUS1L,8.134913797997045e-5,0.578095314657374,0.101,0.075,1
BRI3BP,8.150393326032066e-5,-0.6020079174899324,0.033,0.053,1
SPAG9,8.175044405741929e-5,-0.07935310344881974,0.435,0.512,1
LIMK2,8.190130280442813e-5,-0.2107667029455318,0.095,0.128,1
PCED1B-AS1,8.228038100900046e-5,-0.10007535713390067,0.299,0.362,1
FAR2,8.248055797784135e-5,-0.7141037168082865,0.086,0.114,1
LINC00641,8.270805425773369e-5,-0.3756985684666341,0.041,0.063,1
CCDC57,8.345737267913564e-5,-0.2918739317024448,0.112,0.147,1
GCDH,8.444870368272964e-5,-0.4628231851479807,0.035,0.055,1
VPS26C,8.449919759489865e-5,-0.16495558124184972,0.138,0.178,1
SLC22A15,8.467021580629319e-5,0.7277879398919402,0.068,0.046,1
DBF4,8.48338228782308e-5,0.3759946276437772,0.297,0.269,1
RASGRP2,8.484660249743898e-5,-0.17320051602616737,0.144,0.184,1
ZNF280C,8.533744560756623e-5,-0.5834337223032011,0.042,0.065,1
AUTS2,8.692957117017045e-5,-0.236662056056554,0.31,0.359,1
ZNF428,8.722760723929383e-5,0.8461966246624435,0.059,0.039,1
FRMD4B,8.737273031705222e-5,-0.5667632421640225,0.039,0.06,1
EIF3D,8.784649624599819e-5,0.44732327641876274,0.237,0.209,1
TCF7L2,8.81659103096307e-5,0.4378267009923905,0.206,0.174,1
URI1,8.963317681658642e-5,-0.10325473929563445,0.465,0.537,1
KLHL9,8.965561732381999e-5,-0.33298481452642426,0.052,0.076,1
EPN1,8.97294067100917e-5,-0.34658892305315403,0.057,0.083,1
CMTM6,9.051976587483946e-5,0.3842049923650152,0.263,0.233,1
LAMTOR5,9.095804501351918e-5,0.7750510138338127,0.084,0.061,1
CACYBP,9.13830796179591e-5,0.6473106764766003,0.12,0.093,1
PHPT1,9.24641548507374e-5,0.7374764633618289,0.072,0.05,1
DNMBP,9.250446529310383e-5,-0.4511999186053197,0.051,0.075,1
LIMA1,9.256104412375358e-5,-0.41893520178038113,0.046,0.068,1
SYT11,9.325708810951944e-5,-0.17787150033203503,0.112,0.147,1
TMEM179B,9.327158638649033e-5,0.6241122430294095,0.124,0.098,1
ZNF569,9.481581932716314e-5,-0.29496461142746133,0.07,0.098,1
AP3S1,9.506190863222125e-5,-0.2410778239706054,0.143,0.18,1
RPRD1B,9.509701323454658e-5,0.3967963643870238,0.285,0.259,1
CYSTM1,9.529605234045348e-5,0.7393758277150579,0.096,0.072,1
AP1S2,9.572087375147453e-5,-0.34858723825447924,0.074,0.102,1
CGRRF1,9.721879091856488e-5,0.7063395630861822,0.105,0.08,1
PDCL3,9.802284041241909e-5,0.7868091232455208,0.053,0.034,1
URGCP,9.803132834236055e-5,-0.21858097132096432,0.092,0.124,1
SDHC,1.0016549136876798e-4,-0.2060180582112594,0.109,0.144,1
CRYL1,1.0186498834045802e-4,-0.6076776040460943,0.039,0.061,1
PPP6R1,1.0393787021134513e-4,-0.2068512435687424,0.179,0.225,1
ARRDC3-AS1,1.0421551309904126e-4,-0.4320496516226151,0.072,0.099,1
KLF6,1.0430254373729265e-4,-0.08256039932184267,0.508,0.598,1
VPS37A,1.0445547255482713e-4,-0.21048578999686596,0.104,0.139,1
TXNRD1,1.0492246555668454e-4,-0.214580601867703,0.118,0.154,1
ACIN1,1.0553759916472234e-4,-0.12037708889492743,0.327,0.392,1
ADCY3,1.0566425656845326e-4,-0.41634223864768627,0.031,0.05,1
AKT1,1.0625280422407897e-4,0.77296835688340515,0.078,0.056,1
NUP58,1.0674239312796728e-4,0.4921875043350791,0.238,0.213,1
LATS2,1.070932359086416e-4,0.7662544984927466,0.069,0.047,1
BARD1,1.0756909334046429e-4,-0.4391032897312359,0.057,0.082,1
FAM135A,1.0815775511329066e-4,-0.12933433731734112,0.119,0.156,1
AC011933.4,1.0833372027377054e-4,1.0526480237342735,0.068,0.047,1
CEP135,1.0937316823226072e-4,-0.13698731715189444,0.159,0.201,1
ACOT8,1.1015922649194987e-4,-0.2304240003854261,0.055,0.08,1
IL6ST,1.1078226389438632e-4,-0.10941722456915805,0.243,0.298,1
TTC12,1.1128321885040377e-4,-0.2747936541839231,0.073,0.102,1
HECTD1,1.1130176421651789e-4,-0.0827175624782428,0.472,0.55,1
GLS,1.1133909673308469e-4,-0.08312871616677553,0.779,0.835,1
PTTG1IP,1.1236886140093225e-4,-0.22576184823714573,0.093,0.125,1
CLSTN1,1.1274055750464973e-4,-0.15196958330600735,0.264,0.318,1
SLC8B1,1.1333349528686008e-4,-0.2730135556470419,0.048,0.071,1
ZNF790,1.1497136868378503e-4,-0.36675484639972966,0.033,0.053,1
PRRC2C,1.1517972465710866e-4,0.1379677609247909,0.832,0.855,1
MBNL1-AS1,1.1537138439648672e-4,-0.3780331639337864,0.043,0.066,1
TMEM199,1.1560869776482593e-4,0.73197658211074,0.059,0.039,1
ANO10,1.1563089759947886e-4,-0.30810598610497153,0.111,0.143,1
RTF1,1.1569563607576236e-4,0.4204045969603169,0.292,0.269,1
USP36,1.1573530706416808e-4,0.30580240345509346,0.353,0.329,1
UBXN6,1.1616930810073876e-4,0.9093156831299525,0.06,0.04,1
SEPSECS,1.185345608996847e-4,0.41328881113825555,0.225,0.194,1
JADE2,1.1856543917522944e-4,-0.1650399255284884,0.197,0.245,1
CMC2,1.193213967891099e-4,-0.16954600891857763,0.136,0.176,1
RARS2,1.196701986124253e-4,-0.09358907406985134,0.298,0.359,1
ZNF433-AS1,1.2071644035493924e-4,-0.18253016741221462,0.113,0.147,1
EXOG,1.2083457372056575e-4,0.47569331852984104,0.211,0.182,1
CCDC167,1.2168530483418025e-4,0.8519180974182112,0.064,0.044,1
FUNDC2,1.2240457267302866e-4,0.7171425668986324,0.09,0.066,1
SNX4,1.2434663588781927e-4,-0.11461850486949485,0.232,0.283,1
LANCL1,1.2511057897014228e-4,-0.14152858992463266,0.21,0.259,1
ZNF808,1.2530349486770823e-4,-0.18107285191920064,0.067,0.094,1
RAB9A,1.2532218437626854e-4,0.44938664237297454,0.146,0.117,1
ENO1,1.2590676547180973e-4,0.4076241356669158,0.295,0.274,1
NR2C1,1.2637145515080936e-4,-0.14470572460241937,0.19,0.236,1
SRP9,1.2639650260239365e-4,0.42083471956433227,0.231,0.202,1
FPGS,1.272463480000478e-4,-0.27463814056977864,0.092,0.124,1
AC092329.4,1.2810267324070407e-4,-0.3261896803266575,0.033,0.053,1
SREBF1,1.2827320888969505e-4,-0.29685644758618457,0.056,0.081,1
NDUFS4,1.2991863646517933e-4,-0.08642077105201595,0.293,0.349,1
DNTTIP2,1.3168204823529381e-4,0.5415369446757561,0.162,0.134,1
SIK2,1.3267157515975931e-4,-0.21712530936215116,0.193,0.235,1
FUS,1.330276699520341e-4,0.21831123861526525,0.584,0.586,1
RINL,1.3333018723028003e-4,-0.4751770247234357,0.04,0.061,1
TUBGCP3,1.3446732317084486e-4,-0.12938427188870083,0.243,0.296,1
CNPY2,1.348071814421835e-4,0.6124318699481672,0.124,0.097,1
PPP4R3A,1.348328895656971e-4,-0.14041532766047915,0.504,0.574,1
ATF6,1.3486294974073224e-4,-0.08421498436468222,0.419,0.49,1
AL392086.3,1.348746902680138e-4,-0.7066548021715906,0.047,0.068,1
BAG1,1.3489965237113355e-4,0.6014781940123859,0.095,0.071,1
SEPTIN7,1.3577781166784013e-4,0.13905337102709092,0.758,0.761,1
FGFR1OP2,1.368315155256144e-4,-0.1230764677216094,0.16,0.202,1
DNAJB14,1.372708401664695e-4,-0.09382380901001275,0.541,0.614,1
MRPL41,1.3767873529420271e-4,0.6690242870154084,0.083,0.06,1
SLC25A16,1.3796581610821303e-4,-0.2246614404834152,0.161,0.202,1
DUSP12,1.3903844372771892e-4,0.6920597470339174,0.054,0.035,1
LYRM4,1.393373308847598e-4,-0.516352816687758,0.079,0.106,1
NSA2,1.399248505410487e-4,0.5568161894497501,0.186,0.158,1
ZNF76,1.4088011903647623e-4,-0.29547772796070904,0.059,0.084,1
CAMLG,1.422873172637414e-4,0.54149095885546,0.122,0.095,1
CHRAC1,1.4488946970763882e-4,0.9853943966248884,0.05,0.032,1
TLE4,1.4502275459741826e-4,-0.10807593228024603,0.469,0.537,1
SLC2A13,1.4618455239197694e-4,-0.2326321231399936,0.195,0.236,1
CNDP2,1.465141445188405e-4,-0.23358383958786066,0.09,0.121,1
RBM17,1.471026825943398e-4,0.4209824330839852,0.269,0.246,1
OSBPL11,1.4763578516307108e-4,-0.15929077716097306,0.095,0.127,1
ELOC,1.479643741024089e-4,0.4646591762571033,0.154,0.125,1
AC021851.1,1.5150023256872044e-4,-0.48070226845531483,0.034,0.054,1
BTF3L4,1.5180458991053493e-4,-0.2732590517746947,0.069,0.095,1
SYNJ2BP,1.5464195482764944e-4,-0.2204165093108834,0.059,0.085,1
ZNF429,1.5492612876725898e-4,-0.324303435713198,0.051,0.074,1
PITPNB,1.5592958788219916e-4,-0.05372863335079203,0.264,0.322,1
MANBA,1.5642918027787813e-4,-0.16829504060265965,0.224,0.27,1
MAPKBP1,1.5665057608441648e-4,-0.34527021024749094,0.099,0.129,1
PSMB4,1.567820885024127e-4,0.5582880438351929,0.124,0.098,1
ANTKMT,1.5680618997055234e-4,0.7223464359081073,0.065,0.045,1
RAD17,1.5706600504745267e-4,-0.2447546785855257,0.089,0.12,1
TMEM138,1.5713005406393238e-4,0.7637537688960871,0.077,0.055,1
HNRNPUL1,1.5719790116823179e-4,0.3159647330725855,0.37,0.352,1
SPIN1,1.580151651534844e-4,-0.1834496112907832,0.124,0.16,1
RNF10,1.5816570185199632e-4,-0.1456869836435179,0.261,0.317,1
MTMR4,1.5819135287993674e-4,-0.4402000029414652,0.057,0.081,1
OTULINL,1.5828300259443655e-4,-0.23664955396518772,0.141,0.177,1
MICALL1,1.5840754604262716e-4,-0.5088089317227791,0.032,0.051,1
SNHG5,1.5849407688982948e-4,0.3590839229825966,0.263,0.234,1
DENND4B,1.5865653991541326e-4,-0.21787327231578635,0.104,0.138,1
POLR2M,1.5892713026198515e-4,0.6402407681189317,0.09,0.067,1
NUDT19,1.592918604223887e-4,-0.284831645908032,0.059,0.084,1
RSBN1,1.5956317690798828e-4,0.3330177888460484,0.344,0.321,1
TATDN2,1.6080474744954598e-4,-0.3975557698673302,0.074,0.102,1
SNRPC,1.6119199087669662e-4,0.4970834261501045,0.114,0.087,1
GMEB1,1.6187174846260841e-4,-0.1886373564309809,0.089,0.119,1
MIA3,1.625936986920838e-4,0.37221863098643604,0.285,0.259,1
CPSF3,1.6261298095245644e-4,-0.33374033795691416,0.072,0.099,1
HAGH,1.6286349574669818e-4,-0.2999262873493924,0.112,0.145,1
TFDP1,1.641575696726171e-4,-0.4355623532678905,0.046,0.069,1
FAM174C,1.6436964816040608e-4,0.7391625533905448,0.077,0.055,1
FCMR,1.6503426980817983e-4,-0.16785461178590316,0.197,0.242,1
CEP95,1.6520547585030849e-4,0.23884943688299398,0.393,0.367,1
ZBTB20-AS1,1.6565036471785085e-4,-0.3947888563163853,0.06,0.085,1
HSPA8,1.6642029171778033e-4,0.31279811300788407,0.31,0.284,1
DHDDS,1.6811416459315952e-4,-0.183063931208566,0.061,0.087,1
PABPC1L,1.701089501230074e-4,-0.39733738505175786,0.039,0.059,1
SF3A2,1.70215920523143e-4,0.6812482645913762,0.104,0.079,1
SPOPL,1.7050953232822255e-4,-0.09198358023879027,0.246,0.297,1
ABI3,1.7164878546083713e-4,-0.3614416165416312,0.06,0.084,1
ATP9A,1.7339709749218636e-4,-0.40093794819967266,0.06,0.085,1
NOTCH1,1.7380980034413214e-4,-0.24174755452315644,0.065,0.092,1
KIF5C,1.7745162084472255e-4,0.698358205398852,0.061,0.041,1
PSMF1,1.7747446467014993e-4,-0.1341811644878576,0.299,0.355,1
PPP2R2A,1.7890987683922405e-4,-0.1344628352759656,0.477,0.542,1
C1orf174,1.8046151651213518e-4,0.6356860799107991,0.06,0.04,1
CHD8,1.8096462500536927e-4,-0.12457179452487682,0.316,0.379,1
TNFRSF25,1.833318782668245e-4,-0.22523917347809363,0.065,0.092,1
SWT1,1.8376130130592257e-4,-0.3921932449941079,0.049,0.072,1
TBC1D15,1.842912551757073e-4,0.1701302055529037,0.541,0.522,1
ZNF43,1.851146854044802e-4,-0.16105341398541917,0.157,0.198,1
DYNC1I2,1.8596247416533953e-4,-0.2482909332728156,0.156,0.195,1
SLC12A7,1.8648387739297165e-4,-0.4680985229446084,0.034,0.054,1
SMIM10L1,1.8677115612340665e-4,0.7490237382828535,0.078,0.057,1
IGKC,1.871887829228612e-4,0.49734956537162,0.072,0.051,1
CTNNBIP1,1.8836544195011834e-4,-0.37199780557130313,0.06,0.084,1
MGLL,1.8856510961872064e-4,-0.4704954074598069,0.037,0.057,1
SVIP,1.900411263224144e-4,0.5652207046085476,0.133,0.106,1
ZNF107,1.9024127751180754e-4,-0.15972288539251658,0.254,0.304,1
VAMP5,1.9152265535417215e-4,0.6176873368380074,0.068,0.047,1
FAM3C,1.9344802217727335e-4,-0.17299112145817386,0.136,0.174,1
TBC1D8,1.940610714965791e-4,-0.5820664620535285,0.046,0.067,1
MLH3,1.952525626648939e-4,-0.2116064297418816,0.1,0.133,1
PSMD3,1.9699563445255917e-4,0.7237371604800749,0.088,0.066,1
CSNK2A1,1.9795704474777337e-4,-0.12216284166084893,0.265,0.317,1
BCCIP,1.9832607853547882e-4,0.4564498035803092,0.176,0.147,1
SERINC3,1.986676387725496e-4,-0.15003607211493553,0.22,0.271,1
PFDN1,2.000531046203597e-4,0.6439483718916643,0.148,0.121,1
ITGA5,2.0011394782474596e-4,-0.2040986592460854,0.083,0.113,1
RMND1,2.0288882711681818e-4,-0.30798550858969764,0.071,0.097,1
TYW3,2.0579763991714474e-4,-0.23214943204055127,0.079,0.107,1
PIN4,2.0625160898963017e-4,-0.37719256076965824,0.067,0.092,1
LRRC37B,2.0625372020209603e-4,-0.11784721187883607,0.127,0.164,1
CCDC125,2.0921402775423613e-4,-0.3592930054282588,0.033,0.052,1
PARP1,2.0931484649352954e-4,-0.1315797758211824,0.189,0.233,1
ZNFX1,2.1026793704180042e-4,-0.034651040249359874,0.265,0.324,1
FBXO33,2.104431147686539e-4,-0.1267718978856318,0.444,0.509,1
HIF1A,2.1061092559957075e-4,-0.11276792900396382,0.402,0.469,1
CMTM8,2.1301236761551594e-4,-0.5960245936755517,0.032,0.05,1
SESTD1,2.1467052589264047e-4,0.6164236070349687,0.099,0.074,1
APPL1,2.146719429502064e-4,-0.12940739102125257,0.208,0.257,1
NONO,2.1514418421949056e-4,0.4017776941892667,0.241,0.216,1
AK3,2.1596362878051776e-4,-0.14507384213352803,0.195,0.241,1
LIAS,2.1740409274280175e-4,-0.4331871574342885,0.033,0.051,1
PUM3,2.1783784195159885e-4,-0.08808133666020321,0.249,0.301,1
CCDC191,2.1790882939672182e-4,-0.6082536059114161,0.038,0.058,1
AVEN,2.1908891608369863e-4,-0.3784307915925156,0.099,0.128,1
LHPP,2.1956353644469475e-4,-0.27252263827898404,0.081,0.109,1
TBK1,2.2057448390942947e-4,-0.05969725996009381,0.264,0.32,1
C1D,2.2069588843781794e-4,0.4653271948292741,0.165,0.137,1
DELE1,2.2073057910260225e-4,-0.2740407524598054,0.075,0.103,1
NCBP2,2.209001633430133e-4,0.5519946178025752,0.137,0.111,1
S1PR1,2.2349492448384554e-4,-0.17268992725807397,0.116,0.151,1
TENT5A,2.2471677858659723e-4,0.7758734781160282,0.138,0.112,1
MRPS36,2.2527562734200158e-4,0.6414635407548073,0.09,0.067,1
TNFAIP3,2.261936343247127e-4,0.4071620064400816,0.48,0.482,1
AHI1,2.2710083885545379e-4,-0.19474090992793575,0.132,0.167,1
SCYL2,2.2724733514349984e-4,-0.15409289425189265,0.186,0.231,1
NELFE,2.2750964955834635e-4,0.6312520761634719,0.078,0.056,1
PIP5K1C,2.2805490945063676e-4,-0.366005099009318,0.036,0.056,1
AC105052.4,2.280879613458952e-4,-0.4106393673574571,0.051,0.074,1
MRPL22,2.2882807957130716e-4,0.5818516581335489,0.11,0.085,1
TCF3,2.3171989479351716e-4,-0.40476524596938646,0.058,0.081,1
SLC4A5,2.3231255129098875e-4,-0.3083450932482905,0.042,0.063,1
NDUFAF6,2.3237556978857174e-4,-0.20005321224448025,0.188,0.23,1
ELMOD3,2.3313608241845793e-4,-0.37531637869130674,0.087,0.115,1
UCP2,2.3473750597202038e-4,0.49303321770956476,0.176,0.149,1
SUGT1,2.363023486778015e-4,-0.20786807496101312,0.118,0.152,1
ZNF721,2.3755585249728614e-4,-0.1408002095824664,0.276,0.329,1
LINS1,2.3773970169664816e-4,-0.18690418627300098,0.102,0.134,1
KLRC3,2.3922115490932305e-4,0.2818132924838987,0.176,0.144,1
LCLAT1,2.4134436139731317e-4,-0.1524074244833921,0.217,0.261,1
ASF1A,2.427156743060678e-4,-0.31461420582174915,0.056,0.079,1
TRIM4,2.4320563818522428e-4,-0.12977498993269676,0.15,0.19,1
EXOSC6,2.452040341715779e-4,0.5550660086696442,0.138,0.112,1
IRAK1,2.4624138886128244e-4,0.8355275090326932,0.06,0.041,1
BANF1,2.463567295469781e-4,0.6742138810596896,0.066,0.046,1
SLC43A2,2.485368571226177e-4,-0.5245022465613487,0.034,0.053,1
SFXN1,2.4868602460105944e-4,-0.10222758449698313,0.28,0.334,1
PITPNA,2.487902434840918e-4,-0.16874353442560452,0.1,0.131,1
KIAA1958,2.5013473344264326e-4,-0.3968315813792609,0.046,0.068,1
PDCD2,2.5036155435896764e-4,0.5525381415612154,0.109,0.084,1
LINC00630,2.508661468802695e-4,-0.4351086655747518,0.058,0.081,1
GLOD4,2.5184566791232034e-4,0.5185153389399988,0.106,0.081,1
APEX1,2.5238354690492305e-4,0.7094302204644936,0.067,0.047,1
EIF3M,2.533688044740549e-4,0.32803020777740854,0.347,0.328,1
CC2D1A,2.5357936119344525e-4,-0.5088900321409473,0.042,0.063,1
GEMIN5,2.5424105860465053e-4,-0.32884050415051336,0.04,0.061,1
MRPL16,2.54426262345113e-4,0.707809066892926,0.077,0.056,1
BHLHE40,2.553190466724936e-4,0.5619667649978994,0.125,0.1,1
NDUFS1,2.5581125909297304e-4,-0.1394526238086174,0.187,0.232,1
NUP107,2.5644525290953636e-4,-0.12419085910497685,0.163,0.204,1
IFT52,2.576669717846694e-4,-0.4633510650893138,0.036,0.055,1
AIF1,2.591515949480168e-4,0.4012211185285224,0.113,0.087,1
HAVCR2,2.5926476234110907e-4,-0.2762893966909581,0.047,0.069,1
MAN1C1,2.5934751440574396e-4,-0.5101802669205375,0.061,0.084,1
MARS,2.6027686729562777e-4,-0.18405139599345155,0.1,0.132,1
DUSP10,2.621472139488438e-4,-0.39953771450881437,0.069,0.094,1
FAM215B,2.625173819965692e-4,-0.42720267739354734,0.032,0.051,1
AGL,2.6661366341443235e-4,-0.10163427231681066,0.137,0.175,1
GOLGB1,2.685617513898144e-4,-0.10432935691205991,0.334,0.399,1
BBS4,2.6867272994208726e-4,-0.40423187407753636,0.046,0.068,1
MAP7D1,2.697508028147542e-4,-0.17010440870199273,0.107,0.14,1
SRCAP,2.712640084358027e-4,-0.2154095287727078,0.093,0.123,1
TBRG1,2.747741703867648e-4,0.31644036541434323,0.337,0.321,1
LARS2,2.749710005050434e-4,-0.11021245209702818,0.204,0.251,1
RFXAP,2.7577335194548067e-4,-0.3215175270959514,0.032,0.05,1
CCDC137,2.759861245538628e-4,0.7189910183518764,0.076,0.055,1
GSPT1,2.7638150709588364e-4,0.26143040957640196,0.412,0.394,1
PGGHG,2.7650527873160276e-4,-0.20037421558110258,0.115,0.149,1
MPG,2.766929942470584e-4,0.7747112129323179,0.059,0.04,1
PPP2R5D,2.777469074960657e-4,-0.27635090756154224,0.046,0.067,1
INPP5K,2.7859783434556947e-4,0.5219419330735708,0.145,0.118,1
COA1,2.789584950596638e-4,-0.11180327681151714,0.334,0.39,1
FBXO46,2.840810281459594e-4,-0.34190618056894007,0.041,0.061,1
GTPBP10,2.8532108502969227e-4,-0.13678543705130264,0.109,0.142,1
NDUFAF8,2.864949550357547e-4,0.6209248120156126,0.085,0.063,1
ARRDC1,2.868547368777787e-4,-0.37730761329042917,0.043,0.064,1
SEC14L2,2.889580583394074e-4,0.9933268843550391,0.057,0.039,1
ABHD16A,2.898892546679586e-4,0.7749535875646543,0.057,0.038,1
DDX20,2.899188423494511e-4,0.700836497864068,0.072,0.052,1
IFT74,2.9119401595341214e-4,-0.526329140874795,0.048,0.069,1
ATAD2B,2.92245679178751e-4,-0.10227795680511309,0.608,0.679,1
FAM13A,2.9275537408648055e-4,0.43149690945933294,0.139,0.111,1
DNAJB11,2.951202197949587e-4,0.5146428292520147,0.112,0.087,1
TMCO1,2.955052357693049e-4,0.37417880147863297,0.253,0.227,1
PI4KB,2.95976555233106e-4,-0.03488216693807478,0.104,0.137,1
SLC23A2,2.975125069481616e-4,-0.17868488475742916,0.243,0.29,1
MGRN1,2.976180515932724e-4,-0.16197068340336296,0.082,0.111,1
ATG2B,2.99312905204583e-4,-0.0589427025639465,0.261,0.317,1
PPIH,3.009044742757833e-4,0.7075520110728253,0.09,0.068,1
UBAP2L,3.0822613155673804e-4,-0.08591976868507267,0.168,0.21,1
PER3,3.1320804136249165e-4,0.7631139896169352,0.063,0.044,1
THUMPD3-AS1,3.1477458243385655e-4,0.4127357630911409,0.235,0.209,1
CNNM3,3.17893095953726e-4,-0.20858534156503716,0.091,0.121,1
MZT1,3.1813353642342403e-4,0.6684280713289934,0.084,0.062,1
PUS7L,3.202767387913624e-4,-0.08064522759485004,0.142,0.182,1
PDE1B,3.2233464665038414e-4,-0.3218660442942287,0.038,0.057,1
ZSWIM7,3.2443664817484485e-4,-0.4354368904548567,0.055,0.077,1
EMC10,3.245474096344463e-4,0.6874654212551756,0.114,0.09,1
PNN,3.2511581008986667e-4,0.3213808176083316,0.375,0.362,1
HSF2,3.2679164650151725e-4,0.507771673741406,0.12,0.095,1
RBBP6,3.275600213461415e-4,0.27618210463807646,0.44,0.432,1
RCOR1,3.2819829797097784e-4,-0.09020439828460944,0.223,0.273,1
TPRG1,3.2856804726982754e-4,-0.09883812275204087,0.218,0.264,1
ATPAF1,3.326127739629298e-4,-0.15621724982436191,0.079,0.107,1
DGUOK,3.340203368460585e-4,0.4899511141097077,0.126,0.101,1
IMP3,3.3581222246715825e-4,0.6777888167147577,0.064,0.045,1
CHURC1,3.374630674451996e-4,-0.17008733252276306,0.231,0.277,1
MFSD11,3.383953190726654e-4,-0.2161691757238653,0.116,0.148,1
PDCD4,3.3935057683047237e-4,0.21017620244431923,0.739,0.75,1
ANKZF1,3.396395554832442e-4,-0.3940254774171681,0.044,0.065,1
PABPN1,3.3967790926057203e-4,0.46165446971783486,0.145,0.119,1
PSMD5,3.4053310133129607e-4,0.3780513166253426,0.257,0.23,1
APOL6,3.4231850457731747e-4,-0.0773169938912478,0.372,0.438,1
YPEL2,3.424968960250246e-4,-0.2986735120809427,0.104,0.133,1
TUT4,3.445973804394206e-4,-0.0989811058120007,0.675,0.731,1
TMA16,3.484932706859566e-4,-0.2989989263281516,0.058,0.081,1
KMT2E-AS1,3.489792195938295e-4,0.8211562045679655,0.057,0.039,1
MTREX,3.4994489858103747e-4,0.2724034190593265,0.464,0.457,1
EML3,3.5208751315493397e-4,-0.36218123284713766,0.046,0.067,1
NUP160,3.5239402737429317e-4,-0.12880474041597237,0.205,0.251,1
NCF2,3.5244506452161435e-4,-0.2607787182241621,0.041,0.061,1
HCP5,3.5301114778293864e-4,-0.1614241470936295,0.086,0.116,1
ARHGEF1,3.5802771719742555e-4,0.26814042169430324,0.38,0.365,1
TAF5L,3.5827438560828744e-4,-0.28857359915703085,0.088,0.116,1
SATB1,3.584058665482723e-4,-0.11638363020429532,0.167,0.209,1
FAM32A,3.584532667292919e-4,0.7436748845050918,0.069,0.049,1
SLC15A4,3.6047045704730576e-4,-0.1909434055457777,0.176,0.215,1
SUMO1,3.6172472618084165e-4,0.41426599680413545,0.203,0.175,1
ESYT2,3.63295311371676e-4,-0.10639948876173544,0.524,0.589,1
ZC3HC1,3.644361678250309e-4,-0.16433043394639313,0.051,0.073,1
SRM,3.6486485640204017e-4,0.7654235962348457,0.055,0.037,1
MCM3AP,3.690976197341555e-4,-0.15637072359473025,0.167,0.209,1
FBXL12,3.746652850527331e-4,0.9031145062133175,0.052,0.035,1
AC002558.3,3.769772045996164e-4,-0.18167037312229528,0.055,0.078,1
PPARD,3.7962903020700756e-4,-0.17393651119331266,0.114,0.147,1
MAX,3.797508582616561e-4,-0.13707373303555137,0.405,0.467,1
KIF1B,3.7976115855946834e-4,-0.1928998220882016,0.224,0.265,1
ZBTB21,3.8128043883958393e-4,0.6018062655135392,0.131,0.107,1
UBE2E1,3.8375505273630827e-4,-0.17123361311999447,0.291,0.336,1
NECAP2,3.8439768394354804e-4,0.5545571836676095,0.127,0.102,1
LIME1,3.8686498786817637e-4,0.37181249569433217,0.297,0.277,1
OGFOD1,3.877471803524115e-4,-0.2174160647076646,0.055,0.078,1
GDAP2,3.906900933416662e-4,-0.07369886005316006,0.161,0.201,1
AC008735.2,3.911074643524667e-4,0.6213394197334341,0.082,0.061,1
TECPR1,3.959905859536398e-4,-0.16758681667190545,0.118,0.153,1
DNAJC27,3.985361390859421e-4,-0.3538058282778409,0.052,0.074,1
CSK,4.074045061563148e-4,-0.1607765225416249,0.186,0.228,1
ZNF787,4.085285485889825e-4,-0.4669334584024085,0.034,0.052,1
TUBGCP4,4.0877013154326384e-4,-0.2149825244491157,0.06,0.084,1
NDC1,4.1144918648904375e-4,-0.268227147472496,0.081,0.108,1
CCP110,4.131272179520905e-4,-0.34330438588087864,0.061,0.084,1
C3orf35,4.144158510291257e-4,-0.1863585442775969,0.127,0.161,1
LINC00667,4.216602475064423e-4,0.6541668476164231,0.104,0.081,1
CLCN6,4.2356513217782683e-4,-0.3281258164781331,0.044,0.064,1
ABCC10,4.262668306485734e-4,-0.38031693438959957,0.051,0.073,1
SPRTN,4.2819793138567134e-4,0.6038836414002775,0.089,0.067,1
PEX26,4.2918156592991675e-4,-0.2965240752713414,0.112,0.142,1
AC093495.1,4.301688925739809e-4,0.9056261171605451,0.05,0.033,1
AGGF1,4.324598559998615e-4,-0.1313296027891493,0.123,0.157,1
ASTL,4.3352586603656823e-4,0.8173602429179101,0.06,0.041,1
OTUD1,4.363239783585927e-4,0.8249167008024099,0.051,0.034,1
NPEPL1,4.37006856457892e-4,-0.24223021350253204,0.099,0.129,1
MRPS18A,4.381002390004481e-4,0.803605391939691,0.055,0.037,1
C2CD5,4.401066516869397e-4,-0.07980106428232492,0.382,0.448,1
MCTS1,4.4302171384601527e-4,-0.3939757757902398,0.049,0.071,1
USP46,4.4633421197150984e-4,-0.26526385626974935,0.07,0.095,1
SRSF9,4.513368440733333e-4,0.4038329595558806,0.202,0.176,1
ZMPSTE24,4.5336444326288044e-4,-0.23090469612739906,0.1,0.129,1
ZNF675,4.565649535849915e-4,-0.18927791595103138,0.1,0.131,1
DDX39A,4.568801366096759e-4,0.6800455319948062,0.099,0.077,1
PDCD6,4.593877801978736e-4,-0.1683883338372527,0.126,0.161,1
CARS,4.6948941207577684e-4,-0.152110707022576,0.115,0.147,1
SLC35C2,4.702938006649775e-4,-0.21261980292580973,0.087,0.115,1
RASA2,4.7131738656296915e-4,-0.057112304758103694,0.802,0.858,1
ING3,4.7141643499036865e-4,0.3663500207416418,0.19,0.162,1
XPC,4.7247037966232714e-4,-0.09504508772905079,0.201,0.249,1
LRCH4,4.754308761999416e-4,-0.18212004622702116,0.07,0.096,1
NUDC,4.771073958081603e-4,0.4938439171250497,0.127,0.103,1
USP9X,4.785823023708504e-4,-0.09789480384488303,0.54,0.615,1
SCAF11,4.8052829861418403e-4,-0.05724604108903453,0.743,0.818,1
SENP1,4.839093605016454e-4,-0.1189282915460621,0.154,0.193,1
ATIC,4.840523976396703e-4,-0.3283712820091351,0.09,0.118,1
METTL26,4.851163951272278e-4,0.7264027933300921,0.054,0.037,1
MARCKS,4.852686262878224e-4,-0.3848076341980109,0.037,0.056,1
PGM3,4.8536871044006313e-4,-0.2377933609937637,0.052,0.075,1
DNAJC3,4.870586629834028e-4,-0.1091269432029377,0.31,0.366,1
ZSWIM5,4.899469812603618e-4,-0.3126074288432679,0.149,0.181,1
TLN1,4.910342989050534e-4,0.25688152462499886,0.39,0.376,1
PSMA1,4.934851756672297e-4,-0.19486905401861854,0.374,0.423,1
DEDD2,4.939593983787606e-4,0.8193170375406749,0.062,0.044,1
TESC,4.968298257528236e-4,-0.3119224980796069,0.042,0.062,1
EPM2AIP1,4.983261736189922e-4,-0.05220978131612375,0.124,0.16,1
TOX4,4.996539229612666e-4,0.4809950249019191,0.206,0.182,1
DNAJB9,5.009878235726513e-4,0.745260113242719,0.087,0.066,1
KDM4A,5.032234728838804e-4,-0.23274857798848436,0.108,0.139,1
SF3B4,5.039976884222479e-4,0.8017568630877854,0.057,0.039,1
CUL4B,5.119440308473457e-4,-0.21431647251823494,0.1,0.129,1
CHMP1B,5.13249278494496e-4,0.6442339287185224,0.105,0.083,1
SLC33A1,5.15105853378934e-4,-0.1812482433029261,0.188,0.23,1
CALCOCO2,5.200896209299965e-4,-0.1065469365505245,0.121,0.154,1
PITPNM2,5.214935370603184e-4,-0.5074331718050309,0.033,0.05,1
GPBP1,5.214972512693738e-4,-0.007806857755787711,0.48,0.559,1
RBM19,5.246588295536862e-4,-0.17748785363489694,0.148,0.185,1
DHX33,5.279546740836041e-4,-0.35392748949474706,0.038,0.057,1
CDKAL1,5.296347992969775e-4,-0.05813322945553967,0.797,0.845,1
APTX,5.324932967271567e-4,-0.1722540519394009,0.143,0.178,1
CENPK,5.33530846204775e-4,-0.16950429278820733,0.158,0.195,1
AL662844.4,5.38129684168972e-4,0.787374617177719,0.077,0.057,1
RXYLT1,5.414092360399118e-4,-0.34517192994650836,0.039,0.058,1
TTLL3,5.448750001859246e-4,-0.1378386391450479,0.121,0.155,1
EEF1AKMT2,5.453238708256417e-4,-0.11258948281728554,0.131,0.166,1
PARP16,5.462837815333778e-4,-0.43964198707709246,0.05,0.071,1
P2RX4,5.47022871330232e-4,-0.3105855695913926,0.071,0.096,1
ADSS,5.473321303957758e-4,0.2418620945380554,0.481,0.476,1
ELMOD2,5.491531643887668e-4,-0.22532952156782438,0.101,0.131,1
SIPA1,5.523965769395686e-4,0.4365982802347399,0.163,0.138,1
POLR2C,5.524127437994358e-4,0.7842913878339006,0.068,0.049,1
ATP9B,5.552761101886377e-4,0.18295605576105478,0.701,0.72,1
IL12RB1,5.611245451977061e-4,-0.31653723023982927,0.087,0.114,1
SETD4,5.622101926149874e-4,-0.2350903287574062,0.053,0.075,1
IL16,5.667804956567073e-4,-0.1854974141020782,0.131,0.164,1
MTBP,5.703844917478057e-4,0.45392013294943023,0.119,0.094,1
WAPL,5.728061033264488e-4,-0.03158890189566599,0.415,0.488,1
PEX7,5.753941015503312e-4,-0.33872715641595774,0.067,0.09,1
POLR3B,5.771318657319761e-4,-0.3320968524997021,0.081,0.106,1
TMEM123,5.824592467693866e-4,-0.04813407026182348,0.339,0.403,1
EIF5B,5.851647297105627e-4,0.2850415719827196,0.395,0.378,1
GPR89B,5.853743575946293e-4,-0.08689589847458856,0.145,0.182,1
ARHGEF9,5.860418640067812e-4,-0.16715721729102984,0.117,0.149,1
HLA-F-AS1,5.87051330151012e-4,0.7559407624554688,0.086,0.065,1
HGSNAT,5.878443268762711e-4,-0.072939247522682,0.182,0.224,1
TRAM2,5.897390017177342e-4,-0.3168596234043455,0.073,0.098,1
IDH3G,5.937008818357269e-4,0.715156843643951,0.055,0.038,1
CCDC171,5.939386638229911e-4,-0.5331800082944036,0.035,0.053,1
MPP6,5.947487201247745e-4,0.34248882359766153,0.212,0.182,1
WDR4,5.961895264222435e-4,-0.35244988144807676,0.045,0.065,1
PEX16,6.094737806512541e-4,0.6474176639006277,0.071,0.051,1
CTNND1,6.109180947156827e-4,-0.1840960516384087,0.088,0.116,1
HECTD2,6.13696318826973e-4,-0.19610348524968746,0.034,0.052,1
SRSF3,6.16165605935032e-4,0.3382773059126116,0.374,0.367,1
TAF12,6.237222972668669e-4,-0.36861529064532306,0.045,0.065,1
ZNHIT3,6.245091690106028e-4,0.6205166302446778,0.096,0.074,1
SLAIN2,6.247772040176413e-4,-0.07287667748726617,0.289,0.341,1
MGAT1,6.260263959743061e-4,-0.18737295496764905,0.098,0.127,1
PHLPP2,6.264195960438731e-4,-0.16925348155571873,0.084,0.111,1
C9orf72,6.326794064683587e-4,-0.20239735707678763,0.086,0.113,1
RHOF,6.427497515226707e-4,0.5738251486769843,0.127,0.103,1
RAB5B,6.440305339357761e-4,-0.30244660312122695,0.064,0.088,1
RBIS,6.523904047461232e-4,0.5637176937948583,0.106,0.084,1
LINC01871,6.577985862319212e-4,-0.17643932159462616,0.134,0.169,1
ZNF512,6.594313082011457e-4,-0.19106308865897526,0.098,0.127,1
EXOC1,6.655509472117766e-4,-0.07226136750803569,0.276,0.33,1
LSS,6.828468592305246e-4,-0.23744215133146795,0.076,0.101,1
CCNDBP1,6.867326355703064e-4,0.43950824680763456,0.173,0.148,1
TBC1D23,6.92733193852355e-4,0.34867398378208925,0.342,0.324,1
DHPS,6.953070533573674e-4,0.6959724071550863,0.063,0.045,1
MYO15B,7.00138645009291e-4,0.8418966533065151,0.076,0.057,1
POLD3,7.015388581145228e-4,-0.2795594056289086,0.042,0.061,1
PTGER2,7.03078623879331e-4,-0.2527697091078316,0.081,0.107,1
SOS2,7.050581486626926e-4,0.278506972208004,0.489,0.489,1
SVBP,7.059318687197823e-4,0.8771622062281348,0.052,0.035,1
TAF13,7.088057056392794e-4,0.6273828782176771,0.094,0.072,1
RSRC2,7.104534953922485e-4,0.2097729323028652,0.415,0.398,1
CMTM3,7.117119930975691e-4,0.6114383556439829,0.116,0.094,1
GPATCH11,7.124054202116635e-4,-0.27159749641333075,0.049,0.07,1
RCN2,7.156715020952685e-4,0.4073682268023874,0.174,0.148,1
ARFGAP1,7.16817505613037e-4,-0.35739169943939775,0.04,0.059,1
CHKB,7.172335522932044e-4,-0.18334083282581615,0.106,0.137,1
NTMT1,7.180365904450219e-4,0.9061023038320024,0.054,0.038,1
GRIPAP1,7.315779509767621e-4,-0.18938415823069477,0.094,0.123,1
SH3TC1,7.323758048866361e-4,0.7356042620666559,0.052,0.035,1
AGBL4,7.401755119596385e-4,0.35043795265896915,0.073,0.053,1
IFT43,7.421097693664203e-4,-0.34690758768090846,0.056,0.077,1
LINC02316,7.432480820993378e-4,0.8659248960565806,0.05,0.034,1
LINC00910,7.534957122200665e-4,0.6117913825652119,0.1,0.078,1
ETFB,7.599821616979115e-4,-0.35394105432377576,0.098,0.124,1
BET1L,7.600149130501951e-4,0.6841818676805094,0.057,0.04,1
ZNF525,7.633405780608235e-4,-0.3065561927474665,0.054,0.075,1
CCNL1,7.645938572874336e-4,0.15660537757057047,0.658,0.671,1
PML,7.727708636980383e-4,-0.15045689054232292,0.083,0.11,1
MRPS23,7.737104381239971e-4,0.669223369405247,0.062,0.044,1
NFRKB,7.800045215018736e-4,-0.16424936595687734,0.073,0.098,1
SLC12A9,7.814433958416941e-4,-0.3635329751671601,0.037,0.055,1
C1orf131,7.900789249863729e-4,0.696034426252536,0.08,0.061,1
MIEN1,7.926465782590955e-4,0.6628767167062257,0.065,0.047,1
SND1-IT1,7.942947564647412e-4,-0.43250395083436644,0.034,0.051,1
NKAP,7.950339976433307e-4,0.5917078132431746,0.162,0.141,1
ANAPC10,7.965463465654037e-4,0.3531037622895533,0.264,0.236,1
RABL2B,7.979916665892004e-4,-0.28768050481158935,0.035,0.052,1
TPM3,0.00080578106340213325,0.21450312863575238,0.471,0.467,1
MCL1,8.091243792491513e-4,-0.056168658050770204,0.311,0.373,1
DOK2,8.129053140332537e-4,0.5422413665471562,0.134,0.11,1
PAPOLG,8.135771799518711e-4,-0.10623815148417504,0.162,0.2,1
MAPK6,8.149586441730261e-4,0.35067736831874563,0.238,0.212,1
ZNF8,8.248949374750665e-4,-0.5222615190823898,0.035,0.052,1
PRKAB2,8.250354054680968e-4,-0.2739694170155311,0.059,0.081,1
PDCD7,8.294232439929215e-4,-0.11468247848312885,0.106,0.137,1
SNX24,8.363633752244041e-4,-0.3268420639992271,0.093,0.118,1
FAM104A,8.382751288073314e-4,-0.14698155747048802,0.1,0.13,1
CDK11A,8.384222991287024e-4,0.4444274985617412,0.261,0.243,1
CDC14B,8.508359003685138e-4,-0.40011010665340385,0.06,0.081,1
ZNF565,8.586261519249552e-4,0.8119520973822498,0.07,0.051,1
ZCCHC2,8.587263222697157e-4,-0.03174391046854852,0.364,0.423,1
PLEKHM1,8.615825359878753e-4,-0.07478840006991194,0.131,0.166,1
KLHL42,8.635322647583954e-4,-0.1783621625676577,0.076,0.102,1
MPHOSPH8,8.638297385681182e-4,-0.04664934706548862,0.376,0.442,1
DIS3,8.671623968745537e-4,0.366626075969154,0.264,0.24,1
SLC26A5,8.71257163808094e-4,0.5687184616522796,0.053,0.036,1
RNPS1,8.770176836070813e-4,0.4844573908156291,0.195,0.172,1
NCSTN,8.848988546754184e-4,0.7013838175474332,0.066,0.048,1
PIAS1,8.877580799428556e-4,-0.03144959984495488,0.754,0.818,1
ZNF432,8.912298184366572e-4,-0.2673342339756184,0.05,0.071,1
ZNF282,9.036630925072509e-4,-0.23260478879220603,0.044,0.064,1
AC092650.1,9.04312658384168e-4,-0.5720095930246794,0.042,0.06,1
DDX39B,9.16750578808292e-4,-0.05096609914462507,0.278,0.333,1
FKBP8,9.175117052844667e-4,0.5093475930037076,0.164,0.141,1
CARD19,9.202832352531992e-4,0.800449593291416,0.055,0.038,1
IPO8,9.328686934537982e-4,-0.10688195735221329,0.149,0.185,1
HCFC2,9.331499795724315e-4,-0.1270158866251685,0.133,0.167,1
MRPL38,9.374495576023525e-4,0.7233733002407994,0.078,0.059,1
AC003681.1,9.376078459554051e-4,0.7476111203860154,0.072,0.054,1
RBM28,9.477477705542641e-4,-0.15593676789335298,0.104,0.134,1
DHX15,9.478245523905985e-4,-0.06840884953046716,0.344,0.408,1
ZNF266,9.503502407151004e-4,-0.07643470553739218,0.183,0.225,1
PQBP1,9.542609839645403e-4,0.7908655725338116,0.056,0.039,1
CCNC,9.544535114187955e-4,0.35062668915497025,0.27,0.247,1
ZNF540,9.585080201662021e-4,0.7669429869224715,0.075,0.056,1
DIPK2A,9.599689740433231e-4,-0.40632885389713524,0.065,0.087,1
CAMTA1,9.604897173791991e-4,-0.15496794040023731,0.312,0.361,1
CLNS1A,9.634970354282485e-4,-0.0756730251808313,0.2,0.243,1
ARHGDIA,9.692340696885144e-4,0.3348231819535933,0.254,0.234,1
ATP6V0A2,9.721819988171142e-4,-0.10379113207800383,0.159,0.195,1
PTPN12,9.753459080574895e-4,0.2608319233943175,0.312,0.284,1
CD164,9.80649512132091e-4,0.3003774816586681,0.341,0.327,1
ZRSR2,9.827598608454138e-4,-0.12622409802084866,0.119,0.151,1
RGS10,9.877103297880954e-4,-0.23298202229041975,0.08,0.106,1
IPP,9.90645049979761e-4,-0.20589886759344145,0.081,0.106,1
DESI1,9.93047354342073e-4,-0.3797464707753262,0.033,0.05,1
HLA-DRB5,0.001000780223819312,0.6993174255452799,0.087,0.067,1
CACUL1,0.0010030051960194988,-0.030477606294617182,0.249,0.298,1
SLC38A10,0.0010050147829499905,-0.26788529962800856,0.085,0.11,1
LRRC23,0.0010090729748491432,-0.2942981517826082,0.047,0.066,1
ZC3H18,0.0010130060831104902,0.33724415358552784,0.263,0.241,1
CYREN,0.0010145724510282896,0.35062119628948873,0.169,0.142,1
TCAF2,0.0010158883189261914,0.6841291249818191,0.065,0.047,1
NFATC1,0.0010199024665350823,-0.11016220855552428,0.117,0.15,1
PDCD5,0.0010200889738939825,0.6549824408821183,0.064,0.046,1
TRAF3IP1,0.0010220415097033314,-0.33724382464593905,0.041,0.059,1
PPAT,0.0010231558614800125,-0.2274308018072433,0.057,0.078,1
REXO2,0.0010341544792388123,-0.23159998603874987,0.046,0.065,1
ARPC1B,0.001034793934653606,0.2963522583245206,0.384,0.371,1
CRIPT,0.0010352662607502798,0.5031061908325108,0.153,0.131,1
OSBPL9,0.001038767421006699,-0.06895763187347526,0.373,0.435,1
MBIP,0.0010396651842628241,0.3436766615678556,0.142,0.117,1
CATSPERE,0.001047042666854542,-0.33934095893632854,0.04,0.058,1
NUDT2,0.0010475861487967077,-0.3398603356181118,0.039,0.057,1
TNPO2,0.0010532303771361052,-0.2645448596584905,0.061,0.083,1
CRELD2,0.0010554844105510235,0.7033676978112489,0.059,0.042,1
TEX10,0.0010624912892112357,-0.2063401867934096,0.115,0.144,1
SYCP2,0.0010685466187604661,-0.3325823095432252,0.045,0.064,1
MTO1,0.0010691715713462085,-0.15877401023198856,0.124,0.155,1
NIPSNAP1,0.0010811983961054408,-0.29670321897783003,0.037,0.055,1
ZNF639,0.0010847452097503386,0.465524164466971,0.12,0.097,1
MT-ND4L,0.0010865556835698295,0.12259012775084077,0.881,0.886,1
SNX17,0.0010896147756396851,0.4423464979331766,0.089,0.068,1
CNOT11,0.0010912483191294975,-0.10763732213211763,0.121,0.153,1
UPF1,0.0010920704774616704,-0.09994429598758225,0.104,0.134,1
GALT,0.0011030912074846033,-0.41424679320398905,0.041,0.058,1
FXR1,0.001103343925835614,0.2730837195053236,0.406,0.4,1
RAD1,0.0011071292703430042,0.6286356624000864,0.086,0.067,1
MPC2,0.0011094344133158861,0.5690351320452345,0.081,0.061,1
LIX1L,0.0011169010999443887,-0.29401104193307637,0.077,0.1,1
SEL1L,0.0011239321322726499,-0.06707282367631853,0.29,0.344,1
GAR1,0.001128239148693981,0.8748540363785189,0.052,0.036,1
WBP4,0.0011316295422216947,-0.23641152668035126,0.085,0.11,1
ALG2,0.001137936523448613,0.7725555759842901,0.053,0.037,1
SDF2,0.0011410078127743676,0.5717912281185262,0.084,0.064,1
PHF12,0.0011412995907565564,-0.14016036408924332,0.227,0.272,1
RNF41,0.0011470212671046442,-0.36465472959652434,0.04,0.058,1
MSL3,0.0011493567025641386,-0.058890709021241605,0.127,0.161,1
TRA2B,0.0011533759374132535,0.17930775335247473,0.588,0.594,1
GPR183,0.0011566626523802056,0.8416739889850526,0.104,0.084,1
VMP1,0.0011578809721767864,-0.04796934683541476,0.475,0.538,1
ETFRF1,0.0011610173722326844,0.7499491110464178,0.064,0.047,1
NISCH,0.0011685724482172024,-0.1987710866265151,0.144,0.178,1
PANK3,0.0011731547751472858,-0.10940667309897367,0.177,0.215,1
NKTR,0.0011776876379242223,-0.07784082659383351,0.693,0.758,1
STK3,0.0011785501748810385,-0.2057917671777476,0.078,0.102,1
ALDH18A1,0.00117949593700612,-0.32387390189648224,0.058,0.079,1
SAMSN1,0.0011837683607265844,-0.06936786180282617,0.359,0.414,1
IRF3,0.0011917722124431002,-0.04407294977236109,0.104,0.134,1
TRAPPC2,0.001204174935331203,0.5335137503492076,0.14,0.117,1
ADAMTS17,0.0012046996886679578,-0.3061734141853756,0.038,0.055,1
TRAPPC5,0.0012088231911270093,0.515406562642081,0.109,0.088,1
XPO4,0.0012109855044987834,0.2859330992134814,0.453,0.445,1
C18orf21,0.0012171004281592843,0.6360231471873199,0.07,0.051,1
RNF168,0.0012209712967378727,-0.09309893431255467,0.253,0.299,1
AL359220.1,0.0012227831421007592,-0.22558217488936338,0.099,0.126,1
ZNF562,0.0012318586048677747,-0.25679029052273306,0.059,0.08,1
ZFYVE26,0.0012333550778608298,-0.09725294032834841,0.134,0.167,1
C2orf68,0.0012348876194360698,-0.28206773061993706,0.058,0.079,1
POM121C,0.0012395058321078554,-0.061592438771334024,0.167,0.207,1
TAB3,0.0012400612676937146,-0.13044378450951843,0.138,0.171,1
PEAK1,0.001241429038869929,-0.15015612234861375,0.158,0.19,1
MIB2,0.0012415890300522515,0.746474357890972,0.06,0.043,1
ARMCX5-GPRASP2,0.0012478073397956867,-0.2925494865931326,0.048,0.067,1
ARMCX5-GPRASP2.1,0.0012478073397956867,-0.2925494865931326,0.048,0.067,1
DNAJC17,0.001255548503465127,-0.2738538984889711,0.049,0.069,1
CCDC6,0.0012595992209036382,-0.06293133042669172,0.22,0.264,1
BOD1L1,0.0012653367423345195,-0.05245533883540476,0.4,0.47,1
MRPL39,0.001269953915239714,0.7237101915996746,0.078,0.059,1
AP3D1,0.0012702060001267223,-0.17078765822202246,0.111,0.14,1
TRDMT1,0.0012734575788174555,-0.1918705854847318,0.115,0.144,1
FARP2,0.0012734627167873644,-0.09387264216784263,0.087,0.113,1
TATDN3,0.0012759736685769901,-0.17918164048789698,0.095,0.121,1
SH3GL1,0.0012797347685097416,-0.18319562275463497,0.051,0.071,1
ARFGEF2,0.0012812165638764195,-0.05505002966060424,0.33,0.388,1
C1orf35,0.0012875731952824137,0.8028854773458756,0.059,0.043,1
RAD51-AS1,0.001307026273507307,-0.17141111377951512,0.123,0.154,1
SUSD6,0.0013108785857388128,-0.052077611443229116,0.278,0.328,1
NFE2L2,0.001316559933270486,0.28225903302325195,0.378,0.363,1
UNC45A,0.001324985992184858,-0.16252320988631963,0.042,0.06,1
ASB7,0.001344600603557036,-0.26863508244339585,0.088,0.113,1
HOMER1,0.0013507772203432094,-0.42150599279891887,0.036,0.053,1
FCRL3,0.0013566151383062528,-0.23441888675387634,0.133,0.163,1
GLRX5,0.0013629543834310165,0.6508133523995143,0.056,0.039,1
LRRC41,0.0013696683647861827,-0.11951898554500673,0.07,0.094,1
ALG12,0.0013767353730791704,0.6282654850701452,0.078,0.059,1
TMEM126A,0.0013790786316245213,0.6716111403086056,0.057,0.041,1
RMRP,0.0013801674136124363,-0.3679584300428278,0.034,0.05,1
ZCCHC14,0.001380383930291619,-0.27602178649645026,0.06,0.081,1
SGF29,0.0013811847384152317,-0.3960123110657885,0.052,0.071,1
KCTD13,0.0013850986635706504,-0.30836267754008473,0.079,0.103,1
PREPL,0.0013860289118326013,-0.15643978352505172,0.184,0.223,1
MASTL,0.0014005880830561211,-0.11158045931316352,0.086,0.113,1
RAB14,0.0014084035481689483,0.2781748030432475,0.358,0.343,1
TDG,0.0014217008450839947,0.4318799803131177,0.225,0.204,1
ADI1,0.0014222255596389748,0.6563233424289674,0.054,0.038,1
TM9SF4,0.0014444879201116073,-0.04033531452209438,0.152,0.189,1
CTSO,0.001447038769063808,0.42448268369379294,0.136,0.113,1
ARHGAP27,0.001451494049498038,-0.3030227129126528,0.04,0.057,1
LMF2,0.0014595739362867788,-0.2681420922501361,0.046,0.065,1
CPEB4,0.0014619891013008517,-0.2067380598052409,0.214,0.252,1
POLR2A,0.0014628868715031147,0.32014893218790785,0.344,0.329,1
PAIP2,0.0014797868673470432,0.28892835568927094,0.326,0.308,1
MTERF1,0.0014904374552705093,-0.16395198900917485,0.151,0.184,1
LRRFIP2,0.0014969523145208245,-0.1574335065565431,0.308,0.354,1
ABRAXAS1,0.0015167342905691463,-0.4014741053473192,0.038,0.055,1
ERLEC1,0.001517324502341501,0.532268078568164,0.161,0.139,1
ACTL6A,0.0015241509663987197,-0.3166927245840485,0.036,0.052,1
ECPAS,0.0015265637976914592,-0.038968698950651026,0.353,0.412,1
MTG2,0.001530757456948727,-0.40959419313607315,0.038,0.054,1
ATP5PD,0.0015392511218884073,0.572080554340002,0.068,0.05,1
AC008105.3,0.001553850367887252,-0.2801953933697914,0.108,0.136,1
RAB35,0.0015576889398126053,-0.2522851845701668,0.087,0.112,1
CCDC32,0.0015806959442079577,-0.27773516342876015,0.076,0.099,1
TYW5,0.0015912213933161595,0.4477695419444282,0.206,0.185,1
PRDM2,0.0015922872981263803,0.14456101923614817,0.694,0.707,1
SFXN5,0.0015961442449455498,-0.3713841816614045,0.055,0.074,1
ACSF3,0.0016002221326443995,-0.14834894420350508,0.13,0.161,1
SREK1IP1,0.0016184456450217357,0.26447186192960004,0.257,0.233,1
NAPA,0.001622044858350443,0.47272261190323417,0.159,0.136,1
NPRL3,0.0016308343576656814,-0.2877423039807452,0.057,0.078,1
UTP18,0.0016415128561400128,-0.1218510700158495,0.157,0.192,1
UCKL1,0.0016553382668576385,0.6145984776508784,0.064,0.047,1
SLC35E1,0.001671360321832799,-0.10570585529178378,0.071,0.094,1
PGS1,0.0016855977797715302,-0.21340502887047474,0.081,0.105,1
DTWD2,0.0016863141925677824,-0.3733662032224665,0.061,0.081,1
NECAP1,0.0016904101072040963,0.5828752060275069,0.121,0.101,1
MLF2,0.0016937663420113914,0.6824279414744407,0.067,0.05,1
PSMD4,0.0017021881348044353,0.5211909949093838,0.099,0.08,1
RNF185,0.0017100430730063304,-0.217328862500211,0.088,0.113,1
AC073475.1,0.0017169750626906443,-0.49666004983870793,0.042,0.059,1
AC090772.2,0.0017228081882943707,0.7543736247909738,0.08,0.062,1
IL2RG,0.0017248102290153473,0.3005305589872219,0.317,0.302,1
SMARCD2,0.0017350305490914087,-0.17844232779373526,0.072,0.095,1
GTPBP4,0.0017452056127942642,0.48519730223690283,0.168,0.147,1
MRPS30,0.0017474468923305594,0.5002534790927597,0.097,0.077,1
BLOC1S6,0.00174895198893765,0.38637505330682553,0.209,0.187,1
PEX13,0.0017523754262522124,-0.14909322756008736,0.085,0.11,1
ZNF75A,0.0017528208774765545,0.003070400373458515,0.118,0.15,1
CYBC1,0.0017812222682646694,-0.2452622333924379,0.079,0.102,1
FBXW5,0.0017902076100921643,-0.1505691806887599,0.133,0.165,1
MARCH2,0.001800278884151093,-0.25363612326087015,0.037,0.054,1
PHF2,0.0018025521151852776,-0.12484196146266457,0.089,0.115,1
SBF2,0.001808536665958014,-0.15149558347064385,0.344,0.386,1
DDX59,0.0018231923389754904,-0.12221839092588116,0.08,0.104,1
EIF3L,0.0018514015867025421,0.3421812804582621,0.209,0.187,1
CHN1,0.001872006087461319,-0.3698237811803482,0.035,0.05,1
COX19,0.0018721296199858699,0.46258926360802094,0.197,0.176,1
WARS,0.0018747004737864285,-0.20588625639592362,0.084,0.109,1
CLK1,0.0018820070535573521,0.2179869255431638,0.44,0.439,1
ANKMY2,0.0018823276324313025,-0.10125366716355044,0.081,0.106,1
ILKAP,0.0018845255780950052,0.2626874298385022,0.357,0.343,1
PHLPP1,0.0018895740460370633,0.2918814899939179,0.212,0.186,1
EXOC8,0.0018925547795647934,0.8017155452264557,0.054,0.038,1
ETNK1,0.0019056473839892212,-0.050592457506520416,0.476,0.54,1
PITRM1,0.0019225997159637981,-0.29853858539936695,0.065,0.087,1
UBA2,0.0019242775145968415,-0.0947358248386791,0.217,0.258,1
LPCAT1,0.001924420451424369,-0.08518635150645071,0.28,0.33,1
CLASRP,0.0019337201748194047,-0.1181201824412832,0.121,0.15,1
PYROXD1,0.0019389862031465312,-0.09138006561081147,0.274,0.325,1
TIMM44,0.001957079190381724,0.6440078728764176,0.099,0.08,1
ERAP1,0.0019632818359004824,-0.08200793282746673,0.248,0.296,1
ATAD1,0.0019648960576057473,-0.05482642870031279,0.293,0.347,1
CLK4,0.0019713220905096572,0.4464384960234269,0.187,0.167,1
ZNF493,0.001975550773146747,-0.09631168355635711,0.131,0.161,1
ZFX,0.001984633274363389,-0.12379975475755453,0.211,0.251,1
PIGB,0.0019876879190490124,-0.052578238496702345,0.181,0.219,1
NBPF26,0.0019889646784767637,-0.30415437129772505,0.047,0.065,1
TMEM19,0.001994456196829053,-0.4484910432495264,0.039,0.056,1
VPS52,0.0020234490720124148,-0.19907103298921713,0.051,0.07,1
MRPL3,0.0020501543549010827,0.41478577466434086,0.227,0.204,1
GHITM,0.0020582106064933703,0.3759209980226744,0.197,0.175,1
NOM1,0.002064906062865148,-0.2402697961623752,0.074,0.097,1
PHF19,0.002073221778012885,-0.21517105871859465,0.054,0.073,1
RPAIN,0.002073929095568205,0.5223832569093307,0.122,0.101,1
MYO19,0.002080361091538642,-0.13046935818531957,0.101,0.128,1
DCTN2,0.002083973862803641,-0.11653276346378671,0.085,0.111,1
ZNF618,0.0020902998167413307,0.6740658096400907,0.057,0.041,1
PIM2,0.0020947742601463573,-0.140898044331069,0.041,0.058,1
YWHAE,0.002108193382272334,-0.07120303167465664,0.207,0.249,1
MZF1,0.002116273485350558,-0.3836658620963598,0.036,0.052,1
ICK,0.0021269334799190825,-0.2077700739441426,0.067,0.088,1
LIX1-AS1,0.002146320311442511,0.36777778368084535,0.054,0.038,1
DYNLL2,0.0021575135508548845,0.5483430666548272,0.124,0.105,1
TECR,0.0021619424655425225,0.4706750718411189,0.198,0.18,1
TP53INP1,0.0021721633264275737,-0.3918958651216575,0.072,0.093,1
DCBLD1,0.002173089329162824,-0.37402111573017205,0.045,0.063,1
CRNKL1,0.0021772588543468134,0.4351975291136856,0.163,0.141,1
ATL3,0.0021775489312099794,-0.27614703154761155,0.092,0.116,1
CASD1,0.002203153901619426,-0.06880006676974942,0.304,0.356,1
GABPB1-AS1,0.0022089686331396045,-0.06386914285088928,0.228,0.271,1
SLU7,0.0022165689179912476,0.3952579489952359,0.206,0.186,1
MPV17,0.002220061379783475,-0.3464894672888734,0.039,0.056,1
DEC1,0.0022201880030472652,-0.6940350144554921,0.046,0.063,1
NDC80,0.002229955531756189,-0.3863800170759104,0.042,0.059,1
SH3BP1,0.002233666423310953,-0.22627139851660405,0.076,0.099,1
PRKCQ-AS1,0.0022427651546842583,-0.1794942699836386,0.107,0.134,1
ELF1,0.002259843653886054,0.12129359799221229,0.808,0.831,1
FAM241A,0.0022664664822024355,-0.11875820299995876,0.054,0.073,1
SYS1,0.002268558889964624,0.5826746184596294,0.081,0.063,1
ZDHHC2,0.0022936340906812708,-0.16945838233543908,0.155,0.187,1
NUP188,0.002306438485001488,-0.10359673632019706,0.077,0.1,1
CCDC117,0.002321835033887388,-0.32218532846284775,0.04,0.057,1
RPN2,0.0023220100143685504,0.2693229805370789,0.305,0.287,1
FPGT,0.0023422696724625493,-0.3440404996679485,0.034,0.05,1
PGP,0.0023505661747561936,0.5609169683172839,0.084,0.066,1
EIF4A3,0.002350828436153955,0.7123307544403046,0.06,0.044,1
MFN1,0.002382610995715628,-0.06851312982912572,0.183,0.22,1
SNX20,0.002398519759477005,-0.2022981139295319,0.063,0.084,1
THOC1,0.0023986791610814484,0.3208660493167498,0.378,0.364,1
SNRK,0.0024161468832746115,-0.09430232221481627,0.627,0.69,1
LYSMD2,0.002421992171074365,0.6179157040206011,0.085,0.066,1
AC005070.3,0.002423686519822873,-0.33486534695764325,0.038,0.055,1
ZNF627,0.0024281795327214576,-0.4038867511987183,0.035,0.051,1
IARS2,0.0024365965676491175,-0.08633207538158139,0.146,0.18,1
FBXO30,0.002459502171615776,-0.2753516271551266,0.045,0.062,1
RPIA,0.0024640473252627647,0.4333518730070498,0.132,0.111,1
ADA,0.0024788933432589094,-0.41202338958311513,0.038,0.054,1
CGAS,0.0024871833133916733,-0.07682534822381926,0.116,0.144,1
NOP58,0.0024938012773786655,-0.08390897949732623,0.448,0.516,1
HAUS2,0.002494633327687334,0.44086263080385346,0.09,0.071,1
ZNF142,0.0025162548821760647,-0.12738512998548712,0.045,0.063,1
DCTN4,0.0025238695939834503,-0.0793574409150159,0.285,0.332,1
CBWD1,0.002528436419326121,-0.20661517186097145,0.052,0.07,1
ZC3H6,0.002543906124081813,-0.11046050641423522,0.175,0.212,1
CERS5,0.0025727078822426275,-0.056052648616805034,0.15,0.184,1
EARS2,0.0025729914125436656,-0.311437323555912,0.037,0.053,1
PDE4DIP,0.0025734844119946624,-0.27035286253597146,0.043,0.06,1
ZNF394,0.00258000735959743,0.36438051241356273,0.313,0.305,1
LINC01588,0.0026020831645567916,-0.08291697248728058,0.186,0.224,1
ZNF441,0.0026084751027732342,-0.26538503460784435,0.053,0.072,1
CNR2,0.0026109673148846813,0.7079708061321399,0.07,0.053,1
NR3C2,0.002618906489978117,-0.06507262803239833,0.476,0.411,1
CD99L2,0.0026252554756438116,-0.2422754950622905,0.075,0.098,1
DNAJC11,0.0026343466725238813,-0.03988431455422581,0.129,0.16,1
NEK4,0.002634549972337005,-0.1938024219966259,0.048,0.066,1
AL353660.1,0.0026382759370243056,-0.51545192512557,0.071,0.091,1
PHAX,0.0026407483174100957,0.5066673857394878,0.144,0.123,1
ZNF654,0.0026433988148695463,-3.7828689622082523e-4,0.27,0.316,1
THOC3,0.0026681718630880745,-0.12897492262985688,0.044,0.061,1
NDUFC1,0.0026696203867930287,0.47891691183262264,0.091,0.072,1
PAM16,0.0026778164804653294,-0.13036839778037201,0.068,0.09,1
CD55,0.002700515504613252,0.2735890418995297,0.449,0.448,1
AL512603.2,0.0027027687159292737,-0.2603827513302541,0.072,0.093,1
LRRC37A2,0.002705128529801615,-3.7453402235732014e-4,0.117,0.147,1
AGPS,0.002711537982540886,-0.049598196998489,0.361,0.413,1
AC004687.1,0.00271590092578419,0.3698613193894853,0.213,0.194,1
AC005674.2,0.002760897103858887,-0.40919949528418487,0.037,0.053,1
CPNE1,0.002789908342426938,-0.14871143918590168,0.129,0.159,1
SIAH2,0.002790643825307805,0.34114925234271626,0.219,0.196,1
USP8,0.002801945804328538,-0.07541837553939867,0.371,0.425,1
PPME1,0.0028099707926397513,-0.09542958592631545,0.087,0.111,1
RIC3,0.002826476537304628,0.5944812070375511,0.077,0.06,1
PPTC7,0.0028265779017414235,-0.12223397013472781,0.187,0.226,1
EZH1,0.0028273878133112844,-0.11371600266970683,0.177,0.212,1
SSB,0.0028378666478590976,0.41668113745029267,0.188,0.168,1
PBXIP1,0.0028381099495674235,-0.09140688829770849,0.186,0.224,1
PSPC1,0.0028479932986316806,-0.060344109881907304,0.579,0.658,1
MRPL4,0.002855234926181842,0.6399412714875692,0.058,0.042,1
PTP4A2,0.0028679819783548363,0.17606833487894047,0.596,0.614,1
AP1S3,0.0028779675085379352,-0.40055584557642865,0.042,0.058,1
Z82215.1,0.0028862227588564307,0.8004139260182597,0.061,0.046,1
TRGC1,0.0028940945100169777,0.4136292883424394,0.119,0.098,1
PSTPIP1,0.0028989890413685165,-0.10097442641910015,0.118,0.148,1
LONRF1,0.0029062038546171015,0.4800085777955607,0.108,0.088,1
HNRNPH1,0.002915317773828799,-0.07240686812424935,0.608,0.679,1
MRPS10,0.002916534808409874,0.5587007195323928,0.104,0.085,1
TMEM222,0.002932037960978656,0.5389759443205895,0.087,0.069,1
MRPS21,0.0029737941018446964,0.48216356619278744,0.11,0.091,1
AC005261.1,0.002973849560028631,-0.1280682174820864,0.08,0.104,1
FGR,0.0029906283207425184,-0.2201580269358998,0.097,0.123,1
RBM48,0.0029958107974521037,0.4770586611275378,0.106,0.086,1
SGSM1,0.0030096627307242695,-0.25049277047158247,0.042,0.059,1
ZNF329,0.0030375177047251988,0.8768065985090185,0.051,0.037,1
SKIL,0.0030428556451606355,0.658562231422047,0.117,0.098,1
YIPF1,0.003050624991830189,-0.20173114269903447,0.053,0.071,1
CDYL,0.0030510538954155175,-0.07693804637126123,0.395,0.445,1
C12orf40,0.003058977419675457,-0.5359735216990131,0.048,0.065,1
NFIL3,0.003074148575571936,0.5324971677070203,0.086,0.067,1
FBXO21,0.003112940113560052,0.31412770859737116,0.267,0.25,1
KIFAP3,0.0031209284321248526,-0.07101913414499861,0.386,0.432,1
AC011476.3,0.0031244204210577886,0.4708806316482723,0.134,0.113,1
DPM1,0.0031289098302252375,0.3216003111703846,0.236,0.212,1
GPATCH8,0.003161387295477648,-0.03206642212817279,0.667,0.731,1
PTPA,0.0031641878890351144,-0.21542355064568142,0.052,0.071,1
SLC36A1,0.0032105561210791058,-0.43369414584239063,0.042,0.058,1
UCHL5,0.0032241019967217187,-0.07557875335506536,0.138,0.167,1
HEATR6,0.00322620645102879,-0.23900614721091928,0.064,0.084,1
CLUAP1,0.0032349255401277893,-0.32897084416907685,0.044,0.061,1
RBMS2,0.003259105102681482,0.7828592209351015,0.051,0.037,1
FMN1,0.0032745815758321514,-0.6479367821455795,0.064,0.082,1
IFIT5,0.0033107293301916636,0.8266520997188689,0.066,0.05,1
ZNF589,0.0033497449902480697,-0.2335321469345597,0.072,0.094,1
RCL1,0.0033521756655833838,-0.10884249752251174,0.149,0.18,1
QARS,0.0033905876810504977,0.6844947469421272,0.068,0.052,1
SMARCAD1,0.003405671881238633,-0.020500017349020738,0.209,0.25,1
MSL2,0.003418996343196079,-0.06824369933688856,0.376,0.433,1
RPN1,0.0034224253150912515,-0.1657727059700541,0.147,0.179,1
SSU72,0.0034588777516289105,0.44134430358808263,0.148,0.128,1
OSTM1,0.0034747808681830916,-0.032343482798050216,0.119,0.147,1
TTC7A,0.003510292373762055,-0.05128151251344831,0.212,0.253,1
PSMD6,0.0035136985590510637,0.5075286018275738,0.108,0.089,1
LRRC75A,0.0035215751648991775,0.8302474975465213,0.051,0.037,1
PER2,0.003537465208243361,0.7640071329858809,0.055,0.04,1
ARL8A,0.0035399506673113863,0.4599394629660356,0.088,0.07,1
CARD16,0.003561573477439344,0.5542298814912852,0.062,0.047,1
OTULIN,0.0035772236119690766,0.06573585298088186,0.18,0.219,1
UTP4,0.003592711882983488,-0.18266185106497268,0.057,0.076,1
POLD4,0.003603144589034743,0.5200433468947478,0.085,0.067,1
MFSD8,0.0036424481197976357,-0.11803454979187394,0.21,0.246,1
DNAJC2,0.003664822230421052,0.38734972518069116,0.234,0.215,1
PACC1,0.0036941153816683146,-0.37521959408058514,0.039,0.054,1
SC5D,0.003703765234094272,0.5764060463601948,0.086,0.068,1
TCOF1,0.00370396808967071,0.4627336009455748,0.157,0.138,1
DDX31,0.003706397720047118,-0.015664528266857936,0.099,0.125,1
PLA2G6,0.003719599669803167,-0.16634924859850164,0.05,0.068,1
MED6,0.0037213922000535913,0.37273217489358956,0.187,0.167,1
COPS2,0.0037385145195942496,0.2916275513152666,0.289,0.271,1
AL109824.1,0.0037794358084445147,0.7618979962233525,0.058,0.043,1
CDC42,0.003790928914378906,0.2063752185089901,0.489,0.497,1
FBXO22,0.0037913150358176427,-0.0646834018420479,0.122,0.151,1
TMEM189,0.0038328882989861176,-0.27821947269284,0.047,0.064,1
CHP1,0.0038336939781247995,-0.3388217505019948,0.065,0.085,1
ARID3B,0.0038556854856088923,-0.040349279503115454,0.186,0.223,1
TTPAL,0.0038577799623454763,-0.019503423090642347,0.051,0.069,1
DAGLB,0.0038630706151860177,-0.2359221178985198,0.042,0.058,1
UBAC1,0.0039030587783353927,0.5783087222625252,0.059,0.044,1
TMEM68,0.0039042975881981652,-0.10107415397943464,0.046,0.063,1
IFT57,0.003914674472453844,0.4616272117632394,0.098,0.08,1
TSPAN3,0.003931885807669735,0.6124093395438714,0.097,0.079,1
FBXW2,0.003934192657374454,-0.10045468648071582,0.202,0.239,1
AP5M1,0.003936220518909996,-0.08319741454921603,0.162,0.195,1
CCPG1,0.003950282151120318,-0.017389043198898294,0.257,0.306,1
LDLR,0.004026569755351853,-0.3556126287028476,0.058,0.076,1
HNRNPF,0.004057320061172504,-0.053515561265175204,0.199,0.24,1
ALOX12-AS1,0.0040680643590214295,-0.25114207766542207,0.085,0.107,1
RNF20,0.004087480405366582,-0.14811399835457406,0.098,0.122,1
CEP120,0.0040958913921985704,0.28153372944202765,0.368,0.359,1
TSHZ1,0.004134970998087358,0.2936445713808329,0.316,0.296,1
RFLNB,0.004196450250387235,0.47829890187023993,0.093,0.075,1
ZNF510,0.004197937296080189,-0.23466615711660932,0.063,0.082,1
ZFYVE9,0.004223336907804947,-0.14470278193456432,0.055,0.073,1
THAP9-AS1,0.0042343256306998645,0.5523075760816174,0.067,0.051,1
IK,0.0042577703239962085,0.3742221104593626,0.192,0.174,1
AP2A1,0.004285954418919032,-0.1564482398881557,0.081,0.104,1
HSPA9,0.004287545087735185,0.2389543381394732,0.38,0.369,1
GRK2,0.004304807245023404,-0.07932969864014344,0.212,0.254,1
ZNF641,0.0043439691534894525,-0.29517732851224565,0.044,0.06,1
NANS,0.004353679858449151,-0.29065088476922263,0.038,0.053,1
FZD3,0.004367965538777899,0.5182807670321945,0.057,0.042,1
BTBD9,0.004433827713350122,-0.0669378579680795,0.76,0.788,1
PEX14,0.004440562559662505,-0.15585214802610048,0.323,0.368,1
RDH11,0.004449782391316676,-0.1379636501805841,0.093,0.117,1
TMEM219,0.004465705330258336,0.5612504673356407,0.071,0.055,1
MRPS25,0.004466980968856974,-0.17376287657395117,0.063,0.082,1
PAPOLA,0.004469809811737401,-0.05016812339314025,0.432,0.503,1
ZNF146,0.004469887413573611,-0.14648236752293697,0.073,0.094,1
VRK3,0.004508750859292989,-0.12136424690783776,0.115,0.141,1
PDXDC1,0.00452842848592299,0.29772604323190494,0.36,0.356,1
STXBP3,0.004533848262427598,-0.08632781197807096,0.22,0.259,1
ZC3H4,0.0045433147551391,-0.1739162751540877,0.08,0.102,1
TGDS,0.00457394109713272,-0.18861364386415902,0.062,0.081,1
CHIC2,0.004592818209928926,-0.01558372835177646,0.429,0.494,1
PIP4P1,0.004597272829224963,0.77914332216467,0.051,0.037,1
GOSR1,0.00460431107795645,0.2793864103113325,0.327,0.316,1
PARG,0.004616006848572403,-0.025437675054531816,0.196,0.232,1
CEP164,0.004642331741077853,0.003631098508197539,0.099,0.124,1
DHX8,0.004646653650262475,0.4016243364178683,0.218,0.2,1
GORASP2,0.0046816804209957865,0.2526276729221498,0.257,0.235,1
ADPGK,0.004692865898691133,-0.1012053772593415,0.222,0.261,1
HNRNPH2,0.004703766934465831,0.5170499517626188,0.101,0.083,1
PDCD10,0.004710304944161365,-0.0846720227440709,0.221,0.262,1
WDR20,0.004711226035381929,-0.09175323229492893,0.335,0.383,1
FAM122B,0.004722926639530014,-0.21333431122859903,0.068,0.088,1
KLHL24,0.004726635292405187,-0.055759064446119444,0.488,0.545,1
IER3IP1,0.004744643340557017,0.4236983134385284,0.07,0.054,1
KAT7,0.0047447139754269825,-0.08063972924235269,0.234,0.276,1
KMT5A,0.004767040719272842,-0.23790783179517838,0.04,0.055,1
CITED2,0.004780085274558345,0.5950535366721716,0.075,0.059,1
RAB4A,0.004798091862086291,-0.12661611852613652,0.089,0.112,1
FAM136A,0.004804390692699654,0.6845603422263777,0.058,0.043,1
PURA,0.004829976005525764,-0.05780940473985624,0.199,0.238,1
SIRT2,0.004860803668445977,0.42149593038436906,0.138,0.118,1
GNL1,0.004861097535548713,0.5475677684441007,0.102,0.084,1
GBE1,0.004869703579374352,-0.12160824645736129,0.163,0.194,1
MAPKAPK2,0.004883879187741691,0.2511067088542869,0.354,0.345,1
TIMMDC1,0.0048959427742160345,-0.3246045345803994,0.05,0.067,1
SZRD1,0.004905991030277927,-0.07814545263755512,0.156,0.187,1
EXTL3,0.004908593490011782,-0.21219595370457878,0.047,0.063,1
ZNF875,0.004915005508178573,-0.07579138988369927,0.105,0.13,1
AFTPH,0.004922864732529373,0.29623055727920733,0.428,0.429,1
WBP1,0.004928647520225415,0.5853018360786248,0.06,0.045,1
EIF3E,0.004938770286663906,0.1971093139460074,0.432,0.422,1
AKIRIN2,0.004943664546681105,-0.17147798473646236,0.181,0.213,1
ARL8B,0.004957883428586069,-0.05927939161807502,0.277,0.324,1
TMEM263,0.0049608338454530465,-0.13858929285745747,0.121,0.148,1
WDHD1,0.004974515341982151,-0.3598910369049855,0.037,0.051,1
ILF3-DT,0.004991231436334628,0.6105737448854198,0.077,0.06,1
KCTD9,0.004993348375140972,-0.15667951678763603,0.124,0.151,1
ZNF100,0.004994375851493147,-0.041593905320086444,0.121,0.15,1
DCUN1D2,0.005010074068499342,-0.1804386282339645,0.073,0.094,1
ACO1,0.005018793874457638,-0.15877067901534847,0.059,0.077,1
IFIH1,0.005028779615978586,0.17629250367459814,0.12,0.149,1
SEC22B,0.005029230846253957,0.39224813227542954,0.216,0.199,1
TP53BP1,0.005045428121123876,0.0222475712766963,0.086,0.109,1
ZNF367,0.005070304672429827,-0.17545629633185555,0.046,0.062,1
SSRP1,0.005130022356285982,0.6385901235817957,0.078,0.062,1
NOMO1,0.005191027562079393,-0.261745903739107,0.041,0.057,1
MYBBP1A,0.005192546342249639,-0.18936078873140794,0.036,0.051,1
ECD,0.005266219487628734,0.2767426351898007,0.262,0.245,1
RAB7A,0.005291357040962338,-0.010000780748770421,0.409,0.468,1
MTA2,0.005327377000539883,-0.18388501237571298,0.046,0.062,1
VPS4B,0.005340622187510897,0.2524937589437504,0.347,0.336,1
MRNIP,0.005353433872401303,-0.12884377358683619,0.057,0.075,1
CDK12,0.005361988191747443,-0.04226732256041599,0.382,0.448,1
PTGER4,0.005370364973983313,-0.0979767929195412,0.155,0.186,1
SPEF2,0.005370718305834691,-0.09714683135568236,0.165,0.196,1
UPRT,0.00537123080147211,-0.12768258648252528,0.056,0.073,1
SEC63,0.005393614044021795,-0.0843110537021613,0.342,0.394,1
ZNF600,0.005402883805215933,0.3736344712616748,0.136,0.117,1
PPP1R9B,0.005443406570037991,-0.27913061677637874,0.041,0.056,1
SLC9A1,0.00547544990791916,-0.15027183747200112,0.059,0.077,1
HAUS3,0.005480105043201746,0.6010754548870247,0.099,0.081,1
COMMD3,0.005486824377326607,0.5902667463799929,0.099,0.082,1
PTGES3,0.005488789400834863,0.2590328996354051,0.37,0.368,1
NGDN,0.0055204186367041694,0.44111065441557384,0.119,0.1,1
MTCH2,0.005551785887847256,-0.1707504897369092,0.095,0.118,1
PSMD12,0.005571026129832944,0.31214195556296626,0.283,0.27,1
FRMD3,0.00559394750060304,-0.3172282779094673,0.048,0.064,1
POLL,0.005617446288398199,-0.1314682566544607,0.045,0.061,1
MAPKAPK3,0.005638729829323535,-0.2873571923308682,0.043,0.058,1
RAB2B,0.00566698864308648,-0.1084797128247077,0.106,0.13,1
ITGB2-AS1,0.005667907782998537,0.4329444282280359,0.16,0.141,1
TAF8,0.005677612463805104,-0.12051035412829858,0.084,0.106,1
PGM2,0.005677810989001172,-0.14115900577980467,0.054,0.071,1
ZNF26,0.005697873341907521,-0.08518353657605204,0.146,0.176,1
SLC25A30,0.005707369271151938,-0.1578387649852604,0.059,0.078,1
PRF1,0.005708221862845796,-0.047168498218141064,0.432,0.489,1
ZNF708,0.005717488154675703,-0.041534486416270444,0.357,0.411,1
IFFO2,0.005729955387909529,-0.03191053476980832,0.064,0.084,1
NDUFA11,0.005764663249977721,0.44180139536620744,0.113,0.094,1
ALKBH3,0.005779954197091569,-0.26715753372359785,0.068,0.087,1
PDIA3,0.005811530111448821,0.1591966552755466,0.502,0.499,1
EPDR1,0.005853440502718953,0.5562965937999347,0.066,0.051,1
PRPS1,0.005872924040220027,0.5507878150651941,0.074,0.058,1
EXOC3,0.0058816406389673725,-0.12886346071809118,0.092,0.115,1
SP140L,0.005890166629982669,-0.059494589086524774,0.325,0.372,1
TDP1,0.00591561760394821,-0.0737913723489172,0.128,0.156,1
METAP2,0.0059158937389080036,0.28342680968282435,0.294,0.28,1
TMTC3,0.0059222152215180415,-0.09668606002718505,0.112,0.136,1
ARMC1,0.005928885267121534,-0.122614972095068,0.085,0.108,1
LYPLAL1,0.005936314799220901,-0.12750476643949044,0.197,0.23,1
LSM6,0.005946704161484849,0.4181025507249374,0.152,0.134,1
VPS29,0.005949639416567664,-0.03495977539938244,0.153,0.184,1
CMTR1,0.005969505104883065,-0.09457864594539944,0.148,0.18,1
ATP6AP1,0.005994711885594821,0.5755669479368444,0.074,0.058,1
MFNG,0.006014264726931268,0.6228134085416124,0.084,0.068,1
ZSCAN25,0.006036309913575881,-0.14042559427030943,0.062,0.081,1
MTCH1,0.0060579982090211175,0.3773173463558155,0.188,0.17,1
RWDD3,0.006065758096511374,0.674061746616625,0.083,0.067,1
TOR1AIP1,0.006084884757883295,-0.0670803380204619,0.251,0.293,1
MAP3K13,0.006126432518290902,0.30010789378937863,0.055,0.041,1
BORA,0.006188250583959747,0.5281162559210069,0.059,0.045,1
BRAF,0.006190176868410068,0.16832408412436184,0.736,0.745,1
SCAMP1,0.006211510999264942,-0.09472829170084207,0.262,0.303,1
AP1G2,0.0062481132416499835,-0.25028462806888196,0.052,0.069,1
TSTD2,0.006321807707545809,0.44130160529637874,0.133,0.114,1
PRPF31,0.006325545957837201,0.5426316775848874,0.08,0.064,1
PYCARD,0.006327256524480929,0.6724010545834949,0.063,0.048,1
DDX52,0.006348753626413553,0.3415856907112099,0.24,0.22,1
PPM1M,0.006376929655850155,-0.3097481857169879,0.039,0.054,1
LIN52,0.006413856395043399,-0.12960494433253195,0.175,0.204,1
TRMO,0.0064322991810631044,-0.17660648126299994,0.102,0.125,1
CENPP,0.006476765666968678,0.08720501696668607,0.195,0.167,1
DHX57,0.0064938149517225225,-0.024327138272656534,0.144,0.172,1
HIPK2,0.006561851879127447,-0.2535789253684276,0.214,0.246,1
ZRANB1,0.006563242752228483,-0.008394494633317096,0.165,0.201,1
DUSP11,0.00657267752326583,0.47029479576567557,0.129,0.112,1
CDS2,0.0066188846808781345,-0.1097229744305348,0.2,0.235,1
FOPNL,0.006680407780095151,-0.16214869260031373,0.058,0.076,1
TRIOBP,0.006694803440410258,-0.24132931201173013,0.08,0.101,1
BLMH,0.0067153053923205966,-0.026450536715968864,0.129,0.157,1
STT3A,0.006729201769086162,-0.023738465131297515,0.077,0.098,1
DNAJC9,0.0067639359324326975,0.38634146801648983,0.101,0.083,1
AP3S2,0.006787762543759703,-0.10027249096944757,0.183,0.215,1
RIPK2,0.0067939238280657005,0.46589516517093144,0.124,0.104,1
GXYLT1,0.0067984212016726575,-0.04097347121357875,0.135,0.164,1
GNS,0.006818238815581237,-0.1064199565656474,0.089,0.111,1
RNF24,0.00682888112882918,-0.10773658315249013,0.087,0.109,1
KLHDC3,0.006856699722447737,0.5856890387629661,0.055,0.042,1
MAP4K2,0.006878635864934745,-0.1268323830112119,0.071,0.091,1
MSL1,0.006885952833465668,-0.15840302773523107,0.103,0.126,1
SLC25A20,0.006891117843009419,-0.371481900291307,0.038,0.052,1
UBE2J2,0.006903017194134648,0.4124944699647475,0.103,0.085,1
DLGAP1-AS1,0.006905760799541944,0.5796619485007337,0.064,0.05,1
ZNF250,0.006936360877905255,0.665969276579617,0.065,0.051,1
SRSF1,0.00696646298893647,-0.07187404667135078,0.184,0.22,1
SUDS3,0.007048649189056929,0.005000159634822587,0.122,0.151,1
PDCD6IP,0.00709639714532307,-0.008032410603746487,0.368,0.429,1
APOBR,0.00709844944078281,-0.2628897469387468,0.042,0.057,1
NCOA5,0.007103157538814094,0.36125065284191593,0.25,0.237,1
C1orf43,0.007151840728300758,0.3815013760826962,0.14,0.122,1
UAP1,0.007161693115166737,0.3943228576533786,0.131,0.112,1
ZC3H3,0.007162063667948926,-0.12466987953667963,0.078,0.098,1
ALKBH8,0.007165587756944055,-0.13765297044149594,0.119,0.144,1
CDC42EP3,0.007166577105555571,-0.06511125207729496,0.189,0.223,1
COQ10B,0.007190021787272226,0.3776211611154008,0.188,0.17,1
CMAS,0.007229075434182564,-0.3347092623910437,0.048,0.063,1
ESCO1,0.007232165751100527,-0.044398008709947256,0.321,0.369,1
FAM53C,0.00724986906823489,-0.2416872335804645,0.051,0.067,1
TMUB1,0.007254522770302277,0.6192128253765432,0.059,0.045,1
LINC01505,0.007275716715793839,-0.7190313011362425,0.069,0.086,1
LINC01505.1,0.007275716715793839,-0.7190313011362425,0.069,0.086,1
TTC4,0.007308806384244255,-0.26065717239259767,0.046,0.062,1
TMEM140,0.007311135117914485,-0.1017330875665855,0.186,0.219,1
USP11,0.007381238171372466,0.3693381271272773,0.191,0.174,1
AFF4,0.007381935463461026,-0.023407972138175026,0.467,0.534,1
PNO1,0.007393699621800803,0.48024894472864244,0.105,0.088,1
NDUFAF5,0.007400653157182772,0.4387636148251016,0.144,0.126,1
AC015813.1,0.00743861214234321,-0.2209898081296644,0.054,0.071,1
ELMSAN1,0.007450362561386362,-0.057435295596555025,0.146,0.176,1
XRCC5,0.0074690729622080105,0.16941063547031354,0.581,0.598,1
LCP1,0.007498257004046293,-0.07236203367753591,0.646,0.712,1
CBX6,0.007513558655030764,-0.09176850671555448,0.105,0.129,1
MTG1,0.0075339091719685315,-0.13124231383159013,0.125,0.152,1
CCNL2,0.007534864818514603,-0.0952206900526813,0.183,0.216,1
MTFMT,0.007644972018142671,-0.015644159899219412,0.068,0.087,1
ZMIZ2,0.0076578860243541455,-0.13456543160529488,0.063,0.081,1
C21orf91,0.007681958149373449,0.03787546864796765,0.163,0.196,1
HPS1,0.007683051256935602,-0.13392901470278584,0.106,0.13,1
DNPEP,0.007693458644394214,0.5009004572826907,0.097,0.08,1
CYP2R1,0.007727316581142535,0.5231425331747224,0.094,0.078,1
GPN1,0.007728093844886539,0.4300414761287157,0.074,0.058,1
ANP32E,0.007729328261510112,0.3761415965124535,0.161,0.143,1
MYD88,0.007736516627667767,0.5688014481548032,0.066,0.051,1
SDR39U1,0.00773672642259287,0.5972871277808154,0.059,0.045,1
ZNF14,0.007763303612775756,-0.08834797144843265,0.133,0.16,1
ZNF84,0.007828442252336542,-0.1058981113224069,0.099,0.123,1
INO80D,0.007837926542822575,0.22380156841688914,0.459,0.461,1
LMO4,0.00785387198109044,-0.12097288327373423,0.119,0.144,1
RBM12,0.007885976425639216,-0.02824333316965877,0.09,0.113,1
CDC26,0.007892519422100919,0.6501641133146361,0.051,0.038,1
KIAA1324L,0.007904863607485576,0.0035886292231237515,0.089,0.111,1
ATP5F1C,0.007927576755543701,0.4398538985798911,0.166,0.15,1
R3HCC1L,0.007929283394004255,0.01338469033115941,0.365,0.419,1
CNP,0.007932679836410637,0.6260304313278318,0.05,0.037,1
TFIP11,0.007955670315562225,0.6190512336883089,0.071,0.056,1
SIMC1,0.007988101110506247,0.3620084898571467,0.203,0.185,1
CCNG1,0.007999249186795837,0.4278864100801285,0.093,0.077,1
NOL9,0.008000871865930206,-0.06816236223490368,0.123,0.149,1
SEC24A,0.008068893339992814,-0.04352380018415225,0.108,0.132,1
RHOA,0.008072472116256722,0.1706450120639449,0.434,0.429,1
ALDH3A2,0.008113077065549604,-0.18445493475963115,0.06,0.078,1
HTATIP2,0.008130462916348332,0.5318324491197082,0.051,0.038,1
ZBED4,0.00815406941013963,0.4352571680131166,0.21,0.195,1
NBPF12,0.00816020601192936,-0.029124355307438732,0.184,0.219,1
RAP2C,0.008168955499769476,0.4679736604568705,0.108,0.091,1
NIPSNAP2,0.008189819422300543,-0.12053210585590815,0.204,0.236,1
TOP2B,0.008204177112379737,-0.025325075925823448,0.528,0.594,1
LRMP,0.008229725307216133,0.3192189745749146,0.322,0.308,1
POLR3E,0.008235194787623952,0.4042640849603121,0.182,0.164,1
C5orf24,0.008240914100986025,0.2902700678632535,0.149,0.129,1
DHX40,0.008289647354665457,0.43230689560200186,0.174,0.156,1
EIF3I,0.008301661425015707,0.5420887402680092,0.088,0.072,1
CALCOCO1,0.008315558327662082,0.49156238224407356,0.141,0.125,1
SNX2,0.008320065181715908,0.2879985093933149,0.274,0.258,1
MAPK8IP3,0.00833995380004949,-0.05160190719318947,0.156,0.186,1
SAMD12,0.008364169381925315,-0.42457200868706857,0.057,0.073,1
NADK,0.008367856982716049,-0.3351225806661158,0.044,0.058,1
GLIPR2,0.0083802408522707,-0.19381414887777826,0.11,0.133,1
CD8B,0.008380372827291165,0.30424261754349224,0.31,0.298,1
MAGED2,0.008416318151432418,0.6515106921609899,0.056,0.042,1
PCMT1,0.00841883494898042,-0.06568774129688426,0.177,0.209,1
RNF8,0.008439288457595258,-0.20313073548033023,0.06,0.077,1
CTDSPL2,0.008475094352629825,0.23236083187660916,0.436,0.433,1
EIF4EBP2,0.00851365200267861,-0.12639247655194685,0.131,0.157,1
TM9SF2,0.008541623616568407,0.2772202651110355,0.375,0.373,1
CEBPD,0.008566116894077425,0.45858777303674714,0.064,0.05,1
UBXN2A,0.00857495607313284,-0.016429936422325264,0.153,0.184,1
THEM4,0.008588601888994775,-0.2110122888128172,0.081,0.101,1
RAD18,0.008599945532751,-0.19529853996262458,0.089,0.109,1
OSBPL2,0.008602246258233963,-0.08562947449100422,0.113,0.138,1
TTTY10,0.008610526514948274,-0.44834888610373413,0.042,0.056,1
DNAJC19,0.008670133777598055,0.666778774585425,0.054,0.041,1
RRP36,0.008706826247822815,0.43296279425137363,0.111,0.094,1
ZNF362,0.008730397749071559,-0.2581456299172453,0.078,0.097,1
PHRF1,0.00875993357409368,-0.12099245950785598,0.092,0.114,1
CCDC77,0.008760643248778597,-0.14364533401897184,0.045,0.06,1
VEZT,0.008763478861211649,-0.03839896966070308,0.271,0.314,1
C11orf58,0.008805869531276482,0.17881023292198794,0.426,0.418,1
NHLRC3,0.008815602885474096,-0.01709920821282762,0.105,0.13,1
ZNF765,0.008859622413865183,-0.11229407814660597,0.052,0.069,1
DDX1,0.008886268532970469,0.2751979676446134,0.209,0.191,1
EMC8,0.008926734841617868,-0.2434171545046322,0.045,0.06,1
FAM227B,0.008967189369265317,-0.3552673742653307,0.041,0.055,1
SEC24D,0.009021974712623402,0.013597367940643479,0.165,0.197,1
LAMP2,0.009021990934288602,-0.10108104135811447,0.118,0.143,1
UBE2Q2,0.00906725443288133,-0.023705558699883167,0.265,0.306,1
PDZD4,0.009072081577662702,-0.1835402255245877,0.043,0.058,1
SLC25A37,0.009108761209764739,-0.05701170588638438,0.079,0.1,1
HACL1,0.009151173993670962,0.4523224546742973,0.204,0.187,1
SNX30,0.00917676022942884,-0.07523665361468446,0.065,0.084,1
CPD,0.009191838035051069,-0.07392648296429624,0.25,0.29,1
TWISTNB,0.00920262107925288,0.3961616948029585,0.132,0.115,1
NEMP1,0.009217281808915678,-0.15160705272097807,0.041,0.055,1
KLHL15,0.009273643769596421,-0.17319868977511588,0.064,0.082,1
PDLIM2,0.009298104335552794,0.5368569137224912,0.069,0.055,1
EFR3A,0.009332343063779978,-0.0578728287378929,0.6,0.66,1
ACAA1,0.009379023783942892,0.37168781553016794,0.105,0.088,1
LMBRD1,0.009426926374076564,-0.04355458237882659,0.456,0.51,1
LMBR1,0.00958099201603594,0.2835954982811364,0.491,0.492,1
C10orf88,0.00959835653774371,-0.07069469140126428,0.068,0.087,1
LILRB1,0.009604126062317316,-0.17619071514253393,0.085,0.106,1
LINC02649,0.009641514261788902,0.6921277690285856,0.083,0.068,1
ACTR2,0.009658912619751858,-0.05091116991546407,0.715,0.785,1
ELP1,0.00975205953566744,-0.061774058949785604,0.158,0.187,1
ABHD12,0.009755083128283961,-0.1825826565929487,0.146,0.172,1
FAF2,0.00977222864680803,-0.04706393586576832,0.211,0.246,1
SYNCRIP,0.009792443288295755,-0.0803219718430207,0.38,0.428,1
C2orf49,0.009813695992418483,0.514517402334657,0.107,0.091,1
ARF3,0.009900848789431453,0.49287146570394524,0.069,0.054,1
MMAA,0.009942001794238807,-0.21682071149313265,0.05,0.065,1
ZNF621,0.010023177386015264,-0.009980443331782052,0.078,0.098,1
CD59,0.010025406802023587,0.5814738845251473,0.064,0.05,1
WDPCP,0.01004372251997309,-0.1499606940200966,0.367,0.401,1
TMED7,0.010059413152660767,0.43706767531437696,0.11,0.094,1
SCPEP1,0.010075152813387635,0.6650121838090768,0.062,0.048,1
ZNF302,0.010166755550154928,-0.1025008083123704,0.089,0.111,1
SUN1,0.01018710820063581,-0.08846775167404886,0.072,0.091,1
MXI1,0.010192469675674158,0.32361080865648095,0.22,0.201,1
DNAJC15,0.01027633413886085,0.250459714788956,0.224,0.204,1
MBD4,0.010291950487031815,0.3827128712737077,0.172,0.156,1
AL137856.1,0.010318857912797056,0.48502970800023903,0.098,0.082,1
SELENOT,0.01032712836683617,0.2780944058343786,0.306,0.293,1
HS6ST1,0.010348686713192085,-0.22282589914309847,0.041,0.055,1
MYO6,0.010377858016704919,0.267455066215199,0.273,0.253,1
MED17,0.010447281885689252,-0.05750258494094128,0.236,0.274,1
PUS10,0.010458553168763166,-0.2558993366845317,0.071,0.089,1
TAP2,0.01047811705979598,-0.12241434154245323,0.18,0.21,1
CNOT8,0.010510419823604,0.29865311899713853,0.259,0.246,1
RABL6,0.010511786085461772,-0.06974928184699647,0.173,0.206,1
SLC38A6,0.010569071019773404,-0.15388083304748723,0.106,0.128,1
LYAR,0.010572383891443188,0.3942821367033541,0.233,0.22,1
PIK3R4,0.010608000167853618,-0.017883978108277354,0.137,0.164,1
ARHGAP31,0.01062474889895013,0.7867271918230967,0.091,0.076,1
ZNF25,0.01065141368261601,-0.18856354530637942,0.053,0.069,1
CPSF7,0.01072009644150188,-0.02655762124967398,0.146,0.176,1
GLO1,0.010759877271179394,0.290136877954563,0.148,0.129,1
HNRNPA3,0.01078561670413607,0.13095799658254137,0.539,0.553,1
CD320,0.010787850770593516,0.4594795800765872,0.072,0.057,1
EMG1,0.01079722606210769,0.6875918248970101,0.058,0.045,1
POLR2F,0.010829270520447961,0.5283982985327325,0.075,0.06,1
AC106791.1,0.01084351608087418,-0.3202302383949891,0.049,0.064,1
WAC,0.010905470475848743,-0.01741961407729331,0.729,0.792,1
CD46,0.010933544854743765,-0.05625583373752252,0.399,0.456,1
ATP8B1,0.011007607964971319,0.015212365463948885,0.062,0.079,1
SGSM2,0.011009755102913372,-0.12578503845229116,0.069,0.088,1
MAU2,0.011077644026644521,-0.06182346786786458,0.202,0.237,1
HARS2,0.011105606919702112,0.672887390573575,0.067,0.054,1
LIPA,0.011152492345542307,0.33426133178644113,0.123,0.106,1
MTPN,0.011173572480443117,-0.09320572169620178,0.348,0.392,1
PCCB,0.011239967233063568,-0.19263288856689909,0.074,0.092,1
IDH2,0.011326583524329054,-0.05716409258155597,0.143,0.172,1
TMEM223,0.011375313934699737,0.654715068405304,0.053,0.041,1
SLC25A32,0.01139292570322917,0.453347329933674,0.161,0.145,1
SCFD1,0.011398713487666155,-0.05100731640320788,0.549,0.601,1
DPF2,0.011411366873105082,0.5245184936765395,0.102,0.085,1
AZI2,0.01143855317187685,0.027692913209939274,0.125,0.151,1
PRKACA,0.011445702675471717,-0.3559622697089808,0.037,0.05,1
CORO2A,0.011458010078730364,-0.2862852110360665,0.058,0.074,1
AL035587.1,0.011480420283834367,-0.16359909656617644,0.05,0.065,1
EHMT2,0.01157195860861828,-0.09665385133875892,0.057,0.074,1
ETFDH,0.011579936940408543,0.38494853069856594,0.153,0.136,1
RHOT2,0.011679100532103966,-0.2182901785710789,0.062,0.079,1
NPTN,0.011745126853273556,-0.03668821843615902,0.218,0.254,1
LMAN1,0.011747115805787882,-0.029301181066755194,0.236,0.273,1
QSOX1,0.011787109549259786,-0.2648285674250146,0.046,0.061,1
RBM4,0.011799072088319465,-0.01735692289127032,0.272,0.317,1
GNPTG,0.011852431989842838,0.5574154721851352,0.08,0.065,1
PBX4,0.011902955771255509,0.06949290496037697,0.14,0.167,1
AC138150.1,0.011937209236506832,-0.06064690597027966,0.102,0.125,1
KLHL18,0.011970136502116712,-0.09037425867124704,0.094,0.115,1
TMEM94,0.012001724848503733,-0.16593369695980087,0.047,0.062,1
ADAR,0.012051983684797608,0.18367051727350614,0.465,0.475,1
RAB4B,0.012067190155758559,-0.16481206347998967,0.06,0.077,1
FUBP1,0.012139971772718668,0.12453338539821912,0.58,0.597,1
CSNK2B,0.012168009484115542,0.5237840387889263,0.072,0.058,1
TXNDC16,0.01217118690649227,-0.0686011790737176,0.187,0.217,1
TSSC4,0.012186468549617262,0.5468264530602736,0.059,0.046,1
BTN2A1,0.012190627841366966,-0.03922573886236247,0.113,0.137,1
NFXL1,0.012297857461577476,-0.020066365068039715,0.115,0.139,1
KDM1A,0.012304091548066021,-0.05119774219222567,0.197,0.23,1
ATG16L2,0.012319216956339868,-0.24301398608558444,0.11,0.131,1
SMC4,0.01236528841064125,-0.09547891163869965,0.223,0.255,1
TUBB,0.012398684889180537,-0.1792877554978225,0.08,0.098,1
UBE4A,0.01240112625536022,0.272396621245253,0.335,0.33,1
MAP7D3,0.012464645102773755,-0.3990764226778225,0.038,0.051,1
KIAA1143,0.012569795800698547,0.3696287501739095,0.122,0.105,1
TBC1D10C,0.012589080027255808,-0.052924517595934806,0.221,0.257,1
CPQ,0.012618825334951088,-0.12556458630021805,0.354,0.387,1
E2F4,0.012716110086735299,0.6607147487768912,0.052,0.04,1
MED28,0.012774786493491725,-0.10333254518253776,0.107,0.13,1
LRRC8C-DT,0.012776507583925978,0.5814738466862774,0.053,0.041,1
WDR26,0.012815396929511069,-0.076891359640608,0.54,0.598,1
KLHL5,0.012827062513393644,-0.07246599350139156,0.222,0.256,1
SMARCB1,0.012837753287814264,-0.1227265466650782,0.098,0.118,1
TRIM8,0.012868040532090619,-0.1115996346201853,0.108,0.131,1
ARID4B,0.012909667172526037,-0.017013348221714075,0.833,0.88,1
ERCC5,0.012921856594803187,-0.053319006916355965,0.3,0.349,1
FCRL6,0.012947015320590057,-0.10138138568875787,0.166,0.195,1
TTC31,0.012959412038745167,-0.10543726128113873,0.06,0.077,1
EPC2,0.012980869983909994,0.008262453856874963,0.45,0.511,1
ABRACL,0.012999722317718447,-0.30920535283439143,0.057,0.072,1
AP000331.1,0.013011158453215765,0.5727202456411116,0.104,0.088,1
CBX1,0.013042436554085964,-0.14315615144306193,0.042,0.056,1
TLK2,0.013048998937855993,-0.011999679938443308,0.42,0.476,1
RNF146,0.013082717429376112,-0.1656488885451597,0.091,0.111,1
EPC1,0.01318896478320822,-0.03309038169915457,0.73,0.786,1
PAFAH2,0.013210672089617962,-0.07986446330469832,0.097,0.119,1
SS18,0.01321914470722801,0.009426619364536148,0.336,0.389,1
MAPKAPK5,0.013277739216636502,-0.004962968658465572,0.13,0.156,1
TCAF1,0.013336836001336012,-0.05895482216107184,0.088,0.109,1
EDEM2,0.013526467274480748,-0.13518842705261402,0.084,0.103,1
TIMM17A,0.013552090951411095,0.4429989878594175,0.142,0.127,1
BIRC3,0.013561916132527132,-0.0438806694470254,0.19,0.223,1
ZNF420,0.013601539840264023,-0.02429580049268565,0.079,0.098,1
SLC25A25,0.013609230267309322,-0.18844302725408957,0.061,0.077,1
POLM,0.013630101726587941,-0.05603619147296346,0.055,0.071,1
FANCI,0.013676721255226154,0.4325880284147088,0.092,0.077,1
NEMP2,0.013684265731275251,-0.11419536491069904,0.061,0.078,1
VASP,0.013771302762452968,-0.0987418361547352,0.127,0.152,1
MCCC2,0.01379423313884468,-0.06131278104203075,0.162,0.191,1
RNF115,0.01381030575325916,-0.009010855929395767,0.436,0.497,1
C12orf4,0.013838829167707827,-0.06822576772809819,0.097,0.118,1
GMFB,0.013855296849031707,0.3845931145225292,0.119,0.102,1
MAP2K3,0.013906329464437176,0.40074345944947787,0.144,0.129,1
INTS13,0.014022074285534434,-0.08559362283030625,0.095,0.116,1
PPHLN1,0.01403290558955773,0.17676053942027115,0.567,0.57,1
GPALPP1,0.014070009045711275,0.03950520644030786,0.14,0.168,1
MRPS5,0.014122887221266084,-0.07073432892438869,0.134,0.159,1
CCZ1,0.014161308541662969,-0.08921221666134316,0.133,0.158,1
YEATS4,0.014167865782078036,0.48501692451917355,0.073,0.059,1
DCUN1D1,0.014175678926506764,-0.10326727305985817,0.178,0.208,1
PEX3,0.014194485380651767,-0.03671895541143677,0.136,0.162,1
WDR1,0.014317338581463758,-0.11371149203305814,0.203,0.234,1
YY1AP1,0.014318571236653683,-0.056040815858437176,0.21,0.244,1
RASAL3,0.014335568412042105,-0.0614046604481277,0.219,0.257,1
CYTH3,0.014425172138510394,-0.2439063681010638,0.109,0.129,1
AP3M1,0.014453217665654588,-0.12532831943657885,0.115,0.138,1
ZSWIM8,0.014469228772080239,0.5213273713578832,0.118,0.103,1
UBE2V2,0.014493832907058508,-0.0478283634868677,0.112,0.136,1
PPP1R12C,0.014604795485533267,-0.13588561535583166,0.06,0.076,1
MTRF1,0.014722372712742019,-0.18489799207787128,0.074,0.092,1
NADK2,0.014813894801369836,-0.15173696345370202,0.098,0.119,1
FLNB,0.014925898925578822,-0.1643900654544883,0.078,0.096,1
DMGDH,0.014928935435675528,-0.3107841035404473,0.05,0.064,1
ELMO2,0.01493228425407095,-0.07750736853251472,0.093,0.114,1
MANEA,0.014957929621654742,-0.17240722435736178,0.043,0.057,1
CISD1,0.015086895469401663,-0.3927850174285359,0.044,0.057,1
EXOC6B,0.015220520367875119,-0.07298907847522229,0.449,0.483,1
EIF4E,0.015362665624065375,-0.024127817372974425,0.226,0.263,1
RBM44,0.015386231922780219,-0.26223358325830537,0.06,0.075,1
ZNF267,0.01539557557726496,0.3982188573172917,0.183,0.167,1
DNHD1,0.015502173947750017,0.43360841952381135,0.16,0.144,1
PTPN18,0.015523522436803123,-0.17377695615679634,0.105,0.126,1
PCSK5,0.01565321417915991,-0.10192794591844612,0.057,0.072,1
SAMD8,0.015660299261917757,-0.05257598439414249,0.224,0.26,1
PPWD1,0.015721967308322787,0.2769317696437613,0.326,0.32,1
GIMAP7,0.01573596508547371,-0.012172072298090031,0.225,0.263,1
PRKCE,0.015890709237840955,-0.08403258698120353,0.377,0.416,1
UBE2B,0.01589514227465234,0.21102024207790027,0.389,0.389,1
AP4B1,0.015971947622584862,-0.01738078761477624,0.053,0.069,1
CCT2,0.015983562770627433,0.33082693681536945,0.171,0.155,1
CNOT9,0.016047572915240855,-0.061203301107455976,0.149,0.175,1
RMDN3,0.016069259470575147,-0.05040409751704389,0.089,0.109,1
SERPINB1,0.01615022080741112,0.39405847822763884,0.184,0.17,1
HELZ2,0.016233822521009297,0.14008711092515158,0.055,0.071,1
FGFR1,0.016264708062912896,0.07267270438197126,0.058,0.074,1
RBM23,0.016269251830196358,0.44558052719323915,0.152,0.137,1
LPCAT3,0.0163465340505238,-0.070186558868502,0.092,0.112,1
GTF2H2,0.016376433847624054,0.047528268347901914,0.059,0.075,1
ZBTB43,0.016389458038924012,0.450150853181911,0.199,0.186,1
PFDN4,0.016513002173832874,0.4417201070832588,0.072,0.058,1
RSRC1,0.016521113626399436,-0.06219619750918959,0.505,0.549,1
KRAS,0.016571379539948906,0.11442348878931186,0.511,0.502,1
HAUS6,0.016579026649776105,-0.02409862405669183,0.183,0.214,1
SIRT7,0.016592661825052403,0.4614213135063283,0.101,0.086,1
ZNF611,0.016614868584168677,0.03283321182494037,0.17,0.2,1
NOSIP,0.016641172308795516,-0.1444101938184308,0.097,0.117,1
KIAA0355,0.016690948782595805,-0.0779911938995928,0.209,0.24,1
PSMD9,0.016704770513988994,0.4626674983467145,0.093,0.078,1
SPATA5L1,0.01673231164378645,-0.29182033045959166,0.055,0.069,1
G2E3,0.01675029339563355,0.1722563712838504,0.408,0.403,1
PNISR,0.016777180822878837,0.14221305592447941,0.656,0.689,1
NDUFB6,0.016782467584034018,0.4637145071586424,0.082,0.068,1
RANBP3,0.0168206085059847,-0.03778864512767255,0.111,0.134,1
PSMD2,0.016824325432922515,0.4125496413558716,0.109,0.094,1
CIAO1,0.01694034782936678,-0.00845197359340355,0.203,0.238,1
RBM18,0.016965733865675063,0.5444813306284784,0.086,0.072,1
MSH6,0.01703410781678641,0.5995350681424956,0.09,0.077,1
HUS1,0.017050203620134215,0.5263391089515357,0.09,0.075,1
CRY2,0.01706862440317945,0.3591629720826812,0.132,0.115,1
NIP7,0.01713606460721797,0.5909606436680752,0.062,0.049,1
PRELID3B,0.017154732704546954,0.4701841911522151,0.057,0.044,1
COX18,0.017159263850183796,-0.18331250499069496,0.044,0.058,1
LIG1,0.017175017425947788,-0.21768744840732301,0.043,0.056,1
SLC6A16,0.017190045383057483,-0.10749232693818422,0.047,0.061,1
PPP1CB,0.017244849326936422,0.20914098265598935,0.452,0.456,1
HNRNPD,0.01725898455324997,0.14610198129640017,0.606,0.629,1
WDR35,0.01731566602887196,-0.13626501411705205,0.063,0.079,1
SH2B1,0.01732744770523023,-0.18121271694464314,0.06,0.076,1
BORCS7,0.017329915657739666,0.42979796220781297,0.087,0.073,1
USF3,0.017401811170189897,-0.034011927901783055,0.234,0.269,1
GALNT11,0.01741704934761534,0.27586968938173784,0.374,0.372,1
FAR1,0.017430252689415865,0.11015724742344557,0.563,0.567,1
MFSD14B,0.017464619566482716,0.03951425705231151,0.223,0.26,1
NRBP1,0.017569234152784347,0.42502712071808835,0.18,0.166,1
SLBP,0.0176253392339548,0.412625018840864,0.133,0.118,1
IARS,0.017729197853170443,-0.008095321749008197,0.245,0.282,1
CASC3,0.017730745893881482,0.2965880637305849,0.153,0.135,1
PPIL2,0.01776582659938681,-0.1264815184311333,0.149,0.175,1
MRPL13,0.017780653111845946,0.4465811509564366,0.114,0.098,1
CARHSP1,0.017808624189330182,0.4363939894252584,0.094,0.079,1
SMARCC2,0.017906035051450154,-0.07437540334334147,0.134,0.16,1
NUDT3,0.017912920577609407,-0.04054681907170554,0.092,0.111,1
DCAF13,0.01797274047976316,0.4928597903202303,0.127,0.112,1
ZNHIT6,0.017999096551186054,0.034353474787629054,0.215,0.249,1
SUGP2,0.018025391083428363,-0.01269092110457487,0.199,0.233,1
AC009133.1,0.018243108083035017,0.57701425949561,0.054,0.042,1
KARS,0.018247968913966156,0.3042158393778717,0.201,0.186,1
TOMM70,0.018252247070735004,-0.03220252584573002,0.143,0.17,1
SSBP4,0.018289531884066824,0.33947651046948457,0.193,0.178,1
NDUFS8,0.01830555761498001,0.6246182988322952,0.071,0.058,1
CTDSP1,0.018352953374849962,-0.14157101097269598,0.118,0.142,1
SPTY2D1,0.018421946736179525,0.3394851748719876,0.167,0.151,1
LAMTOR2,0.018469632609666727,0.5167978770561663,0.051,0.039,1
DCUN1D5,0.018478124710242322,0.34232261195900493,0.178,0.162,1
SMU1,0.018500045831960344,0.30207375355424715,0.254,0.242,1
MPC1,0.01854887211875449,-0.10126411889628684,0.07,0.087,1
GNPTAB,0.018624309805666987,0.08634821930269454,0.531,0.531,1
ZER1,0.018630022180938486,0.01901566479425998,0.151,0.18,1
NOMO2,0.018653944111168656,0.009157595496313231,0.037,0.05,1
ZNF483,0.018666442593966406,0.6030846192063235,0.086,0.072,1
DUSP22,0.018788334812255246,-0.19505711241923396,0.071,0.087,1
TRPC1,0.018790904745386312,-0.1575105951870186,0.064,0.08,1
RNF103,0.01883003101684487,0.40023227587760046,0.152,0.137,1
ANGEL2,0.018838894116208173,0.006833240765521498,0.199,0.233,1
CIAPIN1,0.018891470396946018,0.5405688471753947,0.065,0.052,1
SLC12A2,0.019125156902038046,-0.015791846236506063,0.194,0.224,1
ABHD13,0.01926491561664224,0.388792422582082,0.143,0.127,1
NFKBIZ,0.019285827328784526,0.010036970208195717,0.215,0.251,1
LRRC58,0.019309129444942275,-0.012549692102374055,0.194,0.228,1
ZNF519,0.0194365478157792,-0.08898890035633755,0.056,0.071,1
NMD3,0.01944679316213431,0.5098015343385125,0.116,0.101,1
PCBD2,0.019447656430966305,-0.11605658025403165,0.134,0.157,1
PRKCI,0.01951563451160238,0.010149123803785853,0.135,0.16,1
USP5,0.019529398483486237,-0.3403925930470848,0.039,0.052,1
MYNN,0.019545593149830922,0.4467372832590155,0.093,0.079,1
PRPF18,0.019559463987369217,-0.05354873823671839,0.236,0.273,1
HSPA13,0.019569096695991547,0.7411185254872992,0.072,0.059,1
ZC3H8,0.019607030989441453,-0.06156454390317334,0.123,0.147,1
MADD,0.019650957470755574,0.2934508194504693,0.259,0.248,1
DBNL,0.019656153165427657,-0.03373960883214222,0.141,0.167,1
ALOX5AP,0.019754376689545168,0.5857051658419254,0.113,0.099,1
TNKS2,0.019778397842832442,-0.0675697175041654,0.494,0.544,1
BIN1,0.020095776429758704,0.31641946372507657,0.16,0.144,1
TRGC2,0.0200997069935881,-0.02584884333775861,0.339,0.384,1
AGO2,0.020177033559088318,0.07032960840614996,0.284,0.329,1
PBX2,0.020177473062573004,-0.05568993870255445,0.058,0.074,1
PIK3CA,0.020187354258663165,-0.06080874994662833,0.427,0.468,1
TRIM23,0.02022839092458213,0.35666961378020423,0.187,0.172,1
CLN3,0.020231929030599036,0.015103998714527389,0.06,0.075,1
KNOP1,0.020243970467667703,-0.1592300850691446,0.048,0.061,1
TBX21,0.020260147587766255,-0.11310307545727116,0.185,0.214,1
QDPR,0.02037986190769871,0.510741726002264,0.057,0.045,1
TXNL1,0.02039092314248791,0.30162704182811007,0.175,0.159,1
PRKD3,0.02051398332319603,0.24875316586382984,0.257,0.241,1
TASOR2,0.02057325517802142,-0.025888434562243656,0.464,0.52,1
ZBTB33,0.020585004695362764,-0.18042717432323707,0.044,0.057,1
TOP1,0.020602029254730352,0.15714348927197408,0.505,0.511,1
LRRC8C,0.020611674840795485,0.05248008134904136,0.58,0.663,1
SDE2,0.020704213353771896,0.404426275662787,0.102,0.088,1
ZBTB17,0.02070561739408464,-0.08086295151499856,0.071,0.088,1
TSEN15,0.02075250332955352,-0.11438350353918414,0.159,0.184,1
LYRM2,0.020764005736313755,0.5599597813693447,0.089,0.075,1
PXN,0.020825041553609633,-0.023036310941878663,0.29,0.334,1
SUPT5H,0.020901474818588735,0.40468112730678374,0.228,0.218,1
FAM217B,0.02106973533638838,-0.05888397293829062,0.086,0.105,1
CDC73,0.021111513836708732,0.005416074805703497,0.459,0.522,1
CYB5R4,0.021125905048156444,-0.029778453452774273,0.261,0.294,1
TGOLN2,0.02113726593385469,0.23756613707351049,0.377,0.377,1
CD2BP2,0.021448454512023474,0.46209420974662274,0.078,0.065,1
RTCA,0.02152283525884251,-0.04412086808149568,0.228,0.262,1
TRAT1,0.021665483210971375,0.3168987160980318,0.258,0.247,1
CAPZA2,0.02174084999172158,-0.060747235264816735,0.283,0.322,1
LEO1,0.021769113664593213,0.4509603087333922,0.091,0.077,1
SCGB2B2,0.021789427940890914,-0.26637960237883385,0.046,0.058,1
ATG5,0.021799937919318446,-0.02800312998833321,0.425,0.487,1
MTRF1L,0.02187200072987801,0.5090911936298239,0.096,0.082,1
ERGIC1,0.021908718574694612,-0.04838530601141411,0.198,0.229,1
TNFRSF14,0.02193620187569262,0.2998376534238001,0.152,0.136,1
CDC23,0.02197865028943351,-0.16409978985630147,0.052,0.066,1
URM1,0.02199890324557552,0.3807640975586257,0.127,0.111,1
GRN,0.02205436243286417,0.5278652268521684,0.064,0.052,1
ZNF587B,0.022157825247559985,-0.09070360497318486,0.08,0.098,1
SMC1A,0.022169077200201188,0.031033698175512936,0.171,0.201,1
AC018362.1,0.02218206113022441,0.31205036867863134,0.071,0.058,1
REEP5,0.022533191286579407,0.33665607702325195,0.26,0.25,1
MED21,0.022561883012306747,0.2706958202848769,0.216,0.2,1
TRAF3,0.022604078851381916,-0.08147311070137464,0.431,0.471,1
AMZ2,0.02262975587519125,-0.09696477793530667,0.066,0.082,1
SREK1,0.022726518135600556,0.14908979682843815,0.475,0.476,1
NXPE3,0.02276891678408621,0.4470404920669553,0.132,0.118,1
VAPB,0.02286117435479274,-0.0777664577310645,0.155,0.18,1
RNLS,0.022975648095143377,-0.3744851034063612,0.075,0.091,1
OS9,0.023033826477509744,0.29674650919247286,0.219,0.207,1
EIF2AK1,0.023062813373605964,0.32141301664516886,0.182,0.168,1
ERV3-1,0.02306633125041466,0.5430954469107125,0.06,0.048,1
PARP6,0.023091580655869918,-0.1571764271008116,0.079,0.096,1
NPLOC4,0.023094977303443516,-0.10620491847090952,0.177,0.205,1
MBTPS2,0.023105836938117852,-0.08403843987439052,0.071,0.088,1
GOLGA8B,0.023170588719733234,0.2388670499314563,0.363,0.366,1
PRCP,0.02317191003570645,-0.18699002842780166,0.066,0.082,1
KLHL20,0.02322650820205827,-0.02640840292251745,0.331,0.374,1
ARPC5,0.023312949356243586,-0.04346826875631726,0.247,0.283,1
ESYT1,0.02334198318709543,-0.08589565395354737,0.105,0.125,1
GGT7,0.023392118261940886,0.601750831376693,0.077,0.064,1
RXRB,0.023425011935110828,-0.0586801951055973,0.039,0.051,1
PCMTD1,0.0234619581848575,-0.04933497618196603,0.381,0.425,1
PTPN7,0.023496255937450073,0.09239932442897547,0.194,0.228,1
FAM20B,0.02353431939900511,-0.0073441807970022754,0.143,0.168,1
TNIP3,0.023554368665796712,-0.2908961059389701,0.092,0.109,1
STRADA,0.023817792232068487,-0.10931485422753201,0.185,0.214,1
IFI6,0.02398000807956132,0.5947555617080333,0.084,0.071,1
TMX4,0.0239874743154263,-0.051843547196669004,0.297,0.338,1
COX7A2L,0.024000356692859322,0.4178680685830092,0.129,0.115,1
ACOT9,0.024107545476851476,0.012508062666499287,0.093,0.114,1
VAMP1,0.02411388895632528,-0.31812022923249206,0.041,0.053,1
ATAD2,0.024150335727848075,0.2943610758035101,0.26,0.248,1
NEK9,0.024269364372754742,-0.03834242726940529,0.15,0.176,1
COX16,0.024342615875782132,0.37976893115034294,0.139,0.123,1
NUBP2,0.024382663389143244,0.5574913719680032,0.054,0.043,1
TRNAU1AP,0.024590326087207102,0.004670547585019502,0.094,0.114,1
NDUFV3,0.024802502195282673,-0.060087944998558296,0.057,0.072,1
GALC,0.024826882970322376,-0.04695777022786635,0.199,0.229,1
STK25,0.024876492126780662,-0.25632833624960183,0.038,0.05,1
PEX1,0.024999690384535825,-0.05410760395484693,0.108,0.129,1
SAV1,0.025020843889376206,0.5401445088079635,0.05,0.039,1
RAB11FIP2,0.025031920756300074,0.29791900506950864,0.23,0.217,1
ASNSD1,0.025201681397611614,-0.12116225651407664,0.054,0.068,1
NMI,0.02525597687185143,-0.030905415410434234,0.11,0.131,1
RAP2B,0.02528100362943595,-0.1059652349119603,0.147,0.171,1
RBM22,0.025323552197482144,0.40739146688106653,0.113,0.098,1
ATG16L1,0.02542820402628341,-0.06432272921008014,0.314,0.357,1
ZNF217,0.02545319390556832,0.003942241451366638,0.269,0.311,1
SSX2IP,0.025631147539164855,-0.08365566145229608,0.078,0.095,1
DEGS1,0.02578620896177936,0.5470731762557874,0.09,0.077,1
EIF2D,0.025794992862501715,0.5704017645713062,0.071,0.059,1
WDR5,0.02582163701668951,0.0033977505573674627,0.042,0.055,1
AP4S1,0.025915512427570928,-0.04844304412928413,0.148,0.173,1
PFKL,0.025924386866718867,-0.0398723009708406,0.071,0.088,1
SLC30A5,0.026008404287376823,0.030761618741133867,0.173,0.202,1
DYNLT3,0.026025752619059733,0.5429040242187839,0.061,0.049,1
ECSIT,0.02610265144782947,-0.08260585492809058,0.061,0.076,1
COLGALT1,0.0261156366770008,-0.25528408676811454,0.044,0.056,1
CSNK1A1,0.02615477462742623,-0.03819089015073929,0.597,0.649,1
CRCP,0.026243213394259907,-0.024692979402410276,0.19,0.22,1
ZNF251,0.026390451264934413,0.010448699857228294,0.132,0.155,1
RANBP6,0.026400935640067322,0.4860508750525545,0.086,0.073,1
DIP2C,0.02643799507425061,-0.2868177329943742,0.039,0.051,1
ZNF318,0.026452947567805325,-0.16781576257299546,0.057,0.071,1
MIGA1,0.026466975766145553,-0.04586477251296173,0.32,0.363,1
DYNC1LI1,0.02660033008691266,0.30420196474781364,0.196,0.181,1
PTRH2,0.026714878245628328,0.6296755497191704,0.098,0.085,1
ZNF714,0.026717747613369924,-0.12898855628770867,0.069,0.085,1
LAPTM5,0.02673713354481494,0.15721553853309267,0.433,0.436,1
MRPL19,0.026745882839872274,0.380502062464638,0.144,0.129,1
SNHG12,0.026752221765910883,-0.02257546285507761,0.047,0.06,1
LEPROT,0.026981711123430584,0.5112135868201515,0.083,0.071,1
SNRPA,0.02698602866596377,0.5130322688417208,0.104,0.091,1
UBIAD1,0.027021700735434265,0.5605995204950851,0.069,0.057,1
SNRNP40,0.02706750489498922,0.4351853683842448,0.168,0.155,1
ATP5PB,0.027109811991161508,0.4027986983507803,0.148,0.133,1
ELAVL1,0.027154275065622496,-0.012715034541378456,0.139,0.164,1
GTF3C4,0.027202218366772602,-0.0967713000304431,0.049,0.063,1
DYNC1H1,0.027222320154816092,0.024255236131648816,0.507,0.585,1
SGSM3,0.02727764612482026,-0.1420841061801652,0.056,0.071,1
ANKRD52,0.027421520355082142,-0.19067698334778926,0.054,0.067,1
STARD3NL,0.027502630867774883,-0.04963681760657401,0.071,0.087,1
YAF2,0.02766136859090021,0.20494850904707662,0.493,0.492,1
ORMDL3,0.02774084741144748,-0.11721649950989521,0.057,0.071,1
B3GNT2,0.02774896794797319,-0.04039616279728464,0.113,0.134,1
MMP24OS,0.02775354113915469,-0.1962717775970132,0.142,0.164,1
SMS,0.0279081110004401,0.418693225632744,0.133,0.118,1
CSNK1G3,0.027939697493934882,0.13379785884770734,0.485,0.477,1
HDDC2,0.02801644218586576,0.45504609043065924,0.069,0.056,1
GOT2,0.02803344725121538,-0.07315653259024413,0.07,0.086,1
TMEM8A,0.028137809630174686,0.6122328917270412,0.051,0.04,1
PPP1R7,0.028187600208855853,0.3837150356935628,0.123,0.11,1
OXCT1,0.02829820903328224,0.008003531963580168,0.338,0.382,1
MRPL44,0.028333630499797122,0.43393399692143575,0.092,0.078,1
STXBP2,0.02834954356028366,0.3189681681913965,0.147,0.132,1
EIF2S1,0.028433841573110023,-0.061656739033178365,0.087,0.105,1
NAPG,0.0285416411286021,0.006960837288420063,0.18,0.208,1
AL355916.1,0.02854586601714967,0.3140420820149272,0.196,0.18,1
WIPI1,0.028607663156632754,-0.10413721467879733,0.074,0.091,1
LSM14A,0.028624142982298234,0.18792034197921414,0.634,0.657,1
RELL1,0.028719816195515516,0.2676580461031076,0.308,0.3,1
TAFA1,0.028821295848716347,-0.27746627217389697,0.295,0.313,1
CNPY3,0.028898465629727112,0.3596365754894386,0.125,0.111,1
KBTBD2,0.02890636362851739,0.18697142184488053,0.329,0.321,1
PSMC4,0.028909043280447303,0.6539494238283949,0.064,0.053,1
TTI2,0.0289366838041369,0.5205784543781582,0.079,0.066,1
TOM1,0.02894392092892567,0.4896684276918566,0.111,0.098,1
ANP32A,0.029003531462331762,-0.07647414234703173,0.232,0.264,1
ARNTL,0.029107191517604287,-0.0419746757785453,0.474,0.529,1
MOV10,0.029111218638905492,-0.17333483642604897,0.058,0.072,1
RAE1,0.02911394519701342,0.3903333620690277,0.102,0.088,1
RWDD4,0.029232214717985767,0.4645519672180738,0.076,0.064,1
ARF6,0.029267733707124866,0.34730309821856953,0.204,0.193,1
ARHGAP8,0.029359239775073,0.2583992111023018,0.15,0.134,1
RANGAP1,0.029364723702166685,0.5953124255949318,0.109,0.097,1
KIF9-AS1,0.02937156637486592,-0.010512547580732612,0.064,0.08,1
ATP6V1B2,0.029464660316582715,-0.09782263718100781,0.084,0.102,1
DGKQ,0.029502269997312723,0.5389661393047787,0.09,0.077,1
PJA2,0.029564871531247556,0.21089503946879629,0.399,0.4,1
TARS,0.029819988553923114,-0.1327419824080469,0.085,0.102,1
UPF3A,0.029926201739840796,-0.04475844488028713,0.138,0.161,1
ABHD5,0.03000531505976093,-0.12665816959332465,0.057,0.071,1
PARPBP,0.03008174334114616,-0.18087212224755733,0.039,0.051,1
MTFR1,0.03009651923743787,-0.030563280357998268,0.142,0.166,1
ACAT1,0.030137829972079342,0.07313869662201644,0.103,0.124,1
NUP37,0.03015955148750508,0.4691671350235087,0.078,0.065,1
AP000766.1,0.03016016886278108,-0.03702759109609932,0.045,0.057,1
ACOX3,0.030365016597337563,0.11193869549727342,0.052,0.065,1
FBXO9,0.030367684733400565,-0.010628191530687725,0.171,0.199,1
CASP1,0.030388303443241376,-0.054271045322910716,0.087,0.105,1
MDH1,0.03046678113724299,0.3661217198198158,0.159,0.146,1
SSR1,0.030472307279841945,0.011831039688074807,0.196,0.226,1
CHAF1A,0.030473273616209218,0.3926815340826195,0.063,0.051,1
MTMR6,0.030530932550201405,0.23334696209227457,0.272,0.262,1
MTIF2,0.030560630259530167,-0.10007458164777794,0.073,0.088,1
TSNAX,0.030575984470763918,-0.03390837393484625,0.143,0.166,1
NUP88,0.03064405609249081,0.2249618452176446,0.289,0.28,1
RBBP4,0.030660469691471393,-0.037401043058182204,0.297,0.339,1
BAP1,0.03068460769240798,0.6091921773790645,0.053,0.042,1
CAPS2,0.03077218980020828,-0.08658495323653592,0.062,0.076,1
AGO1,0.030921595434016978,-0.12822756825252335,0.099,0.118,1
CAPN15,0.03093498518717442,-0.09119143524214435,0.063,0.078,1
GCN1,0.03100911268142148,0.002803656194941828,0.134,0.159,1
GYG1,0.031079536716572636,-0.16259503434764766,0.12,0.141,1
ABCB7,0.03108936486033173,0.015654278246925266,0.251,0.288,1
MTMR9,0.031242506064080796,0.018464163435580244,0.215,0.247,1
ADH5,0.03136622383811498,0.32440746554397126,0.167,0.152,1
MTMR14,0.031911535325219315,0.3104604639585387,0.231,0.22,1
ADAT1,0.03191525190767452,0.03278092952818845,0.12,0.144,1
DCP1B,0.03194667591847554,-0.14973482637676683,0.088,0.105,1
HTATSF1,0.03196662272522755,0.3638138819269354,0.104,0.091,1
ASXL1,0.03203823221216361,-0.024114875089469523,0.397,0.445,1
TRAPPC10,0.03209266564703712,0.17674110291181555,0.531,0.551,1
ZCRB1,0.032136157493535614,0.4332541509073444,0.092,0.079,1
GCC2,0.03219817556309969,-0.008895295864565833,0.529,0.594,1
WDR76,0.03224488701473566,-0.09692008134316854,0.055,0.069,1
TTC32,0.03231449553298709,0.538285362589396,0.061,0.05,1
C1orf112,0.032348006939095245,-0.11815736716775915,0.057,0.071,1
SEC24C,0.03238641852698852,-0.018554318156575267,0.163,0.19,1
OPA3,0.03241485916952987,-0.0588216320410857,0.065,0.079,1
TMEM167B,0.032578873129998576,0.5275940712191451,0.082,0.07,1
RABEPK,0.03260009521231934,-0.0675942449548037,0.056,0.07,1
MCM3,0.03270573152530856,-0.167153703629507,0.042,0.054,1
ALG11,0.03278017919776221,0.3920825841620976,0.07,0.058,1
KIF22,0.03293310565053913,0.44664444732086284,0.108,0.094,1
TCTN3,0.03295274234960588,0.4365582286325602,0.12,0.106,1
PRDM4,0.03295521860662996,-0.08792348179225029,0.118,0.139,1
HYOU1,0.033108709694421715,-0.2309151645099523,0.044,0.056,1
FBXO8,0.03319105781983089,0.26625392949669036,0.137,0.121,1
MTRES1,0.03328018450330561,0.5723492406785096,0.051,0.041,1
NUDT21,0.03329652894961992,0.2993828470960733,0.157,0.143,1
TRPC4AP,0.03330059827062105,-0.010127805196949557,0.428,0.481,1
JHY,0.03330128556071982,-0.22959169754548858,0.044,0.056,1
AP3M2,0.033379921685338536,0.059478699905961774,0.109,0.131,1
POGK,0.03338106514516787,-0.041742170960679115,0.077,0.094,1
ANXA11,0.03344707326291321,0.20051586969685864,0.313,0.306,1
DYNLL1,0.03347591321235699,-0.17594064088017491,0.053,0.066,1
BRMS1L,0.033509644432857866,-0.10396766678889868,0.05,0.063,1
USP20,0.03367697284949854,0.12303919255606055,0.135,0.161,1
RRP15,0.03373326032618794,0.27207479372941745,0.131,0.116,1
CHSY1,0.0338084773267551,0.04199783956222003,0.17,0.196,1
PRNP,0.03398068645878866,0.39877647636184177,0.153,0.139,1
TP53I13,0.03407013220443293,0.5931079617053956,0.052,0.042,1
ATPAF2,0.034178426407658315,-0.09828153126539085,0.053,0.066,1
PIK3C2A,0.03422861039718424,-0.025711843821455194,0.416,0.458,1
CDKN2A,0.03423523628663943,0.43773396489444383,0.078,0.065,1
C2orf69,0.03424650418832912,0.5316174630928745,0.068,0.056,1
MCM3AP-AS1,0.03431356462994438,-0.14073340208852958,0.042,0.054,1
ACAA2,0.034471189219203044,0.37029056500966906,0.098,0.085,1
MORN3,0.03451324690359616,-0.05605078596223967,0.055,0.069,1
TSPAN32,0.034598414248491804,-0.07154267129996583,0.14,0.164,1
AKNA,0.03469020860548291,-0.021009612242788522,0.669,0.734,1
ZWILCH,0.03479716952840621,0.5496470364807045,0.062,0.051,1
ZNF770,0.03485236904427462,-0.022693346802751924,0.111,0.132,1
SMC2,0.03491568873246905,-0.25536618044607895,0.042,0.053,1
SNW1,0.03494218459679134,0.27021148483002777,0.294,0.29,1
IL27RA,0.03506773867619917,0.012701649518779057,0.135,0.157,1
RBBP7,0.035215024149644274,0.31651979416172316,0.223,0.213,1
THUMPD2,0.03528885085214238,-0.11409924126909393,0.205,0.232,1
OTUB1,0.03538310683232599,0.4136925634307036,0.101,0.088,1
ORC4,0.0354631543248268,-0.030067007120828965,0.202,0.23,1
GGA3,0.03565357719562811,0.09791168968846486,0.1,0.12,1
PLIN2,0.03571558072233518,0.39232145596818047,0.1,0.087,1
ZYX,0.03575941647350339,0.4831134968802926,0.083,0.071,1
SMCR8,0.035832409432197274,-0.08462893054530385,0.067,0.082,1
SHKBP1,0.03589707060113219,0.3929825951436947,0.083,0.07,1
RAB18,0.035933212806951956,-0.01068721307992948,0.315,0.359,1
PMS2,0.03596078585723965,-0.15967298943462893,0.064,0.078,1
SLC36A4,0.03603307325901135,-0.03149788230258865,0.18,0.206,1
LINC00954,0.03604700009161915,-0.1081011876272564,0.044,0.056,1
DDX23,0.036230481428009546,-0.028695075108550405,0.08,0.098,1
IMPG2,0.0364531629187993,-0.2763779430590141,0.043,0.054,1
CTSS,0.03655381979370295,-0.05833278806333353,0.521,0.579,1
ELOA-AS1,0.036574872308199766,-0.09950958065406423,0.051,0.064,1
WDR75,0.036587157192854464,-0.019373500641763797,0.177,0.205,1
YARS2,0.03675985999822576,-0.01289294521037787,0.094,0.112,1
DHX9,0.03677078769334652,0.1283339141828208,0.504,0.505,1
VPS11,0.03678849079819295,0.4038645461130792,0.076,0.064,1
AIFM1,0.03684534106577152,-0.11546737029321053,0.051,0.063,1
CCDC47,0.03687953313696767,0.32415161894674216,0.171,0.157,1
MORF4L1,0.0369591651013015,0.1281934368364961,0.539,0.546,1
HARS,0.0369773356623676,-0.07432008866410578,0.08,0.097,1
MDC1,0.037078297360610926,0.5681342264916718,0.073,0.062,1
HEXIM1,0.03738545779863618,-0.03178224334138324,0.078,0.094,1
TGS1,0.037501770864415314,0.24507479106690047,0.247,0.234,1
KCTD5,0.03752269591659375,0.6625392208074032,0.052,0.042,1
ZFC3H1,0.03762310023788472,-0.02269361404093262,0.514,0.58,1
DNM1L,0.03766081279329886,-0.0169214579686498,0.299,0.336,1
CPNE8,0.037700883332673095,-0.0713577306662006,0.168,0.19,1
USP49,0.03773713193378502,0.42204069288582047,0.087,0.075,1
IPO5,0.03782007665588315,-0.12160656931943503,0.132,0.153,1
TRIT1,0.037990106422650806,-0.08753884760870134,0.067,0.082,1
VPS4A,0.03800191255169536,0.373645265040901,0.116,0.103,1
TBC1D25,0.03806020358445185,-0.07343238185882983,0.052,0.065,1
ANKDD1A,0.03814887672575699,0.26235408473498256,0.099,0.085,1
HLTF,0.038265016931358635,-0.07606607832031775,0.086,0.102,1
ZNF461,0.038289436917085,-0.07398748346814354,0.061,0.074,1
PTAR1,0.038430821352228695,-0.037379663685562003,0.369,0.415,1
PHF11,0.038514850241126775,-3.341757316128388e-4,0.253,0.288,1
RNF126,0.03854125282014198,0.37816254901915647,0.159,0.147,1
ADNP,0.03856862645363056,-0.0237560655078356,0.411,0.46,1
ABHD14B,0.03863055753888045,0.4265330607575759,0.056,0.045,1
DYRK2,0.0388294974465291,-0.06744129645054375,0.228,0.259,1
PPIL4,0.03885367467783823,0.33644461339383014,0.237,0.229,1
VPS9D1,0.03896966100034524,-0.04824664604819451,0.08,0.096,1
BCKDHA,0.03898557372967555,-0.1032230798547844,0.049,0.061,1
MAP2K2,0.039103921832241005,0.2612865369136004,0.148,0.134,1
SIN3B,0.03947592534135874,-0.1049799392500601,0.073,0.088,1
TMEM183A,0.039484856879650164,0.38804648694724664,0.146,0.133,1
KCTD20,0.0395470061648826,0.005495128484894862,0.21,0.243,1
SLC9B2,0.03966301608172428,0.0041793492736580395,0.146,0.171,1
L2HGDH,0.039741121784873656,-0.029839537409942274,0.054,0.066,1
PRPSAP1,0.039765213742372685,-0.22755602232409888,0.045,0.056,1
ZNF845,0.039803706055501376,0.4888431446594783,0.072,0.061,1
YPEL1,0.03986782325072392,-0.024914316585869845,0.15,0.174,1
NF2,0.03987971886406327,-0.008664935782868088,0.127,0.147,1
ARPC1A,0.0399983791069204,0.03350529364581922,0.171,0.197,1
ZBTB2,0.040044760824447544,-0.15824495939253946,0.098,0.115,1
ZNF783,0.040394609974559695,-0.10383957875625649,0.074,0.089,1
SERBP1,0.04045971389967129,0.20813925579324288,0.41,0.422,1
SEC16A,0.04054462854777522,-0.005854878998669544,0.162,0.188,1
KANSL3,0.04056697708824265,0.0037964969438799567,0.214,0.247,1
TAF4B,0.04063617460284793,0.051554733778876205,0.082,0.098,1
MRPS18C,0.04065538911839858,0.7422838767779663,0.053,0.043,1
UPP1,0.04073385852434156,0.00913244712875616,0.193,0.224,1
RNF167,0.04085011565952333,0.327318253534467,0.107,0.093,1
TBCA,0.040953882179944785,-0.18299701961852308,0.273,0.298,1
GFPT1,0.040976871506403625,0.039856633355017435,0.198,0.229,1
CHORDC1,0.041098641687374586,-0.028373233533286746,0.202,0.234,1
INSIG2,0.041119973598319225,-0.005851713176828532,0.068,0.082,1
NSUN3,0.04117064622610136,-0.014193939821507767,0.217,0.245,1
NSMAF,0.04120132528440778,0.2214149949734046,0.346,0.34,1
CERS4,0.041361009073191256,-0.023608550381170268,0.068,0.082,1
EIF4G2,0.041362985261027795,0.19869686583859958,0.417,0.428,1
DDX3X,0.04146633529637432,0.17310486572441575,0.361,0.358,1
SMC3,0.0415694969514849,0.26408074210471316,0.297,0.293,1
SYNGR2,0.041608482794776275,0.6250668730120879,0.05,0.041,1
EIF4A2,0.041892983447067454,0.15141791469370214,0.436,0.446,1
CUTC,0.04200036568876837,-0.05679342015356159,0.108,0.127,1
CBX5,0.04201447373626546,-0.13379249537414162,0.089,0.105,1
ZNF124,0.04206357139634565,-0.08660713733234204,0.107,0.125,1
AL117336.2,0.04225255613153154,-0.1272522767704385,0.042,0.053,1
GLRX3,0.04228665068053957,-0.009735553734473212,0.159,0.184,1
NDRG3,0.042489280254857056,-0.09914590521046907,0.095,0.112,1
ZNF805,0.042521055490867155,0.4554061773643261,0.08,0.068,1
SPCS3,0.042732209688587715,0.23297129445150488,0.362,0.364,1
TMEM184C,0.04303650998924667,0.5326808123293603,0.106,0.094,1
KDELR1,0.043108919020546276,-0.14241267708300276,0.055,0.068,1
DHRS4-AS1,0.04329494883166862,0.48003141695523954,0.069,0.058,1
KMT2D,0.043304104236255324,0.025992996425382775,0.158,0.184,1
SLC35B3,0.04332174950105377,-0.15625370834735053,0.057,0.07,1
NCAM1,0.04332217243329155,0.10498130552592644,0.09,0.076,1
DDX56,0.043399773446631804,-0.04258433159571551,0.052,0.065,1
ATP6V0D1,0.04352897254303155,-7.559461659365496e-4,0.095,0.113,1
CNOT2,0.04356901859547459,0.15479346778299674,0.612,0.643,1
MUS81,0.04358442661711389,-0.07636379924283476,0.055,0.068,1
UBOX5,0.043593222681803975,-0.0924121476590205,0.046,0.057,1
CNOT4,0.04364713312307609,0.013724301475162015,0.536,0.6,1
PABPC4,0.0441162217729695,0.5095657841910337,0.097,0.086,1
ANKAR,0.04437356039204699,-0.03760671466385926,0.204,0.229,1
PLEKHM2,0.04442963066774134,-0.025231521426948067,0.101,0.119,1
EWSR1,0.04450673243014162,-0.021364883081233854,0.377,0.429,1
SEC61A2,0.04485332313171634,-0.13017950726343974,0.073,0.087,1
CRKL,0.04516275535303453,-0.07174737511993601,0.07,0.085,1
ARL14EP,0.04528731233876225,0.04514025883340733,0.139,0.162,1
FMNL1,0.04530592505840302,0.245464793681337,0.364,0.367,1
IVNS1ABP,0.04538697930311926,-0.07175075137706344,0.173,0.197,1
CBLL1,0.04545201989184237,0.4383582865013992,0.159,0.147,1
TAZ,0.045474376916852244,-0.08831497555391099,0.077,0.092,1
RELA,0.04550156202531935,0.4349358373673833,0.09,0.078,1
MARCH9,0.045626322056729486,0.4985515780448275,0.059,0.049,1
PLCB2,0.04573256517493093,0.08231403779003177,0.084,0.101,1
OFD1,0.045823684589235844,0.0075023564809256205,0.302,0.343,1
RPGR,0.045837991560280684,-0.06310373363024357,0.12,0.139,1
BAZ2A,0.045877911484701044,0.0027399282524963042,0.293,0.336,1
MAT2B,0.04634152600598124,0.020619037808974117,0.135,0.159,1
CCAR2,0.04639592120413947,-0.014360342088611144,0.096,0.114,1
HMGCL,0.046602895877287207,-0.04940680879109838,0.046,0.058,1
TNPO1,0.04664924883139054,-0.015750515672785514,0.442,0.492,1
L3MBTL1,0.04668239204613379,-0.031888503695668646,0.041,0.051,1
DTD1,0.04679248169784528,0.1487962365825367,0.318,0.301,1
AC233976.1,0.04688827667737041,-0.07281677899711503,0.055,0.067,1
UBE2L3,0.04700587855858184,0.26745846233101306,0.253,0.243,1
RABEP2,0.0471911700126081,-0.02271572732306404,0.079,0.094,1
JADE1,0.04740218293233688,0.07721391768868102,0.188,0.218,1
COPS3,0.04745930653315602,0.40491341479361753,0.102,0.09,1
MFAP3,0.04754103258255602,-0.053374913763754694,0.058,0.071,1
GDI1,0.04765016756355725,-0.009540271773670117,0.055,0.068,1
COPB2,0.047701515214314864,0.008233553080653211,0.106,0.126,1
MRPS9,0.04770850615518068,0.328773709486909,0.204,0.192,1
SIRT1,0.047847324398985834,0.015020414386990671,0.25,0.283,1
DNMT1,0.047883486361661204,-5.389780238943542e-4,0.193,0.223,1
ZBTB14,0.04802144805818823,0.5536279358899425,0.051,0.041,1
PMPCB,0.04804160923199278,0.32193601050764614,0.212,0.203,1
SRSF6,0.048066043652771576,0.02095104893659383,0.143,0.166,1
DKC1,0.048222560927578616,0.3110317938884293,0.122,0.109,1
STIP1,0.04844165299305007,-0.015368748931078535,0.064,0.078,1
CUL5,0.048629336666398106,-0.005614186694098189,0.462,0.514,1
PPIP5K2,0.04916449785929906,-0.0571875505580024,0.361,0.397,1
MEI1,0.049196827421314905,0.024111301714647038,0.08,0.095,1
PARP15,0.049226999397684254,0.012125609129899906,0.359,0.408,1
ZFAND5,0.04949775572358134,0.008588165636319034,0.157,0.183,1
HEXA,0.04966978810992786,0.2180642380214274,0.249,0.24,1
CEBPG,0.04977754309812195,0.48889417074891073,0.053,0.044,1
NAXD,0.04987307331721503,-0.20569050571618908,0.046,0.058,1
SLC66A3,0.0498936852648455,-0.16512806324994145,0.08,0.094,1
LUC7L3,0.04990684341920521,-0.013765097479498056,0.588,0.658,1
NXF1,0.05009543842404231,-0.008012400217872084,0.084,0.101,1
RAF1,0.05019777634165225,0.030157583213587302,0.351,0.4,1
SIT1,0.050289110116199257,-0.1729015687462283,0.048,0.059,1
ZDHHC5,0.050436664426589076,0.05405896219658035,0.095,0.113,1
ACAD9,0.05049036734603174,-0.020156166103143747,0.069,0.083,1
MYH11,0.05050849400522309,0.5712135788343744,0.071,0.06,1
STK17B,0.050587685206006525,-0.05628571626679202,0.722,0.759,1
SDHB,0.05070990566417077,0.32064878846392497,0.18,0.167,1
USP22,0.05079451837752941,-0.0021265072895744197,0.145,0.168,1
RNF2,0.051124883341073624,-0.11270328995593615,0.127,0.145,1
G3BP2,0.05116687109905544,0.14624367174219832,0.44,0.448,1
LIN7C,0.05132997082315419,-0.08403187506309662,0.067,0.08,1
RNASEH1,0.051383288877409845,0.3392936396761398,0.152,0.138,1
POLG,0.051403108841389183,-0.030179593567554397,0.146,0.168,1
NUP62,0.051404171345254074,-0.11997482823351557,0.058,0.071,1
PIGA,0.051410214932371134,-0.04381015948000577,0.053,0.065,1
RBX1,0.05144792508185424,0.27720695999191847,0.195,0.184,1
COPS4,0.051655847728499966,0.3747341393825847,0.168,0.155,1
MLEC,0.05173751132065266,-0.10090710469552944,0.096,0.113,1
DMWD,0.05177928476739019,-0.1378386467224164,0.045,0.056,1
ANKRD23,0.05178731626357238,0.42907857543296446,0.129,0.118,1
ZNF92,0.05195397658741337,-0.10788865737001851,0.139,0.159,1
ATP7A,0.05224842712135332,-0.11747729390139172,0.04,0.051,1
CCL28,0.052277727590004895,0.3755319200338376,0.079,0.068,1
AP2S1,0.0522850413616244,0.44145487425106933,0.097,0.086,1
TSFM,0.052333438118596455,0.46691849587449585,0.059,0.049,1
PMPCA,0.052888356871616006,0.4561993353789826,0.076,0.065,1
MITD1,0.053015746812787735,-0.06077940775288382,0.082,0.097,1
SRSF8,0.05303197350320729,0.35942540729397954,0.112,0.1,1
COMT,0.053110653927790095,-0.2492941896816614,0.071,0.084,1
STAT4,0.05335139370276984,-9.898837656230342e-4,0.881,0.906,1
RNF34,0.053426174253018016,-0.03811891510440607,0.284,0.32,1
CCNT1,0.05351515717646792,0.2107700322283751,0.279,0.271,1
CCSAP,0.05379361854311916,0.40793897669497436,0.063,0.053,1
ALG9,0.053804671375672394,0.017258320120048243,0.134,0.155,1
LRIG1,0.053916131428506535,0.24108104877109682,0.399,0.397,1
TTC5,0.05403532285115037,-0.1119932262730754,0.081,0.096,1
NAA20,0.054216114491605315,0.40119224965795786,0.097,0.085,1
RHOQ,0.054325079042975725,0.02760088376187586,0.164,0.189,1
APBB1,0.054364480737163656,0.04631677338925555,0.098,0.115,1
ACBD3,0.05476963725019525,0.31397409732861975,0.245,0.237,1
INPPL1,0.055059690118452194,-0.17186128977767323,0.049,0.06,1
SMARCA5,0.05508254213356311,0.16797744608686438,0.409,0.411,1
MYEF2,0.05539676816829108,0.02304466879069289,0.1,0.118,1
MESD,0.05569218855346623,-0.06935433552078596,0.134,0.155,1
RAB1B,0.05569298315446664,-0.062336718333414254,0.07,0.084,1
ZDHHC18,0.05586241969631659,-0.03366961028195914,0.085,0.101,1
XBP1,0.05614293449603838,0.07684370966225401,0.205,0.238,1
COQ4,0.056199719069064104,-0.10702018946424108,0.045,0.056,1
TXNDC11,0.0562008268855365,0.005081049561538514,0.274,0.309,1
FRS2,0.056256790931062756,-0.003681410365096782,0.298,0.334,1
EXOSC1,0.05638850812997553,0.026927656701478675,0.077,0.092,1
HMGA1,0.056924422466209046,-0.10884367383267435,0.04,0.05,1
ZFAND2B,0.0570951784743219,0.4883156348423796,0.064,0.054,1
ACTR1B,0.05710618193764171,0.3198901251247781,0.081,0.07,1
NAA16,0.05724864084977189,-0.025184499894953194,0.32,0.36,1
EXOSC9,0.05740904745045488,0.4196096870216359,0.145,0.135,1
IMPA1,0.05764153486199116,0.019020239330373112,0.086,0.102,1
ADIPOR1,0.057886151277200135,0.43191785372890035,0.115,0.104,1
IKZF5,0.05790244620613929,0.2743681282251973,0.218,0.208,1
PLEKHF2,0.05795004779260707,0.2578426354725287,0.135,0.122,1
REXO1,0.05813229205179465,0.4639744683042377,0.092,0.081,1
TKT,0.05824661762077324,0.3823517187393384,0.118,0.106,1
GAS5,0.058270048438086655,0.35418767274833607,0.167,0.157,1
PAFAH1B2,0.05829293872466801,0.004532005569564457,0.177,0.202,1
RAP2C-AS1,0.058305295492089286,0.40224173059185386,0.114,0.101,1
TBKBP1,0.05852087413320651,-0.114534161804702,0.051,0.062,1
SCNM1,0.05860373917964682,0.46220176560414084,0.053,0.044,1
NAA38,0.058708821168277005,0.3210566186636481,0.127,0.115,1
ARGLU1,0.058782035607502836,0.10158348878491408,0.599,0.633,1
DAZAP1,0.05896710183792962,0.012543225531216451,0.164,0.19,1
RRP7A,0.058993392034412076,0.09760554846422576,0.132,0.154,1
SRP68,0.058993688368742234,-0.03959821854269685,0.089,0.106,1
ANKRD13C,0.05904454899581917,-0.0064012335154892686,0.354,0.392,1
HPS5,0.05926204093833166,-0.18331315158928496,0.081,0.095,1
ZC3H12B,0.0593671705347197,0.33357596326494887,0.054,0.044,1
GATA3,0.05942653216977598,-0.05986918403181113,0.188,0.215,1
AQR,0.06006073479781209,0.17377545486963075,0.459,0.471,1
SPON2,0.06050463952071837,-0.03218357744666324,0.235,0.267,1
BCAP31,0.060679575821202425,0.3970598539597405,0.136,0.125,1
UBR7,0.060941055553532124,-0.1072001353261478,0.048,0.059,1
LAT,0.06163783206092943,0.27661259930509785,0.204,0.194,1
LLGL2,0.061653409205524874,-0.01372640020718191,0.21,0.238,1
NDUFB1,0.06166376347587618,0.4020156982217322,0.093,0.081,1
PSMB8-AS1,0.061713252138547676,0.427240655752533,0.06,0.051,1
PPP2R1A,0.06173681855197314,-0.05174032381056726,0.165,0.189,1
SLC35A3,0.06183748948560872,0.04726253049403617,0.287,0.326,1
WDR61,0.06184029112707711,0.3491215709645479,0.083,0.072,1
ZNF595,0.06199483017442972,0.6139062530164527,0.053,0.044,1
STMP1,0.06245840849188339,-0.17513695164250498,0.069,0.082,1
MTERF3,0.06250074856409232,-0.23828114517861776,0.045,0.055,1
ZC3H7A,0.06255662073585042,0.2196518314368647,0.292,0.286,1
HCFC1,0.06263008635762465,-0.11668926928309986,0.071,0.085,1
PSMA5,0.06263670524345644,-0.0028525995224206735,0.202,0.229,1
RAD52,0.06293177512954976,0.0334999647602956,0.055,0.066,1
IDNK,0.0630561627679705,-0.15084827336202622,0.05,0.061,1
RBM25,0.06328615723832508,0.11013295271992907,0.602,0.628,1
PSMD14,0.0635633199189524,0.21483498160227885,0.242,0.231,1
UBTF,0.06364778391620801,-0.04617307845679153,0.187,0.213,1
PTPRE,0.0638361332978748,0.2594766904515926,0.302,0.301,1
PRR14,0.0640034674155666,-0.22705811182623048,0.04,0.05,1
GUF1,0.0640973233234575,-0.030972280463543722,0.134,0.155,1
AFAP1,0.0641339281259563,0.3488726585946129,0.115,0.103,1
USP38,0.06418339109368128,3.96405571691405e-4,0.184,0.211,1
QSOX2,0.06428987299492685,-0.15309475475530565,0.049,0.059,1
SFT2D2,0.06453345282443276,-0.037012739905112446,0.241,0.274,1
PSMG4,0.06460531299988913,0.014323535671230125,0.046,0.056,1
NGRN,0.06492081070195721,0.4994537633531708,0.061,0.051,1
FAM76A,0.06504953743635154,-0.015583746601633086,0.079,0.093,1
SPSB3,0.06511177739745865,0.3892771409157991,0.119,0.109,1
PSMG2,0.06515408388745293,0.23996245343885703,0.174,0.162,1
CYB561D1,0.06516955949018634,-0.049503511069808326,0.044,0.055,1
ATG4D,0.06523573864602156,0.4378898949468639,0.057,0.048,1
AGAP4,0.06525426197565364,-0.009890363117066148,0.047,0.058,1
RRAGC,0.06546258054337292,-0.09020281536982155,0.059,0.071,1
AC007619.1,0.0657343557921682,0.05802524203946513,0.048,0.059,1
NORAD,0.06599741910631558,0.3533726364334343,0.178,0.17,1
SMARCD1,0.06601492128681449,0.4253735127926199,0.112,0.102,1
AP4E1,0.0660292832724966,-0.02181929392061077,0.212,0.24,1
TRAFD1,0.06605145415313252,-0.05420610411488802,0.078,0.092,1
CAMK1D,0.06608238956608355,0.06838439672022467,0.578,0.621,1
MRPS34,0.06629241454524543,0.3925762331933327,0.1,0.088,1
SHC1,0.06640533062981928,0.611621911280579,0.053,0.044,1
AREL1,0.06661085618292448,-0.010791044187987958,0.221,0.25,1
AL731577.2,0.06673543744498983,0.02487602072991879,0.17,0.193,1
DPH7,0.06694279077276868,0.5268036237371292,0.055,0.046,1
RAB5A,0.06705853688565505,0.0672726600972015,0.244,0.279,1
GGNBP2,0.06759271935773259,0.03507705655257898,0.397,0.452,1
AP000787.1,0.0678553175564733,-0.059742764069060206,0.073,0.086,1
FAM50A,0.06791753702250403,0.4827606543784473,0.061,0.051,1
ZNF709,0.06796654207633157,-0.03469851834687532,0.064,0.077,1
EIF2AK4,0.06819489950964538,-0.012190291784342389,0.112,0.13,1
NSUN4,0.06820414710384469,0.406386802942293,0.065,0.055,1
UNKL,0.06834952478375772,-0.04230027499830924,0.151,0.172,1
NCOA4,0.06838162851639257,0.044553900932163604,0.136,0.157,1
EIF2S2,0.06840641056112765,0.30415868590959894,0.209,0.201,1
RBM12B,0.06842645492590806,-0.018842260021056045,0.082,0.097,1
HNRNPR,0.0689034374399181,0.1967993760306016,0.415,0.433,1
ZNF738,0.068962720532085,-0.12851294787989742,0.066,0.078,1
OSTC,0.06916260473257865,0.42270745975457813,0.087,0.076,1
CSNK1G2,0.06921741213109792,0.2796095719964594,0.211,0.205,1
ZGRF1,0.06928658158821924,0.0026398663477404938,0.042,0.053,1
ATAD5,0.06936700374333962,0.4979422961988347,0.091,0.08,1
UMPS,0.06954855408506048,0.49348919213517184,0.086,0.076,1
HSPB11,0.06957923035703124,0.03383419887027439,0.139,0.159,1
DENND1C,0.06960793579513778,-0.010427689009483876,0.119,0.138,1
WWTR1,0.06962514976339072,-0.22620527839758386,0.04,0.05,1
PRPF19,0.06985430624105844,0.058979060853216136,0.074,0.089,1
ZNF12,0.06991769669551626,0.008581662122808309,0.083,0.098,1
PRRC1,0.07026699965279073,0.004134173772635696,0.108,0.126,1
TWF2,0.07041555507833654,0.41394536562885254,0.062,0.052,1
MAML1,0.07044941685849185,-0.07612535473960236,0.148,0.168,1
ZFAND1,0.07063838819354659,0.5137611044188009,0.069,0.059,1
VPS37B,0.07067740655720062,0.07515633754862316,0.348,0.392,1
NIT2,0.07094531854820352,-0.20276263854755472,0.041,0.05,1
FARSB,0.07102445736109392,-0.041307102918904826,0.15,0.17,1
AP1M1,0.07128513227071717,0.04858328009203894,0.083,0.098,1
WASHC1,0.07138480868601488,0.00875886512710533,0.081,0.096,1
DHRS12,0.07146835296706536,-0.14869728102152546,0.04,0.05,1
BRI3,0.07155167676827758,0.3387452849156656,0.123,0.111,1
GTF3C2,0.07156841771634488,-0.01823007715087721,0.11,0.128,1
WDSUB1,0.07185257276280549,0.03422262483169369,0.091,0.106,1
MDM1,0.07198910083949624,-0.05906410395908068,0.05,0.061,1
COPS5,0.07210384215987799,0.3311744722979857,0.113,0.102,1
CPVL,0.07217580924170808,0.4425047411004974,0.064,0.054,1
LMTK2,0.07228492207758654,-0.0023824129441487596,0.286,0.318,1
WDR12,0.07255634210568712,0.014886590547148248,0.077,0.091,1
KTN1,0.07274099478964624,0.016019797945430847,0.479,0.538,1
MAP3K9,0.07278534371679621,-0.1104081542053148,0.05,0.061,1
POLR2E,0.07309283916378229,0.38923993188451433,0.083,0.072,1
FBXO31,0.0733539324079648,0.012887519195063923,0.085,0.101,1
RNF6,0.07378436033524667,0.43065668136787294,0.118,0.107,1
CCDC50,0.07378737335406142,-0.20606731518033206,0.047,0.057,1
ZNF430,0.07410121972148165,0.26038370405582334,0.308,0.306,1
GSTO1,0.0746466152171141,0.3955753409013769,0.064,0.054,1
COG1,0.07465805652713353,-0.11682370214955107,0.075,0.088,1
ZNF736,0.07483027485075432,0.25658368393715236,0.209,0.199,1
TMUB2,0.07515380850425984,0.5313200336446404,0.069,0.059,1
HACD2,0.0753244052815869,0.03986033869438177,0.155,0.176,1
SPAG16,0.07541750445957213,-0.16672339745159626,0.055,0.066,1
ATP6V1E1,0.07607253903218772,0.3020637678023903,0.188,0.178,1
L3MBTL2,0.07613226013477967,-0.024982622270138144,0.052,0.063,1
LINC01409,0.0768955658027645,0.47777789027050144,0.086,0.076,1
MIS12,0.076991714073511755,0.5054037192877652,0.063,0.054,1
IGF1R,0.0771921528729406,0.11904319227362992,0.109,0.095,1
POC5,0.0773215691454028,-0.06860799660555705,0.117,0.133,1
LGALS3,0.07742580151598241,0.4219942953244633,0.053,0.044,1
C18orf32,0.07756748912808034,0.4662334539002493,0.058,0.049,1
CFL2,0.0778247654035409,0.5077386369691919,0.051,0.042,1
MPP7,0.07789156173924444,-0.10279209662217204,0.427,0.46,1
HBP1,0.07819543208733838,0.14132344925926554,0.417,0.416,1
AC005562.1,0.07825842660939403,-0.026112799013127574,0.07,0.083,1
AHSA1,0.07834700045021968,0.43093605497644427,0.07,0.06,1
SIRT3,0.07843580781501928,-0.11367886012932837,0.049,0.06,1
AC099063.1,0.0784460745952692,-0.010116178828528444,0.042,0.052,1
SHFL,0.07853443991943596,0.07593047312901069,0.098,0.114,1
ABCA10,0.07854255352973397,-0.07120798707043008,0.058,0.07,1
COPZ1,0.07878487691239415,0.29071160377745153,0.063,0.053,1
ADIPOR2,0.07892865786935573,0.17521308070075392,0.355,0.353,1
EMC2,0.07896001914131963,0.075322873442639,0.129,0.149,1
GRK5,0.07922426971943404,0.32650331149040923,0.339,0.34,1
APH1B,0.07923745899288821,0.436069992474434,0.101,0.091,1
METTL16,0.07934182725891323,-0.0017013856561238216,0.311,0.349,1
PKM,0.07968875625872267,0.2352072603048544,0.179,0.168,1
DHFR,0.07996268073340147,0.0394678367079897,0.082,0.096,1
SFMBT1,0.08002682326406522,0.04294523788711302,0.25,0.279,1
LETM1,0.08015238189141254,-0.1081374917384954,0.045,0.055,1
SIDT2,0.08028056229517283,-0.023608717010731972,0.055,0.066,1
AL139807.1,0.08040485415123212,0.04158042857219657,0.053,0.064,1
SMARCE1,0.08068561243466067,0.25722684574785987,0.259,0.257,1
P4HTM,0.0809366464752257,-0.10272334918905512,0.044,0.054,1
TRA2A,0.0810049865300709,0.0022266736893170602,0.569,0.634,1
STX5,0.08113739883415379,0.34360679247654713,0.149,0.139,1
PYM1,0.08116028533591198,-0.09928841913513553,0.053,0.064,1
PPP1R10,0.08129647343373606,0.30245911234024137,0.199,0.193,1
CEP68,0.08138557319552643,0.027711084788378915,0.138,0.158,1
ARPC2,0.08142182947991819,0.0617100914930413,0.695,0.728,1
STK35,0.08162618272307076,-0.06451682556898986,0.077,0.09,1
ACTR5,0.08175721587357948,0.01145422260198492,0.06,0.071,1
RAD23B,0.08181221090741163,-0.03744877865747681,0.318,0.348,1
SECISBP2,0.08210414709878366,0.14182630363014126,0.442,0.449,1
DCAF16,0.08240997695771987,0.04717709979951479,0.15,0.173,1
PCIF1,0.08241010424023977,0.5230704033197346,0.058,0.05,1
TULP3,0.08258422078434095,0.01913958545611294,0.047,0.058,1
GLYR1,0.08262893281249331,0.07733327124785364,0.249,0.283,1
TANC2,0.08269972687151177,-0.1529126645919418,0.265,0.285,1
FAM219B,0.08273571159862217,0.01859166682289848,0.043,0.053,1
TSG101,0.08287770453926463,0.25010531269999364,0.316,0.314,1
WDR74,0.08339728814129158,0.44116608310089855,0.095,0.085,1
PILRA,0.08346260873291855,0.0014779303526935017,0.062,0.074,1
TNIP2,0.08360188446628183,0.3331888221667376,0.069,0.06,1
AKAP7,0.08373629909594735,-0.06789433366142894,0.143,0.161,1
LTB,0.08382565092882056,0.12498123434585001,0.235,0.265,1
GORAB,0.08394146494642263,0.5190512255427109,0.062,0.053,1
STK17A,0.08433339066386719,0.1097552058833029,0.605,0.623,1
NENF,0.0846243658275417,0.312363830203489,0.051,0.042,1
ZRANB2,0.08473467727325303,-0.018818512180785563,0.524,0.589,1
PARL,0.08475574230640967,0.3157423435151426,0.2,0.192,1
C16orf54,0.08503079005535752,0.6092311872837999,0.072,0.064,1
SCO1,0.0850723631425302,0.062196900379518416,0.096,0.112,1
FBXO28,0.08513732522041577,0.04556329933629405,0.233,0.263,1
ZNF626,0.08519879363481411,0.29302557024671616,0.115,0.104,1
HDGF,0.08529639643212722,0.4074689890485048,0.097,0.087,1
ATL2,0.08547998769432183,0.2799160152102983,0.239,0.232,1
IL18R1,0.08556935608469507,-0.07530545904823249,0.152,0.171,1
CUL3,0.08570065225180803,0.05839435512240243,0.769,0.791,1
LANCL2,0.0859202427195038,0.20163978441649166,0.173,0.159,1
MTHFD2,0.08598542742938159,0.02687277758849227,0.055,0.066,1
ATXN2L,0.08600496398327614,0.2790332525911292,0.204,0.197,1
GID8,0.08616469093086919,0.3031745190820032,0.098,0.088,1
CLPTM1,0.08623960355341229,0.3823400665833916,0.099,0.089,1
GNE,0.08664439948814148,0.4516527502173886,0.097,0.087,1
FUBP3,0.08679169367462423,0.018662288452290843,0.201,0.227,1
CHAMP1,0.08680578449088922,-0.04396351910551921,0.045,0.054,1
SNX1,0.08686910421175258,0.23836091710817017,0.306,0.303,1
NBPF19,0.08718991034284179,0.019024250579521507,0.101,0.118,1
MFSD14A,0.08735955108511459,0.19785665542407616,0.352,0.356,1
PDPR,0.08813416160693961,0.0017565020048543323,0.167,0.19,1
WDR37,0.08830798126345996,0.041456893032611214,0.297,0.335,1
SOCS4,0.08854717709554444,-0.05246038998369329,0.101,0.116,1
GAN,0.08865421273533608,0.024262909109185937,0.1,0.115,1
AC009505.1,0.0886932237649623,0.32592827659462964,0.056,0.068,1
MAN2C1,0.08926513405504907,-0.056317950240828196,0.081,0.095,1
ZNF121,0.08979936295234422,0.33860302580034984,0.125,0.115,1
PSMD11,0.09016534164874132,0.24157232463955447,0.188,0.177,1
OXA1L,0.09032692636243676,0.43540124234342326,0.098,0.088,1
INPP5A,0.09057831574087671,0.11863864593078932,0.078,0.091,1
ZNF460,0.09062865722196542,-0.048005763118902145,0.045,0.055,1
IRS2,0.0909144393760796,-0.09948357626768378,0.07,0.082,1
VIRMA,0.09116309006539632,0.15576404712486103,0.332,0.327,1
NCAPD3,0.09138868011049293,-0.006553262441225005,0.121,0.138,1
TRPS1,0.09148833546572234,0.005091578086599657,0.527,0.558,1
KPNA2,0.0916151595347561,0.5667514071478665,0.054,0.046,1
VBP1,0.09163385222202021,0.39403778914839194,0.083,0.073,1
GTF3C1,0.09188341011118946,0.07619914617638335,0.188,0.215,1
AC243960.1,0.09237960746374825,0.024502968767670996,0.075,0.088,1
TWSG1,0.09269775458169396,0.009004062145164138,0.095,0.109,1
EPM2A,0.09277695812767142,-0.10441649265442265,0.064,0.075,1
WIPI2,0.09284388821560871,0.001469684328123444,0.233,0.264,1
EBAG9,0.09285278414617015,0.4727076645391952,0.078,0.068,1
KCTD10,0.0931318030028716,0.007069569432958556,0.053,0.063,1
LRRC8A,0.09313677754300224,0.0071462178550099065,0.089,0.103,1
AP1B1,0.09313855242113109,0.07407643205824677,0.106,0.123,1
U2AF2,0.09339874482985704,0.46883300196908895,0.074,0.065,1
RAD51C,0.09345962027875974,-0.09799852208227877,0.041,0.051,1
RFC3,0.09362500711947067,0.1203225756781865,0.096,0.084,1
WDR73,0.09367866518141947,0.02135661936194122,0.069,0.081,1
IGBP1,0.09426308691553476,0.3436502808831494,0.158,0.148,1
FNBP4,0.09453579655321522,0.002254697135488204,0.507,0.571,1
ZEB2,0.09505334196505326,-0.16579567248304494,0.846,0.84,1
ING5,0.095129362487318,-0.04478144881188273,0.074,0.086,1
ZNF317,0.09534218503707853,0.32145500299073704,0.099,0.089,1
MTX3,0.09540810194895817,0.3593054622636507,0.131,0.122,1
MTDH,0.09541041856885896,-0.031808490161862046,0.596,0.646,1
MTHFD1,0.09541945441344321,0.05091178844731514,0.047,0.057,1
TMBIM1,0.09555356044657946,-0.017461920425667632,0.061,0.072,1
SRPRB,0.09574074311590154,0.04997784552507323,0.068,0.08,1
METTL23,0.09586259942021978,0.36296092948521874,0.087,0.078,1
DENND3,0.096490171878683,0.3757252504967671,0.142,0.134,1
ZNF529,0.09710590854088673,0.032960911395405024,0.121,0.139,1
ZNF7,0.09715572859794479,0.5581166436690443,0.064,0.056,1
FAN1,0.0971564086965941,-0.10496570381263304,0.071,0.083,1
HDAC2,0.09729474347205606,0.05306986104377043,0.169,0.19,1
ZNF564,0.09739532084498927,-0.060907087524976866,0.081,0.094,1
CFH,0.09765897733211698,-0.29250606838652216,0.076,0.088,1
NUCB1,0.09776027484317562,0.3670020870192312,0.113,0.104,1
STARD3,0.09797641782671267,0.030962560563160713,0.08,0.093,1
SH3BP5-AS1,0.0980951913815288,0.050947775986182275,0.057,0.068,1
SNX13,0.09815040546593044,0.016170468145012107,0.434,0.482,1
RASSF2,0.09844660572220026,0.02412217729223931,0.059,0.071,1
AKAP17A,0.09849447102958951,0.40007830850057347,0.137,0.128,1
CREBRF,0.09859961161845562,0.022933847591408263,0.512,0.568,1
ADGRG1,0.0989985026941227,0.19770127565645823,0.233,0.224,1
SPG21,0.09904122726670544,-0.12129310493444567,0.062,0.073,1
WDR43,0.09909573854200761,0.18670326084046351,0.353,0.354,1
LEPROTL1,0.09917359682036413,0.2051258072645452,0.447,0.454,1
H2AFY,0.09928814458096541,0.03869266878030953,0.263,0.298,1
PHYH,0.09954009145689374,0.47785763137446935,0.054,0.046,1
CHEK1,0.09967799648388824,0.34614302318275714,0.051,0.043,1
SKI,0.10036184103138314,0.5479125747871897,0.17,0.164,1
FAM120AOS,0.10091094433788095,0.087258350616817415,0.1,0.116,1
BBIP1,0.10120847955775693,0.3766821845575501,0.117,0.108,1
CTBP2,0.10127005903070631,0.07276420456570387,0.15,0.137,1
DDX46,0.10135211906579998,-0.033727390984389816,0.354,0.391,1
ZFP91,0.10137245383880393,0.01741765141904339,0.207,0.234,1
B3GAT3,0.10186407406636325,0.29505026353384944,0.097,0.087,1
HDAC5,0.10190182955802263,-0.0555738901460785,0.073,0.085,1
VPS26B,0.10194659717756027,-0.02936534812819036,0.114,0.129,1
ANXA2R,0.10199107276032607,0.4127160185007166,0.064,0.055,1
GRSF1,0.10205090162352287,-0.010585153739443576,0.167,0.188,1
KDM6B,0.10223663006777586,0.5948645885354731,0.068,0.06,1
MAP4K5,0.10224242298717905,0.017086455600907158,0.489,0.547,1
FAM53B,0.10227371488493513,-0.026985757984104852,0.447,0.496,1
NDST2,0.10255482306181718,0.4336497187268913,0.056,0.048,1
CNIH4,0.1030316833343525,0.1209651105772418,0.074,0.088,1
VPS16,0.10307716738053557,0.37895346860818746,0.059,0.05,1
LRP10,0.1032238321810647,0.03448467714124548,0.115,0.132,1
EFCAB2,0.10350301171818786,-0.04439276597522879,0.055,0.065,1
KDM5D,0.10369504413231152,0.03680773555739725,0.211,0.237,1
DANCR,0.10372431813177088,0.5092760798953333,0.06,0.052,1
AKT2,0.10408148962429428,0.029553621581684286,0.105,0.121,1
BMS1,0.10441717671696041,0.3135280708230428,0.148,0.139,1
C11orf65,0.10467519985574374,0.24152692302501655,0.123,0.113,1
WDR36,0.1051103238343816,-0.015256182403891816,0.174,0.195,1
MOB2,0.10511615524227784,0.029980921589506382,0.105,0.121,1
COPS8,0.10526255990991548,0.3892811347217626,0.123,0.113,1
ISG15,0.10557870653294203,0.008260053393994937,0.093,0.107,1
YWHAZ,0.10558101538146046,0.06952701120719551,0.743,0.776,1
TRIM62,0.1059083346265578,0.032343818067062546,0.09,0.103,1
AL627171.2,0.1060470675585976,0.3301148773905247,0.099,0.09,1
CTDSP2,0.10615443018577951,-0.0012068124977449024,0.071,0.083,1
ADAM8,0.10619139651919313,0.1303776000195116,0.096,0.112,1
TEFM,0.10643367660843024,0.014487009534954964,0.054,0.064,1
NDUFV2-AS1,0.10647380641056085,0.3656082417908988,0.115,0.105,1
CHD7,0.1070834863322701,-0.09839158284979582,0.201,0.221,1
CISD2,0.10736191258232287,0.37179531209653227,0.091,0.082,1
WDR46,0.10782910065106412,0.3349756146408409,0.05,0.042,1
FMR1,0.1080582044888959,0.012098161406569385,0.294,0.333,1
RHEB,0.10812180318303304,-0.020001586356106882,0.212,0.237,1
BAHD1,0.10850271952120723,-0.07967125544840137,0.085,0.098,1
SPTLC1,0.10864564739919833,0.007952873509517289,0.201,0.226,1
NDEL1,0.10877631923837353,0.03490419655709809,0.294,0.329,1
GPS1,0.109041617226431,0.397280704235524,0.051,0.043,1
FBL,0.10985542953829733,0.41618434053379927,0.097,0.088,1
KLHL12,0.10993979222411202,0.04801553050862761,0.073,0.085,1
SLC16A6,0.11000182318436029,0.04900778466233313,0.107,0.122,1
CHMP1A,0.11015613299664143,-0.09156781788272728,0.08,0.092,1
AL390957.1,0.11034263242191597,0.25557784063621836,0.07,0.06,1
USP31,0.11101231548825863,-0.19937309752114185,0.055,0.065,1
ASTE1,0.11102570021486764,0.39102015633580134,0.081,0.072,1
UFL1,0.11115555596022159,0.2571355541790428,0.312,0.312,1
PPP3R1,0.1112413245589017,0.11411918225813489,0.577,0.586,1
ANAPC16,0.11152435910464949,-0.04946515963026754,0.143,0.161,1
MTF2,0.11153669338819194,0.0904610788883265,0.291,0.328,1
BCLAF1,0.11187303896529154,0.0866874158323121,0.599,0.619,1
ISY1,0.111940372065354,0.34081060973779675,0.137,0.127,1
RYK,0.11196581842321854,0.15561685070661535,0.366,0.366,1
SEPHS2,0.11238734133651701,0.46263677866052655,0.061,0.053,1
SEC23A,0.11315333007773735,0.0738714851951673,0.268,0.302,1
GOLGA2,0.11325427238000099,0.05756182001802013,0.08,0.092,1
GMCL1,0.11327913074774347,0.02530182516097519,0.237,0.263,1
ZBTB11,0.11428683541642205,0.074701143941655,0.271,0.306,1
GLB1,0.1143636776169489,0.03918786304552535,0.126,0.144,1
TMEM64,0.11454052959713706,0.3267742852285267,0.091,0.081,1
ASB8,0.11528952263199622,0.3512366359553476,0.126,0.118,1
SEPTIN2,0.11568223301470001,8.094341009561301e-4,0.436,0.482,1
MAIP1,0.11569521432048392,0.2738457975666898,0.16,0.15,1
SNAPC5,0.11587502712996922,-0.0011249765474947715,0.05,0.059,1
ILF2,0.11595637028573562,0.3216388203748468,0.114,0.104,1
NFYA,0.11623012562658049,-0.16022460845387632,0.071,0.083,1
ARAF,0.11625455330098271,0.37585424924563227,0.09,0.081,1
YWHAH,0.11639840818311363,-0.07454283390196492,0.067,0.078,1
MGST3,0.11667518959017778,0.32164491223923664,0.127,0.117,1
WIPF2,0.11727766144345524,0.05884909705047198,0.205,0.232,1
RUNDC1,0.1173303538123891,-0.010459211459359796,0.042,0.051,1
GNA12,0.11751524547101831,-0.08639793718701694,0.094,0.106,1
PPP1R8,0.11761735823401773,0.36093107604728303,0.083,0.074,1
EXOSC8,0.11781238324928218,0.45328907224723514,0.087,0.078,1
TCERG1,0.11781733047988852,0.148597795194784,0.445,0.456,1
ZUP1,0.11853454405994278,0.41289267624106296,0.077,0.068,1
CDKN1B,0.11912303019380363,0.2562359921961827,0.234,0.231,1
HSH2D,0.11986990033600546,0.10124981449353854,0.113,0.13,1
POMT1,0.11987792553581555,-0.007997392911290202,0.062,0.072,1
NADSYN1,0.11998903970439015,0.026904657640529406,0.122,0.139,1
ZDHHC24,0.1205187330101714,0.39636541662432334,0.068,0.059,1
FBXL14,0.1206071975922659,0.36197352340861366,0.074,0.065,1
C8orf76,0.12100989093348397,-0.060922053576413004,0.094,0.107,1
ERGIC2,0.1210598693890762,0.0900027286313393,0.266,0.301,1
DMAC2L,0.12122364373023434,-0.027477894142547976,0.105,0.119,1
AC083798.2,0.12136223572087278,0.1761798643513477,0.057,0.068,1
BRPF1,0.12161414722023882,-0.01758861903271436,0.049,0.059,1
DLG5,0.12203207561510583,0.44662655072930857,0.068,0.06,1
NRAS,0.12209672378999105,-0.045929618956511487,0.075,0.086,1
REV1,0.12210493186622422,0.035935207019106685,0.209,0.235,1
RRM2B,0.12239497022820625,0.48578035438873846,0.072,0.064,1
TMEM170A,0.12246632691549628,0.32823039470300275,0.131,0.122,1
NOP2,0.12247810882175988,0.05347621756739063,0.054,0.064,1
STAT3,0.1236200141533829,-0.028658766550963888,0.472,0.518,1
CCDC18,0.1242460185989929,-0.012010335662162586,0.137,0.152,1
ODR4,0.12461367847200626,0.06327468965995348,0.186,0.207,1
LENG8,0.1249600904117274,0.06147292820106909,0.155,0.176,1
PGM1,0.12504883593990446,-0.05313473367971966,0.093,0.105,1
ZBTB49,0.12522025458149622,0.19478176653832335,0.147,0.136,1
TRIM5,0.12545208521729134,0.3413206244447524,0.134,0.125,1
MLYCD,0.12551233098904485,0.06245171001953964,0.092,0.106,1
RNF44,0.12596255199625478,0.021530411650269476,0.115,0.131,1
CHPT1,0.12616176717574717,0.23531910726797145,0.152,0.141,1
IST1,0.12633478891292718,0.010471567500427909,0.303,0.34,1
ERGIC3,0.12635764618202364,0.4519904659426839,0.069,0.061,1
RIOK1,0.12639103671764274,0.4314702814441904,0.104,0.096,1
UGCG,0.12666856035444435,0.01723261370270901,0.142,0.16,1
APOOL,0.1269105171655538,0.2900387735274508,0.098,0.088,1
NSMCE1,0.12737618016849375,-0.16785294263181516,0.052,0.061,1
PSMC2,0.12757865682124217,0.35395149690919125,0.131,0.122,1
LRPPRC,0.12775683160428475,0.159705240559882,0.435,0.442,1
BUB3,0.12800943653938116,0.24805933488838125,0.259,0.259,1
CARM1,0.1281177631213524,-0.02936837445425544,0.043,0.051,1
FBXL5,0.1281653747047204,0.0018891369994459284,0.382,0.421,1
ABTB1,0.12845691312157861,-0.02041580387195152,0.057,0.068,1
RPP30,0.12848225851243564,0.34726476640504367,0.15,0.142,1
GNPAT,0.12880484480881205,0.06017202410447231,0.131,0.15,1
KHSRP,0.1288253738110591,0.03188223629716269,0.119,0.137,1
METTL22,0.12925437464060036,0.1388573940469242,0.047,0.056,1
ZBP1,0.12955421602949468,0.407272259123755,0.158,0.153,1
EDRF1,0.12963213381407884,0.18361910593945388,0.3,0.296,1
EIF5A2,0.12978721092375353,0.33960115082145226,0.052,0.044,1
SLC7A6OS,0.13003249712459186,0.10072469413330021,0.132,0.151,1
ORAI2,0.13019632594560102,-0.0436793497919572,0.068,0.078,1
CTSA,0.13026729407247084,0.4392863085968677,0.056,0.048,1
CFLAR-AS1,0.13145132958722985,0.5340791697577687,0.082,0.074,1
TTTY14,0.1318651532344332,-0.2075468573024244,0.055,0.064,1
IFNAR1,0.1318975225200288,0.002256415606258222,0.161,0.181,1
PISD,0.13283183113806787,0.2620468693792062,0.176,0.168,1
ANK3,0.1330014344361046,-0.08416105173309774,0.508,0.516,1
SPECC1,0.13303201849262358,-0.10059654697631237,0.112,0.126,1
CFAP36,0.13308713124334726,0.01643530057926479,0.077,0.088,1
DHRS3,0.13309697242698382,0.021507903481180812,0.141,0.158,1
MAK16,0.1331319884137812,0.3511812352199888,0.054,0.046,1
EIF2B1,0.13343805982056725,0.018711554012301512,0.075,0.087,1
EIF1AX,0.13405592633890392,0.1731695601507676,0.284,0.28,1
ZNF330,0.13418711225649496,0.4316853230993245,0.07,0.062,1
NUP98,0.1347707458584854,0.16879199955041335,0.46,0.48,1
ATG3,0.13488379772955034,0.26249897930595756,0.176,0.168,1
OSGIN2,0.1350811696180732,-0.12673066570862335,0.099,0.111,1
RAB27B,0.1351047118098215,0.11875350376513216,0.156,0.144,1
ZNF507,0.13519503211780032,0.008599677074865086,0.171,0.19,1
ADRB2,0.13521401592979979,0.061615226193470374,0.066,0.077,1
NOL10,0.13562550328573733,0.044774863304793855,0.297,0.331,1
WAS,0.1356391947947713,0.27654319584063036,0.114,0.105,1
ACADSB,0.13569963219707867,-0.07768053544755515,0.109,0.122,1
ST13,0.13577147384574187,0.29364499798325516,0.145,0.136,1
GNAQ,0.13581278900597718,-0.04091577116510481,0.285,0.308,1
P2RY10,0.13593239236064575,0.11346890370744811,0.174,0.196,1
PROSER1,0.13595910730808267,0.2798909583866319,0.153,0.145,1
TTC16,0.1362039950437359,-0.06295076377683118,0.09,0.102,1
EIF2AK2,0.13623204728867125,0.10513354968628252,0.338,0.379,1
PRKDC,0.13632295939808756,-0.005359093473185972,0.52,0.577,1
HS1BP3,0.1364284452205937,-0.2224144667284791,0.048,0.057,1
NAE1,0.13700583219789864,0.03245584724592332,0.187,0.21,1
WRN,0.1371948491997495,0.00456385109348334,0.288,0.318,1
KHDC4,0.13744346470443408,0.1098412545769909,0.179,0.202,1
AGTRAP,0.13754402212961095,0.34128900756875336,0.057,0.049,1
NIPBL-DT,0.1382947894501524,-0.04332563875211992,0.046,0.054,1
HNRNPAB,0.13862135453499827,-0.06386622451564428,0.105,0.119,1
AGBL3,0.13864990688054513,0.252247050585078,0.051,0.043,1
CYB5D2,0.13879138092505514,0.08685242356492306,0.042,0.051,1
APPL2,0.13900856358859479,0.036525845053149125,0.271,0.297,1
LAG3,0.13903623947726956,0.39998238397842023,0.083,0.075,1
AC004951.1,0.1394543491114139,-0.09912543939740504,0.049,0.058,1
PLEKHB2,0.13980500690183065,-0.06500014273358445,0.182,0.204,1
SLC66A2,0.13982337453512253,-0.11994116880062133,0.068,0.078,1
GATC,0.13988147212107246,0.08424743730678053,0.069,0.081,1
DCAF15,0.1400218739584129,0.3983294560827333,0.082,0.074,1
GOLGA1,0.14080096085720215,-0.009458063285145979,0.112,0.127,1
IMMP1L,0.14198489417434845,0.015077815700363373,0.172,0.191,1
CAT,0.1420463470658609,-0.10996971541999412,0.078,0.09,1
PRKCD,0.1421191224020111,0.047826337829380616,0.043,0.051,1
MYADM,0.14236670333298723,0.5231605775786567,0.067,0.059,1
EXOSC10,0.14266390480487226,0.13433579440279364,0.136,0.155,1
TMX3,0.14314907448068132,0.036174877491467056,0.232,0.258,1
PCYOX1,0.14337622782372578,0.04755566009499734,0.06,0.07,1
COX20,0.14394451797931343,0.29990240050188643,0.105,0.097,1
AKIRIN1,0.1441745182005239,0.334920703851911,0.162,0.155,1
ZNF780A,0.14428120063957767,0.02755623552351194,0.064,0.074,1
KANSL1L,0.14447938042477157,-0.08488812089171871,0.113,0.127,1
SDHD,0.1445269009453721,0.2224314610025533,0.122,0.112,1
THRA,0.1445582565233724,0.38522882826828875,0.063,0.056,1
THUMPD1,0.14527120574757557,0.2524252866925211,0.252,0.249,1
ZNF766,0.14567517571127003,0.35957009905162507,0.127,0.119,1
NSUN5,0.14577127633237827,0.011914354165080798,0.066,0.077,1
CIP2A,0.1458522385975606,0.5475848697806871,0.057,0.049,1
SART1,0.14588797047316457,0.26315203315023616,0.089,0.081,1
SHOC2,0.14641365472279064,0.009139238976074604,0.407,0.449,1
RAB43,0.14711229548440227,0.0562061760662691,0.096,0.109,1
ARPC4,0.14735020145790068,0.20845555823761475,0.217,0.211,1
GTF2B,0.1474258909224179,0.19468881631988727,0.313,0.31,1
VDAC1,0.14756323843987254,0.3671174751758477,0.089,0.08,1
ERMARD,0.14762094741766071,0.11780610163791261,0.074,0.086,1
RARS,0.14774709213099269,0.04189343057043399,0.209,0.233,1
UROS,0.14793705245951344,-0.013031417717920935,0.059,0.069,1
CHMP4B,0.14848961723779416,0.2700693595651471,0.108,0.099,1
SNRNP70,0.1487102086416345,0.043090686491392693,0.279,0.314,1
SNAP47,0.14936254140446134,-0.043023460701919536,0.044,0.052,1
ABCG1,0.14950271520216107,0.15521393139763107,0.086,0.099,1
MALT1,0.14992246518733285,0.2187626278141378,0.434,0.449,1
ZNF737,0.1499733854143254,0.04388246080158309,0.104,0.118,1
CDC5L,0.15097994292138425,0.2746938438240182,0.22,0.219,1
LST1,0.1517148145289872,0.45161643822455755,0.056,0.049,1
PPP2R5A,0.15216857739640172,0.0018695885345663132,0.457,0.502,1
LTV1,0.15223123352483256,0.39431184356945215,0.104,0.096,1
ZFAND4,0.1522858424216241,0.10160573556852082,0.145,0.163,1
ZHX1,0.15262548998486378,0.2699718971719949,0.12,0.112,1
TRMT10B,0.15282724851822665,-0.03432229505659201,0.09,0.102,1
MPP5,0.15313893566221948,0.27272914446046004,0.135,0.127,1
CERS2,0.15477700575862652,0.006640655252273753,0.047,0.055,1
POLR3C,0.1548252518682999,0.08574078853679645,0.121,0.136,1
ZNF586,0.1548512450128965,0.03389807000783707,0.129,0.144,1
RTTN,0.1550968080513715,0.14496202026529448,0.321,0.316,1
USP42,0.15511936726934225,0.034911085855278245,0.218,0.243,1
SLC9A3R1,0.15543207573182147,0.03311824718761627,0.294,0.328,1
SQLE,0.15563945241280086,0.41317814624336213,0.053,0.046,1
SLC46A3,0.15579522254522166,0.35325822563361897,0.082,0.074,1
BIRC2,0.15601824463570022,0.28124229065913686,0.201,0.197,1
PRPS2,0.15603641804408075,-0.12360799240457432,0.048,0.056,1
ZDHHC7,0.1561764302186636,0.39307566272811245,0.09,0.083,1
RLIM,0.15649173457542775,0.03137945210000642,0.234,0.26,1
TMF1,0.15781138507339024,0.19529074657507478,0.363,0.374,1
OTUD3,0.1581584134369669,-0.0681263577013076,0.054,0.063,1
ADPRHL2,0.15823392483437593,0.3981012857254811,0.077,0.069,1
TMBIM4,0.1587937476809687,0.023112979724249277,0.303,0.334,1
EPB41L5,0.15912704909194852,0.31785589345943976,0.081,0.072,1
YWHAB,0.15945345013437254,0.11025538577925675,0.542,0.571,1
TYK2,0.16085792074588393,0.03940818478491104,0.083,0.094,1
CNPPD1,0.16100442619869504,0.44056799416925774,0.056,0.049,1
CDKN2AIP,0.16112276277624765,0.4123194552559535,0.057,0.05,1
ACO2,0.16138439910028662,0.32041735057841136,0.185,0.18,1
PDHB,0.16144987405109326,0.2868353974153539,0.082,0.073,1
NOP14-AS1,0.1617206199561185,0.37320286248400203,0.073,0.065,1
AF117829.1,0.16180867506326851,-0.048457410529653355,0.064,0.073,1
KLHL36,0.16229802417351433,0.1591825429957463,0.105,0.12,1
DENND11,0.1625245048934072,0.315363181773828,0.244,0.245,1
SURF6,0.1630976519812955,0.055243342286372954,0.061,0.07,1
UFSP2,0.1631988983176523,0.42379980125021754,0.111,0.104,1
AKAP8L,0.16343085518535733,0.049214229815077726,0.16,0.18,1
DHX35,0.1636824851444861,0.033712216492966185,0.124,0.138,1
CORO7,0.16429953022452662,0.29323408915209787,0.281,0.288,1
ZDHHC20,0.16436457007289776,0.00905000570839376,0.542,0.595,1
PKN2,0.1645446847464112,0.01023472805620984,0.612,0.665,1
RNF14,0.16483167956644845,0.022442090643139512,0.062,0.072,1
C15orf40,0.16511946512147133,0.032550170551779,0.057,0.066,1
SLFN11,0.1652340618557107,0.4913295259130539,0.099,0.093,1
SCARB2,0.16526428887281186,-0.04373670074360425,0.124,0.138,1
PDCL,0.16587472498043568,0.3423348886420019,0.058,0.051,1
PTOV1,0.16622784291727913,0.41270453962330866,0.08,0.073,1
ATP13A3,0.1669198393301548,0.010448820672217807,0.293,0.322,1
SAR1A,0.1669909426978144,0.2117198940260158,0.338,0.346,1
CEP57,0.16826098052003832,0.2703835194416464,0.291,0.293,1
AC093010.2,0.16885114703624152,0.013387111045046973,0.103,0.115,1
TMEM243,0.1689507563203991,0.2151582002845086,0.252,0.248,1
FDFT1,0.1691972562879687,0.030147816016978246,0.201,0.223,1
KAT5,0.16963868884220826,0.37921405087614746,0.076,0.068,1
ACTR10,0.1698975487121507,0.2390257485363201,0.24,0.237,1
DIMT1,0.1704235794801844,0.44315150194394115,0.103,0.096,1
CAND1,0.17140955615949743,0.1935859545669527,0.326,0.335,1
SHARPIN,0.17201283856065008,0.3391862121551683,0.084,0.076,1
SLC25A33,0.17210330789571976,-0.05323080322550444,0.057,0.065,1
DSTYK,0.17240871173923028,0.08362518321662302,0.21,0.233,1
HIP1R,0.172787939759756,0.2876326336478827,0.124,0.116,1
KATNA1,0.1728310650414337,0.04582481410358663,0.105,0.119,1
IL1RAP,0.17296379708065754,-0.09737058239439089,0.096,0.107,1
RMC1,0.1730291044429797,0.305844288677402,0.205,0.201,1
SFPQ,0.17306161795856823,0.11946834689923613,0.57,0.589,1
PPIG,0.1739687518434509,0.040768535690819285,0.429,0.476,1
WRAP73,0.17413000288025354,-0.0497645285350905,0.049,0.057,1
WDR45,0.17417204558903432,0.4224453196822382,0.054,0.048,1
MOB1A,0.17427785834076406,0.14427425981166198,0.34,0.343,1
MED9,0.17435587385199006,0.18989898934416072,0.07,0.062,1
AC097376.3,0.1744169412223009,0.16261979176180985,0.141,0.131,1
MAP3K11,0.17456288146066395,0.5038886874457917,0.058,0.052,1
CASZ1,0.17493026733297418,0.30974076908079473,0.113,0.105,1
CHERP,0.1755598256571448,0.0791470063039994,0.053,0.062,1
STK38L,0.1763193496583583,0.3331030805068319,0.166,0.159,1
ERP44,0.176706979294491,0.19113592562142767,0.361,0.365,1
ERCC6,0.17672432858224787,0.0507657879108655,0.149,0.165,1
ZNF551,0.1769876582347227,0.04688782260753266,0.055,0.064,1
BTG3,0.17715447490987957,0.22131210631443088,0.221,0.216,1
RABIF,0.17723809643163682,0.41967926895815544,0.087,0.08,1
BTBD10,0.17766711996214185,-0.021427767490462546,0.298,0.324,1
RNF19B,0.178175827779369,-0.09933375457456739,0.072,0.081,1
ITPA,0.17818238718117166,-0.015613562188060648,0.077,0.088,1
PLPBP,0.17839480692312365,0.08888850403578497,0.057,0.066,1
SPPL2A,0.1791614809844065,0.07166718265853123,0.36,0.398,1
ELOVL1,0.17930604092618355,0.467839341618971,0.051,0.045,1
ZXDC,0.17957522806061918,-0.01986283124521465,0.319,0.35,1
PELI1,0.18000427219064974,0.005631480210011364,0.297,0.325,1
LINC00486,0.18009557441541252,0.04837279245631926,0.239,0.271,1
RIT1,0.1805917710287313,0.24788146811328637,0.083,0.075,1
SUCLG1,0.18115452990797878,0.0385094925454601,0.132,0.149,1
HEXB,0.18117879406825735,0.024647733985571074,0.103,0.116,1
FBXO25,0.18151017592811358,0.2979936627037223,0.114,0.106,1
C1orf52,0.18173769084629363,0.3884958903541885,0.149,0.143,1
ZNF451,0.18209441559170036,0.16071579929611723,0.477,0.489,1
ZFYVE27,0.18211564169247602,0.31173604997131754,0.134,0.127,1
ZNF431,0.18241393432845313,0.08955126780788512,0.245,0.273,1
ZCCHC9,0.18244728296950338,-0.057842372588451596,0.049,0.057,1
ZNF45,0.18245823470193015,0.06728783450778186,0.05,0.058,1
AC006141.1,0.18322861731860252,-0.07862268716945975,0.043,0.05,1
EDEM1,0.1840309827113635,0.04238494355876399,0.137,0.154,1
TOGARAM2,0.18409986142291931,-0.049073733922787355,0.085,0.096,1
LRRC57,0.18450998963838816,0.3506510578776747,0.06,0.053,1
TATDN1,0.18485564631186693,-0.06867335082392279,0.074,0.084,1
EXOC7,0.1849919289699755,0.011332175793566268,0.084,0.095,1
TEX264,0.18531927430258102,0.3686337855282513,0.063,0.056,1
CCDC12,0.18537071777125783,0.22462085296835332,0.303,0.305,1
ERCC4,0.18555105290512658,0.025031174947545587,0.059,0.068,1
TMEM87A,0.18584497163955238,0.14718546432899515,0.493,0.513,1
SAR1B,0.1864412039193485,0.38240791121313,0.132,0.126,1
ARL1,0.18676151258572793,0.38823614323137434,0.064,0.057,1
PIAS2,0.18686208725281156,0.008182083974372756,0.286,0.313,1
TPP2,0.18832985908865987,-0.06832328241410557,0.636,0.671,1
SBNO2,0.1888539699407608,0.05481003763297854,0.104,0.117,1
UHRF1BP1L,0.18924754749489023,-0.013751108501341987,0.25,0.274,1
CCNI,0.1892863975993797,0.18932521042278705,0.394,0.41,1
ZFP36L1,0.18961634246165157,0.030558032211583222,0.287,0.32,1
PCGF3,0.18969027956091297,0.011511425767316119,0.122,0.136,1
GALNT1,0.18984651267728295,0.18487934310149312,0.351,0.353,1
CALU,0.19005231666117345,0.053535746053323674,0.148,0.163,1
SPG7,0.1903682952904883,0.058707451606733185,0.203,0.228,1
SMAD7,0.19047711648285207,0.3655094844229356,0.137,0.131,1
SENP2,0.19047719443943031,0.23466424777936917,0.214,0.211,1
DUSP16,0.19088241825971902,0.026557732535862355,0.149,0.165,1
ACTR1A,0.19098522054338057,0.0401492957540972,0.083,0.094,1
CDK7,0.19129757010489673,-0.14967532345983092,0.112,0.123,1
KIF5B,0.19157332679678812,0.03943279790809695,0.394,0.436,1
LINC-PINT,0.19163634288952053,0.05544278326918195,0.319,0.359,1
ECI2,0.19191081719791295,0.007835676292084148,0.099,0.112,1
NOLC1,0.19236674052304856,-0.004802526901207749,0.062,0.071,1
AC007384.1,0.1927244931836606,0.2362482794730414,0.11,0.102,1
CSDE1,0.19306231780681402,0.07791132932812528,0.561,0.588,1
NCF1,0.19388421516622342,-0.073518437267031,0.042,0.05,1
CLPTM1L,0.194228304373995,0.40288471290604644,0.068,0.062,1
EVI2B,0.19430311740960715,0.28041131091705185,0.172,0.168,1
SLC30A9,0.1949612643031299,0.05965854742133109,0.298,0.33,1
AL021707.1,0.19506537322992226,0.5406865777557299,0.12,0.115,1
CSTF1,0.19553970847102967,0.03392791991697308,0.046,0.054,1
MHENCR,0.19581753439544708,0.06356248580519797,0.081,0.091,1
SMCHD1,0.19582666113342925,0.03288198814103005,0.959,0.972,1
NSUN2,0.1962172442494399,0.08978286554396642,0.157,0.176,1
RAB12,0.1963577720305208,0.2189372271813163,0.285,0.287,1
SH2D2A,0.1968608443092291,0.05413801870137869,0.116,0.13,1
EIF2B5,0.19695884932490756,0.252825027876713,0.06,0.053,1
SLC16A1,0.19701524089422529,0.4793322843113994,0.096,0.089,1
ADAM9,0.1970187046738978,0.36848576918582965,0.074,0.067,1
RABL3,0.19884556146619448,0.17819778803781539,0.162,0.154,1
EIF4B,0.20027934265984618,0.17109161705433185,0.42,0.435,1
TTF1,0.20100711912419644,0.11065440745425303,0.096,0.109,1
COPG1,0.2013643072534326,0.24556999107279287,0.126,0.118,1
GNAI3,0.20201491779737313,-0.012570721722574271,0.251,0.276,1
WDR45B,0.202442294040396,0.3239484463028329,0.158,0.153,1
ILK,0.20259459948164088,0.31676409361115887,0.066,0.059,1
IMPAD1,0.20287177490763916,0.055742098403230855,0.134,0.149,1
FBXO34,0.2029226660501605,-0.005817349854406073,0.33,0.359,1
CCDC146,0.203475152927748,-0.0779182935212252,0.182,0.196,1
ZNF3,0.20375694432296515,0.025622012730614596,0.065,0.074,1
SARS,0.2042238586174752,0.06659522149966168,0.131,0.147,1
PIGG,0.20453268897763777,0.041384321002982505,0.116,0.13,1
CDK17,0.2051477724646217,0.11302314018039272,0.712,0.751,1
ZCCHC4,0.2053287392322605,0.03345487530300839,0.081,0.091,1
CASP4,0.20556295553055628,0.03119732718652024,0.188,0.207,1
ARL2BP,0.20581187470959988,0.24787901738182994,0.074,0.067,1
SLC41A3,0.2062917068308188,0.39912474696896005,0.065,0.059,1
TGIF1,0.20635557063309157,0.4020309052161264,0.076,0.069,1
SAP30L-AS1,0.20650858017711424,0.2869741629739868,0.12,0.113,1
PPP2R2D,0.2065337647090323,0.06315156538501182,0.259,0.285,1
STX11,0.20720032530853857,0.08558973995147268,0.076,0.087,1
C22orf34,0.20721884379603853,0.17902891600460416,0.199,0.189,1
B4GALT4,0.2078232041226385,0.2823329318123362,0.109,0.101,1
HMCES,0.20791321056974976,0.05586570599596574,0.11,0.123,1
PSMD13,0.20896254841057624,0.28270722076081456,0.142,0.135,1
SRRT,0.20908363712768444,0.36700697258155324,0.139,0.134,1
DNAJC6,0.20921230309469863,-0.1476395940503954,0.049,0.056,1
TIMM23,0.20965964872137147,0.21629340791002005,0.141,0.133,1
PRKAR2A,0.210385311794452,0.03909648891648326,0.311,0.341,1
JAK1,0.21053083044258064,-0.011949813941880993,0.84,0.886,1
FIP1L1,0.21055550032721454,0.14609997484370196,0.424,0.437,1
SGTB,0.21304296972488454,0.05490631948662039,0.178,0.198,1
UTP25,0.21312319160108517,-0.009492633397896633,0.071,0.08,1
ELP6,0.21370778530312157,0.2724020402554119,0.083,0.076,1
UBA5,0.2141524611255257,0.38167065261797095,0.129,0.124,1
ILF3,0.2141670594442088,0.12956792876371725,0.313,0.321,1
VHL,0.21434741006040944,0.2568711719075174,0.135,0.128,1
IL4R,0.214878707958943,0.36696828215645794,0.157,0.154,1
ACLY,0.21533698299650403,0.06924229185854203,0.092,0.104,1
DICER1,0.21534389341145935,-0.016729302536329205,0.395,0.437,1
MXD1,0.21543788383070642,0.25589726738641905,0.139,0.132,1
MIEF1,0.21546273497414717,0.018833514248323358,0.068,0.077,1
FANCL,0.21554843333993715,-0.08208877403999959,0.102,0.113,1
BLVRA,0.21701313426040386,0.032876851759284786,0.071,0.08,1
AASDH,0.21713402159795006,0.050638267994618236,0.075,0.085,1
CBX7,0.21788043912955266,0.2955217690101313,0.1,0.093,1
BMI1,0.2181262436942226,0.37462390079651575,0.098,0.092,1
SGPL1,0.21847793284134037,-0.01324880045570398,0.142,0.157,1
RAB21,0.21959517087512925,0.19611264127839081,0.316,0.318,1
PLD3,0.21970494920727632,-0.034491841978977256,0.096,0.108,1
IFRD1,0.21971268000113425,0.3214890675097144,0.178,0.173,1
LAIR1,0.21989377878075891,-0.11149235090304899,0.055,0.063,1
BRCC3,0.22117297047843074,0.0136131357502276,0.113,0.125,1
FAAP20,0.22212628837062406,0.38752011433464517,0.07,0.064,1
EIF2AK3,0.2225548022736349,0.05413780688918196,0.249,0.27,1
PLEKHG1,0.22264330579209723,-0.18714958504590484,0.084,0.093,1
LINC00909,0.22344739963628618,0.39522108927296307,0.077,0.07,1
SETDB1,0.22427533877625055,0.12945919505786407,0.107,0.12,1
ZNF777,0.22429574822180728,0.27267831713337576,0.094,0.087,1
WTAP,0.22495018778710388,0.07638301899425337,0.52,0.53,1
HIPK1,0.2254812021928893,0.03601456341037035,0.378,0.419,1
SLC25A45,0.22676305380722048,0.022253878953002015,0.083,0.093,1
USF2,0.22735601513207299,0.3435121101432135,0.156,0.152,1
ZNF264,0.22744433262001984,0.06694145560274545,0.103,0.115,1
FAM98B,0.22784400685940537,0.24408148259429968,0.198,0.194,1
TRIM39,0.2286525268527329,0.5368293544753802,0.057,0.051,1
ZNF138,0.22873481147714808,0.09318963670804803,0.122,0.136,1
AHCTF1,0.22906105042262342,0.0284205197882329,0.429,0.476,1
GNL2,0.22956974626346588,-0.0022023362435601435,0.061,0.07,1
PRKCSH,0.2297962512694364,0.35513291584612827,0.115,0.109,1
MAN1B1,0.23046275441846317,0.0433350471818712,0.08,0.089,1
PSMC6,0.23065048418750989,0.033642846226553336,0.193,0.211,1
CDHR3,0.2316190436116336,-0.28282183775952585,0.128,0.137,1
MIER3,0.23257590413031687,0.33026847403122606,0.092,0.086,1
ZNF480,0.23283355871366632,0.06482001974421481,0.075,0.084,1
DNM3,0.23359346836653563,0.020085979272081778,0.056,0.064,1
GSTCD,0.23445040304681247,-0.12578457333637894,0.059,0.067,1
HEATR1,0.23466177298922428,0.03685626490982093,0.229,0.252,1
RBM27,0.2353967476761492,0.17451615742076132,0.441,0.459,1
USP14,0.23550725889300658,0.14837398045715816,0.353,0.358,1
ZCCHC17,0.2364889657131188,0.22097413988137604,0.237,0.234,1
FKBP3,0.23724123450688475,0.33050058827129236,0.134,0.128,1
TAPBPL,0.2372696775440595,0.3015407724365504,0.058,0.051,1
RTF2,0.2374573785756554,0.23693592950629427,0.158,0.153,1
AC016831.1,0.2379426109397351,0.5655469581438046,0.078,0.072,1
OSGEP,0.23797772458447555,0.1427609594874366,0.072,0.082,1
CPSF6,0.23853682237457516,0.01688492986258394,0.486,0.53,1
LZIC,0.2399827515915378,0.05013867231671609,0.072,0.081,1
NT5C3A,0.24001738613316367,0.2376097218918265,0.324,0.327,1
PAICS,0.24077975481069622,0.2769436642339278,0.08,0.074,1
SLA,0.24127011536729734,0.06691627494847407,0.382,0.425,1
IDH3A,0.24128250730831344,0.09397381253338777,0.065,0.074,1
CCDC25,0.24134425013137478,0.3140972721403359,0.08,0.074,1
ACAD11,0.2415272965761424,0.08429063187479763,0.171,0.189,1
POR,0.24197105144749304,0.05098633172382727,0.078,0.087,1
MFF,0.24292868428024075,0.24957490993784642,0.19,0.186,1
OTUD4,0.24380687520470323,0.10286119582144759,0.242,0.268,1
PIH1D1,0.24398920251236272,0.19359755568439363,0.065,0.059,1
BLOC1S5,0.24409916797791248,0.04334918413790101,0.071,0.08,1
DDX49,0.24436583794374275,0.3803451776874218,0.07,0.064,1
ABCD3,0.24450315603271777,-0.023591227487525124,0.201,0.218,1
CBWD2,0.24458223014590585,0.19416934935936458,0.079,0.089,1
S100A9,0.24469733308310498,0.017916246208711017,0.38,0.375,1
SLC38A1,0.24480022781896493,0.07544458669265364,0.796,0.82,1
HMGCR,0.24549797478778695,0.3942331469012226,0.079,0.073,1
AASDHPPT,0.2462985561155311,0.097979546759283,0.079,0.089,1
UHRF1BP1,0.24647503608715984,0.27148840457787216,0.162,0.156,1
LRP2BP,0.24778289289280409,0.42337625770213494,0.062,0.056,1
GOLT1B,0.24845275677871737,0.24759443745448112,0.204,0.2,1
TAF2,0.24849578943665204,0.16600345941490513,0.404,0.421,1
RSAD1,0.24905632881839002,0.061407753678445864,0.052,0.06,1
LTO1,0.2491195264443751,0.04861701673470398,0.053,0.06,1
SAP30L,0.2500632386690365,0.32743626867826503,0.061,0.055,1
UFD1,0.2502041825987925,0.315018104786285,0.16,0.155,1
LRIF1,0.2514935645036947,-0.05046877122669979,0.051,0.058,1
GIPC1,0.2515264676991603,-0.011221270864399724,0.051,0.058,1
NIPSNAP3A,0.25178114597875345,0.05372585997307633,0.057,0.065,1
PLXND1,0.25308329120487205,0.3176510871058329,0.083,0.077,1
PELP1,0.25332173221746423,0.0540494925257935,0.065,0.073,1
COX17,0.2535460010910954,0.333334374633234,0.095,0.089,1
PPP4R3B,0.2538989741820624,0.06647431048673447,0.502,0.562,1
NBDY,0.2542611206496397,0.05567819783296035,0.17,0.187,1
ST3GAL4,0.25465958135320854,0.3543097194422389,0.062,0.056,1
PPCS,0.25499270740700664,0.3379703372442191,0.087,0.082,1
ZNF136,0.25588774871851494,0.28004216367819046,0.124,0.118,1
C11orf21,0.25614253306598106,-7.682142137093173e-4,0.071,0.081,1
TRMT44,0.25670395630919673,0.3615428554196083,0.078,0.072,1
UBE2D3,0.25725444153954347,-0.024144232646692965,0.618,0.671,1
CEP44,0.2572643524052163,0.07723776770151358,0.144,0.158,1
UBLCP1,0.2576985957580123,0.057142740139647596,0.134,0.147,1
ATF2,0.25771073364531055,0.07456806743956446,0.393,0.442,1
UBN1,0.2581508365616325,-0.003945359528554071,0.231,0.25,1
RNF220,0.25904827814569265,0.184091001398204,0.119,0.113,1
RDH13,0.2599104220126089,0.08739616022318364,0.052,0.059,1
TMPO,0.26037766630001136,0.09233807169882931,0.266,0.293,1
FBXO4,0.26044742697276957,0.4146566849620208,0.055,0.05,1
PATZ1,0.2610093474630247,0.31040795411427613,0.068,0.062,1
ACTA2,0.2612110275256841,-0.05629257729871595,0.055,0.062,1
ANKRD28,0.2616340070275262,0.050923121866308985,0.346,0.378,1
MORC4,0.2617980960001903,0.45024277110634836,0.063,0.058,1
RPAP2,0.2619385478457298,0.008621515085766918,0.392,0.426,1
F2R,0.26285956219527024,0.1970260329707072,0.182,0.177,1
FKBP1A,0.2638479529609456,0.20777027474764265,0.091,0.085,1
RAB1A,0.2640337327979019,0.0147673074195116,0.464,0.505,1
CTDP1,0.2641018267255849,0.380530880860912,0.157,0.156,1
ACOT13,0.26431264544694183,0.4822346253505305,0.059,0.054,1
POLB,0.2643908240937296,0.3375030831148371,0.152,0.147,1
PPIL3,0.26443559062110655,0.4034259259800317,0.093,0.088,1
RRM1,0.26497990113574643,0.22216625624255804,0.157,0.152,1
PDSS1,0.26595938973943384,0.27384644915429845,0.112,0.106,1
NUDT4,0.26633049035822653,-0.028987292633810502,0.156,0.169,1
SLC41A1,0.2672480610191155,0.4453324713907514,0.057,0.052,1
TMEM41B,0.26725031694319296,0.18610968084421706,0.24,0.238,1
ATG4B,0.26727595602708104,0.04670472703964079,0.136,0.15,1
ATOX1,0.2674112475214476,-0.007657733479386808,0.08,0.089,1
TXLNG,0.2689157754704221,0.388734422097305,0.152,0.148,1
HAT1,0.2695212876463239,0.2560055851122477,0.144,0.138,1
HMGN4,0.26960141106544017,0.2542524459925737,0.145,0.14,1
ARFGAP3,0.2698623135496662,0.12401033126293531,0.201,0.222,1
TBP,0.27001417109924325,0.09421987179034685,0.102,0.113,1
MCRS1,0.270587727562762,0.34545567541537414,0.083,0.077,1
RIOK3,0.2707436143585734,0.11614972983754068,0.45,0.466,1
POLDIP3,0.2717096473233673,0.005234463038744197,0.102,0.112,1
SEC13,0.2719617362458386,0.2376469481446255,0.158,0.153,1
PXN-AS1,0.27223115826124206,-0.047895915913256815,0.045,0.051,1
ZFP30,0.27224276056517427,0.11315567136730653,0.069,0.078,1
C5orf22,0.2723238180590108,0.2645493228858402,0.09,0.084,1
KDM5C,0.2734603785233139,0.0546816808139825,0.115,0.127,1
RTN4,0.27355279497257734,0.020210889834589185,0.424,0.462,1
WDR3,0.27390780216829314,0.06952753903483799,0.059,0.067,1
CANX,0.2744235923848657,0.12417935263762535,0.271,0.271,1
HADH,0.27507723363245923,0.3800680639279439,0.06,0.055,1
KLRB1,0.27570577865672685,0.26592854197008164,0.092,0.085,1
DHX37,0.2763783373328442,0.40170108843828967,0.09,0.084,1
PRKAA1,0.2765967226775058,0.03806183908682321,0.28,0.308,1
DEAF1,0.27666583519903776,0.14536365533062012,0.059,0.066,1
ANXA7,0.27737371413252615,0.18253009104077864,0.272,0.274,1
CCDC107,0.27745167924793723,0.282388472437233,0.066,0.06,1
RNPEPL1,0.2783154657359538,-6.029716110838024e-4,0.146,0.16,1
ZNF786,0.27839168257905583,-0.023434834090890977,0.052,0.058,1
AC002460.2,0.2790354539466106,-0.32089088986081227,0.045,0.051,1
GTPBP6,0.2792807871949598,0.3706661263471924,0.083,0.077,1
DUT,0.27941997450134404,0.2782602164852952,0.137,0.131,1
BID,0.27974594359476807,0.06250359723769883,0.097,0.108,1
ZNF160,0.27975189492965785,0.1416544445925929,0.138,0.154,1
NUP35,0.279819652038334,0.3362618687229828,0.108,0.103,1
LRRC59,0.2815305882722109,0.004737224218719582,0.048,0.054,1
SOAT1,0.2819520092985376,0.08293634695304171,0.245,0.269,1
PPA1,0.2823599715696354,0.24013804431135166,0.12,0.114,1
IREB2,0.2833835431078077,0.04195734669886686,0.397,0.438,1
GABPB1,0.28368697049257763,0.33546194430198484,0.196,0.193,1
LUZP1,0.2837896036918785,0.020448403758459133,0.148,0.163,1
MRPL32,0.28397908163380897,0.13253232244443724,0.052,0.059,1
MAN2B2,0.2841928893864789,0.27145006038604236,0.117,0.111,1
GABPB1-IT1,0.28449058133468,0.23382209960353473,0.138,0.133,1
RBM33,0.2848658603779934,0.09333142096701263,0.627,0.655,1
RASSF5,0.28541592845659647,0.02691814976985851,0.282,0.309,1
TYSND1,0.28576356290583127,0.031494554472816016,0.046,0.052,1
TMED5,0.2861440393248405,-0.007981928421315086,0.258,0.28,1
UBA3,0.2869285187446149,0.07693612233303551,0.231,0.253,1
THEMIS2,0.28715137006514646,0.07708935504465986,0.083,0.092,1
UBE2D1,0.28729806748292674,0.05100617347553382,0.084,0.093,1
TRABD,0.28735878167524287,0.08701616936550338,0.149,0.164,1
CCNH,0.2873730566590341,0.0021087075212538053,0.656,0.684,1
ARL5B,0.28750443292146394,0.2720034806078868,0.122,0.117,1
TNIP1,0.28801935130340567,-0.05967304436326397,0.295,0.32,1
MR1,0.2881585455553591,0.13622074256219885,0.121,0.134,1
ZNF274,0.2899771851287493,0.16854447553373553,0.109,0.121,1
RNF125,0.29018547179583487,0.03352068787235529,0.56,0.606,1
TUBA1C,0.2921259042841464,0.05453314745946658,0.047,0.053,1
FLYWCH1,0.29279960684216283,0.022733549200188996,0.071,0.079,1
CRYZ,0.29398633469665897,0.05592567634603984,0.05,0.057,1
PTPN11,0.2945915001937398,0.20267154001733276,0.278,0.281,1
MED29,0.2947660810910322,0.06430433099584976,0.055,0.062,1
MRPL37,0.29505069267763645,0.37910782618510774,0.05,0.045,1
RFT1,0.29516929821337323,-0.05411318282091582,0.052,0.058,1
WASL,0.29602329414619544,0.04383072425796106,0.247,0.268,1
NUBP1,0.2960395818687621,0.11128084266352234,0.062,0.07,1
SEPHS1,0.2965014452958709,-0.03880944366568473,0.071,0.079,1
RGS19,0.29651139035585183,0.016024348384859888,0.061,0.068,1
ATG14,0.2972099850809421,0.17230017293084798,0.246,0.245,1
ULK1,0.2974446362263999,0.11579851223527737,0.096,0.106,1
KDM5B,0.29751385288749554,0.0546407315444023,0.17,0.186,1
TFG,0.2975667129767496,0.19823004136393682,0.241,0.241,1
ZNF706,0.29794505525613385,0.34814576150428866,0.103,0.098,1
C6orf89,0.2981160021157766,0.051438102936516183,0.192,0.21,1
SLC39A8,0.29951676147684664,0.22397252203262474,0.184,0.18,1
ATG12,0.29964631139947207,0.2729980721760955,0.236,0.238,1
PRKX,0.30172572548562215,0.07705236158867945,0.322,0.353,1
ZNF791,0.30196483286704057,0.13116815975197582,0.16,0.176,1
UBA6,0.30212224455178444,0.17164702497294637,0.428,0.451,1
FAM160B1,0.3030903744842742,0.01691900737020885,0.322,0.352,1
AL359921.1,0.3032135449360211,0.09068063655189329,0.044,0.05,1
TSPYL1,0.30329613890912444,0.2854865139534002,0.133,0.129,1
RPF2,0.30373140830367185,0.3006972676912909,0.056,0.051,1
COG2,0.304453374635359,0.024617811045657856,0.131,0.144,1
GTF3C5,0.30456319021243367,0.3608222955321123,0.064,0.059,1
CEP70,0.30468668087287887,0.14051313216101535,0.074,0.083,1
GRK6,0.3049852309306477,0.2416714679472376,0.121,0.115,1
RFTN1,0.30530819413080934,0.12889261862013135,0.514,0.568,1
TMEM33,0.30565549687446725,0.10051718715444032,0.237,0.26,1
PLCL1,0.3059883254890014,-0.11355260379724796,0.215,0.202,1
CUL2,0.30636695267738656,0.01147753947490665,0.312,0.338,1
BAG4,0.3065185968420823,-0.010292105066616486,0.093,0.101,1
PSMB2,0.30665561296419386,0.05477405106552358,0.146,0.16,1
PCNP,0.30676316835496886,0.12931339393399438,0.264,0.294,1
LRRC40,0.3073883702446384,0.21655201582581785,0.239,0.24,1
RRN3,0.30780319652317645,0.2754469243461516,0.172,0.171,1
DRAM1,0.3079600018389117,0.31636241921299657,0.07,0.065,1
RNF19A,0.30835424632382785,0.1073481164319583,0.707,0.745,1
LINC01089,0.3084180911058248,0.3526593788260928,0.064,0.058,1
IQCG,0.3108402616508117,0.36957954064545695,0.089,0.084,1
EIF2S3,0.310997501540981,0.30611909001673454,0.165,0.163,1
ZKSCAN8,0.31114541211750096,0.044934951607620066,0.132,0.144,1
ELOA,0.31269293606528636,0.24441686486444425,0.096,0.09,1
SLC25A28,0.3128085614111792,-0.028987626398153665,0.061,0.068,1
CLK3,0.31286642268148623,0.05277806287283138,0.067,0.075,1
U2AF1L5,0.31309374421556174,0.05103863400218822,0.046,0.052,1
CWC22,0.31449293825493246,0.026098851261324052,0.145,0.158,1
EIF4E2,0.3153297203152158,0.23244337439206875,0.187,0.184,1
CCDC130,0.3155015483496603,0.3046565015990814,0.09,0.085,1
PDE12,0.31605523537161273,0.05757086423436952,0.111,0.121,1
CBX3,0.3161107482677526,0.2100084786054915,0.208,0.209,1
FAM172A,0.31716174022984517,0.06574062758085386,0.874,0.893,1
SCRN3,0.3186176135346378,0.2176291156370671,0.053,0.059,1
AC025164.1,0.3188389892420048,-0.0798566446356146,0.046,0.052,1
SCAMP3,0.31891329828699516,0.4017044666324785,0.112,0.108,1
STRIP1,0.3195202234518948,-0.01264151678326697,0.088,0.097,1
CYB5R3,0.31975018538948535,0.2539694074247194,0.106,0.101,1
UBE2J1,0.31993428369349836,0.09885995960315475,0.14,0.153,1
ZNF746,0.3203439855372913,0.17116598561980978,0.083,0.093,1
TMEM184B,0.3203477284235367,0.32473551628752073,0.083,0.078,1
STX18,0.32098319809545584,0.22276183385989198,0.247,0.248,1
RP2,0.3213022496479843,0.0024500091489016995,0.08,0.088,1
NBPF11,0.32217875527971473,0.2844214057145342,0.131,0.127,1
PRPF3,0.32292918867478887,0.07526728814636297,0.202,0.221,1
WDR47,0.32313690173579773,-0.006662499646595155,0.066,0.072,1
MIER1,0.3234404107964732,0.030139071497360614,0.577,0.644,1
FERMT3,0.3236380745575594,0.0571570606964642,0.115,0.126,1
AP001977.1,0.3241884263419642,-0.13713143399782202,0.058,0.064,1
TRNT1,0.3256363087623978,0.1475571199577066,0.102,0.113,1
TXN2,0.3261448951653778,0.43153104027911526,0.063,0.058,1
EFCAB14,0.32637325223621333,0.09685738153095326,0.276,0.305,1
SLC35D1,0.32640555399384535,0.21798429755507032,0.178,0.173,1
TMEM259,0.32648001557788203,0.29927904880037215,0.175,0.175,1
MAPRE2,0.32660682229848015,-0.05430379445895728,0.437,0.462,1
CCDC174,0.3273258163298718,0.3224736229753786,0.129,0.124,1
USP53,0.32767509430208525,0.10824182211052857,0.152,0.166,1
RSL1D1,0.3281020066326421,0.1952510164715,0.142,0.138,1
AC010175.1,0.3293234432141579,0.03256629152751178,0.178,0.195,1
TRAPPC13,0.3295975817983211,0.3868321661460762,0.141,0.138,1
TENT2,0.32984551083694535,0.013847242763800338,0.625,0.685,1
SMIM19,0.3302946385651679,0.15488525449216484,0.068,0.063,1
FAM160B2,0.33032310402600756,0.366486442195626,0.057,0.052,1
FASTKD2,0.33052418649025367,0.2580195248238789,0.149,0.145,1
EEF1E1,0.33135861378020603,0.44665533926676604,0.077,0.072,1
KAT8,0.3316511209799074,0.2978160156067591,0.062,0.057,1
RRP12,0.3319219449920023,0.25177460168937316,0.058,0.053,1
DNAJC1,0.3324585812285319,0.0328441447902712,0.627,0.656,1
SUGP1,0.33268182985604006,0.11892974061384498,0.092,0.101,1
METTL17,0.33298228637267907,0.3348990820956659,0.076,0.072,1
SLC45A4,0.3336395196542785,0.15803198347532144,0.099,0.109,1
MPPE1,0.33381249434179205,0.00972250090837612,0.117,0.127,1
SSBP2,0.33464226166653815,0.12391876146408876,0.253,0.247,1
FNIP1,0.3354466625139563,0.05214400524004281,0.457,0.493,1
PARP8,0.33597247027438926,-0.0030483543931625334,0.966,0.965,1
ZNF350,0.3380085534613955,0.2571702039982695,0.103,0.098,1
PFKFB3,0.3382319492150991,0.07750381940805662,0.152,0.147,1
MTPAP,0.3383608756901866,0.14343724520026013,0.106,0.117,1
NDUFS2,0.34199324592083513,0.2602046152909432,0.083,0.079,1
DNAJC7,0.3425940394030647,0.06395868137438843,0.242,0.264,1
HNRNPA2B1,0.3440699363158947,0.0491384742113008,0.704,0.735,1
EIF2A,0.34439971932963515,0.24503418280210942,0.224,0.224,1
TPMT,0.3447315146398794,0.25241478376625626,0.07,0.065,1
ZNF286A,0.34525558680597246,0.35757064647922654,0.057,0.065,1
EXOSC3,0.34539442903910456,0.13818329236349913,0.093,0.102,1
MYLIP,0.3455688090011263,0.033723822966490125,0.297,0.323,1
DDX54,0.34562615987414064,0.10501769379414228,0.086,0.095,1
PDE8A,0.34578525476509053,0.14182617926150431,0.215,0.21,1
HMGXB4,0.3458053956420429,0.08329251799453075,0.142,0.155,1
INTS12,0.34602361618185945,0.32582490981716505,0.115,0.11,1
TCIRG1,0.34747135205385454,0.05949396504810478,0.068,0.075,1
LMBR1L,0.3475268419123332,0.09783383678753221,0.119,0.13,1
KMT2B,0.347884982522287,0.05887285902924311,0.083,0.092,1
RMDN2,0.34872477725644146,0.08424244244002077,0.05,0.045,1
PNPT1,0.34883258647370224,0.18522514759775255,0.153,0.168,1
ALKBH1,0.3489717459509917,0.17010849038299214,0.097,0.107,1
DNAJC21,0.3496232133463839,0.2098981199872223,0.152,0.147,1
PRPF39,0.3497409572146162,0.25826339415047767,0.196,0.195,1
EIF3B,0.3498872683997964,0.2757457496879383,0.176,0.176,1
RAVER1,0.35059243215855096,0.052984510726613365,0.049,0.055,1
STARD7,0.3509046050025174,0.10579427276495534,0.174,0.19,1
AC099489.1,0.35113538931746574,0.16173557819858875,0.082,0.09,1
C1orf50,0.3513151302018534,0.29060230739239046,0.062,0.058,1
HIST1H2BC,0.3513610359859769,0.5288975726480376,0.058,0.054,1
TMEM161B,0.3516747867232559,0.06616984349985111,0.372,0.408,1
ARHGAP9,0.35171876564951865,0.277191408268487,0.145,0.143,1
FBRSL1,0.35206969417913536,0.12457283319598267,0.151,0.167,1
FBXO7,0.3524103980019202,0.12447257824026861,0.303,0.307,1
ZNF383,0.3525970264993788,0.08963570407523513,0.102,0.111,1
TET2,0.3534440843327118,0.08115745394937512,0.463,0.47,1
LONP1,0.353600741681651,0.37106053686658047,0.083,0.078,1
PHF20L1,0.3536700517599437,0.07633934847511259,0.438,0.482,1
IFI30,0.3545177917326488,0.07948055770942952,0.064,0.071,1
FAM162A,0.3556850189714893,0.1815227856269026,0.134,0.129,1
ANKRD12,0.3558407761326001,0.0018991856577739163,0.936,0.959,1
SUN2,0.35679588343687485,0.09488068249875925,0.46,0.485,1
ZNF839,0.35686639619561034,0.04856266541092724,0.049,0.055,1
NELFA,0.357132328877493,0.29511687206981163,0.1,0.096,1
MPHOSPH6,0.3577527001534273,0.04625768785899664,0.064,0.071,1
TRIM28,0.35802781531642713,0.28654523470182625,0.071,0.066,1
PHF10,0.3580432783414701,0.05844822268662264,0.185,0.202,1
NCLN,0.35886671542572834,-0.04312633465681914,0.078,0.086,1
ZNF384,0.35942832615564363,0.03045294642281071,0.044,0.05,1
MBTPS1,0.36043221643794676,0.18495190458106892,0.308,0.316,1
COQ8A,0.36050449613941093,0.24277861946942436,0.096,0.091,1
PHF3,0.3610741065823109,0.02126707526949634,0.625,0.687,1
PTPN1,0.362714158897255,0.04374064684992163,0.432,0.474,1
THUMPD3,0.3628539458779141,0.336509724894944,0.088,0.083,1
AC008467.1,0.36348902146654843,-0.0022200459671712913,0.07,0.077,1
C12orf29,0.36349475042871,0.24559036688773483,0.06,0.055,1
MNT,0.36352764572753743,-0.006084590567652537,0.051,0.056,1
RBSN,0.3638726118311964,0.04549797071076944,0.096,0.105,1
MTRR,0.36418559481484447,0.07270078003540448,0.111,0.121,1
OXR1,0.3647989071199021,0.05126166554985356,0.296,0.318,1
USP47,0.3654463235111113,0.0305652133455383,0.688,0.735,1
ZNF813,0.36600938562472496,0.17764971209750957,0.052,0.048,1
ZNF212,0.3667501925396335,0.08941688004391013,0.092,0.101,1
NELFB,0.3668360361272621,-0.0047558227783990326,0.058,0.065,1
VAMP7,0.36828400624268204,0.23141084003351242,0.108,0.103,1
MRPL20,0.3683896641331919,0.2543073178132731,0.15,0.147,1
RCC2,0.3695018348327002,0.059594653574416956,0.143,0.156,1
BRF1,0.3698888706466307,0.27250850665870585,0.131,0.127,1
RNF11,0.37007816851520203,0.0830792992732402,0.143,0.156,1
ZBTB38,0.37112860362396194,0.029816350125987157,0.432,0.467,1
AGA,0.3719190829337395,0.10642675966380466,0.053,0.058,1
AC007780.1,0.37429544499698897,0.0968020438005246,0.08,0.088,1
WASHC5,0.37445492620622456,-0.01292739301874999,0.266,0.285,1
LAP3,0.3746122318982572,0.22301387888382784,0.114,0.126,1
EHD4,0.37470211932243463,0.21535196583132454,0.092,0.087,1
KCTD18,0.3751309655879305,0.09766682198961818,0.097,0.106,1
FLT3LG,0.3753511305564884,0.028637315658286866,0.068,0.075,1
TERF2,0.3758238430809596,0.10794658383628886,0.148,0.162,1
AC009318.1,0.3759757614774162,0.022672411867234565,0.093,0.101,1
ERCC1,0.3761109731837842,0.20822265998868272,0.08,0.076,1
EIF2B2,0.37640925244423823,0.03300998990182702,0.055,0.061,1
TXNDC12,0.37776264301316065,0.24210681199055917,0.121,0.117,1
TP53,0.37864433058920965,0.1710757632551334,0.096,0.105,1
RNF213-AS1,0.378798443770813,0.3599634214990501,0.204,0.204,1
PRMT9,0.37913695138061265,0.1808115653990301,0.116,0.127,1
TRIM25,0.3808482062773687,0.21693183659831294,0.142,0.157,1
HDAC1,0.3818230240048678,0.12249748874939059,0.164,0.179,1
SDHAF2,0.383190400252604,0.10262756011751262,0.106,0.115,1
NUB1,0.3848470850269061,0.1147724000402664,0.254,0.281,1
KLF13,0.3853795907062015,-0.04326747755087401,0.408,0.44,1
AC008875.3,0.38567660538616605,0.21787614437101532,0.099,0.109,1
STARD4,0.38637635249143987,0.028546106807410432,0.075,0.082,1
CCDC90B,0.38670192961074656,0.09660788547786336,0.091,0.099,1
HIF1AN,0.3868485432120445,0.012741390390699658,0.084,0.092,1
ZNF254,0.38742566361277175,0.051439206491602524,0.269,0.291,1
MAP2K7,0.38762822487909,0.3379323723487473,0.129,0.127,1
MEX3C,0.38766579366986464,0.038271077543392984,0.186,0.201,1
MOB4,0.38783584811891364,0.18195906869918305,0.213,0.212,1
PRPF8,0.38959096826240697,0.18585556257232727,0.279,0.287,1
BIN3,0.38975890044356304,0.05802596753052314,0.143,0.155,1
POU2F1,0.391022905894237,0.02110476776248338,0.447,0.474,1
FANCD2,0.39111461394608193,0.3691523996419783,0.056,0.052,1
ARIH1,0.393104401574964,0.0380668191453144,0.709,0.765,1
PRKAG1,0.39325437564844656,0.1804276688370574,0.101,0.111,1
DHX36,0.39380476778676204,0.1470282385299868,0.512,0.537,1
HOOK2,0.3939760808731348,0.24581760670244313,0.068,0.064,1
SNED1,0.3939957774144897,-0.04505469502308035,0.074,0.081,1
INIP,0.3940810079966912,0.3089382881998137,0.06,0.067,1
MED1,0.3941406592228149,0.1691054039026888,0.161,0.177,1
SMC5,0.3942240364980493,0.06150253183460652,0.486,0.526,1
SSR3,0.39535217145281265,0.08572398972193462,0.109,0.119,1
GGA2,0.3968636650261957,0.26782872545739655,0.299,0.313,1
OGFRL1,0.396879595165355,0.2077608179390943,0.152,0.149,1
AC074032.1,0.39691338570853535,0.29530870056711167,0.187,0.187,1
BTD,0.3971959392460817,-0.001745103366198153,0.178,0.191,1
KPNA3,0.39738079393518505,0.032812573130574174,0.307,0.333,1
BRMS1,0.39832344905656936,0.27672345009686516,0.056,0.052,1
CMPK1,0.39863945412929713,0.0689179629692771,0.156,0.168,1
CIZ1,0.3987723813337025,0.26963810925502374,0.076,0.072,1
KIF13B,0.39882906367793247,0.16572343284812086,0.44,0.465,1
OGFOD3,0.40000407679960576,0.015407855764583811,0.045,0.05,1
AAMP,0.40104820033034594,0.3730157334860449,0.051,0.047,1
TTC1,0.4018544601765894,0.15468087924294682,0.19,0.207,1
CHMP6,0.4023484489124987,-0.013693483257098737,0.046,0.051,1
TIPRL,0.4039098417925601,0.1313270403742579,0.137,0.149,1
STAT5A,0.4042002380082579,0.13160274428069907,0.107,0.117,1
MRFAP1L1,0.40440769040945795,0.16114930581485387,0.068,0.075,1
SNRNP35,0.4044277359090838,0.2125136895441171,0.093,0.101,1
PRKRA,0.4054685228290928,0.04583598329791361,0.097,0.105,1
TMEM41A,0.407338814772993,0.12268157993969186,0.059,0.065,1
GTPBP8,0.40810768836963573,0.27374215182255734,0.089,0.084,1
GNB2,0.4087418243644098,0.2656769734328135,0.113,0.11,1
BRD2,0.4106458435998548,0.21940538807829896,0.261,0.27,1
KANSL2,0.41069189828663266,0.1589505677842057,0.216,0.215,1
ANKRD6,0.4120787881309117,-0.13203485547256277,0.064,0.069,1
PIK3R3,0.41260232677573144,0.3003272888120776,0.053,0.049,1
DCAF11,0.41402576001857955,0.08698629145442505,0.095,0.103,1
PLAC8,0.41402890882500554,-0.06599847074311604,0.385,0.406,1
INTS11,0.41426588310346657,0.014379397218283962,0.059,0.064,1
VAMP3,0.41657482299453596,0.23127503473640187,0.074,0.069,1
SLC7A1,0.41675107943965933,0.14993230617309294,0.128,0.139,1
BSDC1,0.41883254956123783,0.2591354164887584,0.17,0.17,1
GABPA,0.4190226522389194,0.037225522916499276,0.173,0.187,1
AC006460.2,0.4190995602435229,0.26987881365911903,0.051,0.047,1
PYGB,0.41944196713780596,-0.0397262023108671,0.074,0.08,1
ZCCHC10,0.4199614199472208,0.25557071784178387,0.112,0.122,1
YKT6,0.42050967457366845,0.2796784140514541,0.06,0.056,1
USP39,0.4205894205527288,0.22105890447759924,0.098,0.094,1
ERVK3-1,0.4208887728031983,0.3249900376983694,0.131,0.128,1
TIMM29,0.42104374613473383,0.1118570702520354,0.049,0.055,1
NBN,0.4213811521476379,0.11239898835559864,0.227,0.247,1
ZDHHC6,0.4213880960282308,0.23883631004764383,0.145,0.142,1
DCTN6,0.4216528291147133,0.10403934468286624,0.094,0.103,1
YTHDF1,0.42170479687990825,0.3211971092452439,0.084,0.08,1
GMEB2,0.4219913270098051,0.08723336840038387,0.093,0.102,1
TXLNA,0.4229599412138832,0.12245507953349799,0.058,0.064,1
SEM1,0.42309520066334344,-0.007321679393044539,0.239,0.256,1
ARFGAP2,0.4235275429342205,0.27381985214470883,0.112,0.108,1
NAA60,0.4235912982168219,0.4958480422338125,0.05,0.047,1
TM2D3,0.42409507636330057,0.1175859790814554,0.184,0.199,1
ACTR6,0.4262870747995211,0.12703790521306801,0.143,0.155,1
THOC5,0.42946895969624616,0.012442735565247887,0.055,0.06,1
TFB2M,0.43051657599118826,0.2700566444437129,0.109,0.105,1
ZNF10,0.43098097325248447,0.2505777110515295,0.073,0.08,1
PNKP,0.431264598734703,0.074254245234193,0.103,0.112,1
SIAH1,0.4312686388730097,-0.023302600381113647,0.146,0.156,1
NEDD1,0.4314496478800014,0.2163485049517471,0.249,0.252,1
MRPS11,0.4319541767174695,0.35485080778688927,0.061,0.058,1
SRP54,0.432310470449323,0.29090839515805184,0.255,0.265,1
CWF19L1,0.4323640889648324,0.16282493657765415,0.237,0.239,1
VRK2,0.43253240353115197,0.12263018065716957,0.344,0.345,1
AC008124.1,0.43254564142400964,0.12815362461977076,0.058,0.054,1
POLR2D,0.4330250991296876,0.32608976730303674,0.059,0.055,1
PPP2R5C,0.4336010499491159,0.0037561542556936445,0.935,0.949,1
PRPF6,0.4339377818780497,0.1849915653204499,0.186,0.205,1
XAB2,0.4340781966502957,0.30617978525759204,0.055,0.051,1
HSPA4,0.4342252743610776,0.14680455416100624,0.191,0.189,1
ERO1B,0.4343626699334357,0.09374492298837758,0.258,0.281,1
MEAF6,0.4348292470172836,0.2925057461767959,0.099,0.096,1
MED24,0.4350173609795039,0.027465852426791226,0.065,0.07,1
KPNA5,0.4360475777599983,0.060507638622739945,0.326,0.354,1
TMEM230,0.4365863405668856,0.03258169061239169,0.121,0.13,1
SMIM12,0.43671999798902833,0.24151201388426324,0.074,0.07,1
AC026341.1,0.43752915866941877,0.11297224300463515,0.063,0.059,1
RPUSD4,0.4385757131053657,-0.030187428452530085,0.064,0.069,1
DHX29,0.43927578802921224,0.0511327985951292,0.184,0.198,1
LSM12,0.43959747091890455,0.007364874575865432,0.077,0.084,1
TIAL1,0.4398503645989029,0.03395276084998189,0.336,0.368,1
ZDHHC17,0.44040139068810075,0.0442938076913687,0.365,0.397,1
LARP7,0.4406937288692413,0.23180383664031295,0.21,0.212,1
GARS,0.4409177725917394,0.2745388176562617,0.198,0.201,1
AKT3,0.44217021648637883,-0.11264192153646713,0.756,0.7,1
NAF1,0.442390605122878,0.04584898008904981,0.129,0.139,1
LRRC47,0.44265720453522944,0.16805865000238684,0.06,0.065,1
RNF138,0.4433852900244302,0.14082582060503546,0.279,0.284,1
AC048341.1,0.44361439624127635,0.11461706901492597,0.102,0.11,1
TRMU,0.44368540561764547,0.29830576244985507,0.086,0.082,1
DHX30,0.44711493748828474,0.04006477852880219,0.126,0.136,1
ZNF567,0.4474861803399841,0.36518184819526334,0.074,0.071,1
MMADHC,0.4482204657978453,0.15717119807353863,0.148,0.145,1
PA2G4,0.44832307473245514,0.2680497770508664,0.175,0.174,1
PCBP2,0.44847924624743896,0.015503476322620613,0.394,0.432,1
FGD5-AS1,0.4508054345084706,0.3415108556181241,0.107,0.105,1
TADA1,0.4528955135540197,0.11821503375222564,0.068,0.073,1
AC243829.2,0.4550102555504642,-0.4792906774216661,0.235,0.231,1
CCS,0.4555874062674516,0.4157382478251792,0.053,0.049,1
ATP6V1D,0.45582318948547407,0.171838590653424,0.172,0.17,1
CDKN2B-AS1,0.45593867849192443,-0.1077842833998901,0.082,0.088,1
AC025171.1,0.4559722615572147,0.060214900623072554,0.078,0.084,1
DCK,0.4579273714000352,0.07695380225565973,0.066,0.072,1
PPM1A,0.458051701631062,0.11471356832649926,0.416,0.431,1
FAM204A,0.45833899195979644,0.06637905959250368,0.185,0.197,1
RAB11B,0.45846982508487644,0.2619286034389492,0.059,0.055,1
ABCD4,0.4595884475906172,0.05365976904874037,0.071,0.077,1
IP6K2,0.45963896821718214,0.06018592343225537,0.167,0.179,1
PLAA,0.4598064957374627,0.19991881828021424,0.192,0.19,1
SESN2,0.46021214167262203,0.10543475528877932,0.052,0.057,1
RCBTB2,0.4607202336066761,-0.020525365716163257,0.091,0.098,1
NAA50,0.4620458243933271,0.05766970452049969,0.573,0.598,1
LINC01376,0.4627978313106547,-0.23394766051970173,0.048,0.051,1
TSC22D2,0.46306100001260936,0.15671027084113404,0.318,0.323,1
AC092821.3,0.46325471789107386,0.04366785103196352,0.244,0.261,1
PATL1,0.46409075635168195,0.2689309969024627,0.13,0.128,1
RNF187,0.46720453427384084,0.1178307857918166,0.068,0.074,1
EFCAB10,0.46790346121743176,0.27663045442726775,0.075,0.072,1
CMSS1,0.46901088331091784,0.10430780837517306,0.293,0.305,1
TMX2,0.46992563726976383,0.17833061689004093,0.148,0.146,1
PMM2,0.4701166475801917,0.20155018187635954,0.152,0.167,1
FAM168B,0.4710676257325229,0.0757466744924535,0.245,0.264,1
RPP38,0.4719230523489603,0.2902268315687284,0.084,0.081,1
RNASET2,0.4721665731772006,0.05879404453523107,0.193,0.208,1
CDADC1,0.47218052158086443,0.1908096054731081,0.124,0.121,1
CHD4,0.47352667127729015,0.05419310099826591,0.344,0.375,1
HMGCS1,0.47413956455643363,0.2595611245666811,0.071,0.078,1
MT-ND6,0.4744560928925893,0.13668477860122663,0.399,0.418,1
LDB1,0.4744778685867528,0.1527110299215213,0.059,0.065,1
NSMCE4A,0.47644509057088386,0.16065431816419928,0.101,0.11,1
RRP1B,0.4773671143895562,0.19237984621661136,0.207,0.208,1
TSPOAP1-AS1,0.4779364512883854,0.1641440379504302,0.369,0.38,1
AC015849.3,0.47952913732100266,0.4919182941130704,0.053,0.05,1
ZNF326,0.47990748268404265,0.1261544481692641,0.303,0.307,1
DMAC1,0.48033091007174844,0.17490049643464545,0.052,0.048,1
VEZF1,0.4806928232613839,0.22438117079123976,0.181,0.181,1
LAS1L,0.48233633808073356,0.3336486380999686,0.054,0.051,1
RPA2,0.482985994150339,0.19386681894590052,0.086,0.094,1
LACTB,0.4830007910168788,0.21435444505550194,0.062,0.068,1
ANXA5,0.48460454323892904,0.09422337782529189,0.13,0.141,1
GNA13,0.48487171446674926,0.08690675199676284,0.326,0.353,1
RBBP5,0.484892649074144,0.3276901292392569,0.113,0.111,1
PAGR1,0.4851545270251808,0.10043848032741387,0.053,0.058,1
TVP23B,0.4856932585620002,0.25046302459519953,0.061,0.066,1
MALSU1,0.48714618865278475,0.23206007793129046,0.069,0.066,1
YTHDF2,0.4877784291856934,0.07334153642714009,0.206,0.222,1
HERPUD2,0.48796429911491584,0.0361840941671967,0.402,0.433,1
DRG2,0.4881090014841778,0.332182247471863,0.067,0.065,1
ATP11B,0.48865552142137086,0.06024463596367413,0.789,0.817,1
TACC1,0.4890589920113442,0.08698845643263264,0.449,0.471,1
TOPBP1,0.4890917835699551,0.1333545867804441,0.271,0.277,1
RRBP1,0.4891287974439104,0.19605532064546216,0.166,0.166,1
ZNF292,0.4896209548995628,0.017482040008585997,0.804,0.844,1
GFI1,0.4896376969539709,0.17762866823331835,0.059,0.065,1
SP3,0.49206416457965996,0.047416460421939366,0.626,0.661,1
NCK1,0.4923180097467666,0.07139855177078225,0.373,0.409,1
PTCD3,0.49283128716657926,0.07758251814604787,0.265,0.29,1
SBF1,0.49422781290115364,0.22794087659813567,0.057,0.062,1
HEBP2,0.4942335890522434,0.22575300954639865,0.091,0.099,1
PAX8-AS1,0.49605280159003584,0.03981836614776624,0.046,0.05,1
POLR2B,0.49740264025569536,0.07571401013551338,0.296,0.324,1
PDXK,0.4976907418359834,0.18280579718043022,0.058,0.063,1
GPATCH4,0.4981279029187343,0.3483985941549699,0.074,0.071,1
ATMIN,0.49917012739444705,0.2921697651850166,0.069,0.066,1
MKNK2,0.49944828081043097,0.10343400421487736,0.142,0.153,1
KIF21A,0.49945767061580515,0.0398136571790515,0.364,0.391,1
CCNYL1,0.5001161589645731,0.07376190777734504,0.081,0.087,1
THAP6,0.5004622499823868,0.09379164885702651,0.119,0.127,1
TSPOAP1,0.5011759266157991,0.23770902373366476,0.105,0.102,1
PAQR3,0.5013170671214866,0.0196888134666946,0.082,0.087,1
WHAMM,0.5020393481850631,0.10554802928871515,0.354,0.367,1
SNX3,0.5026969618864201,0.12230982745083041,0.161,0.157,1
RER1,0.5027427044935394,0.20543056435385032,0.111,0.108,1
TMEM248,0.5035814504295579,0.15467350782158973,0.195,0.194,1
RAB22A,0.5048902370587263,0.03835323017336882,0.242,0.259,1
VPS51,0.5058062120932642,0.06614650259492105,0.203,0.217,1
GPR132,0.506182095930817,0.22616734839540342,0.124,0.135,1
NOC2L,0.5062815488504073,0.27257490222071645,0.065,0.062,1
NAA30,0.5067718279942908,0.022131695509748806,0.131,0.141,1
GINM1,0.5068775093569516,0.2747003640357153,0.159,0.16,1
SAMM50,0.5071252568116322,0.2968793390776885,0.077,0.074,1
ADAMTS10,0.5076641468689831,0.4134176825946301,0.057,0.054,1
MICAL3,0.508567030895003,0.08169753941693136,0.142,0.151,1
AFG3L2,0.508748331444178,0.07973694631464656,0.172,0.184,1
PDIA6,0.5094177351705582,0.15909591755108443,0.178,0.177,1
FBRS,0.5098221181217639,0.26477354467734004,0.086,0.083,1
SH2B3,0.5100227873819367,0.11075694966190763,0.171,0.185,1
ANKLE2,0.5106327523294865,0.06958699692524972,0.184,0.198,1
KIF3A,0.5110567929557442,0.15912435804070624,0.148,0.159,1
PIAS4,0.5117605796816752,0.2775088012949958,0.07,0.067,1
TIPARP,0.5118018211861746,0.0869076814227504,0.31,0.316,1
VAPA,0.5118274772671654,0.10630416191907466,0.415,0.435,1
CLCN7,0.5125251331207485,0.13767483598003105,0.076,0.082,1
ZNF18,0.5128552511228182,0.22308663750781133,0.069,0.075,1
WASHC2C,0.515564300542632,0.18397551620934616,0.198,0.2,1
STMN3,0.5169769176578417,0.17821335023262286,0.079,0.085,1
CDK9,0.5175060998682393,0.35399499587296024,0.072,0.07,1
TAP1,0.5184286252107246,0.20010928658095128,0.178,0.179,1
ZNF568,0.5192031387967599,0.2130539799378317,0.047,0.051,1
ISG20L2,0.5197300598651587,0.07407390668726843,0.104,0.111,1
MICAL1,0.5209360904627486,0.2231787640765277,0.066,0.072,1
ORMDL1,0.5223274387290213,0.05571259145413135,0.283,0.306,1
FEM1C,0.5225067630410322,0.07027645310678099,0.129,0.138,1
SCAMP2,0.5230822557667286,0.10002459823393495,0.147,0.159,1
MCMBP,0.5232956815453995,0.11746511763044132,0.138,0.148,1
AC025159.1,0.5235729763784296,0.2604274755418119,0.108,0.105,1
FAM91A1,0.5238106411276322,0.1461676542706872,0.28,0.287,1
SAAL1,0.5239799702546889,0.20793746128982393,0.079,0.076,1
ARRDC2,0.5242451501161999,0.2302539834363786,0.083,0.09,1
JKAMP,0.5244524880783857,0.2602177309414717,0.068,0.065,1
IP6K1,0.5246154808398309,0.08609104391816602,0.326,0.354,1
PWP1,0.5248642167935328,0.24173059655857032,0.156,0.156,1
VCP,0.5249454197442693,0.13619775154437747,0.291,0.303,1
EPN2,0.5260501348272679,0.10174935417303566,0.083,0.08,1
NIPA2,0.5266243666876362,0.17269576620889038,0.141,0.139,1
ACAT2,0.5269732008397159,0.3049122185501272,0.052,0.049,1
METTL9,0.5276945673450141,0.05669486614382446,0.161,0.171,1
PPID,0.5283754419183072,0.21503721392235287,0.076,0.073,1
DDX19B,0.5303238306524569,0.1400268133602236,0.105,0.113,1
CHMP5,0.532350749711872,0.08995458267675316,0.051,0.055,1
TOR1AIP2,0.5332239131150054,0.06031389842692492,0.141,0.15,1
OBI1,0.5340946265262285,0.014449705686714331,0.067,0.072,1
GLTP,0.5348457602493851,0.148955098369151,0.108,0.116,1
BAG2,0.535060073532839,0.286878675313178,0.057,0.054,1
ATP6V1H,0.5360453313200284,0.10710636421344866,0.385,0.402,1
ATP1B3,0.5369074236116251,0.22563199485599642,0.259,0.264,1
YBX3,0.5370209845344935,0.28328041709779916,0.099,0.097,1
NDUFA10,0.5384512299730448,0.1308375011363722,0.311,0.321,1
PHC2,0.5390037137747327,0.1582892368088964,0.092,0.089,1
SCMH1,0.5394617589838664,0.03585323474106339,0.268,0.282,1
PTBP2,0.5400643854215317,0.04194059462343769,0.52,0.558,1
SUPT6H,0.5404128945780322,0.20949698414699536,0.256,0.265,1
SH3GLB1,0.5408971643914462,0.06446423966048265,0.382,0.418,1
LRP5L,0.5419356757106365,0.2974361751251027,0.063,0.061,1
PRSS23,0.5424808965747776,-0.2700536519346953,0.143,0.147,1
ZNF180,0.5426049946715814,0.08959082838873789,0.051,0.055,1
SUPT7L,0.5429167204411267,0.25129290167411344,0.099,0.097,1
ZNF644,0.5434879643541242,0.08465073249987043,0.69,0.727,1
UPF3B,0.5449167868928636,0.21306833872932618,0.131,0.141,1
RBM15,0.5455223927098948,0.10622736999135785,0.105,0.113,1
YTHDC2,0.54642124563188,0.16449879657363542,0.366,0.386,1
PPP1CC,0.5466989337723827,0.14598904695028847,0.213,0.215,1
TP53BP2,0.5469531300098388,0.1132146268849421,0.229,0.246,1
SLC49A4,0.5472912655104347,0.14118179538846448,0.177,0.188,1
SUMF2,0.5473135796342177,0.061977690760150805,0.189,0.2,1
APOBEC3C,0.5476902908812913,-0.018191454995386325,0.104,0.109,1
LTBP4,0.5479382076583985,-0.06885900409688928,0.06,0.064,1
IKBKG,0.5495628624595308,0.28168347734689236,0.052,0.049,1
TMEM209,0.5506754797671473,0.10668295788050841,0.129,0.137,1
TMEM128,0.5509157495534021,0.03362290510811272,0.061,0.066,1
ZNF821,0.5511151456612717,0.28826632736615165,0.086,0.083,1
BABAM1,0.5515008274128084,0.3082649105462245,0.102,0.1,1
MPZL3,0.5518681553836136,0.34458723195476926,0.122,0.133,1
TPGS1,0.5536705972740164,0.22256121250862337,0.055,0.053,1
SEC22C,0.5539603001051508,0.27456532235312037,0.142,0.142,1
CD27,0.5539989053154815,0.23772820672823425,0.085,0.082,1
CCDC43,0.5549245099982292,0.18172825830146255,0.059,0.064,1
CLK2,0.5557423411242004,0.15073214866044005,0.048,0.052,1
ZNF484,0.5567616507159037,0.21140577587007936,0.14,0.139,1
MINDY3,0.5569318330207789,0.07151045782206833,0.366,0.393,1
PRPF40A,0.5572252513670591,0.10099876427390164,0.541,0.584,1
MAEA,0.5573154352099534,0.18960483011854556,0.111,0.12,1
YIPF5,0.5575990107224973,0.12392175081706647,0.098,0.105,1
INSIG1,0.5605106518218771,0.03354757524299168,0.12,0.126,1
BAZ2B,0.5611289643139006,0.005358259953239908,0.353,0.373,1
DDX42,0.5640348688261393,0.2312245279538382,0.184,0.187,1
PRPF38A,0.564098962764247,0.217100900960415,0.118,0.117,1
RICTOR,0.5641622956490906,0.052939406685000634,0.822,0.859,1
SNHG14,0.5643979660807754,0.04318515235315057,0.514,0.524,1
WDR91,0.5645003368977696,0.05710877601550646,0.055,0.059,1
CEP126,0.5650443404554482,0.10831672714441565,0.061,0.065,1
MED26,0.5672614385514665,0.2908184602468711,0.083,0.081,1
SDHAF3,0.5690007477908818,0.3708150977943019,0.051,0.048,1
MAN2A2,0.5692407848813976,0.2985972387040694,0.087,0.085,1
ZNF487,0.569890274664224,0.01068840182752595,0.058,0.062,1
POLA2,0.5700481664150445,0.16606992639038465,0.048,0.052,1
TRADD,0.571244773836279,0.06588506181442,0.069,0.074,1
ETF1,0.5719175279395736,0.11120432294236499,0.219,0.236,1
TRIM59,0.5720649229350072,0.2014140216148088,0.096,0.093,1
AP5Z1,0.5722136099233701,0.22240483035930736,0.09,0.088,1
FEM1B,0.5732067533127541,0.060776576354973244,0.131,0.139,1
CDIPT,0.5742582716870268,0.1609579097816738,0.056,0.054,1
RGS9,0.574760508194592,-0.0033038091604771225,0.082,0.087,1
EZR,0.5747649511635539,0.0052032829501946765,0.565,0.605,1
SNHG25,0.5748781870343177,0.24697291475819494,0.11,0.109,1
TRIM11,0.5785570868430148,0.20783541085331114,0.067,0.064,1
FLII,0.5801020313006813,0.18745737161353926,0.078,0.076,1
VCPKMT,0.5825930335703269,0.27294462688243426,0.109,0.108,1
DYRK1A,0.582778827365021,0.034962161741935116,0.765,0.805,1
NOP14,0.5830104100133816,0.12409099127265955,0.12,0.128,1
CCT3,0.5850716388345983,0.054289006671405016,0.102,0.108,1
DDB1,0.5866397910085572,0.1749507644824096,0.198,0.2,1
SLC38A2,0.5875424782693401,0.13677170294421026,0.255,0.274,1
PRCC,0.5876700629259933,0.17537312968481622,0.108,0.116,1
PON2,0.5879612276046818,0.08482478760317802,0.059,0.063,1
LAMTOR3,0.5884778377976172,0.3010331775379107,0.085,0.083,1
HIST1H2BD,0.5885173478034416,0.1541344458540448,0.063,0.068,1
TSR1,0.5893986557234542,0.08626034851531905,0.052,0.055,1
RBCK1,0.5894808890907199,0.06771809879022017,0.103,0.11,1
B3GALT4,0.5897925268749662,0.10348199724784246,0.048,0.052,1
MKRN1,0.5903933047631031,0.15175846092149137,0.209,0.213,1
SWAP70,0.592241702116426,0.1294932866769023,0.051,0.055,1
SLC2A1,0.5926873545226473,0.10090400840158531,0.083,0.088,1
UBE2Q1,0.5941223608442636,0.3055499990021575,0.067,0.065,1
ASMTL,0.5942287929674868,0.24367928475556344,0.147,0.148,1
USP1,0.5947175166343325,0.23104092163591394,0.169,0.171,1
SDAD1,0.5949392790805549,0.13830859583374033,0.181,0.194,1
ZNF268,0.5958948006011017,0.2080939290746242,0.058,0.063,1
FAM199X,0.5959360482328613,0.11913700880127909,0.118,0.116,1
RFWD3,0.5988008747544219,0.2767352389375819,0.121,0.12,1
UBE2N,0.5990132726908753,0.10226344562117923,0.345,0.355,1
MCEE,0.5991859840346232,0.1634373767740387,0.053,0.057,1
SEC23B,0.6028566242595605,0.31757389373954825,0.149,0.151,1
VDAC3,0.6028885150294054,0.23539931041248163,0.142,0.143,1
MRPS16,0.6036426913919042,0.2260896160001824,0.067,0.065,1
CYP4V2,0.6039765354396399,-0.005389409639568132,0.071,0.075,1
GLUL,0.6043509238001701,0.32640798849921726,0.07,0.068,1
GPN2,0.6048172513849626,0.21059229021359727,0.07,0.075,1
PCGF5,0.6049089737704805,0.012231534493126528,0.532,0.562,1
C4orf48,0.6050543132535462,-2.176273394347561e-4,0.048,0.051,1
RTCB,0.6051358862530873,0.22220819591091767,0.12,0.12,1
YY1,0.6051475076198383,0.05497057842541209,0.366,0.394,1
UBE2A,0.6055208604159561,0.31627807401994,0.111,0.111,1
TUBGCP5,0.6057443656011298,0.11927721593634333,0.174,0.185,1
DLAT,0.6057705137568272,0.10809254407172286,0.054,0.058,1
BLM,0.6072699433699438,0.0815763113032626,0.086,0.083,1
PDP1,0.6083987496705625,0.1788224759772743,0.077,0.074,1
DONSON,0.6106197084244565,0.30387980243755885,0.05,0.048,1
SRP72,0.6107051925252324,0.09640972431153744,0.236,0.253,1
TTC21B,0.6113388421100943,0.14198754430660376,0.298,0.307,1
ATF6B,0.6118498795817707,0.06331851616051343,0.096,0.102,1
FAM76B,0.6124619340257191,0.03584803916960755,0.207,0.22,1
AC022893.1,0.612739143856701,0.35466328349765797,0.075,0.074,1
AC137810.1,0.6133685316779773,0.07567347850010986,0.059,0.062,1
PSME3,0.6141871329717208,0.2374453396899443,0.056,0.054,1
TMEM268,0.6154328907083819,0.2454714275143708,0.052,0.05,1
MSMO1,0.6157011866884392,0.23486049619240434,0.068,0.065,1
CFAP298,0.6159512900036278,0.09906463157555745,0.057,0.061,1
HSPD1,0.6171879144393284,0.21921754576527785,0.177,0.193,1
UTP3,0.6176609819067074,0.23151647060345493,0.065,0.063,1
ARMCX3,0.619171626432794,0.2817681392430216,0.061,0.059,1
COA5,0.6205566501699508,0.25567536447043393,0.054,0.051,1
GSDMD,0.6207907854653669,0.22808458338408766,0.092,0.09,1
TUBGCP6,0.6210831512363704,0.08675361603749332,0.059,0.063,1
YJU2,0.6218957962893832,0.14945394587765826,0.081,0.086,1
GGA1,0.6222585216541363,0.17945277949478666,0.123,0.123,1
LINC00987,0.6225510775261172,0.2310787775562717,0.084,0.082,1
SUCO,0.6232310009432501,0.1283111670596404,0.415,0.437,1
DMAP1,0.6249844902735988,0.22501091951040575,0.055,0.052,1
SART3,0.6259388821612073,0.1360864948667535,0.18,0.194,1
SPNS1,0.6285172563366644,0.3221884308235583,0.062,0.061,1
TFEB,0.6287658191841103,0.27887337965780246,0.139,0.139,1
EMC1-AS1,0.629013241502068,0.0739745033353536,0.093,0.099,1
ZNF506,0.6290914518134814,0.10728561441626569,0.274,0.296,1
PHF20,0.629159977261323,0.11588925415882301,0.487,0.518,1
CACNA2D2,0.6303590453138732,0.23907937452722328,0.077,0.075,1
MICAL2,0.6304841711562952,0.1362558034700248,0.174,0.184,1
AKAP8,0.6310328649519232,0.18279196259139552,0.184,0.187,1
ESD,0.6312941993338914,0.15507620437666003,0.085,0.09,1
PDHA1,0.6316257324189987,0.08166582883820483,0.055,0.059,1
SLC25A38,0.6321828632846112,0.22408269836764427,0.074,0.079,1
TMEM38B,0.6321853539875595,0.34501816275290764,0.083,0.081,1
GIT1,0.6323636523574949,0.12451267382187226,0.054,0.057,1
PHF6,0.6327603227276707,0.06590993650183807,0.083,0.088,1
GOLGA7,0.6335747762188175,0.08290460045840697,0.181,0.191,1
AP1G1,0.6337851792615387,0.03552573683799132,0.381,0.412,1
TMEM127,0.6338351036388774,0.10283203198195223,0.089,0.094,1
PI4K2A,0.6341233883025784,0.048113452984266836,0.117,0.123,1
ZNF496,0.635124566289917,0.010388394111031651,0.049,0.052,1
IL21R,0.6360163902823677,0.20683863493497026,0.198,0.213,1
RBM43,0.6362004460329059,0.13878734281638705,0.061,0.065,1
VTA1,0.6389270695835432,0.1189179740725847,0.259,0.276,1
PPP2R3C,0.6407014667779817,0.20493736257343945,0.257,0.265,1
MAN2B1,0.6410379449681265,0.10291972197097521,0.092,0.098,1
AARSD1,0.6419381470305774,0.19813898913800898,0.054,0.052,1
BCL7B,0.6427952514756836,0.30167950134555,0.067,0.066,1
SYPL1,0.6429077838137631,0.34866742592562616,0.06,0.059,1
LSG1,0.642910297599924,0.16994990652634734,0.157,0.159,1
STRADB,0.6442181487821299,0.3168560548904753,0.047,0.05,1
GPAT4,0.6445456676983023,0.22033724943181499,0.092,0.098,1
CTBP1,0.644604476279679,0.18590182028448865,0.165,0.168,1
ZFP82,0.6448384412883095,0.3283188056967399,0.054,0.052,1
ATP6V0E2,0.6468147528175122,0.17628502543349622,0.058,0.056,1
HINT3,0.6470418857749609,0.14193390266336214,0.066,0.07,1
DEK,0.6480459409666155,0.11241944773633805,0.388,0.407,1
NDRG1,0.6492916879767792,0.12206561834486473,0.147,0.156,1
MYSM1,0.6495958416689009,0.09000894283160077,0.276,0.3,1
DDX55,0.650346472413785,0.11867456897905937,0.112,0.119,1
RCN1,0.6537751057853254,0.21461023753482422,0.065,0.063,1
PPP2CA,0.6545978705583735,0.10071846944545348,0.344,0.358,1
MTHFD2L,0.6555284426060576,0.0992710731054085,0.071,0.075,1
WAC-AS1,0.6557096272824895,0.17447237867959742,0.105,0.111,1
IAH1,0.6563833682799844,0.11876620826444939,0.098,0.103,1
BNIP3L,0.6565203782493804,0.07720137855196202,0.227,0.229,1
NDUFAF7,0.6594418339344956,0.19311953998860587,0.13,0.137,1
USPL1,0.6596702701190692,0.20116628688463248,0.289,0.303,1
RUVBL1,0.6611741466322882,0.23494148206058685,0.087,0.086,1
DPY30,0.6632435502984799,0.18534922674206333,0.064,0.068,1
EOMES,0.6649735945663002,0.09362391858221109,0.15,0.16,1
NUP133,0.664997540985901,0.11237046318642312,0.244,0.259,1
PSMA6,0.6651104104006511,0.1147539732349635,0.226,0.23,1
POM121,0.6651882810981332,0.11027477501229108,0.248,0.267,1
AC093323.1,0.6652697231018123,0.09056264405769143,0.052,0.055,1
MUTYH,0.6668898355885458,0.2084453602504457,0.056,0.055,1
NFU1,0.6677612628251746,0.17031722702545693,0.112,0.111,1
AC211433.1,0.6682379215406742,0.42355781991350794,0.058,0.057,1
SLC37A1,0.6687391414602468,0.2658327414633508,0.1,0.1,1
SLC4A1AP,0.669162320609076,0.29480238568449857,0.099,0.099,1
METTL5,0.6695612192230722,0.1492780802951903,0.056,0.054,1
TMEM267,0.6695869479327754,0.23146914353504855,0.151,0.16,1
HMGXB3,0.6700112611253046,0.2018947178169761,0.168,0.171,1
EFCAB7,0.670422996357305,0.2317019391720656,0.068,0.066,1
SMPD4,0.6708106378728733,0.12148615596837242,0.156,0.166,1
SF3A3,0.6710200410744879,0.11243956141381095,0.124,0.132,1
CXorf38,0.6710941389594509,0.1099098589043106,0.107,0.113,1
REXO4,0.6728594126634961,0.1287988511443141,0.105,0.111,1
DCP1A,0.6734768725713424,0.02010717083896041,0.384,0.407,1
C5orf15,0.6736026690142589,0.23100218363626412,0.071,0.069,1
DAB1,0.6739804720464934,-0.038322176032746125,0.068,0.065,1
VTI1B,0.6743619553671628,0.10282929551714082,0.163,0.171,1
PRPF4,0.6745559509785806,0.096018815420297,0.056,0.059,1
LINC00623,0.6766805734857845,0.15699862084736899,0.206,0.21,1
MIDN,0.6776609748177544,0.15930226913359924,0.179,0.191,1
SEC61A1,0.677887520052269,0.16886736002703828,0.15,0.152,1
RCHY1,0.6791911012519145,0.21232031073065838,0.177,0.18,1
ZPR1,0.6795555475824024,0.262292105859836,0.05,0.048,1
NKAPD1,0.6802673191407431,0.38704139135545423,0.063,0.062,1
PGAP1,0.681799686642099,0.6404545470170971,0.102,0.109,1
SH2D1A,0.6819145997819118,0.17425774229076274,0.184,0.198,1
RAD21,0.6823972396856717,0.052102251549193346,0.428,0.465,1
CTBS,0.683204811293386,0.08110888649315506,0.138,0.144,1
CSNK1E,0.683563807059505,0.29351955087920123,0.085,0.084,1
SLAIN1,0.6840135458770519,0.2549094875751615,0.145,0.147,1
GTF2H3,0.6844108607430754,0.03922238484290741,0.06,0.063,1
SNRNP48,0.6845642326780421,0.23396380000603534,0.079,0.084,1
PTPN2,0.6846164574867966,0.10925753095865187,0.444,0.464,1
PSIP1,0.6847649646715258,0.1482095914862538,0.428,0.462,1
NSMF,0.6850158229597192,0.38020020705885305,0.052,0.051,1
CLEC2B,0.6853751450060588,0.05922864177706022,0.466,0.502,1
COX11,0.6856004919113814,0.07450266403512584,0.051,0.054,1
BRIP1,0.6875506109953425,0.1988047768311243,0.08,0.078,1
ACSL3,0.6876473697187648,0.03453207284644455,0.295,0.31,1
PPT1,0.6904658225707228,0.27921179983956956,0.087,0.087,1
KIAA1586,0.6909329002628489,0.15531445903226926,0.073,0.078,1
HEXD,0.692559404390857,0.1718042164897109,0.087,0.092,1
FNTA,0.6931469513332549,0.09698773172712322,0.329,0.342,1
ORAI1,0.6942667555367271,0.261103285616042,0.121,0.122,1
NEU3,0.6944057750806467,0.2362105860889594,0.054,0.057,1
BMERB1,0.6954420268252771,0.04427027749028034,0.118,0.122,1
DDHD2,0.6965045831068304,0.2188126111308597,0.167,0.17,1
EFTUD2,0.6976694785068644,0.10152717082237217,0.162,0.171,1
DDX50,0.6982489769467126,0.15633442924101804,0.235,0.251,1
LIG3,0.7004333484393677,0.31540539876091156,0.072,0.071,1
TPP1,0.700588093479283,0.20583137145319985,0.136,0.137,1
RECK,0.7008973953751024,0.2524984593973367,0.084,0.089,1
TMEM106B,0.701363948756736,0.16191986698136418,0.156,0.165,1
GRAMD2B,0.7021420574183042,0.2250718911719083,0.08,0.079,1
SUCLA2,0.7043406658100055,0.11355988344135615,0.299,0.305,1
CHD2,0.7048266236667854,-0.011647373587566179,0.768,0.796,1
PARD6B,0.7051433122505688,0.3335927248699373,0.054,0.053,1
PKN1,0.7052977644179248,0.12113454050175532,0.194,0.206,1
SFT2D1,0.7053354027095147,0.23513325137288454,0.069,0.073,1
ABHD15-AS1,0.7065389546881904,0.33546412383696866,0.101,0.101,1
DYNC2H1,0.7067368062579225,0.1736050049822766,0.093,0.091,1
SNAP23,0.7070057332036943,0.18155703708747462,0.12,0.12,1
TMEM167A,0.7072287465392768,0.16299104546411425,0.157,0.158,1
CCSER2,0.7074958096006385,0.06736873102909469,0.838,0.871,1
SMAD5,0.7094828831942214,0.2990274575642026,0.18,0.184,1
SYTL1,0.709499697303884,0.17769070729337366,0.154,0.164,1
RNFT1,0.7106691152727206,0.3336463844037749,0.073,0.072,1
MECP2,0.7107112074285404,0.05840455110269427,0.564,0.61,1
GCFC2,0.7109890977547837,0.18893494404266953,0.143,0.15,1
GLUD1,0.7110307243117533,0.12985098798826603,0.223,0.236,1
IL15RA,0.7115705007137354,0.14282097613853573,0.077,0.08,1
PIGC,0.712043367891845,-0.07362655015814923,0.085,0.088,1
DERL1,0.7144037723801386,0.06367561110085071,0.249,0.267,1
ICE1,0.7146413541027054,0.15657974278777764,0.405,0.43,1
HBS1L,0.7183698665852145,0.06807394648208642,0.319,0.339,1
PEX6,0.7199762208169849,0.18172654021336898,0.057,0.06,1
USP12,0.7203494405887448,0.04909009453167035,0.289,0.307,1
WBP2,0.7208775884953607,0.3011056025923793,0.059,0.058,1
CNIH1,0.7219934997865116,0.1172379905582539,0.061,0.064,1
FYTTD1,0.7224900580345301,0.16019831763119852,0.162,0.165,1
ANXA2,0.72317403431290606,0.11109052367528643,0.208,0.212,1
YTHDF3,0.7231777413783425,0.09224518258383085,0.363,0.377,1
GLIPR1,0.7237482084555116,0.08129254137038278,0.182,0.192,1
ZNF426,0.725297495281148,0.18436431964262523,0.048,0.05,1
NOA1,0.7253947611565356,0.20855437720615422,0.052,0.051,1
KLF9,0.7260459967414816,0.07732356918406968,0.197,0.207,1
RNPC3,0.7263978490012343,0.08699040767402744,0.365,0.379,1
FCF1,0.7268436645002281,0.16715555719776454,0.088,0.087,1
CASTOR3,0.7274620985822613,0.19703829367571474,0.195,0.201,1
GTPBP1,0.727887619208639,0.27213735360278724,0.15,0.154,1
THAP12,0.7290532207706423,0.21948624534374161,0.164,0.167,1
HENMT1,0.729919407948146,0.056608784000334644,0.065,0.068,1
TMEM30A,0.7315653778622763,0.09126070026437305,0.177,0.188,1
NUMA1,0.7318222273166608,0.1945445120483521,0.166,0.169,1
POGLUT3,0.7326111246540726,0.11935622710369254,0.048,0.05,1
KIAA2013,0.7335973240190912,0.21927776703186286,0.057,0.056,1
TXNDC9,0.7350139590536431,0.15024280476355045,0.066,0.069,1
DDX19A,0.7355003752338874,0.21042707214791756,0.078,0.082,1
INTS14,0.7355396310441038,0.0857527657222108,0.064,0.063,1
SP2,0.7374750047427414,0.10000888614480519,0.088,0.092,1
NMT1,0.7390480398435819,0.1665681968799227,0.223,0.23,1
CD160,0.7395586780973056,-0.006225196230603469,0.051,0.053,1
AKTIP,0.7402010062191139,0.24253217835080898,0.057,0.06,1
C16orf87,0.7403630451501073,0.16131426992736264,0.108,0.108,1
FCER1G,0.740468883133587,0.0013941985277656777,0.057,0.06,1
DSTN,0.7413185788853026,0.04571538450736268,0.205,0.212,1
CHODL,0.7413532420972959,0.038886696912755814,0.072,0.07,1
RINT1,0.7419913459936833,0.17973020871921375,0.144,0.145,1
NOP56,0.7423343782080017,0.18914604341973407,0.123,0.131,1
C3orf33,0.7423592836978337,0.3613291966825174,0.052,0.051,1
AAR2,0.7429453568626909,0.171022223297715,0.104,0.109,1
OSBP,0.7429964306556497,0.16415947577196077,0.206,0.219,1
TXNL4A,0.7433717253966808,0.09990180722462783,0.17,0.172,1
TTC33,0.7442393711318469,0.06527751221920375,0.159,0.167,1
DESI2,0.744373782565135,0.02187327348898882,0.158,0.165,1
OTUD5,0.7450326725286494,0.08976200602876183,0.188,0.2,1
AL356599.1,0.7463765049984465,-0.15061825474473944,0.071,0.073,1
ASL,0.7463814876501066,0.2545357565049611,0.068,0.071,1
TOGARAM1,0.7467536821211771,0.06355293370709482,0.208,0.217,1
MCM9,0.7474226400050539,0.044411647001680765,0.366,0.386,1
MED14,0.7480608257814011,0.2340060990152087,0.209,0.217,1
GTF2IRD2B,0.7484684105047368,0.19358606183477356,0.14,0.142,1
STX4,0.7497323666734748,0.16525631797407803,0.051,0.05,1
DHRS4L2,0.7500325493283255,0.19349482779249683,0.091,0.09,1
MKRN2,0.7526449486682476,0.11151899250992137,0.087,0.091,1
SECISBP2L,0.7528265623188752,0.10966085250283786,0.37,0.387,1
NOL11,0.7548412912940436,0.20980433230758444,0.163,0.166,1
PLEKHO1,0.7548644512382374,0.2744626622562949,0.122,0.13,1
PSMA4,0.7554473928681636,0.17724071982579193,0.139,0.141,1
PEF1,0.7563899978254387,0.1573437754117979,0.062,0.061,1
STAM,0.7566021237369523,0.19757950959622927,0.207,0.213,1
OSBPL7,0.7575729688968378,0.13008856506700894,0.072,0.075,1
DCTN1,0.7591176607906561,0.1581061655858358,0.104,0.11,1
ASCC2,0.7604668188932817,0.09703508561602625,0.15,0.157,1
ELP2,0.7608681197203603,0.11295424491902628,0.366,0.388,1
ZNF549,0.7617568596924628,0.2121818250226042,0.049,0.051,1
NRDE2,0.7621890345139165,0.1753897297664896,0.191,0.196,1
QTRT2,0.7642599052396959,0.1317512104301295,0.084,0.088,1
MAT2A,0.7653657724358733,0.10925058120027042,0.098,0.102,1
CPSF1,0.767149227618132,0.2039535680597928,0.05,0.052,1
GLRX,0.7679034592110024,0.2172743733881548,0.068,0.067,1
SCP2,0.7686745531215757,0.0445511749092124,0.203,0.212,1
MEF2D,0.7700354997073813,0.15590950462458852,0.231,0.238,1
TMEM126B,0.7701080937855511,0.1630700257715305,0.066,0.068,1
DLG2,0.7703077985636455,0.08018074925718632,0.072,0.074,1
ASAH1,0.77039335637977,0.21270186337692465,0.116,0.116,1
TNFRSF10B,0.7708060570197156,0.19802399362079148,0.091,0.096,1
RNF139,0.7716586094663822,0.11502573516754588,0.165,0.167,1
LRP8,0.7721350732576714,0.1013324885734197,0.088,0.092,1
ING4,0.772516246319169,0.2129660212575808,0.059,0.061,1
ZSCAN16-AS1,0.7736149939613263,0.21635617355716308,0.075,0.079,1
RB1,0.7766260405193524,0.0665969962957349,0.479,0.506,1
NSFL1C,0.7792661237852418,0.1694220521898553,0.098,0.098,1
EAF1,0.7814975870982355,0.05815978574124081,0.065,0.068,1
PINX1,0.7829559191031666,0.18930935503069624,0.137,0.137,1
MAGT1,0.7829886556377526,0.1124290971574137,0.25,0.256,1
API5,0.7833313922188874,0.12578131840717205,0.275,0.286,1
UHMK1,0.7833521501353088,0.13793677471886695,0.329,0.346,1
PM20D2,0.783833703826958,0.19214589625254552,0.068,0.067,1
SEPTIN1,0.7839057786997903,0.20931523930791718,0.126,0.133,1
TMX1,0.7839852437677305,0.23232855891197501,0.111,0.111,1
CTR9,0.784568218997377,0.14804063864488431,0.191,0.201,1
SELENOO,0.784919752162307,0.2219067344677772,0.137,0.14,1
PIK3IP1-AS1,0.7858432162578355,0.160036749031798,0.144,0.151,1
MOGS,0.7861997508315157,0.3330478630556777,0.103,0.105,1
CNEP1R1,0.7864024377981347,0.20705230517526685,0.057,0.056,1
PLRG1,0.7866775847659686,0.21506455436381855,0.089,0.093,1
BNIP1,0.7873020738358735,0.15539780911640877,0.049,0.051,1
CDK5RAP1,0.7886667724371409,0.20571187573823757,0.162,0.167,1
SARNP,0.7890154322626123,0.18766510903811875,0.291,0.305,1
MAPRE1,0.7912435902334937,0.06986165028615998,0.14,0.146,1
CAAP1,0.7916727056967304,0.1305304917999055,0.253,0.268,1
BECN1,0.7927254291507564,0.17883401924967623,0.114,0.115,1
DHX16,0.7932984868186335,0.27496627222430137,0.055,0.054,1
ERCC3,0.7936105328701695,0.17735506754560015,0.124,0.125,1
NUP214,0.7937714323937601,0.10857520874955112,0.341,0.361,1
TUBGCP2,0.7944498892878357,0.15030184150059178,0.156,0.159,1
YIPF6,0.7962761892028434,0.27816909769792697,0.098,0.103,1
ZNF273,0.7964166967454154,0.0835849398783397,0.064,0.066,1
HGS,0.7964176077707756,0.11164943463600907,0.085,0.089,1
BAG6,0.7973313822301821,0.25095496595843025,0.064,0.064,1
MAPK9,0.7982362946873685,0.1885911001035565,0.165,0.174,1
MLH1,0.798496657359195,0.15176383634226465,0.119,0.125,1
CCT5,0.8014226943723806,0.16817164321998823,0.099,0.103,1
TCHP,0.8016389497277383,0.2206836874621379,0.208,0.216,1
PSMD1,0.8019302077163044,0.06974489616585688,0.317,0.328,1
ZNF682,0.8022012671831991,0.2538836716873163,0.077,0.077,1
CNOT7,0.8031744236597489,0.14519219641527292,0.197,0.202,1
CCT6A,0.8035346987026415,0.12465315268276744,0.126,0.127,1
NOTCH2NLC,0.8038134043686382,0.2202518590830509,0.087,0.088,1
ADAMTS6,0.8042042550350188,0.021240642601571214,0.097,0.099,1
ARIH2,0.8045472382711916,0.18349961904482492,0.306,0.327,1
SNAP29,0.8050854153563565,0.2156661157457953,0.073,0.072,1
GPR89A,0.80654848482694,0.26639632516158085,0.132,0.139,1
AC018816.1,0.8069762933681239,0.10445023931136,0.052,0.051,1
FDPS,0.8127822135800732,0.21401599781548475,0.097,0.098,1
NQO2,0.8131361434275074,0.04981818160832896,0.051,0.053,1
MFAP1,0.81374002730685,0.22751213552805627,0.066,0.069,1
IPPK,0.8145411268874835,0.23202861557070675,0.074,0.074,1
TRUB1,0.8156490238613137,0.12776274960316636,0.062,0.062,1
TIMM9,0.8167745326101092,0.13949692970443417,0.055,0.057,1
GOLGA4,0.8195275706334164,0.016724074485855667,0.736,0.777,1
CD302,0.8196334725363621,0.2668324075446227,0.102,0.103,1
JPT1,0.8225517282084607,0.08873027670064326,0.076,0.078,1
CRTAP,0.8241326146405553,0.08632864046449829,0.058,0.06,1
METTL21A,0.8251295492748878,0.13673281080472988,0.055,0.057,1
AC131568.1,0.8254542884315219,0.34110793484595225,0.083,0.084,1
BPGM,0.8264801388612585,0.14986152524417928,0.061,0.063,1
WASHC2A,0.8272556716520049,0.1536686363970623,0.159,0.162,1
WARS2,0.829250628074353,0.1243283115784799,0.135,0.14,1
GFM1,0.8292793425476235,0.12075086031855758,0.217,0.221,1
PPM1D,0.8294546637085791,0.06112451675985997,0.132,0.135,1
DCTD,0.8296464834937528,0.27234447811089213,0.064,0.064,1
PGGT1B,0.8304444648090354,0.13623255207160026,0.243,0.258,1
CCNT2,0.8323999491482742,0.14492985483377452,0.392,0.422,1
MIPEP,0.8326382248428065,0.09329820104346565,0.148,0.149,1
TIGIT,0.832868167569745,0.0974464098512342,0.162,0.166,1
METTL14,0.8332154179099681,0.19661372105936725,0.172,0.177,1
CDC123,0.8334894771086391,0.11416542372915013,0.248,0.255,1
TGIF2,0.8339124098645524,0.2544197263014851,0.112,0.118,1
C3orf38,0.8343266381542651,0.13309205107082656,0.174,0.183,1
NUP85,0.8355472897880795,0.24510262167778918,0.082,0.086,1
DCPS,0.8361846654104395,0.11277448824123093,0.083,0.083,1
DNAJA2,0.8362068816293862,0.05833355526939332,0.124,0.129,1
ZNF557,0.8362306347351756,0.11797485159664856,0.074,0.077,1
PANK2,0.8362774934727705,0.16054379614088743,0.192,0.199,1
FOXO1,0.8370853346753605,0.11079190272015715,0.61,0.639,1
LEMD2,0.8390271814453037,0.07882305555472224,0.136,0.142,1
BCL6,0.839598116736697,0.22032802886987723,0.073,0.076,1
UBXN4,0.8421979662557173,0.09088950815688723,0.478,0.513,1
NUFIP1,0.8424642290821156,0.1187507358307307,0.072,0.072,1
AMFR,0.8430649030125876,0.16894863351177913,0.158,0.162,1
MNAT1,0.8433611270635163,0.07886818290428632,0.43,0.455,1
MZT2A,0.8451550966347777,0.16038578103560797,0.099,0.103,1
TBC1D20,0.8459019996212771,0.25738126439164244,0.088,0.092,1
PDIA4,0.8462296027039,0.2764142289515559,0.078,0.078,1
CDK5RAP3,0.8462704822172024,0.15550726806907056,0.091,0.091,1
SRSF4,0.8465968906064597,0.06820772489972815,0.515,0.56,1
CD5,0.848201585423132,0.19160475450612519,0.204,0.217,1
ANP32B,0.8497200932671265,0.09611732623750388,0.247,0.255,1
HDAC3,0.8503041936699876,0.29733920995043706,0.068,0.068,1
MRPS35,0.8505420519259121,0.09237814472594297,0.144,0.149,1
TMEM120B,0.8505603710932149,0.1472954820732384,0.08,0.08,1
ZNF490,0.8532517000484723,0.09911576138191114,0.074,0.076,1
EBLN3P,0.8534329643703751,0.09587229868649816,0.156,0.162,1
ZFY,0.8534829333146778,0.1156448376160073,0.159,0.165,1
ZFPM1,0.8538198608308498,0.16274525360947645,0.155,0.162,1
DRG1,0.8549132206934388,0.25123670139079657,0.141,0.144,1
RIPK1,0.8553866666453629,0.14605797258004494,0.348,0.373,1
CLDND1,0.8554806888210202,-8.607474869087445e-4,0.276,0.285,1
CCT4,0.8563615479673259,0.14022964574956825,0.197,0.203,1
CKLF,0.8567157640490705,0.06847823507453632,0.128,0.132,1
AZIN1,0.8576801009458708,0.09122317936398772,0.186,0.194,1
USP30,0.8577371657901524,0.1400531222370418,0.05,0.051,1
NCBP1,0.8589369734383009,0.06460469119473314,0.267,0.281,1
AL158152.1,0.8609740504108124,0.16774123450421818,0.111,0.116,1
RGPD8,0.8611180966918996,0.17834818506331862,0.07,0.069,1
UBE3A,0.862265988889276,0.06046462077457582,0.567,0.601,1
PPP1R15B,0.8627588546103326,0.08908598498254205,0.144,0.151,1
HPS4,0.8638629061586235,0.18994874274338835,0.105,0.11,1
CASP3,0.8644469419106893,0.21416669813649336,0.167,0.175,1
HSBP1,0.8680832061498753,0.2580422419523032,0.052,0.052,1
ANKRA2,0.8710609216851424,0.28203832301503873,0.104,0.106,1
UNC50,0.8710953884182748,-0.031893751394227454,0.058,0.059,1
HIST1H2AC,0.872630760068223,0.3464494489533123,0.121,0.124,1
ITGAE,0.8731827130348091,0.20056400813262698,0.049,0.051,1
KHNYN,0.8741324633760464,0.28563221148919427,0.074,0.077,1
STK26,0.8741510534684137,0.12771555700448975,0.239,0.248,1
ARCN1,0.8746909895418655,0.12735841904006084,0.17,0.177,1
URB2,0.8754114866700307,0.26680238681943,0.053,0.053,1
ZBTB26,0.8756425645118214,0.12014987585624137,0.057,0.058,1
RBMXL1,0.8758914027617368,0.20699094469014945,0.061,0.063,1
EIF3J,0.877297043503778,0.1092224156883346,0.265,0.276,1
IQCB1,0.8783695977281234,0.16440381706081802,0.301,0.315,1
COPS7B,0.8784931237846081,0.15685753022633575,0.05,0.051,1
FBXO3,0.879000093746039,-0.0037606416151745314,0.335,0.35,1
BST2,0.8805913792633486,0.13502137473462117,0.145,0.149,1
OAT,0.881749053170287,0.18327569239457242,0.05,0.05,1
MED4,0.8818097939666965,0.042539448238361394,0.293,0.304,1
ZNF699,0.8829444587955491,0.11953205703394065,0.069,0.068,1
SIKE1,0.8833721787036171,0.14292507626466633,0.079,0.082,1
SAFB2,0.8834948373741155,0.15761876865041702,0.218,0.23,1
ATG13,0.8837548380681584,0.10014991777897297,0.267,0.277,1
ARMH4,0.8838647915780099,0.10631592592115921,0.234,0.246,1
ZNF345,0.8839919060144532,0.22358253251896665,0.075,0.076,1
SLC35F5,0.8875908323065189,0.13785114067323606,0.268,0.286,1
ZNF410,0.8881108293795809,0.128942230286738,0.178,0.187,1
DYNC1LI2,0.8890939780052458,0.10140706034583674,0.214,0.224,1
METTL3,0.890719862236316,0.2856073001788184,0.069,0.071,1
CNNM4,0.8918102411641584,0.24288591953860328,0.061,0.061,1
AAMDC,0.891917286177637,0.30106125637761294,0.085,0.085,1
ATG9A,0.8921253961597438,0.2181703062891196,0.052,0.052,1
SIGIRR,0.893012916513776,0.12421320174808825,0.228,0.241,1
INO80E,0.8943485191078318,0.20619245416362686,0.061,0.061,1
CDKL5,0.8945209664254945,0.19920270446114197,0.059,0.061,1
ZBTB5,0.8973402232158825,0.1555730746724424,0.068,0.069,1
ALKBH5,0.8982354451106521,0.21462848859173744,0.179,0.186,1
SLC2A4RG,0.8986619413749053,0.1546565469338499,0.077,0.078,1
FANCM,0.8987761198753952,0.23506674475000988,0.12,0.124,1
RNPEP,0.9009321760677858,0.1464767763684247,0.081,0.083,1
RNF130,0.901431043298343,0.16592268196760596,0.142,0.144,1
RABGGTB,0.9015902055950655,0.22891833585639398,0.127,0.131,1
TMEM50A,0.9017343750668193,0.1026228279745152,0.268,0.279,1
CWC25,0.902867413472408,0.22722811424217015,0.105,0.11,1
TRMT61B,0.9032899411390993,0.11074050500494526,0.11,0.112,1
SLC39A6,0.903863538053607,0.13921703297213162,0.071,0.074,1
INTS1,0.9038709531490531,0.24243625159825033,0.084,0.087,1
SCAF8,0.9039482714580654,0.062362174326635156,0.596,0.635,1
HPF1,0.9059525525985824,0.18935642367382544,0.051,0.053,1
DLD,0.906282057398753,0.16504249185282838,0.175,0.181,1
NEPRO,0.906776906841103,0.1017575199331533,0.125,0.13,1
MARCH5,0.9068020410090879,0.19740506699634985,0.158,0.163,1
ARAP1,0.9080049755462111,0.2079065595144134,0.103,0.107,1
MARCH8,0.9085086589284538,0.11419857044435414,0.264,0.276,1
SETD7,0.9088224337908916,0.2287156332257645,0.057,0.058,1
MTR,0.9099605352863056,0.09998541905137137,0.419,0.448,1
HADHB,0.9106123530630152,0.09926802054591488,0.212,0.22,1
ABRAXAS2,0.9112812962204423,0.21354230643170236,0.093,0.094,1
PPP1R18,0.9113936677786818,0.14773775790067156,0.085,0.088,1
MXD4,0.9115473935747196,0.2084100713585656,0.16,0.167,1
CFAP97,0.9131611606985376,0.1530261068388723,0.121,0.123,1
NASP,0.9134414658129454,0.19345706699165932,0.137,0.14,1
PLEKHA3,0.9135560004162177,0.1042000196245243,0.143,0.147,1
MTURN,0.9144811227129632,0.14253071531852246,0.079,0.081,1
POLR1C,0.9145618911207962,0.1747015574270625,0.072,0.072,1
RLF,0.9148355545085098,0.11814406042516112,0.437,0.465,1
MAPK1IP1L,0.9149661020518525,0.14794692446668128,0.316,0.332,1
AP002336.2,0.9154778188828488,0.37621143944968294,0.07,0.072,1
GOLGA8A,0.9159627719386725,0.13114292784888548,0.245,0.256,1
CPNE3,0.9161212953178035,0.14539178740268455,0.154,0.157,1
GPR137B,0.9162040617279138,0.17230574193313014,0.194,0.202,1
ETV3,0.9178085956357048,0.32500195288475586,0.096,0.1,1
SENP5,0.9179368933888915,0.06843283897243702,0.429,0.457,1
WDR11,0.9180021836203652,0.1773352397634996,0.26,0.273,1
CLTA,0.9183595697058681,0.08108124881934808,0.225,0.233,1
GDPD5,0.9183965188724054,0.17334881692344473,0.053,0.055,1
SETD1A,0.918871686959836,0.2654816368433792,0.057,0.057,1
DNAJB12,0.9189223487223473,0.1625732387818939,0.083,0.086,1
COG3,0.9194606357849772,0.10133876553740243,0.232,0.245,1
HSF1,0.9196627765520442,0.25601837451566034,0.084,0.085,1
AC068587.4,0.9207316274870786,0.10438480450623691,0.229,0.238,1
OTUD6B,0.9208477007872335,0.0629488142497594,0.1,0.102,1
CHUK,0.9219401236321666,0.17721285414054577,0.114,0.118,1
COPB1,0.9230593607168771,0.08913525328011218,0.373,0.39,1
DIRC3,0.9246999802063094,0.01916864259209916,0.058,0.058,1
OPTN,0.924967398471173,0.09985155983369076,0.431,0.466,1
UBE2L6,0.9253729364922494,0.2332453032657904,0.081,0.083,1
MCFD2,0.925442416569805,0.08267364825948498,0.071,0.073,1
ALDH9A1,0.9271509792839908,0.28002398510444393,0.083,0.085,1
RNF114,0.9308158598879234,0.14407595664931505,0.172,0.178,1
TWF1,0.9308963293196901,0.14355859703071117,0.153,0.158,1
BTBD1,0.9312193576464984,0.09095685033318096,0.335,0.355,1
ABCE1,0.931606674254998,0.2473210620669528,0.172,0.179,1
SLC9A6,0.9322628411555148,0.2038757040808914,0.133,0.137,1
CAPN1,0.9329705894770661,0.08330698688109073,0.107,0.11,1
KHDRBS1,0.9337419668863827,0.07776849183873802,0.398,0.422,1
PRKAR1A,0.9339700152164291,0.16947356183599915,0.165,0.174,1
RSRP1,0.9360986881075415,0.05820227624991858,0.535,0.569,1
PPP6C,0.936198859189771,0.09230597093149473,0.246,0.256,1
PTBP1,0.9364548942111899,0.11478985520637708,0.151,0.156,1
PPP1R2,0.9367766270026446,0.12175467296152376,0.353,0.373,1
UBXN2B,0.9383600831645594,0.17930069451036634,0.152,0.158,1
GANAB,0.9388281901280703,0.2208120280676107,0.127,0.132,1
PLCD1,0.9393462780785906,0.25688894675649654,0.096,0.098,1
NARF,0.9396525170355062,0.1957019457385032,0.112,0.114,1
PRRC2A,0.9409281080323701,0.11846893204727449,0.121,0.125,1
UBQLN1,0.9410787558816306,0.11146188596686715,0.307,0.329,1
BNIP2,0.9416626267613459,0.10147460463282743,0.28,0.299,1
ITPKB,0.945504835944909,0.16693481675040955,0.392,0.419,1
PEX2,0.9464976109208277,0.16393493475853604,0.147,0.152,1
MIOS,0.9476270938272866,0.26829838729560285,0.108,0.112,1
SULT1A1,0.948460488842991,0.16760925896897927,0.06,0.061,1
DLST,0.9507190473256649,0.14568191346516046,0.152,0.157,1
BRAP,0.9510403922311375,0.21194286639117021,0.156,0.161,1
TADA3,0.9516716482949447,0.09895574605025059,0.066,0.067,1
FBXL3,0.9518868272584443,0.17049090062620342,0.207,0.217,1
SUPT16H,0.9527305832990713,0.10593820173250043,0.26,0.27,1
ALG5,0.9529741225291923,0.17010348110179574,0.177,0.184,1
FCGR3A,0.9533726844723526,0.038207342983378134,0.147,0.15,1
RAB2A,0.9535191186522964,0.02751630674957961,0.606,0.631,1
TALDO1,0.9540548509337121,0.2330206678871538,0.075,0.077,1
ARMC8,0.9562456271295328,0.03423141288391973,0.432,0.453,1
JMY,0.9571678679999717,0.07619372741315111,0.371,0.393,1
ABCA2,0.95766517136208,0.05017710028971534,0.085,0.087,1
FLOT1,0.9588872317335561,0.10493872776668045,0.09,0.092,1
IFNGR2,0.9589930750517294,0.34057555758592173,0.064,0.065,1
RNF40,0.9597940392598426,0.20074551835316123,0.068,0.07,1
SASS6,0.9608773296569885,0.22625932811494254,0.065,0.067,1
BFAR,0.961487495192575,0.2154389419509819,0.123,0.127,1
EED,0.9628757023883731,0.20643362437413326,0.175,0.181,1
ESF1,0.9647138244836687,0.19824517871253144,0.135,0.138,1
TNFRSF1B,0.9648464421671716,0.12751837168441943,0.351,0.378,1
R3HDM4,0.9653506117845253,0.19280263103414486,0.063,0.064,1
ZNF814,0.9659615883374625,0.23319748599914258,0.081,0.083,1
TRAF6,0.9668013427296933,0.12052841464661035,0.19,0.198,1
TRAC,0.9674515295532093,0.11260527925637698,0.388,0.421,1
RFC1,0.9675060572455351,0.1037602904269761,0.362,0.386,1
ZGPAT,0.9693220607393802,0.12926693723734495,0.079,0.08,1
ABCA5,0.9701667166742073,0.10496611888484536,0.304,0.319,1
ADSL,0.9704134231980857,0.17459513818360817,0.069,0.071,1
UBE2V1,0.97222365476113,0.14506045573370313,0.212,0.224,1
MTMR2,0.9730490995744124,0.0953963805049114,0.168,0.173,1
ZNF227,0.9733524048635865,0.22081365203010472,0.073,0.074,1
PEPD,0.9735966229376398,0.15623527478722576,0.098,0.099,1
NFE2L1,0.9744530417526089,0.18929637215250983,0.073,0.075,1
TMEM173,0.9753812070929007,0.24475898162961363,0.055,0.056,1
DENND6A,0.9764100108377654,0.08549917863695478,0.5,0.537,1
OGFR,0.9765531381686148,0.2263952330483101,0.103,0.107,1
HADHA,0.9765872578926782,0.15623606084578345,0.183,0.189,1
CSNK2A2,0.9770297739360534,0.16708265941123102,0.186,0.194,1
NUP155,0.9770534759462027,0.18148882647070508,0.144,0.149,1
MTF1,0.9781572452951314,0.20308815203991548,0.096,0.098,1
UQCRC1,0.9790793644875047,0.24683672585204586,0.094,0.096,1
SHISA5,0.9791701490399413,0.18596133340388943,0.137,0.142,1
ZNF337,0.9802707817232196,0.30260030800107973,0.088,0.09,1
AC007952.4,0.9806227697456157,0.32585349503721384,0.059,0.061,1
TSC22D4,0.9807148262045938,0.1459510321210269,0.146,0.151,1
ABHD10,0.9809305584301315,0.17270512368116897,0.067,0.068,1
SEC14L1,0.9809563903712002,0.20752315008451538,0.143,0.149,1
CS,0.982444019835724,0.16546337724040439,0.129,0.133,1
BROX,0.9825551708673863,0.15729827445420985,0.177,0.184,1
EIF1AY,0.9826222690666981,0.28179223875514414,0.09,0.092,1
PAIP1,0.9829820629259081,0.1530471143024703,0.144,0.149,1
PIGT,0.9835300675793482,0.1715030356516083,0.091,0.094,1
NMRAL1,0.9836534355849362,0.2047671828079496,0.111,0.114,1
SLC9A8,0.9842150095137345,0.15431454506328396,0.327,0.346,1
TBPL1,0.9846833937339855,0.0762542444677411,0.152,0.154,1
HPRT1,0.9858307475455954,0.10731029566987305,0.07,0.07,1
BCL7C,0.9879902282138002,0.18126574489568714,0.08,0.083,1
RRAS2,0.9881732528823105,0.08556001774291855,0.399,0.417,1
C7orf50,0.9902218059796446,0.11373922440082573,0.074,0.075,1
EXOSC7,0.9908103611965575,0.20924885833247542,0.11,0.113,1
OTUD6B-AS1,0.9911893245367438,0.2613968367152655,0.09,0.093,1
NUP42,0.9913142556505221,0.20325295044555025,0.139,0.144,1
TRIM26,0.9926394427633859,0.1955248286545755,0.215,0.228,1
MRPS28,0.9930517181067535,0.04329117100053073,0.256,0.263,1
TGFBRAP1,0.9932873294713248,0.16370257918038278,0.119,0.122,1
YWHAQ,0.9962339209039653,0.07889388461975422,0.327,0.341,1
ZBTB16,0.9973163269505662,0.21963402247023156,0.062,0.062,1
COMMD7,0.9987605898658384,0.14823403683871805,0.093,0.094,1
UBA1,0.9991665988963756,0.10025484835122889,0.074,0.075,1
BBS2,0.9996552049508067,0.1100168072725709,0.112,0.115,1
C12orf49,0.9997395414524781,0.24600131631226674,0.054,0.055,1
