gene,p_val,avg_log2FC,pct.1,pct.2,p_val_adj
AC105402.3,0,7.4664298423064235,0.516,0.048,0
HLA-C,0,1.4898701677681854,0.943,0.727,0
HLA-B,0,1.567433368996252,0.983,0.888,0
B2M,0,1.3697238550398367,0.998,0.991,0
ARHGAP15,0,-0.8752210696585268,0.997,1,0
MT-ND3,0,0.8722448892643442,0.998,0.996,0
MT-CYB,0,0.776229310629236,0.998,0.996,0
MT-ATP6,0,0.9121702744826603,0.997,0.996,0
MT-CO3,0,0.950892827410037,1,0.999,0
MT-CO2,0,0.7549651240494244,0.998,0.998,0
RIPOR2,3.5102205275114607e-307,-1.2150296412204011,0.832,0.963,1.2847758152744697e-302
MBNL1,9.764577727405308e-304,-1.0906313894996504,0.984,0.998,3.5739330940076167e-299
EEF1A1,2.741468197872007e-298,1.0978754346952169,0.979,0.926,1.0034047751031333e-293
MALAT1,1.853562992647431e-255,0.3708074274355031,1,1,6.784225909388863e-251
MDFIC,3.3664689797781044e-255,-1.7673017568698406,0.517,0.831,1.232161311288584e-250
HLA-A,1.5345805950579653e-250,1.0703424082420443,0.95,0.844,5.616718435971659e-246
AP001011.1,2.434962725680283e-236,1.6106023070660576,0.822,0.537,8.912207072262403e-232
ARHGEF3,2.660863179845069e-218,-1.5203015039283352,0.487,0.816,9.739025324550937e-214
RUNX1,9.792053085100005e-211,-1.2220050092165757,0.661,0.897,3.583989349677453e-206
CDC14A,1.6146942682999596e-205,-1.0375694722045106,0.874,0.968,5.909942491404682e-201
JUNB,1.3391778414004924e-195,1.508868079400534,0.758,0.473,4.9015248173099424e-191
FAU,2.284977937433656e-195,1.1927679046750206,0.848,0.613,8.363247748800924e-191
LEF1,4.089732438886747e-180,-1.3298619418288116,0.551,0.827,1.4968829699569383e-175
SLFN12L,1.1851744575297147e-176,-1.189073241956075,0.508,0.827,4.337857032004509e-172
PAG1,1.046369595996942e-175,-0.8706057193981103,0.879,0.965,3.829817358308407e-171
H3F3B,1.2375462777549472e-169,1.055800523245179,0.86,0.708,4.529543131210882e-165
MT-ND2,3.5238546442524254e-165,0.5456620587423169,0.996,0.994,1.2897660383428302e-160
EIF1,1.6281178251703177e-160,1.1196805927285018,0.808,0.614,5.95907405190588e-156
IKZF1,1.1902817050307334e-159,-0.811081563242178,0.823,0.954,4.356550068582987e-155
MT-ND4,9.531188994396935e-154,0.44879335425570765,0.997,0.996,3.4885104838392224e-149
MT-ND1,1.0763236931622305e-148,0.49141702260444564,0.997,0.996,3.93945234934308e-144
MT-CO1,3.216769204184262e-147,0.45002824064068125,0.996,0.998,1.1773696964234816e-142
EEF1G,4.745435607590968e-146,1.0463817285071686,0.797,0.594,1.73687688673437e-141
THEMIS,5.616044480529926e-143,-1.1380016180698354,0.569,0.816,2.0555284403187582e-138
NFKBIA,2.0111113984961923e-140,1.3091076705772609,0.685,0.432,7.360868829635913e-136
DOCK10,1.9769696971146418e-138,-0.7065006793520521,0.901,0.979,7.2359067884093e-134
BCL2,1.38890429716399e-136,-1.0832592007127295,0.736,0.897,5.08352861804992e-132
ANKRD44,9.986885526956824e-134,-0.573326668247891,0.915,0.994,3.655299971721467e-129
TXNIP,3.938759706283091e-131,0.6480655255639425,0.966,0.932,1.4416254400966742e-126
PTMA,7.757973634636145e-129,0.8494187264838144,0.88,0.789,2.8394959300131756e-124
HIVEP3,4.861326984384725e-128,-1.5170857681045933,0.245,0.559,1.7792942895546532e-123
SKAP1,4.5046214346557345e-124,-0.6153906823908271,0.91,0.983,1.6487364912983455e-119
TAB2,6.426356804789121e-124,-0.8790739709879332,0.672,0.877,2.352110854120866e-119
ARHGAP25,3.6001609386268973e-121,-1.1278622567157799,0.415,0.707,1.3176949051468308e-116
TNFAIP8,1.1198071130110607e-120,-0.8638702387848101,0.684,0.878,4.098606014331783e-116
JUN,4.1263124724610033e-119,2.225024966637756,0.387,0.141,1.5102716280454518e-114
NFATC3,6.597685640569295e-118,-1.0931105663596008,0.38,0.68,2.4148189213047674e-113
KAT2B,2.6631339566898652e-117,-1.0590820794660294,0.513,0.776,9.747336594880576e-113
PRKCQ,3.9297142738030156e-117,-0.8505412405418258,0.635,0.854,1.4383147213546417e-112
MAP3K1,1.8723619355932817e-116,-0.8404256123876155,0.708,0.881,6.85303192046497e-112
ST6GAL1,1.3650855146575426e-115,-1.3410763209473098,0.294,0.588,4.996349492198072e-111
UBC,3.6478984613537687e-115,1.4043086448798188,0.583,0.342,1.335167315840093e-110
MACF1,1.0151929837229786e-114,-0.8330816512407846,0.652,0.861,3.715707839724474e-110
CXCR4,2.8367385957030635e-114,1.1719513355625428,0.665,0.423,1.0382746934132783e-109
AFF1,1.604413180582418e-112,-1.054852455640757,0.541,0.774,5.872312682249708e-108
DOCK8,5.381859802367998e-112,-0.7221781387194088,0.763,0.926,1.9698145062647108e-107
NOP53,2.422723335270683e-111,1.1631567215571934,0.649,0.433,8.867409679424226e-107
INPP4B,8.379453927907627e-111,-0.6008537490643615,0.93,0.989,3.0669639321534705e-106
PACS1,5.95349169451126e-110,-0.8941857160439128,0.538,0.798,2.1790374951080663e-105
TMSB10,7.393616180411847e-109,0.9835492860091251,0.779,0.649,2.7061374581925403e-104
ADAM19,2.4351673445561977e-107,-1.0649267115486898,0.461,0.716,8.912955997810139e-103
CDK6,2.985186833722127e-106,-1.3923343389163343,0.386,0.647,1.0926082330106358e-101
S100A4,1.1235999276465304e-105,1.1831122239725118,0.662,0.45,4.1124880951790663e-101
TMEM65,1.4690205459653783e-105,-1.324146320162496,0.272,0.555,5.376762100287881e-101
RORA-AS1,1.234623496998284e-104,1.3181730516831864,0.624,0.413,4.5188454613634194e-100
HLA-E,1.4331748404172418e-104,0.6153585102974066,0.93,0.883,5.245563233411146e-100
SOS1,2.044901031574218e-104,-0.8205042870367483,0.629,0.854,7.484542265664795e-100
PVT1,4.844283424253688e-100,-1.000511689256576,0.461,0.724,1.7730561761110924e-95
STK10,2.507648416006705e-99,-0.9361521563059482,0.446,0.72,9.178243967426141e-95
FUT8,6.875265186280125e-99,-0.8629903973721813,0.516,0.77,2.5164158108303884e-94
PHTF2,1.9774720242808785e-98,-0.8244324329667294,0.594,0.831,7.237745356070444e-94
GPRIN3,1.3411352355644216e-97,-0.7504391832802737,0.719,0.889,4.90868907568934e-93
TMSB4X,4.96181348309135e-96,0.744083035474457,0.864,0.777,1.816073352946265e-91
MT-ATP8,5.8093900467313984e-96,0.6154206863337657,0.939,0.889,2.1262948510041592e-91
AC079793.1,3.731567023533332e-93,0.7939801636112991,0.816,0.711,1.365790846283435e-88
MAP4K4,5.760178889362198e-93,-0.9028697330294395,0.539,0.762,2.108283075295458e-88
TTC39C,4.256991174353206e-92,-0.6675422225293284,0.738,0.898,1.5581013397250168e-87
PIP4K2A,7.54101958353579e-92,-0.6880185836056341,0.689,0.874,2.7600885777699344e-87
ZFP36L2,2.017575218589738e-91,0.6873398700210536,0.879,0.786,7.3845270575603e-87
FTH1,5.2777275581826035e-89,1.084931447563119,0.625,0.427,1.9317010635704147e-84
ZNF609,8.163709446340425e-89,-1.1969769389721319,0.278,0.536,2.987999294455059e-84
LCP2,1.6588812984482057e-88,-0.9587869954863824,0.378,0.645,6.071671440450278e-84
SSH2,3.15099330516766e-88,-0.6386102418885633,0.694,0.877,1.1532950596244152e-83
TNIK,8.865594464500966e-88,-0.6635637219747879,0.721,0.889,3.2448962299519987e-83
PRKCH,1.1053834382392686e-87,-0.4666137042973886,0.929,0.982,4.045813922299547e-83
MAP3K5,3.446207050550785e-87,-0.7104252905877013,0.615,0.83,1.2613462425720929e-82
TOMM7,8.368095559796686e-87,1.1847431737399368,0.522,0.303,3.062806655841185e-82
STT3B,2.1732441017346785e-86,-0.8542553882538755,0.731,0.882,7.954290736759097e-82
SAMHD1,4.5684876618166813e-85,-0.6921945611757299,0.602,0.826,1.6721121691015235e-80
RABGAP1L,9.157728723090226e-85,-0.5826061098835096,0.852,0.96,3.3518202899382533e-80
FRYL,9.372998788979763e-85,-0.7050562443468786,0.615,0.829,3.430611286754483e-80
PFN1,1.459953861792087e-83,1.227648813946401,0.552,0.358,5.343577129545218e-79
TTC39B,2.247168538745321e-83,-1.5142352422534007,0.152,0.385,8.224861568661749e-79
BTG1,6.024100904236688e-83,0.520565552115277,0.938,0.874,2.20488117195967e-78
TBC1D5,5.645174657637009e-82,-0.7005570189207679,0.608,0.825,2.0661903764417214e-77
DOCK9,5.7807479963321046e-80,-0.7217311272892859,0.568,0.8,2.1158115741375136e-75
PITPNC1,7.464309105773304e-80,-0.7119999343853616,0.595,0.808,2.7320117758040873e-75
ARID5B,4.6142119283163e-79,-0.7910151348300762,0.59,0.793,1.688847707883049e-74
MLLT3,1.426889321459527e-78,-0.8890940347640186,0.494,0.709,5.222557605474015e-74
UTRN,1.472585463172339e-78,-0.4548599779021676,0.908,0.977,5.389810053757078e-74
TIAM1,2.3560773228251257e-78,-1.1694078682014253,0.325,0.561,8.623478609272242e-74
TNFAIP3,6.480844029487445e-78,0.7577348264988903,0.804,0.644,2.3720537232326996e-73
LPP,1.6422095935484413e-77,-0.636831591249893,0.73,0.893,6.010651333346649e-73
CHST11,1.734564013958047e-77,-0.6044087511418232,0.76,0.903,6.348677747487848e-73
FMN1,1.6116378860164329e-75,-1.9383202290175219,0.112,0.312,5.8987558266087456e-71
DOCK11,2.978960988913508e-75,-0.7582228133294799,0.52,0.747,1.090329511552233e-70
DPYD,3.328266210550942e-75,-0.4373839243983113,0.948,0.991,1.2181787157237502e-70
ARHGEF18,6.018664242872295e-75,-1.0062368298271431,0.301,0.549,2.2028912995336886e-70
EPB41,1.8548075584615414e-74,-0.5799360519497987,0.695,0.878,6.788781144725087e-70
NEAT1,2.32410730404782e-74,-0.5958147561157379,0.83,0.94,8.506465143545426e-70
TPT1,3.452350303811086e-74,0.8571698401453021,0.732,0.619,1.2635947346978957e-69
ASXL2,3.754398696589203e-74,-1.3740388217865904,0.165,0.387,1.374147466938614e-69
HERC4,6.291071563783857e-74,-0.8058720282133962,0.475,0.709,2.3025951030605296e-69
H3F3A,8.670148830203653e-74,0.9035241760784205,0.672,0.535,3.173361173342839e-69
PCED1B,3.274447664827488e-73,-0.7728796693566922,0.556,0.771,1.198480589803509e-68
PRKY,7.235096581334647e-73,-0.65040890138152,0.614,0.822,2.6481176997342942e-68
AC022217.3,9.821984495525524e-73,1.9440581833872799,0.265,0.092,3.594944545207297e-68
AC068282.1,1.7410045102133472e-72,1.6175819204914224,0.358,0.167,6.372250607831872e-68
ACVR1,2.476406070727952e-72,-1.2477191149724838,0.2,0.427,9.063893859471377e-68
PHACTR2,2.9519976869521637e-72,-0.6957083194106506,0.644,0.816,1.0804606734013614e-67
DDX17,1.38026446254962e-71,-0.5503443814665347,0.715,0.893,5.051905959377864e-67
COX4I1,1.1721648363030988e-70,1.2970500949247747,0.471,0.286,4.290240517352972e-66
GNLY,6.441342048729761e-70,2.3324348040862457,0.204,0.054,2.35759560325558e-65
DIP2B,6.527586603665766e-70,-0.8795133122319336,0.354,0.594,2.3891619728077068e-65
SRGN,1.0477783528861061e-69,0.819507169787135,0.734,0.585,3.834973549398437e-65
MIB1,2.696612199444434e-69,-1.164183380610622,0.272,0.495,9.869870311186572e-65
CNOT6L,3.8787698755147647e-69,0.5644738251430339,0.939,0.915,1.419668562137159e-64
RAP1GAP2,4.3035652644100646e-69,-1.142035361916147,0.263,0.491,1.5751479224267277e-64
GNAQ,1.8499029769103757e-68,-0.6294374729733754,0.726,0.876,6.770829885789666e-64
DOCK2,3.78084165385142e-68,-0.5586421990690416,0.749,0.9,1.3838258537261583e-63
RNF157,5.188385670215616e-68,-1.2583242390369094,0.207,0.426,1.8990010391556177e-63
MED13L,1.2181227136954547e-67,-0.5531409465938881,0.729,0.885,4.4584509443967337e-63
SERINC5,1.4270001697176637e-67,-0.5044954958455996,0.804,0.927,5.222963321183621e-63
XYLT1,1.9830181984626237e-67,-0.9537537658314096,0.328,0.561,7.258044908193049e-63
KANK1,8.01302696564482e-67,-1.6281453645611257,0.119,0.312,2.9328479996956603e-62
LINC00861,9.191245111161599e-67,-1.0087909597148321,0.294,0.524,3.3640876231362565e-62
MB21D2,2.3613044744277687e-66,-1.5652913983751562,0.137,0.333,8.642610506853077e-62
ABLIM1,1.209906044718312e-65,-0.9719080064970761,0.347,0.571,4.428377114273494e-61
AC139720.1,4.784658130913274e-65,-1.1537150273463168,0.323,0.53,1.7512327224955675e-60
INPP4A,7.77851482105629e-65,-0.821827819857424,0.386,0.615,2.8470142096548124e-60
RACK1,1.6315788465796144e-64,0.9103907170614083,0.583,0.416,5.971741736366047e-60
UBA52,2.1543703221628068e-64,0.9561656843205546,0.593,0.429,7.885210816148089e-60
ACAP2,2.448362076295303e-64,-0.7108285179075875,0.449,0.679,8.961250035448438e-60
TAOK3,3.913964830965157e-64,-0.6463429815778441,0.515,0.734,1.4325502677815572e-59
PICALM,4.39933587211804e-64,-0.536813423602787,0.692,0.869,1.6102009225539238e-59
ABCD2,7.264074487556729e-64,-1.4126032374700976,0.148,0.348,2.6587239031906383e-59
MAPKAP1,9.648571542634578e-64,-1.1142414029097862,0.222,0.437,3.531473670319682e-59
RBM6,1.6565439686075092e-63,-0.8396365694711748,0.356,0.588,6.063116579500344e-59
FYB1,2.4703132170671536e-63,-0.4983936006444307,0.823,0.93,9.041593405787488e-59
PRKCA,2.7471239129436317e-63,-0.44136052123245983,0.833,0.951,1.0054748233764986e-58
CAMKMT,2.858225732464552e-63,-0.8113613142132876,0.446,0.655,1.0461392003393508e-58
TBC1D22A,3.436062035072453e-63,-0.6659058754602227,0.549,0.754,1.2576330654568684e-58
ELMO1,3.5695443922079404e-63,-0.4872131818217804,0.842,0.942,1.3064889429920283e-58
MGAT4A,5.370918760571172e-63,-0.6616507005640999,0.559,0.757,1.965809975556655e-58
FOXN3,7.107230074546295e-63,-0.5007199112001315,0.817,0.93,2.6013172795846893e-58
RERE,7.648991014033449e-63,-0.7909957819232694,0.428,0.65,2.7996072010463827e-58
TSC22D3,1.0642609873307798e-62,0.8233242817047404,0.61,0.428,3.895301639729387e-58
MSI2,2.640187397304758e-62,-0.61289026958118,0.618,0.806,9.663349892875145e-58
AC104365.1,6.349553725698609e-62,1.5083449253705363,0.345,0.172,2.3240001591429481e-57
HCST,6.394491665527922e-62,1.5045409913386742,0.308,0.137,2.3404478944998748e-57
SGMS1,8.43459465200259e-62,-0.7277220766860639,0.436,0.664,3.0871459885794676e-57
PIK3CD,9.139513852390116e-62,-0.87746578617124,0.336,0.56,3.3451534651133065e-57
MBD5,1.867031864213769e-61,-0.6446015067034003,0.547,0.758,6.833523326208816e-57
FTL,2.3415947516264325e-61,1.152437718686017,0.453,0.272,8.570470950427905e-57
AC016831.7,4.182921508733644e-61,-0.6983893768746849,0.561,0.754,1.5309911014116011e-56
SAMD3,6.293051414228155e-61,-1.5857032726024447,0.119,0.302,2.3033197481216473e-56
SENP7,7.151132095947576e-61,-0.7525475203747586,0.398,0.634,2.617385858437772e-56
PTPN4,1.6676260515600345e-60,-0.6887024719106527,0.575,0.767,6.1036781113148825e-56
STX8,2.0798403214544442e-60,-0.8930670878149926,0.277,0.498,7.612423560555411e-56
RASA1,2.949000200925764e-60,-0.8683371064374819,0.46,0.66,1.0793635635408388e-55
CBFB,5.516169140151029e-60,-1.0927577630818752,0.222,0.431,2.018973066986678e-55
PLCL2,6.876262080693441e-60,-0.5208181767265079,0.719,0.881,2.5167806841546063e-55
GRAP2,7.766329001142244e-60,-0.8192708966907615,0.391,0.602,2.842554077708073e-55
HNRNPA1,1.0437068550564594e-59,0.8554486151196438,0.605,0.454,3.820071460192147e-55
TXK,2.5587593843318845e-59,-0.8881231147887738,0.375,0.584,9.36531522259313e-55
ITM2B,5.9574371859961535e-59,0.6216308474381789,0.773,0.675,2.1804815844464522e-54
NUMB,8.400705116541964e-59,-1.0852371868215098,0.192,0.397,3.0747420797055245e-54
SLC9A9,2.266701526902789e-58,-0.7470530639097663,0.456,0.67,8.296354258616899e-54
CD226,3.602485657619759e-58,-0.9385033133741428,0.359,0.561,1.318545775545408e-53
UBE2H,5.8934988138804775e-58,-0.7574604291148498,0.407,0.623,2.1570795008683936e-53
TRERF1,7.3156546028299e-58,-0.8141606978828742,0.403,0.614,2.6776027411817713e-53
PDE7A,1.308233919515991e-57,-0.6636842689505782,0.636,0.806,4.788266968820479e-53
FRY,1.6225581065184478e-57,-0.8531726719095127,0.427,0.618,5.9387249256681705e-53
LINC01876,6.888895099414538e-57,-2.4287094380945238,0.039,0.177,2.521404495336715e-52
GLG1,7.274291622573761e-57,-0.5879897755423231,0.583,0.771,2.6624634767782223e-52
CD52,7.729860815071119e-57,0.9427247744161248,0.581,0.439,2.8292063569241804e-52
SMARCA2,1.1963615741919877e-56,-0.6985221318123032,0.457,0.67,4.378802997700094e-52
SYNE2,1.7450982030386298e-56,-0.39544164529655834,0.909,0.979,6.387233932941689e-52
SH3KBP1,1.8452476687954584e-56,-0.5540753689234172,0.637,0.824,6.753790992558257e-52
TMEM131L,2.8567366782350594e-56,-0.5486837668305349,0.593,0.79,1.0455941916008141e-51
MTRNR2L1,3.4667891815313025e-56,-2.3657262593960087,0.035,0.169,1.268879508332272e-51
LRBA,6.852352554526006e-56,-0.3867525469868909,0.887,0.967,2.5080295584820636e-51
JAKMIP2,7.132340574563182e-56,-1.5841399224077606,0.1,0.265,2.61050797369587e-51
IFNAR2,1.3040942187786635e-55,-0.8552701737961333,0.293,0.505,4.773115250151786e-51
ATP2B4,6.343848004113675e-55,-1.0585026065690983,0.223,0.422,2.321911807985646e-50
SRP14,6.716840405234709e-55,1.421613685753931,0.309,0.15,2.458430756719956e-50
NCOA3,1.0195904857624222e-54,-0.7525114481614732,0.391,0.603,3.7318031369390416e-50
NACA,1.8859600290437736e-54,0.950157930128826,0.525,0.377,6.902802302303116e-50
FTX,1.9421537176754313e-54,-0.5060768745702808,0.745,0.888,7.108476822063846e-50
TAOK1,2.1609475437628126e-54,-0.902679901489869,0.283,0.491,7.909284104926271e-50
ATF7IP2,2.4538469732762102e-54,-1.1415641751408745,0.223,0.413,8.981325306888257e-50
CARMIL1,6.932437233364732e-54,-1.5821146989397499,0.086,0.244,2.5373413517838255e-49
PRH1,1.0384990976607161e-53,-1.0826682829900618,0.208,0.399,3.8010105473479866e-49
KLF12,1.4076186048999494e-53,-0.36953347356037325,0.939,0.985,5.1520248557943045e-49
NCAPG2,2.0559716238018577e-53,-2.6357495316687216,0.034,0.161,7.52506174027718e-49
UBASH3B,2.0672733177908733e-53,-0.8243322970263464,0.26,0.466,7.566427070446375e-49
CEP85L,3.4078218943082445e-53,-0.5122072414406085,0.651,0.817,1.2472968915357605e-48
BPTF,7.672209597281197e-53,-0.5141391147798955,0.626,0.818,2.8081054347008907e-48
SUPT3H,9.917721087645327e-53,-0.7728390780543464,0.409,0.605,3.6299850952890663e-48
RAB11A,3.3023784771551703e-52,1.1396324940221731,0.517,0.376,1.208703546423564e-47
ERN1,4.660017564983506e-52,-0.7649928031549731,0.453,0.646,1.7056130289596131e-47
APBB1IP,5.008639539408862e-52,-0.5622856781295169,0.597,0.784,1.8332121578190376e-47
S100A6,5.271852306220968e-52,1.070520891322413,0.454,0.293,1.9295506625999366e-47
TBCK,7.211802140401745e-52,-0.7639535373558085,0.308,0.516,2.639591701408443e-47
LYZ,8.77521448433902e-52,1.02496474356538,0.513,0.359,3.211816253412925e-47
SYNE1,1.0576937937394627e-51,-0.7050503517490276,0.393,0.603,3.8712650544658073e-47
DENND5A,1.119658882024482e-51,-1.217944905443711,0.157,0.333,4.0980634740978063e-47
PTPRJ,2.0895055844140918e-51,-0.7631054385098384,0.355,0.558,7.647799389514017e-47
COX7C,2.3521742638809536e-51,1.0974935025866404,0.417,0.257,8.609193023230678e-47
USP32,6.060238969134786e-51,-1.2224694942635432,0.149,0.324,2.2181080650930227e-46
RAPGEF6,6.597763494273356e-51,-0.4430694982598009,0.63,0.816,2.4148474165389913e-46
FCHSD2,9.682079143056283e-51,-0.6423937281667584,0.428,0.636,3.54373778715003e-46
FLI1,1.0424523600096649e-50,-0.6377087697724317,0.506,0.694,3.815479882871374e-46
CIRBP,1.1570718412036177e-50,0.950994914615852,0.472,0.317,4.234998645989361e-46
FAF1,1.3720485078928283e-50,-0.5091833211816668,0.648,0.824,5.021834743738541e-46
R3HDM1,1.4727474121724382e-50,-1.002607396108861,0.225,0.415,5.3904028032923414e-46
CD96,1.4935051807693955e-50,-0.6158668079036436,0.638,0.786,5.4663783121340644e-46
UBB,1.668542548983771e-50,1.557316118565102,0.252,0.109,6.1070325835355e-46
CASK,1.8307191513462755e-50,-0.5148194967859876,0.697,0.854,6.700615165842503e-46
VPS8,2.1116848626321101e-50,-0.7895925407654565,0.271,0.48,7.728977765719787e-46
CARD11,2.39761574066537e-50,-0.7901278309739005,0.369,0.57,8.77551337240932e-46
ATM,3.240773612346336e-50,-0.49143969118304165,0.731,0.871,1.1861555498548824e-45
MRTFA,3.8680080370310482e-50,-1.0536673602697466,0.201,0.388,1.415729621633734e-45
PTK2B,4.819898824482528e-50,-1.0637527063590624,0.168,0.349,1.76413116874885e-45
MYL12A,7.73739393143413e-50,0.9771824321769847,0.448,0.289,2.831963552844206e-45
DIAPH2,9.966373762742066e-50,-0.5858627356435167,0.55,0.731,3.647792460901223e-45
AP000787.1,1.4819013930725379e-49,1.5099187802762724,0.42,0.275,5.423907288784796e-45
FARS2,2.467488078443097e-49,-0.6572444219426143,0.415,0.622,9.03125311590958e-45
EXOC4,2.7006560121950435e-49,-0.4632810499499094,0.726,0.882,9.884671070235079e-45
FOCAD,2.978190488575713e-49,-1.0145267599433874,0.208,0.394,1.0900475007235967e-44
HLA-F,4.622736239977971e-49,0.9085306603728454,0.499,0.344,1.691967691194337e-44
PIBF1,5.990536715860895e-49,-0.6556483094318177,0.414,0.617,2.1925963433722462e-44
C18orf25,1.2151727106221008e-48,-0.8493680111635988,0.245,0.446,4.447653638147951e-44
ATF7IP,1.391274675233725e-48,-0.5024727014885677,0.633,0.802,5.092204438822957e-44
STK39,2.786980406563401e-48,-0.6257268942682954,0.471,0.671,1.0200626986062705e-43
FOS,4.7530324754619645e-48,1.616752541991652,0.249,0.111,1.7396574163438336e-43
CYTH1,7.281462603815281e-48,-0.39457800083509076,0.818,0.923,2.6650881276224308e-43
TSPAN18,7.941136492983711e-48,-1.4053389268371372,0.111,0.267,2.906535367796968e-43
COMMD10,1.2974218838751839e-47,-0.6840779710791687,0.436,0.623,4.748693837171561e-43
R3HDM2,2.489019242784788e-47,-0.6441760436330082,0.4,0.601,9.110059330516603e-43
CELF2,3.1339752265027774e-47,-0.29548465913144284,0.948,0.992,1.1470662726522815e-42
GAPDH,3.7044787544159013e-47,1.064699244474176,0.399,0.245,1.355876268903764e-42
ST8SIA1,4.584962887163129e-47,-1.56914611201729,0.109,0.261,1.678142266330577e-42
VIM,4.610309636470683e-47,0.6973763459603053,0.665,0.565,1.6874194300446347e-42
SARAF,5.815265518167208e-47,0.4369612979839781,0.911,0.855,2.1284453323043797e-42
DLG1,6.096100962527953e-47,-0.5531888635701738,0.52,0.713,2.231233913294856e-42
MLLT10,7.69102036157693e-47,-0.644331607888275,0.385,0.594,2.8149903625407724e-42
ARL15,8.617707665120608e-47,-0.5883162913048334,0.535,0.717,3.1541671825107936e-42
PPIA,8.926685984727686e-47,0.9583699912005561,0.486,0.353,3.2672563372701804e-42
HDAC8,9.19291965211262e-47,-1.145489387470409,0.145,0.311,3.36470052186974e-42
TRAPPC9,1.4790408847600832e-46,-0.5421580558206249,0.548,0.738,5.41343754231038e-42
ATG7,1.6031165815875924e-46,-0.7208317034039198,0.348,0.546,5.867567000268748e-42
ATXN10,1.7385463650048642e-46,-0.7653536284369493,0.29,0.486,6.363253550554304e-42
WDR70,4.438612174875193e-46,-0.584059411401904,0.467,0.668,1.6245764421260695e-41
MYCBP2,6.290567306145161e-46,-0.39307090208331363,0.811,0.925,2.3024105397221904e-41
HIST1H4C,1.0146294408598707e-45,1.5381644121488258,0.242,0.109,3.7136452164912127e-41
TRAPPC8,1.6442040085944074e-45,-1.0852530931840934,0.17,0.342,6.01795109185639e-41
ERC1,1.868110945958824e-45,-0.6034481734060526,0.454,0.656,6.837472873303892e-41
LINC00513,2.0830544162010123e-45,0.811843765797666,0.584,0.447,7.624187468737325e-41
CYBA,3.2521227096271123e-45,0.8247269314202712,0.546,0.412,1.1903094329506195e-40
DGLUCY,3.4261722451960075e-45,-1.1675345514347293,0.141,0.305,1.2540133034641907e-40
NDUFA4,3.473339248247598e-45,1.4264081991060267,0.246,0.111,1.2712768982511035e-40
SSR4,3.5365063598986385e-45,1.4455878454199682,0.257,0.121,1.2943966927865008e-40
ATXN2,4.946195272488745e-45,-0.9390360638314843,0.18,0.357,1.8103569316836056e-40
VTI1A,5.72451920906817e-45,-0.5525883244423215,0.606,0.774,2.0952312757110406e-40
TFCP2,6.848755035972714e-45,-1.0920172845706795,0.119,0.278,2.506712830716373e-40
AMMECR1,7.323502205365424e-45,-0.7652339295422679,0.321,0.51,2.6804750421857987e-40
HINT1,8.939969049058542e-45,0.9732698160988533,0.45,0.309,3.272118071645917e-40
NEDD9,1.1714968390900876e-44,-0.8511138525896423,0.265,0.45,4.287795580753629e-40
DUSP1,1.2451257961353732e-44,1.3153810607977845,0.303,0.162,4.55728492643508e-40
MAP2K6,1.6256881164294203e-44,-1.3725620941952332,0.116,0.267,5.950181074943321e-40
ITGA6,2.030424877091107e-44,-0.8628262646296663,0.325,0.509,7.43155809264116e-40
ANTXR2,2.2148669244815304e-44,-0.8066799351440421,0.446,0.615,8.10663443029485e-40
XAF1,4.909068964709749e-44,-1.1950067922777146,0.12,0.274,1.7967683317734154e-39
ARID1B,8.204764856154613e-44,-0.3535146926359971,0.886,0.954,3.00302598500115e-39
PIK3R5,9.10057075540805e-44,-0.4761236700973639,0.595,0.769,3.3308999021869e-39
ATXN1,1.2076952805178099e-43,-0.40875344067705566,0.83,0.921,4.420285496223236e-39
AHCYL2,1.2672053403957848e-43,-1.15097152825021,0.144,0.303,4.638098266382612e-39
NSMCE2,2.3244728713296537e-43,-0.6411110091695045,0.447,0.617,8.507803156353666e-39
DYNLT1,2.4632259466945756e-43,0.781891669702812,0.557,0.423,9.015653287496816e-39
VPS45,4.588252761351273e-43,-1.3079623276964867,0.095,0.237,1.6793463931821794e-38
COX6A1,5.3867164117716256e-43,1.5973197837213857,0.206,0.085,1.9715920738725326e-38
KLF2,5.453030646132839e-43,0.7479797621360113,0.609,0.488,1.9958637467910803e-38
BIRC6,6.013566609960438e-43,-0.35472598769491404,0.835,0.931,2.2010255149116199e-38
PLXNC1,1.2040012848211282e-42,-0.964099539236289,0.178,0.347,4.406765102573811e-38
IFI44L,2.3181602900668765e-42,-1.3684949105205173,0.061,0.188,8.484698477673775e-38
RCSD1,2.7082038901176518e-42,-0.6375966586472193,0.409,0.595,9.912297058219618e-38
MAML2,2.8065109747570526e-42,-0.4925626247135315,0.808,0.883,1.0272110818708289e-37
PABPC1,2.836756873666225e-42,0.29291466321157467,0.938,0.9,1.038281383330575e-37
EEF1D,3.469501832182934e-42,0.7351501921681078,0.585,0.476,1.2698723655972758e-37
PCNX1,3.711480545121795e-42,-0.3015036313130519,0.934,0.984,1.3584389943200283e-37
LDLRAD4,4.400957424420263e-42,-0.7470227816334196,0.404,0.58,1.6107944269120604e-37
IL6R,4.583060941209047e-42,-1.015340487381158,0.166,0.33,1.6774461350919233e-37
PPP3CC,7.088694072003968e-42,-0.4899577653114866,0.543,0.733,2.594532917294172e-37
IQGAP2,8.421588525079086e-42,-0.39393389846825233,0.803,0.916,3.0823856160641964e-37
TRBC2,8.921918500604801e-42,1.107525006624408,0.453,0.324,3.265511390406363e-37
DPP4,9.984288446526668e-42,-1.1976872293803136,0.208,0.367,3.6543494143132256e-37
PCNX2,1.4811303458617357e-41,-0.533267307362207,0.5,0.687,5.421085178888539e-37
EEF1B2,1.4949577482572437e-41,0.8532515193817807,0.487,0.357,5.471694854396337e-37
NEK7,1.5846496572655008e-41,-0.5816886641719414,0.45,0.643,5.799976210557459e-37
BCAS3,1.77577729542806e-41,-0.6360808616775082,0.522,0.691,6.499522478996243e-37
ADD3,1.9023694519880246e-41,-0.4739469560507492,0.637,0.804,6.962862431221369e-37
ITK,2.1027335370886144e-41,-0.3678172393213952,0.81,0.913,7.696215019098038e-37
IER2,2.1235001219079826e-41,1.2022043305048506,0.318,0.181,7.772222796195407e-37
PREX1,2.7046000918218703e-41,-0.7186103857636174,0.377,0.558,9.899106796077228e-37
MAP4,3.497978685744192e-41,-0.6682080443026618,0.312,0.496,1.2802951787692318e-36
GBF1,4.4128802905318326e-41,-0.8280793793634312,0.221,0.398,1.615158315137556e-36
TMEM63A,4.985931938876943e-41,-0.7414008232225263,0.28,0.46,1.82490094894835e-36
UBE3C,5.125636003177238e-41,-0.5908880574840678,0.379,0.577,1.8760340335229006e-36
MAN1A2,5.142198382655487e-41,-0.5313140020234366,0.463,0.66,1.8820960300357345e-36
IATPR,5.402901254966482e-41,-2.257234542166188,0.029,0.131,1.977515888330282e-36
TCF12,6.580727329995218e-41,-0.4503214015819692,0.681,0.825,2.4086120100515495e-36
SCFD2,7.991955032403164e-41,-0.63628553790285,0.396,0.581,2.925135461409882e-36
ATRX,9.407185475689485e-41,-0.4449194787332087,0.631,0.798,3.443123955957108e-36
JAK2,1.5487744459915484e-40,-0.8188229953613478,0.226,0.399,5.668669349773666e-36
RFX3,1.7302518301066441e-40,-0.5203906129426294,0.568,0.74,6.332894723373329e-36
MYCBP2-AS1,2.8254851409128046e-40,1.2204891784120866,0.324,0.189,1.0341558164254956e-35
ASH1L,3.2313440058773e-40,-0.41003521721743175,0.691,0.846,1.1827042195911505e-35
STIM1,3.8193895494737455e-40,-0.5277190129535121,0.485,0.676,1.3979347690028856e-35
ZCCHC7,4.213190103146992e-40,-0.47420992674890794,0.597,0.764,1.5420697096528306e-35
SPPL3,5.916618021393482e-40,-0.6591955993395506,0.428,0.605,2.1655413620102283e-35
AC023424.3,7.119988397519198e-40,1.4783840244273694,0.277,0.151,2.6059869533760016e-35
FHIT,7.222221190445792e-40,-0.760038245378075,0.495,0.635,2.643405177915064e-35
SLC16A7,7.643904850887674e-40,-0.6586237632543209,0.381,0.563,2.7977456144733974e-35
AMBRA1,8.867412765180211e-40,-0.623369382709449,0.348,0.535,3.245561746183609e-35
METTL15,9.082590736598412e-40,-0.7505219781896879,0.29,0.464,3.324319035502385e-35
SNTB1,1.0359251013819304e-39,-0.9926999797476401,0.175,0.334,3.791589463568004e-35
LARP4B,2.3067536880832663e-39,-0.6721055279703729,0.325,0.51,8.442949173753563e-35
WDR7,3.167383752611066e-39,-0.5691445670081572,0.502,0.677,1.1592941272931762e-34
PIK3IP1,3.353746912989809e-39,0.5957172364686332,0.703,0.616,1.2275049076234e-34
ERBIN,3.657038927520219e-39,-0.5166976844938098,0.575,0.747,1.3385128178616753e-34
MIATNB,3.828552679130085e-39,-0.8374578571177282,0.216,0.385,1.4012885660884023e-34
NFAT5,5.184053462767356e-39,-0.6516131277666019,0.356,0.537,1.89741540790748e-34
GREM2,5.755663127720369e-39,-1.1124830211848669,0.15,0.298,2.106630261376932e-34
ADAM10,7.301458631929567e-39,-0.5754885658574143,0.425,0.611,2.672406873872541e-34
DDX10,7.533003260800759e-39,-1.0265650961209447,0.182,0.335,2.757154523485686e-34
ZDHHC21,8.07792706192761e-39,-1.1263770531339303,0.121,0.264,2.956602083936125e-34
SLC16A1-AS1,8.21028797574778e-39,-1.2223976122785607,0.108,0.245,3.005047502003445e-34
TSHZ2,8.888448722035398e-39,-0.807212761064477,0.416,0.562,3.253261116752176e-34
ABHD3,1.4669726137772462e-38,-0.8762041477550677,0.196,0.359,5.3692664636860985e-34
LINC00278,1.5608589632839568e-38,-0.8703956169418198,0.195,0.359,5.7128998915156106e-34
ZFAND3,1.5738633617753809e-38,-0.3668106755756715,0.766,0.877,5.760497290434071e-34
STAU2,1.7396947766048113e-38,-0.7379403412305928,0.267,0.445,6.36745685185127e-34
NBPF15,1.788490430768245e-38,-0.9256673364032204,0.169,0.327,6.546053825654853e-34
IFITM1,1.8834709558948481e-38,1.9166673970661208,0.155,0.055,6.893692045670734e-34
USP3-AS1,2.2014301047002887e-38,1.016270760502632,0.422,0.287,8.057454326213526e-34
NIPAL3,2.6826658232352065e-38,-0.9537678205946736,0.18,0.337,9.818825179623179e-34
SYTL3,2.8948226974486906e-38,0.7509396407649688,0.557,0.423,1.0595340554931952e-33
LINC02520,2.925264420703854e-38,-2.8506001073334524,0.013,0.096,1.0706760306218175e-33
A2M,3.6129948467146704e-38,1.5148464761541713,0.242,0.12,1.3223922438460365e-33
SNX9,4.029224407517673e-38,0.7340066591284649,0.627,0.511,1.4747364253955435e-33
ZBTB20,4.2142513191298926e-38,-0.2913915903656905,0.945,0.983,1.542458125314732e-33
SHLD1,4.678355184920187e-38,-1.138222227337813,0.114,0.253,1.7123247812326376e-33
ITGAL,6.427304192864395e-38,-0.8500757656474954,0.22,0.385,2.3524576076302974e-33
GMDS,6.608897951135854e-38,-0.6576424965241858,0.371,0.545,2.4189227390952337e-33
ROCK2,7.229837397499409e-38,-0.9657351556803091,0.143,0.291,2.6461927858587586e-33
NLK,7.514461771324475e-38,-0.8728116823314445,0.179,0.336,2.7503681529224713e-33
MYO9A,8.662325278626581e-38,-0.6656045943024017,0.287,0.464,3.170497675230115e-33
FNDC3B,8.872438117329401e-38,-0.6350900035406388,0.495,0.657,3.247401075323734e-33
RAP1GDS1,1.0966860053411537e-37,-0.536233162840178,0.442,0.63,4.013980448149157e-33
UBR2,1.252338346097102e-37,-0.5164334762281169,0.463,0.647,4.583683580550004e-33
LRRFIP1,1.3366535731301675e-37,-0.43099086150433674,0.703,0.839,4.8922857430137263e-33
GATAD2B,1.60750138583019e-37,-0.5614642746563763,0.427,0.61,5.8836158222770785e-33
MARK3,1.630233950947243e-37,-0.512863192717821,0.413,0.605,5.9668192838620044e-33
AC123512.1,1.9012473890830243e-37,3.1924746071887293,0.083,0.014,6.958755568782778e-33
TRG-AS1,3.034539141717687e-37,-1.481331076663829,0.066,0.183,1.1106716712600906e-32
KAT6B,3.32489475162772e-37,-0.5914643752583864,0.511,0.669,1.2169447280432617e-32
NKG7,4.463560645498843e-37,1.9302456248521151,0.141,0.046,1.6337078318590315e-32
ATXN7L1,4.524972180809583e-37,-0.8719120961952821,0.238,0.399,1.6561850678981152e-32
CYFIP2,4.825859346906767e-37,-0.4665324292914199,0.571,0.745,1.766312779561346e-32
CNST,4.8709881892646654e-37,-0.5134160115813622,0.502,0.684,1.78283038715276e-32
OAZ1,5.109521878284781e-37,1.0778252489071591,0.347,0.215,1.8701361026710128e-32
EMSY,5.764055802600072e-37,-1.0700652569718916,0.108,0.245,2.1097020643096524e-32
PTPRC,9.07806539063787e-37,-0.20231662093870728,0.99,0.998,3.322662713627367e-32
SRPK2,1.2326827236608695e-36,-0.5024241283374407,0.556,0.722,4.5117420368711484e-32
PPIB,1.4095825444816949e-36,1.1144243844833572,0.306,0.179,5.159213071057451e-32
ELP4,1.4348583776607014e-36,-0.6681268735913181,0.286,0.456,5.251725148075933e-32
IL32,1.8217048102258865e-36,0.8243799837968182,0.565,0.473,6.667621775907767e-32
ERAP2,2.213256441398921e-36,-0.5916895201930172,0.328,0.514,8.10073990116419e-32
UBE2K,2.285068478606345e-36,-0.5188628774434039,0.434,0.613,8.363579138547084e-32
MTRNR2L8,2.5051507961238604e-36,3.337336981744427,0.723,0.736,9.169102428892941e-32
SEMA4D,2.5377357835716524e-36,-0.4866520987733811,0.499,0.687,9.288366741450605e-32
TANGO6,3.0008335162608972e-36,-0.7189229656322296,0.179,0.335,1.098335075286651e-31
DIAPH1,3.214387236223427e-36,-0.5974994517133189,0.435,0.608,1.1764978723301366e-31
GPHN,3.695997486197702e-36,-0.5219284649980462,0.51,0.676,1.3527720399232208e-31
PLCL1,3.920256568186592e-36,-0.7584622643046339,0.512,0.635,1.4348531065219746e-31
ATP2B1,4.062588799208262e-36,-0.5378350916114354,0.591,0.743,1.486948126398216e-31
COP1,4.1693303927166516e-36,-0.34425557680112284,0.776,0.895,1.5260166170382217e-31
DDX60L,4.300948986489158e-36,-0.739975526526917,0.225,0.389,1.5741903385448968e-31
AKT3,4.956322412143903e-36,-0.3260744023691591,0.878,0.948,1.8140635660687899e-31
THADA,4.965629982973342e-36,-0.5108123386052421,0.487,0.662,1.817470230068073e-31
CFL1,4.9910865033946674e-36,0.7725110086984662,0.521,0.402,1.8267875711074823e-31
STK38,5.174078083618254e-36,-0.4130828451561672,0.625,0.786,1.8937643193851171e-31
SRBD1,5.402086166310741e-36,-1.2076016055673287,0.12,0.252,1.9772175577313944e-31
HMBOX1,6.182127110367837e-36,-0.8384219365268921,0.221,0.382,2.262720343665732e-31
ARHGAP35,8.860879480661704e-36,-0.907872184194911,0.135,0.279,3.24317049871699e-31
JAZF1,1.3905295637369064e-35,-0.8793314074793466,0.246,0.397,5.089477256233451e-31
NOL4L,1.678599424555652e-35,-1.01709754079023,0.13,0.27,6.143841753816142e-31
VOPP1,1.8288865838364754e-35,-0.47945428775899135,0.592,0.746,6.693907785499883e-31
SUCLG2,1.9032700059822768e-35,-0.44424157729694436,0.667,0.811,6.966158548895731e-31
RAPGEF2,2.2827503450676063e-35,-0.7757211441466956,0.203,0.36,8.355094537981946e-31
AL589693.1,2.34252902603714e-35,-0.939523055512669,0.34,0.48,8.573890488198535e-31
ASCC3,2.4173289457532355e-35,-0.4842305284416386,0.599,0.755,8.847665674351417e-31
TBL1XR1,4.614713357945032e-35,-0.43747479718023485,0.596,0.76,1.689031236141461e-30
DGKH,5.69239215731617e-35,-0.9395156747547193,0.164,0.309,2.0834724534992914e-30
PATJ,7.222941192869867e-35,-0.36944768569293673,0.68,0.827,2.6436687060023e-30
CD81,7.389081918835212e-35,1.4235359630925526,0.22,0.108,2.704477873112876e-30
SERF2,9.459353716123273e-35,0.9353986431420527,0.373,0.247,3.462218053638279e-30
BTF3,1.1370837828257446e-34,1.0674517164894815,0.337,0.213,4.161840353520508e-30
ATP6V1G1,1.3811646878088622e-34,1.1396662623104505,0.289,0.168,5.055200873849217e-30
N4BP2,1.4298413111841028e-34,-0.7388374477944156,0.251,0.415,5.2333621830649345e-30
SH3BGRL3,3.0237196622445225e-34,0.9903961475584304,0.381,0.256,1.1067116335781177e-29
KCNQ1,3.0531356789526382e-34,-0.9946844299532996,0.165,0.307,1.1174781898534551e-29
CALM1,3.175092776880473e-34,0.5383292815691134,0.709,0.649,1.1621157072660219e-29
UBAC2,3.843500497537903e-34,-0.4179825696853152,0.679,0.821,1.4067596171038478e-29
PFDN5,3.918398148509803e-34,0.9417320630439336,0.369,0.24,1.434172906336073e-29
CARD8,3.930600226486018e-34,-0.8680471404561543,0.182,0.33,1.4386389888961475e-29
PDSS2,4.724659476923802e-34,-0.6718941648201148,0.286,0.446,1.7292726151488806e-29
PRKACB,5.251025997026241e-34,-0.501280082617219,0.431,0.611,1.9219280251715747e-29
PPP3CA,5.534138529367443e-34,-0.4479154156984202,0.681,0.811,2.0255500431337776e-29
SLC25A6,5.713517089979721e-34,0.9780359099687923,0.358,0.232,2.0912043901034776e-29
STAT5B,5.946652607763784e-34,-0.5598223142054684,0.413,0.585,2.1765343209676225e-29
PPP1R21,6.3844118623952075e-34,-0.7108540029060262,0.23,0.39,2.33675858575527e-29
NCOA1,6.702347682120691e-34,-0.42700824114659297,0.525,0.702,2.453126275132994e-29
HIVEP2,7.05999647737328e-34,-0.42036702674989535,0.749,0.854,2.584029310683394e-29
CLCN3,7.6881975585905326e-34,-1.4404164498657082,0.071,0.183,2.813957188419721e-29
LRCH3,8.714773129142758e-34,-0.676075033591042,0.282,0.451,3.189694112997541e-29
TPK1,9.26682836474144e-34,-0.6116520386963504,0.417,0.577,3.3917518497790143e-29
TGFBR1,9.969984944381973e-34,-1.1300160584069538,0.1,0.226,3.649114189493246e-29
GMDS-DT,1.1087619496123234e-33,-0.7496111213291456,0.218,0.371,4.058179611776065e-29
LINC00426,1.5229951710667045e-33,-1.4183334383563642,0.072,0.184,5.574314625621246e-29
HEATR5B,1.5515211708238652e-33,-0.6320050411685967,0.325,0.495,5.678722637332429e-29
CATSPERB,1.821199723157161e-33,-0.7989297173841143,0.226,0.379,6.665773106727525e-29
CD69,1.921491322100755e-33,0.6369907174014735,0.714,0.628,7.032850388020974e-29
MAST4,2.1991181008685158e-33,-0.8310567037799201,0.283,0.439,8.048992160988855e-29
DENND4C,3.0222837493752622e-33,-0.4814354828885996,0.413,0.59,1.1061860751088398e-28
MIF,3.143619649882425e-33,1.2267430571279359,0.234,0.119,1.1505962280534663e-28
ANKRD17,3.261572770692606e-33,-0.41909754561892676,0.643,0.777,1.1937682498012006e-28
DENND1A,4.1304926501518396e-33,-0.6252250010627263,0.294,0.459,1.5118016148820747e-28
PHF21A,4.4110630150067655e-33,-0.528967900715112,0.449,0.616,1.6144931741226264e-28
SETX,7.064417454978871e-33,-0.5394522354472777,0.395,0.571,2.5856474326968164e-28
CBFA2T2,7.194747383544942e-33,-0.699817028766612,0.281,0.442,2.633349489851284e-28
DARS,7.756726879715954e-33,-0.7381161394533091,0.264,0.419,2.8390396052448364e-28
EYS,9.201971287984504e-33,1.5276933606835539,0.19,0.086,3.3680135111152084e-28
C1orf56,1.0058138091259031e-32,1.380314317838109,0.209,0.101,3.6813791227817178e-28
NCOA7,1.5639339605303148e-32,-0.4845813578649729,0.466,0.639,5.724154688937006e-28
LINC01619,1.8225131919175066e-32,0.28414527909219256,0.988,0.982,6.670580533737266e-28
MYO5A,1.9775533717434405e-32,-0.5462179745513975,0.36,0.535,7.238043095918167e-28
STK17B,2.118472436430393e-32,-0.42550536942998507,0.767,0.87,7.753820964578881e-28
SEL1L3,2.3886627456997366e-32,-0.7673978713803523,0.22,0.375,8.742744515535606e-28
SLC39A11,2.5373310631943084e-32,-0.6123216157720974,0.254,0.418,9.2868854243974885e-28
STAG1,2.840998253038904e-32,-0.3630917001946097,0.723,0.852,1.0398337705947692e-27
CISH,3.2581614014132234e-32,-3.2185325133554183,0.008,0.074,1.1925196545312538e-27
LIMS1,3.871395260562077e-32,-0.9210023300122987,0.187,0.327,1.4169693793183257e-27
COX6C,3.888002862967825e-32,1.2413222203104577,0.25,0.137,1.4230479278748537e-27
SND1,5.357452825675416e-32,-0.4370243218144185,0.58,0.736,1.960881308725459e-27
AC073167.1,7.957677367434506e-32,1.351013975785717,0.262,0.151,2.9125894932547038e-27
XKR6,9.15917743595166e-32,-0.6325319311877029,0.328,0.487,3.352350533332667e-27
BABAM2,9.336070980287216e-32,-0.5177728467868714,0.451,0.614,3.417095339494924e-27
AC119396.1,9.415350237877573e-32,-0.8825506439294897,0.129,0.26,3.44611234056557e-27
FBXL20,1.1573457202492318e-31,-0.5411915138072182,0.321,0.487,4.2360010706842135e-27
ZMYM4,1.3425733939349608e-31,-0.826905973260135,0.219,0.364,4.9139528791413496e-27
CSNK1G1,1.729264786882536e-31,-0.6968317971230327,0.247,0.404,6.32928204646877e-27
SIPA1L3,1.7750178019721383e-31,-0.8468198402277182,0.15,0.286,6.496742656998223e-27
CDR2,2.2411089984059132e-31,-0.5707315129555421,0.391,0.552,8.202683045065482e-27
PPFIA1,2.2974238788567342e-31,-0.9692405301324679,0.141,0.274,8.408801139003533e-27
DDX24,2.3056466771286083e-31,0.6023509060123922,0.609,0.517,8.438897402958419e-27
MEF2A,2.321421843949505e-31,-0.5827675850556137,0.348,0.505,8.496636091039582e-27
EDA,2.7186777023395412e-31,-0.8375691045282971,0.21,0.352,9.950632258332954e-27
NCOA2,2.929388063959109e-31,-0.36833576228462794,0.679,0.821,1.0721853252896734e-26
JARID2,3.349526598084319e-31,-0.5645087119674146,0.346,0.513,1.2259602301648416e-26
BTG2,3.4960950290382045e-31,1.1222436044541413,0.294,0.178,1.2796057415782732e-26
DAD1,3.6263057787736826e-31,1.4558959851105029,0.183,0.084,1.3272641780889556e-26
ATRN,4.062348942649847e-31,-1.1059440601117434,0.098,0.215,1.4868603364992704e-26
EIF5A,5.872607573885916e-31,1.3005399899167402,0.216,0.111,2.1494330981179843e-26
FAM168A,6.589898792700168e-31,-1.1994345104718926,0.118,0.238,2.4119688571161884e-26
CCDC7,7.357894734561966e-31,-0.47356234195923497,0.409,0.587,2.693063051797025e-26
SIK3,7.810922210238148e-31,-0.35800941383740437,0.702,0.827,2.858875638169265e-26
FAM126A,7.8455516796535895e-31,-1.1298636845451149,0.108,0.226,2.8715503702700104e-26
CD3D,9.390710733648808e-31,0.9479507897043029,0.332,0.211,3.4370940356228e-26
SLMAP,1.034130401304216e-30,-0.47472059529019084,0.391,0.569,3.785020681813561e-26
ROCK1,1.2800665142818407e-30,-0.3800804300689753,0.665,0.807,4.6851714489229653e-26
AL353660.1,1.510772558600722e-30,-1.1665454609423005,0.114,0.232,5.529578641734502e-26
AC016831.5,1.5431365824635522e-30,-0.6774762876221123,0.285,0.442,5.648034205474847e-26
CYSLTR2,1.599444245421683e-30,-2.2266101632433095,0.031,0.113,5.854125882667902e-26
MIAT,2.052938203130621e-30,-0.90723571511257906,0.144,0.276,7.513959117278386e-26
LPGAT1,2.1204020981962164e-30,-0.7341065327321634,0.238,0.386,7.760883719607971e-26
TRANK1,2.2540823566930034e-30,-0.7097887865234085,0.216,0.362,8.250166833732061e-26
RSU1,2.352771055268435e-30,-0.6937804193276551,0.263,0.41,8.611377339387999e-26
CSGALNACT1,2.4352627998792708e-30,-0.4432827530181327,0.623,0.767,8.913305373838119e-26
LNPEP,2.6434670620842933e-30,-0.45309546624111463,0.485,0.662,9.675353793934722e-26
SCML4,2.9535574958218453e-30,-0.5548583320341587,0.483,0.622,1.0810315790457535e-25
RGCC,3.270920119387016e-30,1.5652901025140245,0.183,0.086,1.1971894728968416e-25
SPN,3.689968096204729e-30,-0.800973138576099,0.182,0.322,1.3505652228918929e-25
SPIDR,3.825818961046303e-30,-0.4860515363523372,0.434,0.596,1.4002879979325574e-25
CAMK2D,4.0616027355321254e-30,-0.4805667896679724,0.592,0.727,1.4865872172321133e-25
LINC00243,4.110887318648031e-30,-1.1200847332338129,0.073,0.178,1.5046258674983657e-25
TMCC1,4.425702069819942e-30,-0.6912107409950898,0.258,0.405,1.619851214574797e-25
SLC4A7,4.670754432218211e-30,-0.35690242289854757,0.709,0.836,1.7095428297361874e-25
VPS13B,4.9847243724388405e-30,-0.2931261864877954,0.809,0.923,1.82445896755634e-25
FAM193A,5.41914729501751e-30,-0.5917444954983474,0.206,0.358,1.9834621014493589e-25
PRORP,5.4788250747145144e-30,-0.6714723441656846,0.295,0.447,2.0053047655962593e-25
PTPN22,6.886080219965393e-30,-0.8759852972560573,0.12,0.242,2.5203742213095337e-25
UVRAG,6.987047529564918e-30,-0.4785560649481413,0.415,0.58,2.5573292662960556e-25
RFFL,7.192163592516173e-30,-0.559032750034703,0.304,0.467,2.632403796496845e-25
NFATC2,8.062787185091539e-30,-0.5434878920067295,0.331,0.503,2.9510607376153542e-25
CLASP1,9.434314049780396e-30,-0.3887153244466264,0.53,0.7,3.4530532853601227e-25
OSBPL3,9.77954282897869e-30,-0.5573923632664718,0.387,0.547,3.57941047083449e-25
EIF1B,1.0300852828889239e-29,1.2761852388270905,0.225,0.121,3.7702151439017503e-25
PTEN,1.0540975071632878e-29,-0.4768290728067255,0.515,0.664,3.8581022859683497e-25
IL2RA,1.3088451117918365e-29,-0.9989723659369921,0.145,0.269,4.790503993669301e-25
PLXNA4,1.3987797243127142e-29,-1.3596569917419998,0.078,0.182,5.119673668956965e-25
AL592183.1,1.4332148888618749e-29,-0.7412473192365558,0.183,0.324,5.245709814723348e-25
SLC38A9,1.59710725048812e-29,-1.0811491873116945,0.124,0.243,5.845572247511568e-25
DUSP2,1.6522507939568253e-29,1.7572019861520514,0.138,0.054,6.047403130961377e-25
ATP2C1,1.9446897031378057e-29,-0.6411016936712722,0.345,0.503,7.117758782454683e-25
EHMT1,1.9466211339246503e-29,-0.5680611580535608,0.362,0.527,7.124828012277613e-25
TAFA1,1.9683758571609814e-29,-0.7054604649241891,0.315,0.462,7.204452474794908e-25
SH3D19,2.2825896411203435e-29,1.6010906324667515,0.184,0.089,8.354506345464569e-25
TAF15,2.6537346135381105e-29,-0.49385860088347777,0.427,0.589,9.712934059010838e-25
CHCHD3,2.70137855968792e-29,-0.7155437249862184,0.288,0.431,9.887315666313756e-25
VWA8,3.369537357790864e-29,-0.4416395666922517,0.466,0.636,1.2332843683250343e-24
INVS,3.4388929774489113e-29,-0.6561192106685549,0.263,0.408,1.258669218676076e-24
CDK8,3.69342279346537e-29,-0.9399950153809666,0.149,0.273,1.35182967663626e-24
USP25,3.8416890329064385e-29,-0.37650800728112266,0.649,0.8,1.4060966029340856e-24
CFLAR,4.1816111769870946e-29,-0.48276954747966105,0.468,0.636,1.5305115068890464e-24
MAP4K3,4.470225041067885e-29,-0.6591142948465709,0.208,0.35,1.6361470672812567e-24
SLC10A7,5.103561590030859e-29,-0.6592390333271131,0.2,0.344,1.8679545775671947e-24
RASGRP1,5.87070806686106e-29,-0.35611947048713954,0.654,0.8,2.1487378595518164e-24
RAB10,6.1771495132777765e-29,-0.5919305531450821,0.263,0.417,2.260898493354799e-24
CHD1,7.32844255705978e-29,0.3534259707896594,0.862,0.811,2.68228326030945e-24
ARHGDIB,8.923055378334198e-29,0.4873682043760108,0.665,0.598,3.2659274990240998e-24
CABIN1,1.0217465600811244e-28,-0.7223048574896153,0.214,0.36,3.739694584552923e-24
EHBP1,1.0414595342839448e-28,-0.6580512739084983,0.251,0.396,3.811846041432666e-24
MBNL2,1.0553356753619104e-28,-0.5359362031364525,0.369,0.526,3.862634105392128e-24
GNG2,1.0959691200069479e-28,-0.4846201848357947,0.454,0.608,4.0113565761374296e-24
VPS13D,1.1041350879663167e-28,-0.45375022520289243,0.498,0.657,4.041244835465516e-24
CNTRL,1.2242600630855306e-28,-0.5072808202501916,0.371,0.537,4.480914256899351e-24
SAMD9L,1.2536474443177827e-28,-0.9053912564993428,0.079,0.187,4.588475010947517e-24
AC027097.2,1.279287381863854e-28,-1.0137756209785698,0.09,0.198,4.682319746359892e-24
PPP6R3,1.4369269094572262e-28,-0.343674305191918,0.667,0.811,5.259296181304394e-24
SLC12A6,1.9026871082013616e-28,-0.7201241973408781,0.197,0.338,6.964025084727803e-24
DCAF6,2.0325898999822827e-28,-0.5853678893396639,0.265,0.417,7.439482292925153e-24
JMJD1C,2.0768334595082563e-28,-0.34465895213737063,0.793,0.889,7.601418145146169e-24
TOM1L2,2.219128294782914e-28,-0.8669046136725045,0.143,0.268,8.122231471734943e-24
KLHDC10,2.327705963302766e-28,-1.050506698144061,0.1,0.21,8.519636596284454e-24
NCOA6,2.4155338274578927e-28,-0.7103313492341106,0.176,0.312,8.841095361878634e-24
RAD51B,2.4974528536748745e-28,-0.5120233295124592,0.527,0.667,9.140927189735408e-24
CHCHD2,2.770159766470913e-28,1.048676287969711,0.302,0.195,1.013906176126019e-23
RSF1,2.956801261877418e-28,-0.35426476347625657,0.584,0.743,1.0822188298597537e-23
EIF4G3,3.4388679195728905e-28,-0.6568482416579172,0.247,0.39,1.2586600472428736e-23
CLEC16A,3.501321971153104e-28,-0.6887510697337235,0.214,0.357,1.2815188546617476e-23
AC006059.1,3.5243618338344436e-28,1.2857999571135768,0.209,0.109,1.2899516748017448e-23
CDK19,4.0032884842393473e-28,-0.7908864857506586,0.177,0.308,1.4652436181164436e-23
CD74,4.2764738923527135e-28,0.859977874078837,0.379,0.268,1.5652322093400166e-23
PACSIN2,5.043549515884147e-28,-0.6745871762451612,0.238,0.383,1.8459895583087568e-23
NR4A2,5.775729616548498e-28,1.149663374800772,0.236,0.131,2.113974796952916e-23
HK1,5.777409987700368e-28,-0.7152299206014067,0.188,0.326,2.1145898295982117e-23
LTB,5.858461526682262e-28,0.468978764795569,0.801,0.782,2.144255503380975e-23
STRN3,6.219630990376526e-28,-0.5502803912801831,0.355,0.511,2.2764471387877125e-23
CWC27,6.398745742554805e-28,-0.7852718522809825,0.187,0.319,2.3420049292324842e-23
CBL,6.6669069707447605e-28,-0.8774932541829569,0.15,0.274,2.4401546203622898e-23
RNF145,7.271246031355364e-28,-0.44259242623547457,0.455,0.628,2.661348759936377e-23
ATF7,7.466745866875864e-28,-1.1926604080040208,0.087,0.192,2.732903654735235e-23
CASP8AP2,8.325196597560543e-28,-0.9993003904133666,0.103,0.215,3.0471052066731345e-23
KIAA1328,8.569124053465795e-28,-0.7257813118213334,0.246,0.385,3.1363850948090156e-23
KIAA0825,8.635234619868404e-28,-1.2912406619874885,0.107,0.215,3.1605822232180344e-23
HIBCH,8.936515569257572e-28,-0.8226963841818457,0.146,0.272,3.270854063503964e-23
PRKCB,9.214574281098946e-28,-0.36440734104984074,0.73,0.836,3.372626332625025e-23
MYL6,9.29044381392508e-28,0.7570036509443118,0.426,0.313,3.400395340334718e-23
SUFU,1.0000612166252187e-27,-0.955097325528405,0.1,0.211,3.660324058969963e-23
ESR2,1.050485509472663e-27,1.1784171295342716,0.284,0.177,3.844882013220894e-23
GARS-DT,1.0741018923229012e-27,-0.6887334184411349,0.211,0.356,3.9313203360910506e-23
MYO1F,1.1581800806187407e-27,-0.6602038547835754,0.254,0.396,4.239054913072653e-23
SYNRG,1.293585101970712e-27,-0.44591071075662425,0.377,0.547,4.734650831723003e-23
BTRC,1.4726320059318862e-27,-0.6299026268654271,0.236,0.379,5.389980404911297e-23
SNX29,2.002589689048445e-27,-0.5393151512135379,0.341,0.497,7.329678520886213e-23
MFHAS1,2.009021493606877e-27,-0.8184093849219078,0.201,0.332,7.35321956875053e-23
NARS2,2.4395173059961043e-27,-0.9582264282014913,0.11,0.222,8.928877291676341e-23
INTS7,2.4843473172188945e-27,-1.7388762439477832,0.037,0.118,9.092959615752875e-23
SDCCAG8,2.7422065697733673e-27,-0.6824486063198758,0.224,0.36,1.0036750266027502e-22
VAV3,2.8519701730317964e-27,-1.009251379940828,0.163,0.284,1.0438496030313678e-22
XPO1,3.0203331615246676e-27,-0.5000550008785999,0.415,0.573,1.1054721404496435e-22
MCF2L2,3.0416948697426572e-27,-0.7081786170427166,0.238,0.377,1.1132907392745099e-22
AAK1,3.116508797694992e-27,-0.276033819802997,0.832,0.922,1.140673385044344e-22
GALK2,3.6840614652350776e-27,-0.8354985340486974,0.168,0.294,1.3484033368906908e-22
UBAP2,3.776298674600708e-27,-0.903175384191225,0.141,0.262,1.3821630778906052e-22
DDX18,4.343324798411662e-27,0.8924022423673486,0.361,0.257,1.5897003094666523e-22
SMAD2,4.666335797206311e-27,-0.5109162161741508,0.388,0.542,1.7079255651354818e-22
MIR646HG,4.67181363546415e-27,-1.2429081172301002,0.049,0.137,1.7099305087162335e-22
SNHG8,5.270359120706224e-27,1.312630906676412,0.197,0.102,1.9290041417696851e-22
ST8SIA4,5.458152654578288e-27,-0.6677568673939209,0.275,0.418,1.9977384531021992e-22
MICU1,6.149473729766353e-27,-0.7329978625518796,0.178,0.308,2.2507688798317827e-22
HNRNPA0,6.4440155667947275e-27,1.290977536754322,0.199,0.104,2.358574137602538e-22
THOC3,7.245481477541117e-27,-0.9439957451937353,0.113,0.226,2.6519186755948244e-22
MPRIP,7.619696422219391e-27,-0.6335208710724051,0.257,0.401,2.7888850874965193e-22
SPECC1L,7.731455530674668e-27,-0.6575530269275887,0.198,0.334,2.8297900387822353e-22
BCKDHB,8.042083924681832e-27,-0.8270245364704247,0.161,0.285,2.9434831372727974e-22
ARMH3,8.467209164320923e-27,-0.6287478963768909,0.266,0.41,3.0990832262331013e-22
UQCRB,8.974150584911726e-27,1.0522827709851716,0.243,0.139,3.284628855583541e-22
MYL12B,9.613503923097606e-27,0.9118243147162937,0.312,0.203,3.5186385708929545e-22
MSH3,9.852861759784409e-27,-0.5686165911467858,0.325,0.473,3.6062459326986915e-22
ITGA4,1.1058203479077285e-26,-0.781890553522071,0.388,0.517,4.047413055377077e-22
HMGB2,1.1315072201878543e-26,1.0629035021478714,0.266,0.163,4.1414295766095656e-22
TTC17,1.1545831019735733e-26,-0.32011364178586277,0.685,0.815,4.2258896115334753e-22
NSD1,1.3774719075021954e-26,-0.44291978151359634,0.373,0.54,5.041684928648785e-22
ITPR2,1.505773205374144e-26,-0.3769427639873,0.597,0.744,5.511280508989904e-22
CAB39,1.9355489723425917e-26,-0.47292485592822553,0.439,0.592,7.084302793671119e-22
RAB6A,1.9399733081566497e-26,-0.6116455187706045,0.212,0.352,7.100496305184153e-22
LIMD2,1.9840883196430977e-26,0.7418199301141184,0.425,0.322,7.261961658725702e-22
MAF,2.224559427251405e-26,-0.8035032279684817,0.207,0.336,8.142109959682867e-22
BCL2L1,2.409367328477361e-26,-1.2211206372641712,0.061,0.153,8.81852535895999e-22
ANKRD55,2.5466673106989274e-26,-1.8962796239305013,0.034,0.109,9.321057023889144e-22
WDR44,2.905619068502539e-26,-0.6232679788718445,0.193,0.327,1.0634856352626144e-21
SLCO3A1,2.9602783833869503e-26,-0.35086944684618127,0.697,0.823,1.0834914911034576e-21
WWP1,3.328776241290336e-26,-0.3658692416770568,0.607,0.75,1.218365392074676e-21
STRN,3.5040823433512256e-26,-0.6094507394197735,0.224,0.365,1.282529178489982e-21
FBXL17,3.6024289035336986e-26,-0.3473204471669926,0.699,0.817,1.318525002982369e-21
RIC8B,3.660317989207243e-26,-0.7914947335097098,0.123,0.238,1.3397129872297429e-21
CLYBL,3.7605113968652633e-26,-0.6533715943418846,0.244,0.38,1.376384776366655e-21
ACVR2A,3.918871661700256e-26,-0.4952851265379019,0.449,0.595,1.4343462168989107e-21
HIST2H2AC,4.4034805692283104e-26,1.3621793773182422,0.178,0.088,1.611717923143254e-21
APC,4.954426361377258e-26,-0.6638119270795635,0.215,0.353,1.81336959252769e-21
AC010894.3,5.0755012990841763e-26,1.1485330536623921,0.261,0.161,1.8576842304777994e-21
EXOC6,5.245357801004092e-26,-0.6092026756808839,0.27,0.41,1.9198534087455076e-21
VCL,5.41789305558251e-26,-0.8566547504851325,0.185,0.306,1.9830030372737545e-21
RNASEK,5.56165555840756e-26,1.0120051587805712,0.279,0.176,2.0356215509327513e-21
DDX5,6.194810066229692e-26,0.30517631174869786,0.912,0.902,2.2673624323407297e-21
SNHG32,6.39658435507714e-26,1.3551923852227445,0.159,0.073,2.341213839801784e-21
LINC01184,6.972034313780754e-26,-0.6270336487695654,0.23,0.363,2.551834279186894e-21
ZMYND11,7.711998699173976e-26,-0.6319150644461682,0.212,0.348,2.822668643884667e-21
TSPO,7.800210026725493e-26,1.1500716325906022,0.218,0.121,2.854954871881798e-21
ITFG1,8.102924044222558e-26,-0.3327837384231285,0.581,0.731,2.9657512294258987e-21
LINC01550,8.227093008674844e-26,-1.0047025682785242,0.117,0.226,3.0111983121050796e-21
DDX60,8.97803533335329e-26,-0.982275090117165,0.129,0.242,3.2860507123606377e-21
TRIM33,9.059233027663273e-26,-0.4073555211658516,0.43,0.594,3.3157698804550344e-21
TRIM14,9.298098626561938e-26,-0.7080853833646259,0.207,0.342,3.403197078307935e-21
TBXAS1,9.707991758257123e-26,-1.1642804265001205,0.096,0.196,3.55322206343969e-21
ARID2,1.044119456395344e-25,-0.33922934418157236,0.621,0.773,3.821581622352599e-21
ATP11A,1.1519114166807329e-25,-0.7047171292638813,0.193,0.322,4.21611097619315e-21
SPCS1,1.1738749441167003e-25,1.2507331849508918,0.183,0.093,4.2964996829615345e-21
AKAP13,1.2476148197611433e-25,-0.24252060323356517,0.883,0.948,4.566395001807761e-21
AFDN,1.2640929852057191e-25,-0.918365316009605,0.114,0.225,4.626706735151453e-21
CD3G,1.3665328295266652e-25,0.8230062271369706,0.385,0.28,5.001646809350547e-21
NDUFA1,1.4158425107003242e-25,1.3024540189559324,0.171,0.083,5.182125173414257e-21
NCK2,1.4551109694449308e-25,-0.3123455555253658,0.645,0.801,5.3258516592653915e-21
NLRC3,1.5606170487977694e-25,-0.8389402835935841,0.138,0.256,5.7120144603047156e-21
RALGAPA1,1.673746191857271e-25,-0.310236710381703,0.586,0.751,6.126078436816798e-21
ACTR3,1.8906086007623984e-25,-0.3990279213561345,0.514,0.686,6.919816539650455e-21
TYW1B,1.9464755732736768e-25,-0.858097363566091,0.098,0.203,7.124295245738985e-21
AC006369.1,2.153554266560842e-25,-0.9504627561542225,0.12,0.229,7.882223971039338e-21
TMEM156,2.311416174865652e-25,-0.8095971108642877,0.162,0.284,8.460014341625772e-21
TMA7,2.3703611103101955e-25,1.0537349993631475,0.268,0.168,8.675758699846346e-21
EIF3K,2.701247136581873e-25,0.7857875386207254,0.353,0.246,9.886834644603314e-21
NDUFB9,2.82533208118412e-25,1.062199694025675,0.256,0.156,1.0340997950341997e-20
TTBK2,2.9762626859597957e-25,-0.7882779908553891,0.158,0.278,1.0893419056881448e-20
CMTM8,3.563958021171568e-25,-0.6615147885338658,0.305,0.44,1.3044442753290057e-20
CFDP1,4.0827552138260847e-25,-0.6083164130155859,0.222,0.356,1.4943292358124853e-20
PIGN,4.197982318393968e-25,-0.9765137923220694,0.126,0.236,1.5365035083553762e-20
IMMP2L,4.22517681493203e-25,-0.4293428700568258,0.613,0.729,1.5464569660332724e-20
XPR1,4.731981512088717e-25,-0.4510405832937179,0.388,0.55,1.7319525532395912e-20
AC010609.1,5.346593117543093e-25,0.9131234942627883,0.352,0.251,1.9569065469519475e-20
MAGI3,5.981945570594545e-25,-0.8139425438005425,0.145,0.26,2.1894518982933095e-20
RASGRF2,6.477590955934177e-25,-0.4808975130043207,0.396,0.54,2.370863065781468e-20
NPIPB5,6.992122289301729e-25,-0.7107693570777489,0.236,0.369,2.5591866791073257e-20
LINC00342,7.487171439829336e-25,-0.4751749792028427,0.312,0.467,2.740379618691935e-20
PSME1,8.066938287446789e-25,1.104946916252854,0.223,0.127,2.952580082588399e-20
LSM7,8.332522966971648e-25,1.3368586832651177,0.163,0.079,3.049786731141293e-20
ANO6,8.770231942384563e-25,-0.6412892525118651,0.274,0.408,3.209992593232174e-20
ZMYND8,8.776589891058797e-25,-0.6284045244624037,0.216,0.351,3.2123196660264304e-20
SNHG6,9.746104541938349e-25,1.0157895900535947,0.268,0.169,3.567171723394855e-20
TMEM200A,1.1813662439427893e-24,-1.6469650005226366,0.037,0.112,4.323918589455003e-20
CHD9,1.2549654988560838e-24,-0.6429828137870129,0.232,0.364,4.5932992223631523e-20
DNMT3A,1.2898377666136675e-24,-0.9807981683812409,0.109,0.214,4.7209352095826846e-20
KMT5B,1.2906222878885431e-24,-0.674348598551072,0.196,0.324,4.723806635900857e-20
SMARCC1,1.3195932041633026e-24,-0.36753433109633926,0.533,0.692,4.829843086558104e-20
EEF2,1.3601731494304576e-24,0.6190408101494818,0.517,0.426,4.978369744230418e-20
ATE1,1.5409709427879511e-24,-0.632709790289317,0.228,0.36,5.64010774769818e-20
PCCA,1.6503104531006872e-24,-0.6053645292036177,0.206,0.336,6.040301289393825e-20
AL157938.2,1.6577391376397397e-24,1.2980617911339334,0.231,0.137,6.067491017675211e-20
RALGAPA2,1.7300849653789717e-24,-0.38193942169561534,0.457,0.614,6.332283981783574e-20
PTGER2,2.0302027198206723e-24,-1.2323397474949833,0.073,0.163,7.430744974815643e-20
MZT2B,2.302860114513153e-24,0.9785115657732905,0.269,0.169,8.428698305129592e-20
Z83843.1,2.386103754329415e-24,-1.0862610650047337,0.063,0.151,8.733378351221091e-20
ASAP1,3.0088559531199104e-24,-0.3609178359083085,0.467,0.616,1.1012713674014184e-19
CUX1,3.249239768724981e-24,-0.5257993238340858,0.317,0.461,1.1892542477510304e-19
RASA3,3.7527210501201665e-24,-0.3917172275754446,0.746,0.823,1.373533431554482e-19
KIF16B,4.258766263824329e-24,-0.7645413040154019,0.163,0.281,1.5587510402223425e-19
FILIP1L,4.338573645155416e-24,1.3326727588125755,0.229,0.137,1.5879613398633338e-19
MTA3,4.443032868081581e-24,-1.056229913549879,0.094,0.192,1.6261944600465395e-19
KIAA2026,4.4855095799392825e-24,-0.42497712870751503,0.439,0.594,1.6417413613535767e-19
KDM4C,4.8892085872639034e-24,-0.32320782378148705,0.742,0.864,1.7894992350244613e-19
TBC1D2B,5.482377071769263e-24,-0.5858239416161436,0.245,0.385,2.0066048320382679e-19
CAMK2G,5.736858493517591e-24,-0.9846717481087958,0.112,0.217,2.0997475772123735e-19
FAM102B,5.782239801855009e-24,-1.2257127785314181,0.066,0.153,2.1163575898769519e-19
DOK6,6.002122898746957e-24,1.639452563331676,0.151,0.072,2.196837002170374e-19
DENND1B,6.200979569333062e-24,-0.39339297238410853,0.541,0.678,2.2696205321715942e-19
ETV6,6.4418236500648606e-24,-0.31320763399421114,0.62,0.753,2.3577718741602396e-19
SSR2,7.161310775536595e-24,0.9471179591695041,0.284,0.184,2.621111356954149e-19
SKP1,7.938296078233084e-24,0.6251488254317943,0.536,0.465,2.905495747594091e-19
EEA1,8.11570582805979e-24,-0.7842415737769391,0.141,0.254,2.9704294901281634e-19
TTC13,9.297312528854796e-24,-0.9871754093276477,0.08,0.174,3.402909358686144e-19
MAN1A1,9.332203922662307e-24,-1.0146621595749226,0.132,0.239,3.415679957733631e-19
UBTD2,9.599451702188425e-24,-1.519863088590464,0.038,0.111,3.5134953175179854e-19
CERS6,9.733091019639412e-24,-0.5751990759123636,0.267,0.404,3.5624086440982214e-19
NUP210,9.759167016130218e-24,-0.5386877032819759,0.235,0.376,3.571952719573821e-19
WNK1,1.072143367287016e-23,-0.32304318800576604,0.604,0.752,3.924151938607207e-19
NCKAP1L,1.2052447429597187e-23,-0.5586819538639305,0.214,0.351,4.411316283706866e-19
SLX4IP,1.2612125478724923e-23,-0.9914676181929611,0.103,0.203,4.616164046468109e-19
LINC02328,1.2690591090790454e-23,-0.6056564821721024,0.324,0.451,4.644883245140214e-19
SPOP,1.3178291872199534e-23,-0.6398620148579592,0.172,0.296,4.823386608143752e-19
PHKB,1.3600697049429867e-23,-0.51984144840365,0.333,0.471,4.977991127061825e-19
CPB2-AS1,1.388940724528354e-23,1.39278489458051,0.177,0.093,5.083661945846229e-19
CRTC3,1.5101404523995733e-23,-0.396507933695013,0.379,0.533,5.527265069827679e-19
MED27,1.5541374597252746e-23,-0.4998746035260828,0.276,0.418,5.688298516340477e-19
SLAMF6,1.5564124987484546e-23,-1.0665605088296088,0.074,0.165,5.696625386669218e-19
COX8A,1.6262827232077283e-23,1.5093366569750704,0.134,0.059,5.952357395212606e-19
NDUFA13,1.6883459569089644e-23,0.8698327301973328,0.291,0.189,6.179515036882501e-19
PAPSS1,1.851306685203915e-23,-1.0524393041123228,0.086,0.18,6.775967598514849e-19
ANKIB1,1.8680786781883566e-23,-0.42156866481653643,0.411,0.559,6.837354770037204e-19
DENND2D,1.9115656259130927e-23,-1.157634583539908,0.065,0.151,6.996521347404511e-19
SGK3,1.963777799911707e-23,-0.4803848068973322,0.279,0.422,7.187623125456839e-19
STAMBPL1,1.9660414203975228e-23,-0.5578472343529988,0.298,0.435,7.195908202796973e-19
SMAP1,2.1887625587537365e-23,-0.4079024143970784,0.473,0.626,8.011089841294551e-19
NIN,2.4311717514988556e-23,-0.4457250630739634,0.39,0.543,8.89833172766096e-19
GSK3B,2.5271782288159315e-23,-0.40728698983600675,0.483,0.636,9.24972503528919e-19
HSP90AB1,2.7139058197026647e-23,0.6753162334048283,0.488,0.407,9.933166690693723e-19
STXBP4,2.730462132456777e-23,-0.9338984048138028,0.109,0.21,9.993764451005049e-19
ATP5F1E,3.2919739342798956e-23,0.7778865614800945,0.359,0.259,1.2048953796857846e-18
H1FX,3.7348072768295696e-23,0.9536766678499671,0.326,0.229,1.3669768113923907e-18
GADD45B,4.046064299467759e-23,1.6214524834267208,0.11,0.043,1.4808999942481944e-18
FAM49B,4.6188812800819487e-23,-0.36414109823417196,0.546,0.69,1.690556737322794e-18
SERGEF,4.768971252392297e-23,-0.6684613054232531,0.195,0.318,1.7454911680881045e-18
PTPN9,4.858459517794687e-23,-1.2358482019518247,0.061,0.145,1.7782447681080332e-18
NSD2,5.69574615036651e-23,-0.6595058982231186,0.172,0.292,2.0847000484956465e-18
GZMM,5.758578168744664e-23,1.5701331979379733,0.12,0.05,2.1076971955422344e-18
MBP,5.8969265272674e-23,-0.3389034807522662,0.684,0.798,2.158334078245141e-18
RABAC1,5.904277076151955e-23,1.2557435349335753,0.167,0.085,2.161024452642377e-18
AGO3,5.972268010452553e-23,-0.4460506865738928,0.352,0.503,2.185909814505739e-18
ATG4C,6.28310640709344e-23,-1.9064475602808646,0.03,0.097,2.29967977606027e-18
EFL1,6.43856746567531e-23,-0.9319096773268778,0.079,0.17,2.3565800781118204e-18
CCNY,6.632230097951783e-23,-0.4231792959104099,0.515,0.646,2.4274625381513323e-18
NHSL2,6.942180290924103e-23,-1.2882983667747756,0.057,0.138,2.5409074082811308e-18
KIAA0586,7.003352233650037e-23,-0.6347203170547974,0.187,0.309,2.56329695103825e-18
APRT,7.214979966188326e-23,1.149736835211664,0.187,0.101,2.640754817424589e-18
AHNAK,7.220106942768173e-23,-0.34695530519565976,0.682,0.814,2.642631342122579e-18
TMCO4,7.587962152882731e-23,-0.7880959618383789,0.112,0.214,2.7772700275766084e-18
FTO,7.660099414917283e-23,-0.4043530858214126,0.502,0.636,2.8036729868538746e-18
CD84,7.769345608139997e-23,-0.652962857024876,0.238,0.365,2.8436581860353203e-18
RNF213,8.000488088540737e-23,-0.295342562475132,0.721,0.833,2.9282586452867954e-18
PGAP1,8.817809422139513e-23,-0.393050059379331,0.189,0.311,3.227406426597283e-18
TAGLN2,9.815293137084913e-23,0.9139564777038474,0.296,0.2,3.592495441104449e-18
DGKA,9.835305820308091e-23,-0.537147556475675,0.3,0.441,3.5998202832909645e-18
USP15,1.0067628463873145e-22,-0.21002306121842196,0.882,0.944,3.68485269406221e-18
NCOR1,1.0569487334006781e-22,-0.3134329681854533,0.654,0.769,3.868538059119822e-18
PCSK1N,1.114588654841684e-22,2.8003506006606695,0.056,0.011,4.079505935586047e-18
TRAF5,1.1605495698887192e-22,-0.6869183784843957,0.155,0.269,4.2477274807497014e-18
PZP,1.2231225249189833e-22,1.3147445372743003,0.202,0.115,4.476750753455971e-18
FGD3,1.2417366347289794e-22,-0.48378197887471874,0.348,0.488,4.544880256771538e-18
COX5B,1.2433804221549251e-22,1.2456864709597597,0.172,0.09,4.5508966831292416e-18
UGCG,1.2624334010535837e-22,-0.5642472771874001,0.223,0.354,4.6206324911962216e-18
S100A10,1.3377080693625606e-22,1.0160512232544845,0.272,0.178,4.896145304673908e-18
RELCH,1.43464369669014e-22,-0.3543426508104194,0.423,0.577,5.250939394255581e-18
EEPD1,1.5533423003772517e-22,-1.2509300898229405,0.08,0.167,5.685388153610779e-18
KLF10,1.6553766726716034e-22,1.6295621595770426,0.103,0.039,6.058844159645336e-18
NUP160,1.7999637376661997e-22,-0.466169623905098,0.241,0.378,6.5880472762320575e-18
HERC2,1.8312069465601455e-22,-0.6108006828219842,0.211,0.336,6.702400545104789e-18
RBM3,1.8768818954154548e-22,0.8257320786302282,0.35,0.257,6.8695754254101065e-18
GCNT1,2.0811976457773972e-22,-1.594544583323975,0.036,0.106,7.617391503309852e-18
MTM1,2.0901890720597616e-22,-0.5371005322586198,0.244,0.375,7.650301022645933e-18
EPS15,2.1777596790478535e-22,-0.2888328507519302,0.633,0.782,7.970818201283049e-18
SLFN5,2.2600446644977702e-22,-0.49476674117139163,0.34,0.484,8.271989476528288e-18
AL035634.1,2.4587435805629756e-22,2.173169796050497,0.083,0.027,8.999247379218547e-18
ZYG11B,2.6310909661304064e-22,-0.7461650150697466,0.119,0.224,9.630056045133901e-18
MTX2,2.759643420594505e-22,-1.2455190570620895,0.04,0.113,1.0100570883717948e-17
COX7A2,2.863901831737966e-22,1.0751675893149484,0.209,0.121,1.0482167094344128e-17
PPP1R12B,3.106078122389092e-22,-0.623641708073109,0.224,0.346,1.1368556535756316e-17
AC119673.2,3.192715015027604e-22,-1.7161914676118446,0.019,0.078,1.1685656226502533e-17
EXOC2,3.2700053394476837e-22,-0.3798988557996277,0.476,0.626,1.1968546542912467e-17
MRFAP1,3.4194179504464334e-22,1.380809174302453,0.161,0.083,1.2515411640428991e-17
HIF1A-AS3,3.420262794122081e-22,1.1892916003651182,0.193,0.108,1.2518503852766228e-17
DIS3L2,3.5768736838337265e-22,-0.4425350190577687,0.376,0.525,1.3091715370199822e-17
RUNX2,4.236607254618223e-22,-0.45706850336226257,0.446,0.577,1.5506406212628157e-17
TMEM131,4.243305196506122e-22,-0.36325717293758,0.489,0.637,1.5530921349732058e-17
PER1,4.518418360766173e-22,0.7216055072134431,0.387,0.287,1.653786304224027e-17
SLC38A1,4.884302253340108e-22,-0.33794597932073556,0.797,0.889,1.787703467745013e-17
PDCD4,5.513953063793487e-22,0.35727043754427124,0.812,0.757,2.018161960879054e-17
ANXA1,5.620057586949197e-22,0.6629777416782063,0.448,0.348,2.0569972773992756e-17
ATP5MG,5.864909025707632e-22,0.9422179724790118,0.268,0.175,2.14661535249925e-17
ZNF451-AS1,6.444240565659191e-22,1.4193723027091143,0.153,0.077,2.3586564894369205e-17
TMOD3,6.558757082382651e-22,-0.3844050981350988,0.464,0.611,2.4005706797228743e-17
CCM2,6.801472828258002e-22,-0.38896256646161786,0.407,0.555,2.4894070698707114e-17
SOD2,6.977680605781725e-22,0.7868681935493103,0.384,0.294,2.553900878522169e-17
NIPAL2,7.198566723361283e-22,-2.9831047482147452,0.006,0.051,2.6347474064174633e-17
PIKFYVE,7.3990039138691285e-22,-0.5095769748936817,0.266,0.401,2.7081094225152396e-17
PRR5L,7.994667855285707e-22,-1.7061507057620955,0.027,0.09,2.9261283817131216e-17
DNM2,8.993521272623313e-22,-0.46367751180076033,0.272,0.414,3.2917187209928587e-17
MTAP,9.734049184523907e-22,-0.43753948406954923,0.317,0.458,3.562759342027595e-17
PDLIM5,9.887611906504916e-22,-0.6926396288867034,0.143,0.249,3.618964833899864e-17
DST,1.029195821466804e-21,-1.2035973870023686,0.066,0.148,3.7669596261506494e-17
SNTG2,1.1350235629211174e-21,-1.4799202054809713,0.045,0.118,4.154299742647582e-17
TMEM116,1.3041073465933246e-21,-0.7978751804563291,0.141,0.247,4.7731632992662275e-17
DROSHA,1.4864300226348078e-21,-0.711496003843584,0.126,0.228,5.44048252584566e-17
SMARCAL1,1.4899164674108708e-21,-1.480882356312032,0.043,0.113,5.4532432623705286e-17
CPEB3,1.5310495078889902e-21,-1.0056824502942012,0.08,0.167,5.603794303824493e-17
RAB3IP,1.5730409602528293e-21,-0.9226580219611175,0.087,0.178,5.75748721862138e-17
ABHD18,1.6258124494681479e-21,-0.502034870533288,0.21,0.335,5.950636146298367e-17
SP110,1.865187573897515e-21,-0.445355524629436,0.315,0.453,6.826773039222295e-17
COMMD1,2.0459845799783857e-21,-0.5519231404786304,0.263,0.386,7.48850816117889e-17
CD48,2.0562680958265896e-21,0.840611757109246,0.299,0.203,7.5261468575349e-17
CAPZB,2.2204162344613706e-21,-0.3353360538600927,0.618,0.747,8.126945459752063e-17
PHACTR4,2.2465038026588102e-21,-0.5437502236439699,0.238,0.362,8.222428568111512e-17
SRSF5,2.282523166284019e-21,0.5129806515008776,0.557,0.487,8.354263040916139e-17
PRKAG2,2.323230473564879e-21,-0.5379953295137809,0.302,0.433,8.503255856294813e-17
PDK1,2.369392859876881e-21,-0.588307479356941,0.215,0.335,8.672214806435372e-17
IFITM2,2.3965335158661722e-21,1.0362204325902769,0.247,0.157,8.771552321421777e-17
MYO16,2.481232496508555e-21,-0.9263630944486464,0.121,0.219,9.081559060470963e-17
DNAJB1,2.5026651590462097e-21,0.9737289013810229,0.262,0.171,9.160004748625032e-17
TMEM260,2.5175479689373885e-21,-0.7309592476997566,0.141,0.248,9.214477321107735e-17
OGT,2.5809007247160233e-21,-0.33298785627184513,0.612,0.748,9.446354742533117e-17
KCNAB2,2.8457825691303666e-21,-0.7104259310537615,0.2,0.315,1.0415848781274054e-16
CHM,2.9154828745774984e-21,-0.8693313919142618,0.131,0.231,1.0670958869241102e-16
TMTC2,3.012581927291713e-21,-0.8352385075956972,0.167,0.271,1.10263511120804e-16
PDE4DIP,3.3369089770442193e-21,-0.9532053670052136,0.083,0.171,1.2213420546879546e-16
CUTA,3.391664531748752e-21,1.154037776208297,0.197,0.114,1.2413831352653608e-16
ELP3,3.4128750802673654e-21,-0.6800065362080344,0.158,0.269,1.2491464081286584e-16
CD44,3.7894492893449585e-21,-0.2601354184081526,0.874,0.933,1.3869763343931482e-16
AL121839.2,3.849665242798536e-21,-1.1230344293231362,0.058,0.136,1.4090159755166922e-16
EGLN3,4.055963691407934e-21,-1.0882227731398744,0.065,0.145,1.484523270692218e-16
NLRC5,4.0985372704191895e-21,-0.4128656152661001,0.491,0.632,1.5001056263461275e-16
FAM13A,4.270996232012707e-21,-1.6158939041778502,0.211,0.308,1.5632273308789708e-16
SVIL,4.271573146558822e-21,-0.4644916000989191,0.406,0.543,1.5634384873719946e-16
HECTD4,4.680482384244609e-21,-0.49180495640485855,0.282,0.415,1.7131033574573694e-16
HDAC4,4.8569715944635276e-21,-0.4194737062099082,0.346,0.495,1.7777001732895957e-16
DNAJC13,5.171977995926494e-21,-0.7807392293439327,0.157,0.262,1.892995666289056e-16
PCAT1,5.3541377641816446e-21,-0.4750963627884155,0.459,0.577,1.9596679630681237e-16
UMAD1,5.361449346009426e-21,-0.444511249713506,0.472,0.595,1.96234407513291e-16
PLCG1,5.4491698564242616e-21,-0.7856526333500485,0.119,0.219,1.994450659149844e-16
MDN1,5.561249847116399e-21,-0.45515999007963115,0.291,0.43,2.0354730565430733e-16
LRCH1,6.051891360997151e-21,-0.5020168862228039,0.267,0.398,2.2150527570385672e-16
CASP10,6.111598539394814e-21,-1.1302407129117633,0.048,0.122,2.2369061814038957e-16
SETD2,6.1489432448724275e-21,-0.30129100307643086,0.536,0.691,2.250574717055757e-16
GTF2I,6.226750738469648e-21,-0.4499039571948244,0.346,0.488,2.279053037787276e-16
TDRD3,6.868936035215469e-21,-0.5466363408919963,0.284,0.409,2.514099278249214e-16
MED13,6.903921992704352e-21,-0.32519317365996026,0.515,0.663,2.52690448854972e-16
COL10A1,7.332293942793918e-21,2.0211273550627094,0.076,0.024,2.6836929060020018e-16
ADGRE5,7.344424663326799e-21,-0.6072577118418158,0.267,0.392,2.6881328710242414e-16
CLIP1,7.678036821353153e-21,-0.47471730927233685,0.291,0.428,2.8102382569834674e-16
SSBP3,7.967067627106537e-21,-0.8289235624814473,0.131,0.232,2.9160264221972636e-16
RPTOR,8.112146915293487e-21,-0.46661742131700945,0.345,0.486,2.9691268924665695e-16
CELF1,8.291860539111132e-21,-0.3205049250761196,0.531,0.673,3.0349038759200653e-16
LDAH,8.599461443880007e-21,-0.9214600862954375,0.091,0.179,3.1474888830745213e-16
ADCY9,8.702931479565068e-21,-0.9997478567551072,0.101,0.19,3.1853599508356105e-16
SF1,8.962493361364256e-21,0.40880611643132814,0.694,0.651,3.2803621951929315e-16
STAT1,9.014018335041756e-21,-0.4438266664368661,0.355,0.483,3.2992208508086333e-16
TIMP1,9.693168946543298e-21,1.150464453766682,0.186,0.105,3.547796766124312e-16
ZFP36,1.0498085759700488e-20,1.1632415644142138,0.184,0.104,3.8424043689079756e-16
GIMAP4,1.1902450206246616e-20,-0.9274042533041587,0.097,0.188,4.356415799988324e-16
TNPO3,1.1919249676680168e-20,-0.47774197881879105,0.258,0.388,4.362564574161708e-16
S100PBP,1.2203584952633346e-20,-0.8186126034446591,0.094,0.185,4.466634128513331e-16
PUM1,1.2755972748126791e-20,-0.3280131605171659,0.603,0.754,4.668813585541887e-16
RAB3GAP1,1.3009899361848381e-20,-0.37162657649471464,0.393,0.54,4.761753265430127e-16
NPM1,1.320030840126892e-20,0.590203312245315,0.47,0.387,4.831444877948437e-16
ACYP2,1.4420160095386113e-20,-0.5438040191214377,0.265,0.385,5.277922796512271e-16
TMEM135,1.4796484638424363e-20,-0.765219510482952,0.18,0.285,5.415661342509701e-16
C12orf42,1.627923673241832e-20,-0.8547389833144966,0.077,0.161,5.95836343643243e-16
IFT80,1.8051265248660063e-20,-0.7852480624816927,0.108,0.202,6.60694359366207e-16
HCG17,1.8445896683327497e-20,-1.3599700255708649,0.047,0.117,6.751382645064698e-16
PKD2,1.8610312790800556e-20,-0.7981882545258416,0.128,0.226,6.811560584560912e-16
COG6,1.988929482172711e-20,-0.6908210469292133,0.148,0.252,7.27968079770034e-16
AC009313.1,2.0921712039646845e-20,1.6590104975663713,0.117,0.052,7.657555823631141e-16
KRTCAP2,2.158227534067271e-20,1.2470756727991337,0.156,0.081,7.899328597439619e-16
ERI3,2.1796422838439578e-20,-0.9628563422098082,0.078,0.162,7.97770872309727e-16
NSD3,2.1970694614752917e-20,-0.29992391473936864,0.626,0.757,8.041493935945715e-16
ZFP36L1,2.4127189001283815e-20,0.6535282049299427,0.433,0.351,8.830792446359889e-16
SENP6,2.5349819913122693e-20,-0.3220811278842386,0.607,0.746,9.278287586402037e-16
SCAI,2.589879573838186e-20,-0.7242092043308892,0.143,0.246,9.479218228205145e-16
KLF7,2.6740327092276606e-20,-0.4424981522839668,0.316,0.451,9.78722711904416e-16
PIK3CB,2.676828966253852e-20,-0.39904220157356185,0.338,0.477,9.797461699385725e-16
DIP2A,2.798832214727063e-20,-0.45382508508782876,0.245,0.375,1.0244005789122523e-15
STIM2,2.8834718413887607e-20,-0.3687439069937055,0.467,0.614,1.0553795286667003e-15
SOD1,2.919601804841867e-20,0.8299668552201604,0.282,0.189,1.0686034565901716e-15
MRTFB,2.9350247469952317e-20,-0.7090420880965979,0.151,0.254,1.0742484076477248e-15
JUND,3.059054537798881e-20,0.8543061384102123,0.297,0.206,1.1196445513797684e-15
MIA2,3.127643359074814e-20,-0.47757508684725003,0.241,0.365,1.1447487458549727e-15
LINC01237,3.15434410368352e-20,-0.9208345176727106,0.097,0.189,1.154521485389205e-15
ATP10A,3.450100119719033e-20,-0.4989280597911222,0.303,0.43,1.2627711448183634e-15
BMT2,3.714636572237424e-20,-0.8180057382332361,0.141,0.24,1.3595941318046194e-15
GMFG,3.9078877191384493e-20,0.7211896279729981,0.373,0.288,1.4303259840818638e-15
FNDC3A,4.1812488531285766e-20,-0.30767535051636186,0.628,0.761,1.5303788927335904e-15
DYM,4.572542666314162e-20,-0.2860463741436239,0.626,0.758,1.6735963412976465e-15
COPE,4.639163228529346e-20,1.0077188245130135,0.228,0.144,1.697980133274026e-15
CD37,4.8682527685092115e-20,0.8527450547929144,0.286,0.196,1.7818291958020563e-15
CRLF3,5.0822388201421133e-20,-0.4815916126615251,0.241,0.367,1.8601502305602147e-15
ANKS1A,5.799448775966189e-20,-0.7551822412676936,0.133,0.233,2.122656246491385e-15
UBE4B,6.238263351060093e-20,-0.5349681555289587,0.252,0.375,2.2832667691215047e-15
PIM1,7.378865328363685e-20,-0.637746178277059,0.164,0.275,2.7007384988343922e-15
CEP350,7.495035489743421e-20,-0.31386337563536637,0.5,0.652,2.7432579396009893e-15
LCOR,7.885751771014978e-20,-0.3799229564679487,0.46,0.598,2.886264005709192e-15
CDRT4,8.349635665153167e-20,-0.9235885366446875,0.078,0.16,3.0560501498027106e-15
AC053513.1,8.414087911166055e-20,0.9683411241774659,0.28,0.191,3.0796403163658874e-15
AL031772.1,9.277381059438498e-20,0.9463334023646224,0.262,0.175,3.3956142415650846e-15
DENND6A-AS1,9.315078402313231e-20,1.0588562045587053,0.216,0.132,3.4094118460306657e-15
EIF3F,1.1765311005289872e-19,0.7588269905715921,0.359,0.271,4.306221481046146e-15
CASC4,1.2046001056796422e-19,-0.7290759310857315,0.166,0.269,4.408956846798058e-15
EIF2B3,1.2076942516171016e-19,-1.0185007496734166,0.083,0.165,4.420281730343754e-15
SETD3,1.2144155428796974e-19,-0.8399490270518296,0.104,0.194,4.44488232849398e-15
TPT1-AS1,1.2159720053582248e-19,-0.5874178403818595,0.152,0.259,4.450579136811639e-15
AC024084.1,1.2220091898923994e-19,-1.0978737669978351,0.078,0.157,4.472675835925171e-15
WDFY2,1.328836341799054e-19,-0.468290441621527,0.398,0.526,4.863673894618717e-15
ATP8B2,1.3562507710863593e-19,-0.5988450287624294,0.156,0.264,4.964013447253184e-15
FAM120A,1.3801911063761634e-19,-0.4537885158405553,0.344,0.48,5.051637468447395e-15
ZMIZ1,1.41457448383949e-19,-0.7909301014356385,0.115,0.208,5.177484068300917e-15
SNX14,1.416693177371536e-19,-0.4724920843603825,0.267,0.394,5.185238698497559e-15
PPDPF,1.4260470376026138e-19,1.122479197891975,0.185,0.108,5.219474762329327e-15
GPR155,1.5670033461597639e-19,-0.386094700033627,0.352,0.484,5.735388947279352e-15
RAD50,1.5993078089102395e-19,-0.6270646701319923,0.175,0.284,5.853626511392367e-15
ZNF638,1.6585582833311217e-19,-0.3057076404833827,0.555,0.698,6.070489172820238e-15
CERT1,1.7113831451224825e-19,-0.36688715080456236,0.325,0.466,6.263833449462798e-15
VPS35L,1.7823006494954778e-19,-0.662209021275074,0.118,0.215,6.523398607218398e-15
FAM217A,1.841699253497946e-19,1.4774018699328066,0.127,0.061,6.7408034377278325e-15
ATP6V0C,1.8425968097403214e-19,1.0628565389734561,0.201,0.122,6.74408858333055e-15
PCSK7,1.8506478922454658e-19,-0.35601635115910324,0.389,0.54,6.77355635040763e-15
OIP5-AS1,2.1140679094311824e-19,-0.6224934468335529,0.152,0.258,7.737699955309071e-15
CPNE8,2.1508155780467203e-19,-0.7972476080154002,0.111,0.203,7.8722000972088e-15
BICRAL,2.159213212954472e-19,-0.4520939692854542,0.283,0.409,7.902936280734663e-15
PPP1R15A,2.2082893981542206e-19,1.7654990442074228,0.087,0.032,8.082560026184263e-15
PCED1B-AS1,2.5492271677895863e-19,-0.46834008929844484,0.318,0.452,9.330426356826665e-15
ANXA6,2.567170868675915e-19,-0.6328676999590748,0.187,0.296,9.396102096440716e-15
LINC02100,2.6416662360799213e-19,-0.8556215916779526,0.095,0.181,9.66876259067612e-15
INTS6L,2.8956152945316657e-19,-0.6515212827564132,0.15,0.253,1.059824153951535e-14
ST3GAL3,2.898965758292379e-19,-0.7078052714782352,0.17,0.271,1.0610504571925937e-14
ARHGEF6,2.9540351428281203e-19,-0.5284736453049433,0.275,0.397,1.0812064026265204e-14
SNRPN,2.9726686308909983e-19,1.2315108253370548,0.138,0.069,1.0880264455924143e-14
CEP192,3.234540969841286e-19,-0.4336203302697893,0.278,0.408,1.1838743403716092e-14
NDUFS4,3.292335740138768e-19,-0.49054815489115067,0.258,0.375,1.2050278042481905e-14
STXBP5,3.525940727318018e-19,-0.3525160157428906,0.471,0.617,1.2905295656056677e-14
OST4,3.7459316870841627e-19,1.3494571503429766,0.135,0.067,1.3710484567896744e-14
NSMCE3,4.053236963404527e-19,1.3085918675991695,0.134,0.067,1.483525260975691e-14
BBX,4.267995012368929e-19,-0.3097192972442242,0.724,0.809,1.5621288544771516e-14
ARSB,4.4316597263459625e-19,-0.8916505664387981,0.091,0.176,1.6220317764398858e-14
UBN2,4.4440348843570285e-19,-1.1109551535606703,0.076,0.155,1.626561208023516e-14
PIK3C3,4.537670344345139e-19,-0.43683834726416515,0.341,0.471,1.6608327227337643e-14
TBC1D1,5.034204376992399e-19,-0.5028376317051458,0.272,0.395,1.8425691440229877e-14
MSRA,5.136735184777506e-19,-0.7061193537747723,0.221,0.328,1.880096444980415e-14
MGA,5.7226848340281645e-19,-0.49497093054068453,0.252,0.373,2.0945598761026484e-14
CCDC18-AS1,5.740731826513254e-19,-0.4688133336455638,0.297,0.425,2.101165255822116e-14
SYNE3,5.885525837674478e-19,-0.6849539702701483,0.16,0.264,2.1541613118472357e-14
PRPF4B,6.052160559047388e-19,0.42401500084411303,0.632,0.576,2.2151512862169347e-14
UBR3,6.197636883782744e-19,-0.31801072280672904,0.514,0.647,2.268397075833322e-14
ILRUN,6.46437356610956e-19,-0.5898662940813321,0.178,0.288,2.36602536893176e-14
CDK13,6.601807814262583e-19,-0.23847128530298933,0.658,0.791,2.416327678098248e-14
ACTB,6.819678758309647e-19,0.32688154489246113,0.836,0.836,2.496070622328914e-14
CDHR3,6.826820284774417e-19,-0.8305737741064022,0.119,0.21,2.4986844924302844e-14
TMTC4,6.908451539997547e-19,-0.8929798945765854,0.065,0.14,2.5285623481545023e-14
NMRK1,7.241030005927448e-19,-0.7043984840951764,0.14,0.239,2.6502893924695054e-14
CDKN2D,7.382560574538024e-19,1.2682328670332381,0.147,0.077,2.7020909958866623e-14
MSC-AS1,7.449377874703944e-19,-1.579080816921034,0.038,0.1,2.7265467959203906e-14
ADK,7.544928982922602e-19,-0.26074901441847853,0.718,0.826,2.7615194570395016e-14
SPAG1,8.38199465129446e-19,1.6593026937466824,0.109,0.049,3.067893862320286e-14
DTNB,8.494559757223612e-19,-0.4403521690243841,0.36,0.486,3.109093816741414e-14
IQGAP1,8.590731871914612e-19,-0.4188484396138006,0.412,0.556,3.144293772439467e-14
KANTR,8.673205069185339e-19,-0.7306394473238496,0.136,0.234,3.174479787372526e-14
VPS13C,8.699778555891418e-19,-0.27502769807280636,0.746,0.85,3.184205949241818e-14
DISP1,8.730398792728723e-19,-1.3182344980207006,0.034,0.095,3.1954132621266396e-14
PTPRM,9.187194536335803e-19,-0.6571052415195233,0.145,0.243,3.362605072244267e-14
RETREG1,9.231480562460304e-19,-0.5629936702483564,0.249,0.362,3.378814200666096e-14
ZNF718,9.334944767707845e-19,-0.5644374126516509,0.172,0.28,3.4166831344287485e-14
RPA3,1.030135648557453e-18,1.3592967159494918,0.151,0.081,3.7703994872851336e-14
KATNBL1,1.1058342469669307e-18,-0.7728872495785971,0.129,0.221,4.047463927323663e-14
RHOT1,1.1206693209428281e-18,-0.6779412095014259,0.13,0.225,4.1017617815828454e-14
CRYZL1,1.1652044801030116e-18,-0.6071896262219723,0.109,0.201,4.2647649176250327e-14
WASF2,1.2399483644580039e-18,-0.40620464780889864,0.34,0.469,4.53833500875274e-14
BDP1,1.251869634824728e-18,-0.36660474293293294,0.328,0.465,4.581968050421987e-14
VPS50,1.2667696852059628e-18,-0.4950362041110618,0.27,0.386,4.6365037248223445e-14
FOSB,1.328267257074451e-18,2.3074350019622947,0.054,0.013,4.861590987618198e-14
DPYD-AS1,1.3340492147932306e-18,0.9334693310989373,0.286,0.202,4.882753531064703e-14
TNFSF8,1.4124476141123779e-18,-0.4274569449811312,0.455,0.583,5.1696995124127145e-14
NIPBL,1.4465515707339877e-18,-0.23057615304073042,0.813,0.902,5.2945234040434685e-14
PIGL,1.5274408226296002e-18,-0.6196712705342494,0.175,0.279,5.5905861549065996e-14
KLHL5,1.5846225262773202e-18,-0.44489390574447496,0.451,0.574,5.79987690842762e-14
STK4,1.6976595187724553e-18,-0.19882452592986777,0.847,0.925,6.213603604659064e-14
LINC00894,1.7065625055745213e-18,-0.8533176118174733,0.078,0.157,6.246189426653306e-14
BAZ2B,1.7072664968645051e-18,-0.5037056000552319,0.283,0.408,6.248766105173776e-14
PEBP1,1.830442206194928e-18,0.8499520248988472,0.271,0.184,6.699601518894056e-14
IER5,1.8311710650747456e-18,1.4144877266225826,0.121,0.058,6.702269215280076e-14
TFB1M,1.8512482099630624e-18,-0.8659380283304436,0.084,0.165,6.775753573285804e-14
ANKRD26,1.8715583891054534e-18,-0.7577002411668378,0.109,0.197,6.85009085996487e-14
IMMT,1.8809712559886615e-18,-0.6647567618602106,0.181,0.286,6.8845428940441e-14
SPAST,1.9755710939190727e-18,-0.8021560977683394,0.097,0.183,7.230787760853198e-14
C20orf194,2.0208891913478543e-18,-0.6516125227255931,0.151,0.251,7.396656529252282e-14
ARFIP1,2.0845633964957147e-18,-1.3440891523431644,0.055,0.124,7.629710487513965e-14
SLC25A5,2.176261767089028e-18,1.3812243492105092,0.11,0.049,7.96533569372255e-14
GSTK1,2.1951092216115134e-18,0.5665893213389152,0.454,0.375,8.034319262020301e-14
TANC2,2.241832018771823e-18,-0.5712850141589507,0.266,0.377,8.20532937190675e-14
NAP1L1,2.257064706681447e-18,0.3820172188647475,0.699,0.66,8.261082532924764e-14
IL17RA,2.480296668242964e-18,-0.5191339134713896,0.168,0.275,9.078133835436073e-14
SPTLC2,2.9133119808826062e-18,-0.5854371793045164,0.181,0.287,1.0663013181228427e-13
SBDS,2.929781490821911e-18,0.9371928160317009,0.229,0.148,1.0723293234557277e-13
SMG6,3.07682081805752e-18,-0.39145061148879134,0.381,0.514,1.1261471876172329e-13
CCL5,3.1740788108754573e-18,1.234889144011693,0.177,0.102,1.1617445855685261e-13
HCG18,3.2816384628011666e-18,-0.9766413074627762,0.069,0.144,1.201112493769855e-13
ESR1,3.2840495010014144e-18,-0.7734016372842112,0.143,0.237,1.2019949578615276e-13
ABR,3.439265158251007e-18,-0.8024267734327506,0.094,0.179,1.258805440571451e-13
ZFYVE16,3.4409658418281007e-18,-0.9877398711670844,0.066,0.139,1.2594279077675032e-13
TIAM2,3.461969444316222e-18,-0.5821827228937588,0.213,0.321,1.2671154363141803e-13
RAB8B,3.666321155089347e-18,0.46048508973048463,0.589,0.519,1.341910205974252e-13
TRIP11,3.6986177470598306e-18,-0.4970201040662118,0.162,0.268,1.3537310816013685e-13
BEX2,3.726878945851216e-18,1.2899042080483534,0.126,0.062,1.3640749629710036e-13
INTS9,3.727886915796559e-18,-1.2141743240807166,0.052,0.12,1.3644438900506985e-13
AL139022.1,3.738498215677496e-18,1.3279961763708665,0.124,0.06,1.3683277319201203e-13
TNRC6B,3.794394431294821e-18,-0.1613914300657826,0.917,0.97,1.3887863057982174e-13
PSMB6,3.8283786354139e-18,1.550615511627139,0.091,0.036,1.4012248643478417e-13
PET100,3.923368254964696e-18,1.4355312249778134,0.122,0.059,1.4359920149996285e-13
PRIM2,3.982617669727327e-18,-0.4966382738822289,0.238,0.351,1.457677893296899e-13
ITM2A,4.082742229097915e-18,0.8646311190815952,0.241,0.155,1.4943244832721278e-13
USP46,4.157493313075919e-18,-0.6076182348188685,0.2,0.306,1.521684127518917e-13
VKORC1L1,4.1724570496988604e-18,-1.1557126919277916,0.059,0.129,1.5271610047602798e-13
PRKX,4.275999463474845e-18,-0.4600937491382304,0.357,0.481,1.565058563626428e-13
AC092652.1,4.331872061428239e-18,0.7882148051832779,0.295,0.21,1.5855084932033496e-13
LINC01278,4.739631727535918e-18,-0.5293598100637953,0.19,0.296,1.7347526085954211e-13
TVP23C,4.990489975919339e-18,-0.6004303270012397,0.167,0.27,1.8265692360862374e-13
USP3,6.022878687415108e-18,-0.20759922315570334,0.846,0.924,2.2044338283808038e-13
RAPGEF1,6.153770658454481e-18,-0.23703471928104358,0.556,0.69,2.2523415987009245e-13
AL365356.1,6.200035918833419e-18,1.493228258580073,0.115,0.054,2.2692751466522197e-13
HERC6,6.237731627446403e-18,-0.5994887716293987,0.155,0.252,2.283072152961658e-13
SLFN13,6.453868793032829e-18,-0.9643725294832073,0.081,0.159,2.3621805169379454e-13
BLOC1S4,6.51994654247005e-18,1.8136012266685615,0.068,0.022,2.386365634009463e-13
LINC-PINT,6.570512255607344e-18,-0.41848585391919924,0.409,0.54,2.404873190674844e-13
UTY,6.575475927188544e-18,-0.20662588773782797,0.813,0.91,2.4066899441102787e-13
MAP2K1,6.9293733984480476e-18,-0.5431155463517734,0.218,0.329,2.53621995756597e-13
ETS1,7.107196252505001e-18,-0.24554827871458684,0.85,0.919,2.601304900379355e-13
MRPL42,7.455717817913047e-18,-0.6991135273183905,0.1,0.185,2.7288672785343544e-13
S100A8,7.494861297629883e-18,0.7545519357055128,0.276,0.189,2.743194183545514e-13
PIGK,8.157447070090542e-18,-0.8425495947131858,0.108,0.193,2.9857072021238395e-13
SEC31A,8.501201282538326e-18,-0.45649391004965933,0.318,0.441,3.111524681421853e-13
PNRC1,8.533084279704685e-18,0.6257219286402727,0.456,0.383,3.123194177214712e-13
POLK,8.574359300095128e-18,-0.49439683887153835,0.196,0.305,3.1383012474278177e-13
TCAIM,9.487485037111554e-18,-1.3126643601545391,0.035,0.094,3.4725143984332e-13
GABARAP,9.861666797420833e-18,0.8267331340938129,0.25,0.167,3.6094686645239993e-13
EXT2,1.0016490363653266e-17,-0.6553604051752502,0.123,0.213,3.666135638000732e-13
ID2,1.0067283176111591e-17,0.7560277584099571,0.302,0.213,3.6847263152886033e-13
CALM2,1.040052574453265e-17,0.6088256156614338,0.412,0.331,3.8066964277563953e-13
IRF2BP2,1.1943174088531514e-17,0.7781769730445409,0.303,0.221,4.37132114814342e-13
LINC00511,1.2416648347189276e-17,-1.2615096612029246,0.055,0.121,4.544617461554747e-13
USO1,1.2739404912133299e-17,-0.6099320940901437,0.159,0.261,4.662749591889909e-13
CYTIP,1.3880014755702274e-17,-0.2747345959708827,0.647,0.762,5.08022420073459e-13
CEBPZ,1.4683762328481637e-17,0.7627570733360072,0.342,0.26,5.374403849847564e-13
SETDB2,1.516851842868376e-17,-0.6103881587658624,0.116,0.207,5.551829430082542e-13
HSP90AA1,1.5321341219274435e-17,0.48871368455942865,0.655,0.623,5.607764099666636e-13
UBL5,1.6405937928837526e-17,1.227561241589268,0.137,0.071,6.004737341333823e-13
UBE3D,1.7239511792905325e-17,-0.6940948660401307,0.121,0.209,6.309833711321278e-13
UBE2G2,1.733110814920096e-17,-0.5088449360069206,0.212,0.327,6.343358893689043e-13
IFI16,1.7592098251982876e-17,-0.23835442064241819,0.432,0.579,6.438883881208253e-13
PRKCQ-AS1,1.7777449393313988e-17,-0.5266370416208725,0.244,0.355,6.506724252446853e-13
PIK3R1,1.793925025126263e-17,0.37267888655738,0.775,0.734,6.565944984464635e-13
FKBP11,1.8415263039285284e-17,1.0321721338389307,0.207,0.131,6.740170425008807e-13
EID1,1.859600374970515e-17,0.83180930356909355,0.274,0.192,6.806323332429581e-13
AVL9,1.9244391984500396e-17,-0.3564959779793321,0.347,0.475,7.04363991024699e-13
PPP2R5E,2.0360437528667185e-17,-0.35078817092611003,0.369,0.499,7.452123739867476e-13
PCGF5,2.0715113771753208e-17,-0.3095661411958863,0.615,0.732,7.581938791599392e-13
AL359232.1,2.0773581744200633e-17,-0.9645144082136001,0.105,0.186,7.603338654194874e-13
ATP11C,2.13328605667815e-17,-0.553592614080016,0.181,0.283,7.808040296047697e-13
AL359636.2,2.1917911267746447e-17,-1.5036562802577351,0.027,0.08,8.022174703107877e-13
USP34,2.2053286946254563e-17,-0.20821302849880885,0.812,0.907,8.071723555198633e-13
NNT,2.2381052677785497e-17,-0.4541787093103168,0.234,0.347,8.19168909059627e-13
PDS5A,2.27776354689265e-17,-0.26220202911817325,0.62,0.752,8.336842357981788e-13
DDIT4,2.4505460684576378e-17,1.101235630929349,0.168,0.096,8.969243665161801e-13
CTSW,2.6196659989752154e-17,1.5644975646800103,0.087,0.035,9.588239522849186e-13
XRCC4,2.6453425857708562e-17,-0.7730536324234348,0.09,0.17,9.68221839817991e-13
RNASEH2B,2.709321203319844e-17,-0.43462716673696944,0.29,0.413,9.916386536270961e-13
CHD7,2.7286414604892727e-17,-0.4344644998004452,0.345,0.468,9.987100609536787e-13
PGM2L1,2.745715115374179e-17,-0.892641080633851,0.07,0.143,1.0049591893781032e-12
LINC02725,2.8646085884285936e-17,-1.302666034351444,0.041,0.101,1.0484753894507495e-12
AL137779.2,2.924426182959461e-17,1.8531626999476645,0.085,0.034,1.0703692272249924e-12
ANKUB1,2.9302874316382726e-17,0.9041393284873886,0.271,0.19,1.0725145028539242e-12
ST3GAL1,3.2118073495826816e-17,-0.33169933812131247,0.483,0.62,1.1755536080207572e-12
DOP1B,3.274518364073723e-17,-0.7023279948156272,0.119,0.206,1.1985064664346234e-12
ZNF207,3.300721179541549e-17,-0.26522094563248166,0.531,0.68,1.2080969589240024e-12
AC009093.2,3.3834294627134283e-17,-0.5462543338646748,0.133,0.227,1.238369017647742e-12
TMEM71,3.4323822233338974e-17,-0.6938898732905204,0.162,0.258,1.2562862175624398e-12
SATB1-AS1,3.457440746923851e-17,-0.6480500022121319,0.222,0.321,1.2654578877815988e-12
SPATA5,3.679126380738491e-17,-0.3671544887240372,0.408,0.536,1.3465970466140951e-12
L3MBTL3,3.684454613515964e-17,-0.42374946062276614,0.25,0.367,1.348547233092978e-12
ZNF407,3.80930239268816e-17,-0.3126982191298775,0.57,0.688,1.3942427687477934e-12
CNOT10,3.827729267490117e-17,-0.5544274803569108,0.123,0.214,1.4009871891940577e-12
C12orf57,3.974921142440639e-17,1.2490946159036496,0.137,0.072,1.4548608873446983e-12
ADAMTS17,4.139687768728781e-17,-0.5310216623386781,0.157,0.255,1.5151671202324212e-12
INO80,4.897851348631833e-17,-0.49099605633656784,0.221,0.331,1.7926625721127372e-12
TRIM44,4.941358990133825e-17,-0.5017086234826581,0.282,0.391,1.8085868039788814e-12
CD3E,4.973487819099915e-17,0.6609104513258687,0.367,0.29,1.8203462766687596e-12
TAF1B,5.056236627089954e-17,-0.6936794689558524,0.114,0.201,1.850633167881194e-12
RBM38,5.899674642158657e-17,0.9927117213635241,0.201,0.127,2.15933991577649e-12
TRAT1,6.208666039166001e-17,-0.41167137037329615,0.45,0.574,2.272433856995148e-12
HLA-DMA,6.411789015614748e-17,1.921310008399471,0.061,0.019,2.3467788976051538e-12
CROCC,6.460577150169208e-17,1.1322569351795577,0.18,0.108,2.3646358427334315e-12
DERA,6.56561895333653e-17,-0.9999826262650178,0.077,0.149,2.4030821931107034e-12
RNGTT,6.663804235532778e-17,-0.26261073230363796,0.519,0.663,2.439018988247352e-12
PHIP,6.947681521245955e-17,-0.30581743809414563,0.634,0.752,2.5429209135912317e-12
ECE1,7.075840472632547e-17,-0.34041151588531837,0.228,0.344,2.5898283713882386e-12
ZNF148,7.691537712741288e-17,-0.26933059141549687,0.552,0.692,2.8151797182404387e-12
CLOCK,8.164825225579386e-17,-0.6003740639408561,0.171,0.268,2.988407680814311e-12
IPO11,8.39618589748747e-17,-0.6998876122896467,0.113,0.2,3.0730880003393887e-12
FRMD4B,8.679963482258949e-17,-0.8599817622644419,0.072,0.145,3.176953434141598e-12
PSMB1,8.932171650516946e-17,0.85951242729656685,0.231,0.152,3.2692641458057073e-12
CRIP1,9.003592328674111e-17,0.7645148799572064,0.345,0.265,3.2954048282180115e-12
SIDT1,9.142466366062079e-17,-0.38357405103278996,0.384,0.512,3.3462341146423816e-12
VAMP4,9.717068017279268e-17,-0.8914792521169828,0.077,0.15,3.556544065004385e-12
ELOVL6,9.812520145752102e-17,-1.2546172737089976,0.044,0.104,3.5914804985467267e-12
ARFGEF1,1.0047178142136155e-16,-0.264302926824896,0.668,0.783,3.677367671803254e-12
TASP1,1.0509544812250211e-16,-0.4775194634140566,0.265,0.376,3.8465984967317e-12
ITPR1,1.0710922437176634e-16,-0.4122343375837711,0.304,0.426,3.92030472123102e-12
ATP5MC3,1.0716453269980041e-16,1.1733325277448052,0.129,0.066,3.922329061345395e-12
XIAP,1.080181662162081e-16,-0.5102237316589942,0.152,0.25,3.953572901679433e-12
ZNF544,1.104685861291378e-16,-0.7479062076730532,0.083,0.16,4.0432607209125725e-12
DPH6,1.238352736884441e-16,-0.5423316215950509,0.174,0.271,4.532494852270743e-12
YIPF4,1.2732409575303697e-16,-0.3804467803136606,0.345,0.474,4.660189228656907e-12
IGSF9B,1.3443505383819098e-16,-1.1103751892255844,0.053,0.117,4.920457405531628e-12
RAB11FIP1,1.4590726372090574e-16,-0.4436599354298649,0.273,0.389,5.340351759448871e-12
DTNBP1,1.486463646329466e-16,-0.6187481872665541,0.184,0.279,5.440605591930478e-12
POLA1,1.5205004987569442e-16,-0.8573684267362071,0.094,0.171,5.565183875500292e-12
JAK3,1.521359336277283e-16,-0.5501485860439617,0.237,0.344,5.568327306708484e-12
ICAM3,1.5240678528062187e-16,0.8595254868714277,0.249,0.171,5.578240748056041e-12
CLHC1,1.5523342294046385e-16,-1.4629235925669333,0.028,0.08,5.6816985130439176e-12
SNRPD2,1.564231464472242e-16,1.120010485994512,0.141,0.076,5.7252435831148534e-12
ARHGAP18,1.8013806102707023e-16,-1.6174674591138092,0.03,0.082,6.593233171651798e-12
SLC37A3,1.8362173388964196e-16,-0.810394769552826,0.072,0.144,6.720739082094785e-12
IRF1,1.8390175085572948e-16,0.5944414395590581,0.481,0.413,6.730987983070555e-12
CLASP2,1.915733447402809e-16,-0.2854699678108148,0.501,0.632,7.011775990839021e-12
CREB1,2.0252420930258458e-16,-0.3407419772207577,0.386,0.521,7.412588584683898e-12
WBP1L,2.162184958735992e-16,-0.8916243704455242,0.068,0.138,7.913813167469605e-12
SMDT1,2.231259574176017e-16,1.1152177712270346,0.134,0.071,8.166633167441639e-12
ARHGAP21,2.341464277946637e-16,-1.0464095215324516,0.07,0.139,8.569993403712485e-12
BICD1,2.4542892412197895e-16,-0.5815833244456075,0.187,0.284,8.982944051788551e-12
PRMT3,2.524558827190559e-16,-0.577537491269069,0.207,0.311,9.240137763400165e-12
MAP2K5,2.527927532519551e-16,-0.31017490606407316,0.368,0.492,9.252467561774808e-12
KDM3A,2.539071095121878e-16,-0.4757896053766911,0.269,0.383,9.293254115255586e-12
SLC14A1,2.600108943687457e-16,-0.9447244999035933,0.082,0.154,9.516658744790462e-12
CD200R1,2.6479106537221713e-16,-1.461338719899052,0.031,0.084,9.69161778368852e-12
AC106795.3,2.7009989160438783e-16,-0.9088572072914096,0.074,0.145,9.8859261326122e-12
COX6B1,2.7434724466986744e-16,1.0872489197186854,0.152,0.085,1.0041383502161818e-11
AKAP10,2.999930550574601e-16,-0.4146003439679435,0.226,0.335,1.0980045808158097e-11
PPP1R12A,3.023049451580297e-16,-0.25052753931061167,0.732,0.836,1.1064663297729044e-11
SLC25A13,3.111870302515324e-16,-0.45417836742814655,0.208,0.313,1.1389756494236339e-11
COX10-AS1,3.2415504219263404e-16,-0.5468896498230832,0.191,0.29,1.1864398699292598e-11
TNKS,3.4247366086415906e-16,-0.2982426608490394,0.543,0.673,1.2534878461289086e-11
OXNAD1,3.618906721819855e-16,-0.3523105147782457,0.57,0.684,1.324556049253285e-11
SRSF10,3.7092751372515547e-16,0.39167694351543525,0.63,0.587,1.3576317929854416e-11
NSF,3.832806459246839e-16,-0.44744510539744353,0.192,0.298,1.4028454921489355e-11
JTB,4.0123234932107005e-16,1.0443960497875857,0.157,0.09,1.4685505217500485e-11
TMEM164,4.1692574610589353e-16,-1.0242520921142644,0.058,0.122,1.525989923322181e-11
DHRSX,4.209165960102905e-16,-0.6175095246622779,0.156,0.246,1.540596833057264e-11
ZFYVE28,4.25627403142934e-16,-0.46676752207690636,0.223,0.331,1.557838858243453e-11
AP3B1,4.309119336872649e-16,-0.2705281023769879,0.592,0.72,1.5771807684887582e-11
AC009120.2,4.4284753225994636e-16,-0.7273647416325473,0.084,0.16,1.6208662528246297e-11
PLEKHA5,4.583513592816686e-16,-0.741576708734779,0.132,0.215,1.6776118101068353e-11
FYN,5.206698635011212e-16,0.35473624982003793,0.947,0.943,1.9057037674004537e-11
STRBP,5.314413662235536e-16,-0.8049251352910896,0.133,0.218,1.9451285445148284e-11
VPS53,5.413059624510465e-16,-0.4003342487133608,0.235,0.345,1.9812339531670753e-11
MCU,5.451430302872653e-16,-0.7708353266621139,0.126,0.209,1.9952780051544198e-11
AC093157.1,5.471029720557134e-16,-0.6916835045169496,0.122,0.206,2.0024515880211166e-11
HEATR5A,5.535568041463545e-16,-0.9259820192563397,0.066,0.133,2.026073258856072e-11
HERC3,6.017364059986776e-16,-0.34589673135746146,0.391,0.519,2.20241541959576e-11
PHF14,6.217687771544348e-16,-0.29012936569711534,0.413,0.542,2.275735901262947e-11
RBM41,6.371909912319159e-16,-0.7029045488851613,0.087,0.162,2.3321827470079354e-11
XRRA1,6.411937824649797e-16,-0.5187916589051245,0.214,0.318,2.346833363200072e-11
ARHGAP17,6.553736094262003e-16,-0.4905297177793752,0.167,0.266,2.398732947860836e-11
NDUFS5,6.635794376089814e-16,1.0835661299237793,0.15,0.085,2.4287670995926327e-11
MT2A,7.002531515245085e-16,1.5697137580091385,0.096,0.044,2.5629965598948536e-11
NGLY1,7.032418916645473e-16,-0.33022599112779144,0.252,0.368,2.5739356476814095e-11
CD247,7.729623904707014e-16,-0.2271023495814526,0.88,0.931,2.829119645361814e-11
SMG7,8.225900969840394e-16,-0.4113268513798291,0.254,0.369,3.0107620139712824e-11
RUFY3,8.334944148175117e-16,-0.7541755709588834,0.117,0.198,3.050672907673575e-11
HIST1H1E,8.386986132728477e-16,0.8223137248135649,0.24,0.163,3.0697207944399496e-11
SETD5,8.713771733351537e-16,-0.37272266686051003,0.37,0.491,3.189327592123996e-11
C15orf41,8.77319410352432e-16,-0.7821725382738404,0.101,0.177,3.2110767738309364e-11
MAPK1,8.8434084772647845e-16,-0.33308509762127203,0.361,0.493,3.2367759367636836e-11
PBRM1,8.963422347783617e-16,-0.28099877529423856,0.406,0.539,3.2807022135122817e-11
ABI2,8.966306019613729e-16,-0.8862712662315065,0.105,0.182,3.281757666238821e-11
AC008083.3,9.066236516329352e-16,-1.2643034744388029,0.033,0.086,3.318333227341706e-11
AL360091.3,9.544143584980917e-16,1.5582387025733515,0.102,0.048,3.4932519935388654e-11
PDE3B,1.04877009901424e-15,0.24839999712810235,0.927,0.908,3.83860343940202e-11
VPS41,1.063440241676298e-15,-0.43319202919157357,0.238,0.348,3.8922976285594186e-11
GPATCH2,1.1240838541239023e-15,-0.45102762989615275,0.206,0.31,4.114259314478895e-11
TTC3,1.1562003475089227e-15,-0.2815464435548145,0.494,0.624,4.231808891917408e-11
PARP14,1.169517240889442e-15,-0.37472724015901226,0.284,0.401,4.2805500533794466e-11
MBNL3,1.2070927167659556e-15,-0.9153209663020082,0.094,0.169,4.418080052635074e-11
SASH1,1.33610840942569e-15,-1.9805796085724388,0.022,0.068,4.8902903893389676e-11
LDHB,1.3389485390424383e-15,0.5136387421674415,0.512,0.456,4.9006855477492284e-11
ATG10,1.4988407439925753e-15,-0.6149314497276958,0.181,0.273,5.485907007087225e-11
WDR33,1.50644834408393e-15,-0.28700572500633004,0.536,0.67,5.5137515841815916e-11
ALG13,1.5309794279070812e-15,-0.480118885866238,0.275,0.385,5.603537804082708e-11
UBE2F,1.57287091532809e-15,-0.6261677174960214,0.121,0.204,5.756864837192342e-11
NCALD,1.61118219781703e-15,-0.7088013999037512,0.255,0.343,5.897087962230112e-11
GTF2F2,1.6264540114197247e-15,-0.5456557989634984,0.194,0.292,5.952984327197335e-11
ME2,1.7525674338070986e-15,-0.44185831473554404,0.16,0.255,6.414572064477362e-11
KRIT1,1.8671987656696055e-15,-0.4822798313453527,0.223,0.329,6.834134202227323e-11
DDX21,1.9405487937391914e-15,0.5220315489457092,0.503,0.44,7.102602639964814e-11
APBA2,2.0012287863931258e-15,-0.4149851639093904,0.218,0.325,7.32469748107748e-11
ZNF708,2.1047157016977525e-15,-0.2886739528723104,0.334,0.462,7.703469939783944e-11
AC090825.1,2.1420802556155283e-15,-0.6771753651175505,0.117,0.197,7.840227943578395e-11
AC067945.4,2.1744445562487044e-15,1.468363425129158,0.107,0.052,7.958684520325883e-11
ITPK1,2.2142215701883177e-15,-0.9294970182422875,0.053,0.114,8.104272369046261e-11
TM2D1,2.30459689665142e-15,-0.4075647831104388,0.221,0.328,8.435055101433863e-11
PYHIN1,2.3326214125640218e-15,-0.39911513863093756,0.3,0.414,8.537627632125576e-11
CAMK4,2.53038920687349e-15,-0.17699424502662087,0.947,0.977,9.261477536077661e-11
EDEM3,2.541895763000772e-15,-0.4153006313274686,0.297,0.409,9.303592682159126e-11
ZFP64,2.6300277658234673e-15,-1.3419048574964523,0.036,0.089,9.626164625690473e-11
REV3L,2.780964347213056e-15,-0.32381370626038475,0.432,0.554,1.0178607607234506e-10
MEGF9,2.941914911918843e-15,-0.6295031585055889,0.159,0.246,1.0767702769114158e-10
FBXO42,3.0624563207188747e-15,-0.5505148238047615,0.168,0.263,1.1208896379463153e-10
MPHOSPH9,3.0655315509140556e-15,-0.44635153494354884,0.186,0.287,1.1220152029500534e-10
ZDHHC13,3.076241046431307e-15,-0.8180718952293062,0.077,0.146,1.1259349854043227e-10
ASB7,3.083914958732293e-15,-0.7732685500883774,0.077,0.146,1.1287437140456065e-10
TBC1D32,3.165372201121666e-15,-0.5837039456743387,0.179,0.27,1.158557879332541e-10
AL157402.2,3.2759121408069057e-15,1.4894292508623526,0.099,0.047,1.1990166026567356e-10
ABL2,3.2873420713364127e-15,-0.491132371724042,0.147,0.236,1.2032000715298404e-10
ZEB2,3.2985597507986062e-15,-0.5915289619668511,0.073,0.144,1.207305854389798e-10
WDR25,3.3607974802667176e-15,-1.1146117553991124,0.039,0.094,1.2300854857524214e-10
EYA3,3.567230486979746e-15,-0.5581038476339802,0.143,0.233,1.3056420305394568e-10
RNF24,3.623518442382795e-15,-0.7616200161398866,0.106,0.182,1.3262439850965267e-10
RALY,3.63548065808332e-15,-0.3550826541570441,0.384,0.509,1.330622275665076e-10
ATP5IF1,3.643020464375672e-15,1.09993922572507,0.152,0.088,1.33338192016614e-10
TBCD,3.649815393455289e-15,-0.660891840282456,0.116,0.197,1.3358689321585703e-10
LARS,3.662679147539891e-15,-0.5936240926987219,0.126,0.21,1.3405771947910754e-10
KRT10,3.681449393931132e-15,1.5917287513988798,0.068,0.025,1.3474472926727338e-10
ATR,3.690358069228686e-15,-0.3406977454451722,0.415,0.536,1.3507079569183916e-10
RELB,3.963714480932132e-15,0.6921517423383762,0.316,0.237,1.4507591371659697e-10
TMEM258,4.102978453435669e-15,1.4432816027690396,0.096,0.045,1.5017311437419892e-10
WDR59,4.2949279706722374e-15,-0.5563228043339636,0.152,0.242,1.5719865865457456e-10
FAM222B,4.796295774680823e-15,-0.3784670403858794,0.218,0.322,1.755492216490928e-10
ZNF678,5.053480150965082e-15,-0.7545889785835462,0.071,0.138,1.8496242700547297e-10
UHRF2,5.1809355545794134e-15,-0.2930488942603783,0.442,0.574,1.8962742223316112e-10
REPS1,5.438455434945154e-15,-0.29974944482126165,0.465,0.591,1.9905290737442757e-10
GNAS,5.543064625681508e-15,0.434486000816412,0.608,0.569,2.0288170836456887e-10
SHISAL2A,5.567277951337967e-15,-0.4477175892747628,0.219,0.322,2.0376794029692094e-10
AC008964.1,5.636201415944597e-15,-0.9600911586046126,0.054,0.114,2.062906080249882e-10
TRABD2A,5.773809794228898e-15,-0.3710227975919252,0.325,0.441,2.113272122785719e-10
KATNAL1,6.0017320493814205e-15,-0.8621030163015074,0.084,0.154,2.1966939473940936e-10
BMPR2,6.252747958784993e-15,-0.5808541380516468,0.143,0.228,2.2885682803948955e-10
DGKE,6.261248796071646e-15,-0.4373869394195369,0.227,0.332,2.2916796718501832e-10
NBDY,6.280352356476833e-15,-0.3688607848567631,0.201,0.304,2.2986717659940855e-10
EMP3,6.378401439579931e-15,0.639481274216993,0.385,0.317,2.3345587109006507e-10
PARP11,6.386096410748011e-15,-0.4202730353357529,0.202,0.304,2.3373751472978796e-10
TRAF3IP3,6.44654247106497e-15,-0.443740923742996,0.33,0.444,2.3594990098344895e-10
F5,6.520477679204446e-15,-0.978548258385981,0.06,0.123,2.386560035365619e-10
SF3B5,6.6753842655634755e-15,1.2081397832894543,0.129,0.071,2.443257395038888e-10
BMP2K,6.758758296718268e-15,-1.2671514532507981,0.054,0.113,2.473773124181853e-10
BMPR1A,6.786177227027031e-15,-0.6490038279930085,0.135,0.218,2.4838087268641635e-10
SCAPER,6.903456869042216e-15,-0.24982122507272964,0.515,0.637,2.5267342486381415e-10
SPAG9,7.145324598947797e-15,-0.33639959041412226,0.418,0.547,2.6152602564608834e-10
TTC19,7.180631147348018e-15,0.6142079211629163,0.383,0.314,2.628182806240848e-10
SMYD3,7.35455944304305e-15,-0.25303215748778296,0.665,0.765,2.6918423017481865e-10
SPG11,7.417490622207183e-15,-0.37157133703396616,0.307,0.423,2.714875742634051e-10
HSD17B4,7.825215083263342e-15,-1.2001139677143537,0.045,0.101,2.864106972625216e-10
AEBP2,8.268606564560147e-15,-0.3466026106424227,0.386,0.509,3.0263926886946595e-10
KLHDC1,8.478219334905837e-15,-1.2086904740940514,0.046,0.102,3.1031130587688854e-10
CYFIP1,8.566098095798115e-15,-1.311293986518967,0.031,0.081,3.1352775640430683e-10
CDKN2B-AS1,9.364296289416991e-15,-1.2065305680870213,0.038,0.09,3.4274260848895127e-10
TNFSF10,9.399449213427485e-15,-0.4013826907372539,0.148,0.238,3.4402924066065936e-10
PLP2,9.526317120160059e-15,1.025798988366277,0.145,0.082,3.486727329149783e-10
APOLD1,9.985904615977315e-15,-0.8067138989754743,0.118,0.195,3.654940948493857e-10
HDGFL3,1.0180337202834595e-14,-0.8993817722319901,0.051,0.109,3.72610521960949e-10
GTDC1,1.030638712742128e-14,-0.5477003717020603,0.186,0.275,3.7722407525074623e-10
DMXL1,1.0428065437975637e-14,-0.5418781373059753,0.232,0.331,3.8167762309534626e-10
ELL2,1.1057523069436809e-14,0.6363839562803898,0.35,0.271,4.0471640186445664e-10
ARNT,1.135170963424793e-14,-0.6410549334584208,0.105,0.182,4.1548392432310844e-10
FKTN,1.1458344049346253e-14,-0.9176752361852518,0.063,0.126,4.193868505501222e-10
MINK1,1.1533012477556435e-14,-0.5534221823462261,0.134,0.218,4.2211978969104306e-10
GPR183,1.2945311231870816e-14,0.6776795305017818,0.355,0.284,4.738113363977037e-10
ORC2,1.3178621186680111e-14,-0.416675873458748,0.24,0.342,4.823507140536788e-10
ENOX2,1.3217246689650681e-14,-0.6507095473679395,0.141,0.225,4.837644460879046e-10
DZIP3,1.3282555894512584e-14,-0.7052021321770626,0.109,0.184,4.861548282950551e-10
BTBD7,1.3370038227742078e-14,-0.4701005456989703,0.172,0.263,4.893567691735878e-10
E2F3,1.385248095074416e-14,-1.0242673398873188,0.046,0.102,5.07014655278187e-10
KLHL22,1.3863946981640131e-14,-0.5541788042307397,0.133,0.217,5.074343234750105e-10
PIGU,1.469306320289734e-14,-0.6894921940977616,0.108,0.185,5.377808062892455e-10
CCDC92,1.5447489222035527e-14,-0.9467580510133808,0.05,0.108,5.653935530157223e-10
AC005670.3,1.5751169959977123e-14,-0.5813308838802864,0.186,0.277,5.765085717051227e-10
AC087286.2,1.6220780272436273e-14,1.131365501673612,0.143,0.082,5.9369677875144e-10
ZDHHC2,1.72410935769931e-14,-0.47113133475996727,0.153,0.243,6.310412660115244e-10
AC002463.1,1.822102889241125e-14,1.1394725740268203,0.154,0.092,6.669078784911442e-10
BRD7,1.8315420153582928e-14,0.7367490192777011,0.357,0.293,6.703626930412887e-10
MDM2,1.9761260145995128e-14,-0.45371269257547575,0.225,0.328,7.232818826035676e-10
SIL1,1.9779459756524473e-14,-0.6872353565726488,0.131,0.21,7.239480065485522e-10
NDUFB4,2.0690605891286507e-14,1.212053352364004,0.119,0.063,7.572968662269774e-10
FASTKD1,2.0875526243569093e-14,-0.8063382209615437,0.052,0.111,7.640651360408724e-10
MTHFD1L,2.0975045615716774e-14,-0.9149907897856648,0.07,0.135,7.677076445808497e-10
ZC4H2,2.1451706135137804e-14,-1.038088368093852,0.061,0.122,7.851538962521788e-10
MICAL2,2.160665455801856e-14,-0.8184530109165882,0.068,0.132,7.908251634780373e-10
SNRPF,2.2165483060696407e-14,0.9584546407325462,0.173,0.107,8.112788455045492e-10
KLHL2,2.2447961212276953e-14,-0.4638580367125513,0.197,0.294,8.216178283305488e-10
SLC44A1,2.340549316109054e-14,-0.8973532444621208,0.077,0.142,8.566644551890748e-10
PIM3,2.4027831036026787e-14,1.1088747143488968,0.139,0.081,8.794426437496164e-10
ZNF831,2.4094023907159086e-14,-0.3203080558647011,0.429,0.547,8.818653690259297e-10
TOX,2.4438473031737034e-14,-0.8949475408845635,0.117,0.19,8.944725514346072e-10
UBE2W,2.4480065345874604e-14,-0.40264962114811265,0.164,0.257,8.959948717243564e-10
PRPF40B,2.5013041834617924e-14,-1.0194277617159695,0.051,0.108,9.155023441888507e-10
HMGB1,2.5077291031255553e-14,0.31952801003031595,0.732,0.729,9.178539290349845e-10
ZNF331,2.710670692247721e-14,0.6175915400398412,0.387,0.314,9.921325800695883e-10
ITGB1,2.7803423733563622e-14,-0.23133195727196787,0.738,0.84,1.0176331120721622e-9
PTBP3,2.8188483089798166e-14,-0.2925732111911643,0.5,0.628,1.0317266695697027e-9
SNX25,2.839329924622085e-14,-0.35795830317880667,0.25,0.355,1.0392231457109294e-9
PPP1R13B,2.8618052356355146e-14,-0.7700189102253439,0.074,0.14,1.0474493342949546e-9
AC068587.4,2.933239889385766e-14,-0.5305659181515783,0.24,0.337,1.073595131914084e-9
SLC3A1,3.0102776877867865e-14,1.6285793861489455,0.083,0.037,1.1017917365068418e-9
RANBP10,3.084820160940495e-14,-0.7668933397379005,0.06,0.121,1.1290750271058305e-9
PI4KA,3.105422794586787e-14,-0.33255790027720167,0.292,0.405,1.13661579704671e-9
KIAA0319L,3.212871947526701e-14,-0.3571566494109278,0.298,0.41,1.175943261514248e-9
SON,3.220696067248414e-14,0.3163152701104357,0.715,0.7,1.178806967573592e-9
HMG20A,3.2882514639462605e-14,-0.8522876321158193,0.083,0.151,1.2035329183189707e-9
AOAH,3.339663952328063e-14,-0.5638291821249157,0.153,0.239,1.2223504031915942e-9
DCAF1,3.350221239632126e-14,-0.39130026639785154,0.2,0.301,1.2262144759177544e-9
GPD2,3.546553648050388e-14,-0.7838120411767169,0.095,0.166,1.2980741007229225e-9
SEC62,3.5906458066775614e-14,0.49870587005234734,0.464,0.401,1.3142122717020543e-9
TRIP12,3.7032870140088667e-14,-0.24154746555414142,0.532,0.658,1.3554400799973853e-9
CEP290,3.867438119934115e-14,-0.5808540710450935,0.155,0.239,1.4155210262770854e-9
ATP5MPL,3.895765587634226e-14,0.9497121717966468,0.157,0.094,1.425889162730003e-9
PREP,3.9379033475124634e-14,-0.40118093874235705,0.167,0.26,1.4413120042230367e-9
PALM2-AKAP2,3.972805311970843e-14,-0.786764057563361,0.118,0.192,1.4540864722344484e-9
EIF4E3,4.049126337926736e-14,-0.34343698129182154,0.396,0.51,1.4820207309445645e-9
BBS9,4.261649506675255e-14,-0.25407047562812246,0.476,0.604,1.55980633593821e-9
MGAT5,4.291042229615344e-14,-0.21987101524666697,0.762,0.858,1.570564366461512e-9
AC025171.2,4.6099148775373046e-14,-1.1500457069923857,0.042,0.095,1.6872749443274289e-9
FXYD5,5.1443664556260625e-14,0.4981766401249591,0.488,0.433,1.8828895664236952e-9
CNNM2,5.247970114425156e-14,-0.9128612608441155,0.085,0.152,1.9208095415807514e-9
ZNF236,5.2712906686679624e-14,-0.44321260718214006,0.21,0.307,1.929345097639161e-9
HECTD1,5.276840007565662e-14,-0.241226346195909,0.483,0.621,1.931376211169108e-9
NDUFB8,5.290649946048816e-14,0.8511348952584878,0.202,0.135,1.9364307867533274e-9
CYTOR,5.293585960616584e-14,-0.5703415494717762,0.189,0.278,1.937505397445276e-9
EPB41L4A-AS1,5.4005699351799046e-14,1.3310211419272844,0.108,0.056,1.976662601975197e-9
THAP11,5.4492643117587146e-14,1.9936625759647173,0.05,0.016,1.994485230746807e-9
SRGAP2,5.5530661198926075e-14,-0.7049283685827019,0.076,0.142,2.0324777305418935e-9
NFATC2IP,5.931603031467187e-14,-0.526952547115195,0.16,0.248,2.171026025547305e-9
LRRC8C,5.990681346350891e-14,-0.20470334841029203,0.731,0.843,2.1926492795778897e-9
ABI1,6.345292551911903e-14,-0.23044735722126197,0.555,0.69,2.3224405269252755e-9
LMF1,6.54610772778121e-14,-0.5397412555394955,0.146,0.231,2.395940889445201e-9
DEPDC5,6.550163874958507e-14,-0.5709359630447339,0.088,0.159,2.397425479873563e-9
CEP170,6.795315689480353e-14,-0.4905369432173778,0.157,0.243,2.487153495506704e-9
GIT2,6.876718706325839e-14,-0.3856286303691325,0.279,0.389,2.5169478137023203e-9
PLAC8,6.96438004361722e-14,-0.4897294464457641,0.263,0.365,2.5490327397643388e-9
ANKFY1,6.982733834932516e-14,-0.45795335123137504,0.17,0.259,2.55575041092365e-9
TRMT1L,7.056208332008207e-14,-1.0575198492809847,0.041,0.093,2.582642811598324e-9
CDK5RAP2,7.239890003931556e-14,-0.44570456711980566,0.224,0.323,2.649872140338989e-9
LINC01948,7.248364331994703e-14,-1.4734705987698922,0.022,0.065,2.652973829153381e-9
LCK,7.359126428649088e-14,-0.45554076161613943,0.236,0.336,2.693513864149853e-9
FBXO11,7.480304412630139e-14,-0.24431542218313318,0.567,0.682,2.737866218066757e-9
BICD2,7.749256937704256e-14,-0.9653507911936234,0.045,0.1,2.836305531769135e-9
HLA-DRB1,8.661514965799706e-14,1.1946479687744032,0.122,0.067,3.1702010926323503e-9
ULK4,8.700302196475407e-14,-0.34847340239440927,0.364,0.473,3.1843976069319637e-9
ZSWIM6,8.951463684405416e-14,-0.38613989423509776,0.351,0.459,3.276325223129226e-9
FAAH2,9.103282966421324e-14,-0.3414090892993533,0.485,0.588,3.331892598539869e-9
SNRPB,9.416740237868145e-14,0.865183542195783,0.204,0.138,3.44662109446212e-9
TTC27,9.443663328482657e-14,-0.4370582324218765,0.219,0.315,3.456475214857937e-9
TTLL11,9.604210850256989e-14,-1.177104178346228,0.025,0.069,3.5152372133025605e-9
IBTK,9.617039314736696e-14,-0.4910124550488231,0.197,0.287,3.5199325595867783e-9
CKAP5,9.733791257819365e-14,-0.5417025494440264,0.122,0.2,3.5626649382744655e-9
C17orf49,9.775763654834827e-14,1.3702273201425017,0.081,0.036,3.578027255306095e-9
TAF3,1.0078531102482925e-13,-0.31127788685373503,0.383,0.495,3.6888431688197755e-9
RCOR1,1.0134792520014256e-13,-0.3708748297298853,0.19,0.287,3.7094354102504178e-9
COX10,1.064217418919921e-13,-0.5186300033468523,0.161,0.249,3.895142174988803e-9
ANXA4,1.08724870953497e-13,-1.2155267060258468,0.039,0.09,3.979439001768944e-9
MAN1C1,1.0900550322580737e-13,-0.4295800186370349,0.236,0.332,3.989710423567775e-9
KMT2C,1.0950651537877742e-13,-0.16467444313072077,0.844,0.913,4.008047969378632e-9
TRMT10C,1.1117168042402412e-13,1.1049978476178466,0.12,0.066,4.0689946751997065e-9
AC084198.2,1.126771862750108e-13,-0.8551810312227668,0.066,0.127,4.12409769485167e-9
ZMYM2,1.1711111631466462e-13,-0.20491799308129566,0.65,0.768,4.2863839682330396e-9
UBE2E1,1.224247662542276e-13,-0.31408011318032514,0.308,0.416,4.480868869670984e-9
MINDY2,1.235428605198173e-13,-0.503216786589002,0.145,0.229,4.521792237885833e-9
CTNNB1,1.273420755898603e-13,-0.2846063545240366,0.444,0.564,4.660847308664477e-9
NUDCD1,1.2846280653678494e-13,-1.2517049058631902,0.035,0.084,4.701867182052865e-9
LRPAP1,1.2905680067420324e-13,1.0891370456620868,0.146,0.087,4.723607961476513e-9
P4HB,1.3543982890431847e-13,0.807636782906911,0.226,0.158,4.95723317772696e-9
AC118549.1,1.3708183517846239e-13,-0.276750187110292,0.425,0.543,5.017332249366902e-9
CRYBG1,1.4537270410562265e-13,-0.18122717745198402,0.675,0.795,5.320786342969894e-9
PDS5B,1.465843574071058e-13,-0.2796971774436037,0.449,0.572,5.3651340654574796e-9
PAFAH1B1,1.4668259843679214e-13,-0.24695182903590074,0.521,0.651,5.3687297853850295e-9
LCORL,1.489799892571788e-13,-0.5593247120714656,0.159,0.243,5.452816586802002e-9
STN1,1.502210738618081e-13,-0.7897894732474997,0.087,0.155,5.498241524416038e-9
BZW2,1.5133760168544496e-13,-0.7598295647167514,0.098,0.167,5.5391075592889715e-9
NVL,1.5339660769605968e-13,-0.36089481842637294,0.147,0.233,5.61446923828348e-9
POU2F2,1.6656757402958298e-13,-0.41766564889308716,0.186,0.278,6.0965397770567664e-9
AC092652.2,1.6884490875348653e-13,0.7658323607834532,0.265,0.192,6.17989250528636e-9
FOXP1,1.693785141371802e-13,-0.1507245902768748,0.981,0.993,6.199422995934932e-9
LINC01762,1.7653482188228858e-13,-1.339013911073351,0.025,0.068,6.461351015713644e-9
MAGED1,1.7774397853374247e-13,-0.47488521369847203,0.217,0.309,6.505607358313508e-9
PKNOX1,1.8496145248975842e-13,-1.2023425550899833,0.044,0.096,6.769774122577648e-9
WWOX,1.854911370567444e-13,-0.37187808962117863,0.497,0.594,6.789161107413902e-9
AC015971.1,1.85950701082102e-13,1.5106111583995276,0.088,0.042,6.805981610306015e-9
HACE1,1.878325605867727e-13,-0.7616129588772518,0.073,0.135,6.874859550036467e-9
GIGYF2,1.8898993511245383e-13,-0.2874186220047008,0.397,0.516,6.917220615050923e-9
LINC01473,1.929804499351989e-13,-0.42106428976247967,0.21,0.302,7.0632774480782155e-9
NBAS,1.9709704908136595e-13,-0.25545691878179855,0.524,0.65,7.213949093427075e-9
SCAND1,2.008936111956427e-13,0.9323664272525657,0.166,0.104,7.352907063371719e-9
RABGAP1,2.1884203633221025e-13,-0.3060632945902596,0.333,0.444,8.009837371795227e-9
FOXN2,2.2053139960258684e-13,-0.38155484656914535,0.31,0.418,8.07166975685428e-9
MAP3K14,2.2721103194286361e-13,-0.3943549493279761,0.221,0.322,8.316150980140752e-9
AC010275.1,2.335598591943565e-13,1.1591612363162453,0.152,0.093,8.548524406372642e-9
UST,2.3584035935745274e-13,-0.5967313371047908,0.228,0.314,8.631992992842128e-9
GOLPH3L,2.360036155306096e-13,-1.6816237466862938,0.017,0.056,8.637968332035842e-9
RPRD2,2.383818344789029e-13,-0.31033439603141616,0.323,0.436,8.725013523762325e-9
SKAP1-AS1,2.3843581389034914e-13,0.9748106838025447,0.163,0.102,8.726989224200669e-9
SOCS2,2.394645697302838e-13,-1.494067508877369,0.029,0.073,8.764642716698116e-9
LINC00402,2.420239975544978e-13,-1.0395352465307823,0.041,0.092,8.858320334492174e-9
SMAP2,2.4579360449988693e-13,0.3135747719308086,0.804,0.789,8.996291718300362e-9
CD63,2.477577775878046e-13,1.0390780324369002,0.146,0.088,9.068182417491236e-9
ERP29,2.5739054927837987e-13,0.7122601318370384,0.281,0.212,9.420751494137982e-9
UPP2,2.627928156728671e-13,-1.3662180988057904,0.027,0.07,9.61847984644261e-9
POT1,2.632038880805603e-13,-0.7187130435191191,0.08,0.144,9.633525507636587e-9
AC078881.1,2.675499137979239e-13,-1.1859467054361792,0.05,0.103,9.792594394917812e-9
FNBP1L,2.699439703843132e-13,-1.4078190154343582,0.018,0.056,9.880219260036246e-9
SP100,2.8851027810369006e-13,-0.21722118045095673,0.698,0.809,1.055976468887316e-8
SERPINB9P1,3.0269198765267297e-13,-0.9942159722762383,0.05,0.104,1.1078829440075483e-8
APAF1,3.1965482027727506e-13,-0.5246959179015249,0.105,0.179,1.1699686076968545e-8
VAV1,3.2426403199346526e-13,-0.5740148163415207,0.121,0.197,1.1868387834992822e-8
C19orf53,3.286239881852413e-13,1.1259401345168756,0.103,0.053,1.2027966591568016e-8
ZNF75D,3.465579160736969e-13,-0.5997587003323571,0.126,0.202,1.2684366286213381e-8
APP,3.473415185049757e-13,-0.45781424853910757,0.204,0.294,1.2713046918800615e-8
KDM6A,3.474197063933692e-13,-0.20665189514424975,0.663,0.782,1.2715908673703707e-8
KIAA0232,3.5562106230149837e-13,-0.4469769668871972,0.16,0.245,1.3016086501297142e-8
URB1,3.810809351691451e-13,-1.0382973949189065,0.048,0.1,1.394794330812588e-8
CASP2,3.8572256129322413e-13,-0.7099068371218717,0.083,0.148,1.4117831465893296e-8
ATP5MC2,3.8599517347137494e-13,0.7204571629911994,0.278,0.21,1.4127809344225793e-8
PCBP1-AS1,3.8919811311366817e-13,-0.45551767347032884,0.172,0.263,1.4245040138073369e-8
TRIM2,3.9743069591573257e-13,-0.7436321910004848,0.078,0.141,1.4546360901211728e-8
UIMC1,3.978104040591988e-13,-0.3132200218862806,0.23,0.332,1.4560258598970735e-8
ABL1,3.986248052732233e-13,-0.8398935695755991,0.108,0.178,1.4590066497805247e-8
BUD31,4.0146707114656123e-13,1.3518660009941708,0.081,0.037,1.4694096271035288e-8
TYW1,4.0845561238550193e-13,-0.2991117976047516,0.325,0.434,1.4949883868921755e-8
TAPT1-AS1,4.1556004204717866e-13,-0.9326249895061984,0.039,0.089,1.5209913098968786e-8
ATXN3,4.200482213805872e-13,-0.34828865476532317,0.187,0.278,1.5374184950750873e-8
GRK3,4.3925467258708027e-13,-1.5847260430130294,0.024,0.066,1.6077160271359724e-8
STYX,4.5241104559721334e-13,-0.5787875339606905,0.121,0.197,1.6558696679903605e-8
RSBN1L,4.595193632802977e-13,-0.26335271556615786,0.32,0.437,1.6818868215422175e-8
ALOX5,4.736071675998437e-13,-1.0782191196641993,0.047,0.099,1.733449594132188e-8
NUTM2B-AS1,4.841909578298082e-13,-0.30091189310611266,0.42,0.543,1.772187324752881e-8
NACC2,4.884618517883289e-13,-1.2791359920303345,0.032,0.078,1.7878192237304626e-8
IFT88,4.890558775255643e-13,-0.7659548338444362,0.073,0.135,1.7899934173313182e-8
KDM2A,5.00336026952096e-13,-0.2771246477439735,0.54,0.649,1.8312798922473664e-8
AL645568.1,5.026965392521294e-13,-0.4459553102821461,0.192,0.282,1.8399196033167188e-8
SMIM26,5.13827559344191e-13,1.58406562524989,0.063,0.025,1.8806602499556735e-8
ICE2,5.155675017649139e-13,-0.44055417305915295,0.16,0.245,1.8870286132097615e-8
COMMD6,5.187369166909703e-13,1.0048869978927246,0.128,0.073,1.8986289887806203e-8
AC026470.2,5.33292999578887e-13,1.4174398918288726,0.086,0.041,1.951905707758684e-8
SLC39A10,5.365059412406412e-13,-0.4935659552178399,0.232,0.324,1.9636653955348706e-8
INTS6,5.570138008735087e-13,-0.3414580157680391,0.285,0.388,2.0387262125771293e-8
TEX14,5.589420785887377e-13,1.3601520945086485,0.129,0.075,2.0457839018426386e-8
PKP4,5.661864598686786e-13,-0.5091658135534258,0.196,0.281,2.0722990617653507e-8
AGFG1,5.727541192808301e-13,-0.2487021494626267,0.443,0.567,2.0963373519797663e-8
ERCC6L2,5.851680918922795e-13,-0.3692705217330414,0.326,0.433,2.1417737331349322e-8
PBX4,5.884107985007614e-13,0.646747476219472,0.334,0.266,2.1536423635926368e-8
BRWD3,5.921616778440122e-13,-0.30742315612451,0.256,0.362,2.167370957076869e-8
SKAP2,5.932748607690594e-13,-1.0394168752462563,0.053,0.107,2.1714453179008344e-8
BCR,5.980592319608596e-13,-0.6052092106143909,0.127,0.203,2.1889565948999422e-8
OGDH,6.242213049815372e-13,-0.4116089413239005,0.267,0.368,2.2847123983629245e-8
EPC1,6.344095673820097e-13,-0.20842786756643994,0.786,0.865,2.3220024575748937e-8
CPQ,6.360954391765216e-13,-0.3668154702680002,0.383,0.486,2.3281729169299866e-8
CD83,6.482556364839023e-13,0.8363855408819165,0.208,0.142,2.3726804550947308e-8
INTS4,6.527360015473083e-13,-0.5546718352251829,0.125,0.201,2.389079039263303e-8
CBR4,7.087812750868963e-13,-0.6820615531764237,0.108,0.177,2.5942103449455492e-8
EPSTI1,7.181382011173913e-13,-0.33372506650577605,0.221,0.313,2.628457629909764e-8
Z94721.1,7.393655998745807e-13,-0.36795434090324264,0.165,0.251,2.7061520321009526e-8
NT5C2,7.418494087641176e-13,-0.3136745455807608,0.333,0.441,2.715243021017547e-8
PHF1,7.42264538166881e-13,0.8943097850171366,0.187,0.124,2.716762436144601e-8
ERCC8,7.445227007527313e-13,-0.7483857150487856,0.065,0.124,2.7250275370250718e-8
RGPD5,7.5278891273104e-13,1.1388012970654868,0.119,0.067,2.7552826994868797e-8
RGS2,7.668300056760684e-13,1.1808021057647715,0.126,0.073,2.806674503774978e-8
GCNT2,7.78638445065251e-13,-1.550444915537169,0.017,0.053,2.849894572783325e-8
TRIM66,8.018205231648736e-13,-0.693499465476789,0.078,0.141,2.9347432968357536e-8
CALR,8.044816729593972e-13,0.8892396482386751,0.199,0.135,2.9444833711986897e-8
SLC8A1,8.977872619627813e-13,-1.2220826493880703,0.022,0.063,3.285991157509976e-8
ARL5A,9.258368939783415e-13,-0.5394559831824255,0.13,0.208,3.3886556156501277e-8
AC068481.1,9.538657021171837e-13,1.7590712848393206,0.053,0.019,3.4912438563191044e-8
RHOG,9.676479255856948e-13,0.9434972767842099,0.176,0.116,3.5416881724362013e-8
AC004889.1,9.677943220619913e-13,-1.2912413030657874,0.028,0.071,3.5422239981790944e-8
AL450384.2,9.846556637191886e-13,-0.8472016040091039,0.063,0.121,3.603938194778602e-8
CRADD,1.0002743282155491e-12,-0.5462650398776012,0.212,0.293,3.6611040687017315e-8
ECHDC1,1.0292608864910548e-12,-0.5415345158612105,0.123,0.198,3.76719777064591e-8
ANO10,1.0326420055699116e-12,-0.7202870080129485,0.094,0.16,3.7795730045864336e-8
UPF2,1.0383456128887767e-12,-0.30267219128822875,0.298,0.405,3.8004487777342114e-8
CDC16,1.0442690576315914e-12,-0.6192618413466591,0.104,0.175,3.822129177837388e-8
KDM7A,1.0761691830373781e-12,-0.29137586278802186,0.389,0.499,3.9388868268351076e-8
PLXDC2,1.0851905515508643e-12,-1.0883766577159477,0.033,0.079,3.9719059377313184e-8
ACACA,1.1103728725727517e-12,-0.45901394044619925,0.204,0.292,4.064075750903528e-8
AC009554.1,1.1108912393100911e-12,0.9303088670139437,0.182,0.121,4.065973024998865e-8
ADTRP,1.1273147912271972e-12,-1.118482591308911,0.031,0.076,4.1260848673706646e-8
AL354733.3,1.132423501938005e-12,1.1169353845322927,0.142,0.086,4.144783259443292e-8
SBF2,1.1680513394059855e-12,-0.3759765215208297,0.376,0.475,4.275184707359847e-8
KLHL6,1.2156779050788398e-12,-0.706130448564738,0.074,0.136,4.449502700379062e-8
CMTM7,1.2428117301437457e-12,-0.46400067525941713,0.226,0.316,4.5488152134991236e-8
NDC1,1.2725071664772976e-12,-0.6866814365253375,0.078,0.141,4.657503480023557e-8
MICU2,1.2792752053711515e-12,-0.28619127452547977,0.449,0.556,4.6822751791789516e-08
CORO2A,1.2801588674887483e-12,-0.6045465157989482,0.08,0.142,4.685509470895568e-8
TLK1,1.3537836995271651e-12,-0.20136930772102635,0.61,0.734,4.954983718639377e-8
STX18-AS1,1.3854089367085766e-12,-0.5951040994865608,0.101,0.169,5.070735249247061e-8
AHI1,1.441497952611254e-12,-0.5049762151727111,0.111,0.182,5.2760266563524504e-8
AC004797.1,1.442933901835282e-12,1.1515359707285286,0.111,0.061,5.281282374107315e-8
RUNX3,1.4448628907146373e-12,0.4979944239679204,0.493,0.436,5.288342666304644e-8
ARHGAP30,1.5456751858484214e-12,-0.4488873160152231,0.176,0.264,5.6573257477238075e-8
STMN3,1.5548543130600062e-12,0.7728572587390834,0.218,0.155,5.690922271230929e-8
UBR5,1.5622693849902506e-12,-0.2225661115969697,0.578,0.7,5.718062176002816e-8
SLC30A6,1.5780222384548957e-12,-0.570705695846953,0.107,0.178,5.775719194968763e-8
MARK4,1.5831111606760453e-12,-0.9090343941406198,0.044,0.094,5.7943451591903936e-8
CCAR1,1.5891028741860745e-12,-0.3060051633964299,0.33,0.443,5.816275429808451e-8
SIPA1L1,1.6605055111609961e-12,-0.2191774563016462,0.521,0.635,6.077616221400362e-8
PPP4R1,1.8157338090587194e-12,-0.5654334420255354,0.126,0.2,6.645767314535819e-8
RASSF3,1.835895366628307e-12,-0.2873369574098059,0.527,0.633,6.719560631396266e-8
EDF1,1.8489252503710506e-12,0.7604875849628943,0.211,0.146,6.767251308883083e-8
GNB1,1.865321495839616e-12,-0.24989828239931522,0.506,0.626,6.827263206922579e-8
EXT1,1.8960205441961354e-12,-0.4908422477973996,0.218,0.301,6.939624793812276e-8
AC008014.1,1.945131292006777e-12,-0.6636450753478484,0.161,0.237,7.119375041874004e-8
ZBTB37,1.960753264004574e-12,-0.6438915925247624,0.091,0.156,7.176553021583142e-8
DECR1,1.965529632227769e-12,-0.3660856765443182,0.196,0.285,7.194035006916857e-8
SORL1,1.9710499265595623e-12,-0.20738898079592172,0.808,0.877,7.214239836200654e-8
PLEKHM3,2.0089866160365937e-12,-0.5223673296916608,0.178,0.258,7.353091913355536e-8
AC068724.3,2.063270228516495e-12,1.1247105458390954,0.123,0.07,7.551775363393224e-8
FBXL4,2.1065045150474115e-12,-0.3286525240531852,0.267,0.369,7.71001717552503e-8
CEACAM21,2.179116579284333e-12,-0.4923457103518193,0.171,0.255,7.975784591838586e-8
RFX7,2.2822473706601408e-12,-0.25018995247801556,0.498,0.606,8.353253601353181e-8
GPX4,2.28972664793514e-12,1.0678733548148647,0.123,0.07,8.380628504107406e-8
CRY1,2.318032299703743e-12,0.4770812975385089,0.435,0.361,8.48423002014567e-8
MTMR3,2.3782309267657767e-12,-0.33495914945367233,0.293,0.398,8.70456301505542e-8
PAN3,2.3944526603934296e-12,-0.17514493817958643,0.803,0.888,8.763936182305991e-8
NINJ1,2.4210648200217017e-12,1.675502122673505,0.066,0.028,8.861339347761431e-8
NBEAL1,2.4568804872838847e-12,-0.6046824195942803,0.111,0.179,8.992428271507747e-8
DGKD,2.46159716947028e-12,-0.4239964772607945,0.25,0.347,9.009691799978173e-8
MKLN1,2.473143887153004e-12,-0.1639169123265507,0.648,0.76,9.051953941368711e-8
CD99,2.5647420961982244e-12,0.4879122752619479,0.483,0.435,9.387212546295122e-8
NCBP2AS2,2.5813907222954484e-12,1.258290570623858,0.088,0.044,9.44814818267357e-8
SLC25A24,2.590460779647447e-12,-0.4269300746751259,0.124,0.2,9.48134549958762e-8
CST7,2.8680405906275997e-12,1.6349472917605308,0.059,0.023,1.0497315365756078e-7
SMG1,2.964214008581227e-12,-0.22098979724225765,0.607,0.726,1.0849319692808148e-7
SUMO4,3.0160328740963416e-12,-1.0930458611165323,0.027,0.068,1.103898192248002e-7
VSIG1,3.0378219459850996e-12,-0.9595859540834992,0.044,0.094,1.1118732104500063e-7
MCOLN2,3.1457253795410418e-12,-0.5841720864828834,0.122,0.194,1.1513669461658167e-7
SACS,3.1672052206015813e-12,-0.5207967418427157,0.121,0.195,1.1592287827923847e-7
AP2A2,3.2558367801992867e-12,-0.6629425126048889,0.106,0.174,1.191668819920741e-7
PHTF1,3.292815982441258e-12,-0.8601353273673684,0.061,0.117,1.2052035777333247e-7
SLC24A1,3.314815330455264e-12,0.9877855280404046,0.146,0.09,1.2132555590999313e-7
ZNF37A,3.3416358247905806e-12,-0.3630691269311748,0.155,0.238,1.2230721282316005e-7
AGPS,3.363374943071858e-12,-0.2817610477865282,0.308,0.415,1.2310288629137308e-7
UQCR10,3.4409512684299513e-12,1.2417492430384818,0.082,0.039,1.2594225737580465e-7
TPST2,3.5768024434413524e-12,-0.9937133027983664,0.042,0.09,1.3091454623239693e-7
MAVS,3.5886989015653125e-12,-0.6914936522552115,0.079,0.141,1.31349968496192e-7
UQCR11,3.648144350482099e-12,0.87142039030986,0.177,0.118,1.335257313719953e-7
ARL6IP4,3.694502334094474e-12,0.7467596074192298,0.228,0.165,1.3522247993019184e-7
CDC73,3.783314339534358e-12,-0.3234389559412032,0.409,0.525,1.3847308814129706e-7
ANKH,3.820210836514012e-12,-0.25430437429537545,0.451,0.564,1.3982353682724933e-7
PRKD2,3.985762869687481e-12,-0.5749761528884392,0.099,0.168,1.458829067934315e-7
HOOK3,4.140593828953095e-12,-0.2589186985102732,0.328,0.442,1.5154987473351224e-7
CHPT1,4.19819815199109e-12,-0.6787324779867318,0.089,0.152,1.5365825056102589e-7
ANAPC4,4.237329768713011e-12,-0.5409473059571168,0.111,0.182,1.5509050686466492e-7
SH2D3C,4.246773244165843e-12,-1.1965241748505608,0.027,0.068,1.5543614750971403e-7
ETFA,4.283064387523482e-12,-0.5347799058594546,0.145,0.22,1.5676443964774697e-7
AP005899.1,4.287694437404357e-12,1.1103768594307712,0.117,0.067,1.5693390410343687e-7
PACRGL,4.307041066663799e-12,-0.9109834045725158,0.058,0.112,1.576420100809617e-7
CTNNBL1,4.425652811268028e-12,-0.5719901640501825,0.139,0.213,1.619833185452211e-7
TSC22D1,4.438351767661837e-12,-0.490870017354302,0.205,0.289,1.624481130481909e-7
RC3H2,4.677728946079034e-12,-0.26957850723934795,0.377,0.492,1.7120955715543874e-7
RABGEF1,4.6858322701218075e-12,-0.2677930354877413,0.229,0.326,1.7150614691872828e-7
LINC01422,4.7791077129818425e-12,-0.4726717959889929,0.139,0.215,1.7492012140284842e-7
PLEKHA8,4.823399672522349e-12,-0.7865003855200254,0.074,0.132,1.765412514139905e-7
PECR,4.857029387074765e-12,-0.9693906117020781,0.042,0.09,1.7777213259632346e-7
CREBBP,4.951725628683901e-12,-0.22787438173854202,0.544,0.663,1.8123810973545946e-7
CEP78,5.038345586487624e-12,-0.8227721394455723,0.068,0.125,1.8440848681103353e-7
WHAMM,5.065466618161249e-12,0.4109515728964397,0.498,0.441,1.8540114369131989e-7
PITPNB,5.073207558871656e-12,-0.30471535201753264,0.265,0.362,1.8568446986226148e-7
AC244131.2,5.2437626910804785e-12,-0.7365895890247249,0.062,0.117,1.919269582562366e-7
DPY19L1,5.2597884340856214e-12,-0.6801265135242598,0.079,0.139,1.9251351647596784e-7
NDUFA3,5.429808061840072e-12,1.2602545697717906,0.091,0.047,1.9873640487140846e-7
SPTAN1,5.445240780972906e-12,-0.27214213927699626,0.386,0.503,1.9930125782438932e-7
TTLL5,5.463195659230664e-12,-0.4903528246472897,0.152,0.229,1.9995842432350152e-7
FKBP5,5.544947853285956e-12,0.32898187772757215,0.823,0.811,2.0295063637811927e-7
FAM118A,5.740409612178891e-12,-0.4469333949738422,0.126,0.201,2.101047322153596e-7
CA5B,5.8445441284791665e-12,-0.3695867979665196,0.232,0.324,2.1391615964646596e-7
PPM1L,5.903567615522623e-12,-0.9084891401449133,0.059,0.112,2.1607647829574353e-7
GSTP1,5.98084510034974e-12,1.0701977396968168,0.1,0.052,2.1890491151790083e-7
ZNF780B,6.157761809823096e-12,-0.6678499921051095,0.086,0.149,2.2538024000133513e-7
AL133227.1,6.290211762328485e-12,1.6385463835523661,0.059,0.024,2.3022804071298488e-7
ZNF133,6.386301580292337e-12,-1.5837476976131595,0.017,0.051,2.3374502414027984e-7
MPZL3,6.590747714797519e-12,0.7008922924060027,0.259,0.195,2.41227957109304e-7
HLCS,6.591141006922651e-12,-0.6624451169777998,0.174,0.249,2.4124235199437593e-7
PHYKPL,6.6701549352032795e-12,-0.37405450668225837,0.193,0.282,2.441343407833752e-7
SCLT1,6.776090202857372e-12,-0.3790794334209169,0.335,0.424,2.4801167751478264e-7
LINC02694,6.885586798077761e-12,-1.0210097942719556,0.112,0.174,2.520193623964441e-7
TPR,6.9054422720548996e-12,-0.2503930165101049,0.449,0.573,2.5274609259948137e-7
SYNJ1,6.942976463170668e-12,-0.4309998638019723,0.136,0.212,2.541198815285096e-7
MRPS27,6.964508650981472e-12,-0.4314188462300912,0.169,0.251,2.5490798113457287e-7
SLC7A6,7.052238291125745e-12,-0.37609346872221383,0.192,0.277,2.581189736934934e-7
GALNT2,7.072804838443128e-12,-0.6184264786716542,0.109,0.178,2.5887172989185694e-7
AKAP11,7.099379004616977e-12,-0.38702049870021926,0.219,0.311,2.59844370947986e-7
MYH10,7.1470864781401965e-12,1.20128704745461,0.111,0.062,2.6159051218640935e-7
MMP25-AS1,7.158201466559985e-12,-0.999523159569911,0.044,0.091,2.61997331877562e-7
TBC1D19,7.45743025361467e-12,-0.5474605689533577,0.157,0.231,2.7294940471255056e-7
ICA1L,7.486476535776896e-12,1.235452976618436,0.099,0.053,2.7401252768597017e-7
LYPLA1,7.741579950446222e-12,-0.4547103992362905,0.157,0.238,2.8334956776628214e-7
ZNF101,7.74815731238051e-12,-0.3406734380843684,0.216,0.315,2.8359030579043903e-7
ZC2HC1A,8.015826568356924e-12,-0.8273378289707518,0.06,0.113,2.933872682284318e-7
SGCE,8.312877809287705e-12,1.301707991946887,0.107,0.06,3.0425964069773933e-7
MGMT,8.496700194133268e-12,-0.3996708563597354,0.263,0.351,3.1098772380547175e-7
IKZF2,8.626727214110882e-12,-1.5133343442370315,0.057,0.107,3.157468427636724e-7
INSYN2B,8.634218104387101e-12,1.0171893442341484,0.162,0.106,3.160210168386723e-7
ERGIC1,8.812528242756913e-12,-0.510788394848359,0.133,0.206,3.225473462131458e-7
DOCK3,8.855499424234211e-12,-0.7798912733579855,0.081,0.141,3.2412013442639636e-7
WASHC3,9.488403608186016e-12,-0.36909517162100963,0.202,0.292,3.4728506046321633e-7
TMCO3,9.515592788159944e-12,-1.3617477613671531,0.025,0.064,3.482802116394421e-7
SNRPE,9.621082925141133e-12,0.9404968412602666,0.128,0.075,3.5214125614309063e-7
TRAC,9.6594230483715e-12,0.521583141615435,0.482,0.439,3.535445429934453e-7
OPA1-AS1,9.891184072334383e-12,1.5753490980486822,0.056,0.022,3.6202722823151075e-7
EMC4,9.894916767910727e-12,1.1815175015548571,0.09,0.046,3.6216384862230054e-7
LINC02362,1.0077540168702617e-11,-1.2704105583368266,0.023,0.061,3.688480477146845e-7
MARK2,1.024842563663345e-11,-0.5493644808627065,0.095,0.16,3.751026267264209e-7
SUSD6,1.0354097589042206e-11,-0.3620139904548253,0.243,0.335,3.7897032585653377e-7
LAMTOR5-AS1,1.0418463164003783e-11,-0.6366793116032254,0.1,0.164,3.8132617026570245e-7
SUMF1,1.0501825646298767e-11,-0.31299889050928065,0.4,0.501,3.843773204801812e-7
NFX1,1.0517218608288807e-11,-0.24051216300309192,0.249,0.35,3.849407182819786e-7
ERI1,1.0578919476045779e-11,-0.8099512901419708,0.047,0.096,3.8719903174275155e-7
CD47,1.0664619663431403e-11,-0.21280046657946938,0.657,0.772,3.903357443012528e-7
AC078845.1,1.1041085566864593e-11,-0.6042747610774192,0.128,0.197,4.04114772832811e-7
COX14,1.1415812089211164e-11,1.3553532185919095,0.067,0.03,4.1783013827721784e-7
AL606489.1,1.1626589961063746e-11,1.3791383011150327,0.075,0.035,4.255448191648942e-7
PHB2,1.166528413304032e-11,1.079689727797792,0.111,0.063,4.269610645534087e-7
DIPK1A,1.1697304577583015e-11,-0.27130835749945903,0.421,0.525,4.281330448441159e-7
SRSF2,1.1795609451896209e-11,0.543451684744073,0.361,0.303,4.3173110154885314e-7
AC116903.2,1.1883640237298968e-11,1.667705624530003,0.061,0.026,4.3495311632537954e-7
ATRAID,1.2556598688808569e-11,1.148017214076162,0.091,0.047,4.595840686090824e-7
SLF1,1.2724263958139961e-11,-0.5726529316646685,0.207,0.29,4.657207851318807e-7
POLH,1.2941402219539676e-11,-1.0015613536957029,0.043,0.089,4.736682626373717e-7
AL359706.1,1.3601238982260381e-11,1.7888847072035232,0.063,0.027,4.978189479897122e-7
SLC44A2,1.413756241703368e-11,-0.34353091599150265,0.196,0.286,5.174489220258498e-7
TTN-AS1,1.4542564216267805e-11,-0.44980743518065613,0.149,0.226,5.32272392879618e-7
ZNF891,1.4822913065865214e-11,-0.9528733465049242,0.032,0.074,5.425334411237327e-7
TIA1,1.515330825545056e-11,-0.5410717567173096,0.102,0.169,5.54626235457746e-7
AL137779.1,1.5279594737475553e-11,1.1321410229622686,0.133,0.082,5.592484469863427e-7
STX7,1.5406202967136338e-11,-0.34475728133418226,0.121,0.193,5.638824348001571e-7
GIMAP8,1.584192991585623e-11,-0.8440366018393528,0.056,0.107,5.79830476850254e-7
MCUB,1.6251511146597096e-11,-0.23656481791858264,0.533,0.644,5.948215594766003e-7
ENOSF1,1.6666965562586788e-11,-0.38762963789256144,0.211,0.301,6.10027606556239e-7
NEXMIF,1.6699375400179326e-11,-0.806805837666557,0.071,0.127,6.112138390219635e-7
PI4K2B,1.6860367881842345e-11,-0.29717373911134504,0.235,0.329,6.171063248433117e-7
FBXW8,1.6943645666454278e-11,-0.7065604400957848,0.08,0.139,6.201543750378931e-7
BTBD8,1.733920588073471e-11,-1.2740139646544892,0.025,0.063,6.346322744407712e-7
TMEM178B,1.7556792598364414e-11,-1.147272845782654,0.04,0.085,6.425961658927359e-7
CPLANE1,1.7804501247262208e-11,-0.5108686767620512,0.105,0.171,6.516625501510441e-7
ADIPOR2,1.8209851559708025e-11,-0.5982339325531633,0.111,0.177,6.664987769368734e-7
NDUFC2,1.8340126732394593e-11,0.9801864460883933,0.134,0.081,6.712669785323745e-7
EXOC6B,1.8585014539297446e-11,-0.20195937417563647,0.479,0.592,6.802301171528259e-7
AC103591.3,1.8930500231528158e-11,1.6413577878559336,0.075,0.036,6.928752389741621e-7
FAM111A,1.9262070872165143e-11,-0.6107457687610498,0.095,0.158,7.050110559921164e-7
EPC2,1.9286264439277868e-11,-0.23361599453145798,0.517,0.631,7.058965647420092e-7
LANCL1-AS1,1.9583213863138446e-11,1.6717902957458044,0.061,0.026,7.167652106047302e-7
ALPK1,2.0430584867002976e-11,-0.5706961962856596,0.145,0.218,7.477798367171759e-7
AC087854.1,2.0634830876829218e-11,0.8570120827569905,0.211,0.153,7.552554449228262e-7
KNTC1,2.098362213381557e-11,-0.7664639089645966,0.051,0.101,7.680215537197837e-7
RALGPS2,2.1275215185773295e-11,-0.5455518202330594,0.119,0.188,7.786941510144884e-7
SNTB2,2.1318698398416384e-11,-0.6774947017031334,0.08,0.139,7.802856800804381e-7
USP48,2.138771838420155e-11,-0.24338260038447157,0.408,0.527,7.828118805801609e-7
TXNDC16,2.144210662984019e-11,-0.4478741144083343,0.202,0.285,7.848025447587807e-7
RTKN2,2.2464018308746665e-11,-1.126939221137762,0.07,0.124,8.222055341184367e-7
AC010186.3,2.3607042992949942e-11,-0.7864743386247692,0.058,0.11,8.640413805849608e-7
COX7B,2.517092237227063e-11,1.150148315979605,0.107,0.061,9.212809297474773e-7
SHPRH,2.565713450320081e-11,-0.23886787864384584,0.273,0.373,9.390767799516528e-7
ZMAT1,2.591426230108959e-11,-0.6308901761841956,0.101,0.165,9.484879144821801e-7
SLF2,2.6531352062129306e-11,-0.3836387460276299,0.177,0.26,9.710740168259946e-7
FIG4,2.676249559422875e-11,-0.5877142524453467,0.064,0.119,9.795341012443665e-7
AL662844.4,2.690258898357067e-11,1.0389397127650142,0.124,0.074,9.8466165938767e-7
FAM185A,2.719111199016855e-11,-1.2877876091225655,0.028,0.067,9.95221889952159e-7
ABCC4,2.7736469102545926e-11,-0.41684601606146043,0.149,0.224,1.0151825056222833e-6
TRIM37,2.7761988099879345e-11,-0.4032865269432829,0.169,0.247,1.0161165264436838e-6
ASTN2,2.7972492969587085e-11,-0.8708594207025446,0.06,0.111,1.0238212151798569e-6
PTAR1,2.837412375063128e-11,-0.27823611198326337,0.337,0.442,1.0385213033968554e-6
MYO18A,2.920853524166521e-11,-0.7065451960965654,0.071,0.127,1.0690615983801885e-6
PLEKHG3,2.9754334351781246e-11,-0.7384353584171077,0.056,0.107,1.0890383916095453e-6
UBQLN2,3.1366271895424186e-11,-0.469368567727599,0.169,0.247,1.1480369176444206e-6
USP9Y,3.1556925087467766e-11,-0.2203231020063945,0.652,0.759,1.1550150151264077e-6
LRRC28,3.1588318990854035e-11,-0.6945903141904349,0.083,0.141,1.1561640633842485e-6
LAPTM5,3.204520613602863e-11,0.40515825936315575,0.497,0.456,1.1728865897847838e-6
HELB,3.329794468546457e-11,-0.1387023458392762,0.456,0.58,1.2187380734326888e-6
LINC01934,3.6726017305865884e-11,-0.6327656297026223,0.217,0.293,1.3442089594119972e-6
AUH,3.697997410461379e-11,-0.3201596336181421,0.318,0.417,1.3535040322029695e-6
SMAD5,3.707369312151345e-11,-0.49355909187286406,0.138,0.209,1.356934241940514e-6
NABP1,3.8038757297505936e-11,-0.3476941875760941,0.217,0.308,1.3922565558460149e-6
EIPR1,3.813176896080356e-11,-0.5155850262370415,0.102,0.166,1.395660875734371e-6
ZMYM6,4.014171473160951e-11,-0.4136796039868613,0.156,0.233,1.4692269008916398e-6
NME2,4.036050197607317e-11,0.7261552508077901,0.175,0.116,1.4772347328262542e-6
LMBRD1,4.0904755335358705e-11,-0.23359096301862303,0.459,0.57,1.497154950029464e-6
RDX,4.176253713731736e-11,-0.5038040400950783,0.124,0.192,1.5285506217629528e-6
RALGDS,4.227660781566924e-11,-0.592806363501488,0.108,0.174,1.5473661226613099e-6
ENSA,4.2640574500945066e-11,-0.31114966754634055,0.247,0.339,1.5606876673090904e-6
LASP1,4.456894034959487e-11,-0.7416143088653515,0.065,0.118,1.6312677857355218e-6
UPP1,4.6068461843959686e-11,-0.42826990846237245,0.16,0.237,1.6861517719507686e-6
FAM214A,4.804567344840531e-11,-0.24554933083826036,0.48,0.585,1.7585196938850829e-6
AP003086.1,4.8059023069740513e-11,0.8931413110687101,0.219,0.16,1.7590083033755725e-6
LY75,4.8400706447221734e-11,-0.25001002932566885,0.385,0.493,1.7715142566747627e-6
NOL7,5.140583679109469e-11,0.6418681231754423,0.252,0.19,1.8815050323908567e-6
KDM3B,5.369938606399822e-11,-0.2904740732695787,0.331,0.437,1.965451229328399e-6
AKNA,5.4102538501548024e-11,-0.2842815501314712,0.359,0.468,1.9802070116951593e-6
TOMM20,5.626674390666035e-11,0.6336794109476478,0.303,0.246,2.0594190937276753e-6
CCDC59,5.6331681546101146e-11,0.8209500668391465,0.198,0.142,2.061795876268848e-6
METTL8,5.657444064923184e-11,-0.577253073704695,0.103,0.167,2.0706811022025347e-6
LPIN1,5.6859740382738385e-11,-0.33540895842893687,0.257,0.353,2.0811233577486075e-6
NR3C2,5.806568122378412e-11,-0.2928014612483927,0.635,0.705,2.1252619984717226e-6
ZNF280D,5.84858238861579e-11,-0.2642764613885208,0.223,0.313,2.1406396400572655e-6
PPCDC,5.938497718743948e-11,-0.5915960925087738,0.09,0.149,2.1735495500374723e-6
PLCG2,5.946166715291303e-11,0.30831232683980314,0.991,0.995,2.17635647946377e-6
CIR1,5.952926497761682e-11,0.487607574225554,0.478,0.431,2.1788306274457532e-6
AC044849.1,6.002790035676388e-11,1.0101911871843392,0.112,0.065,2.1970811809579147e-6
NUP205,6.044428495712077e-11,-0.32375243947738325,0.199,0.288,2.212321273715577e-6
MTMR8,6.050363956475346e-11,-0.6616540822590709,0.08,0.138,2.2144937117095416e-6
ARHGAP19,6.106340651960602e-11,-1.049212947254146,0.046,0.091,2.2349817420241e-6
SELENOK,6.322972670174606e-11,0.9358113197634306,0.153,0.1,2.3142712270106078e-6
VPS13A,6.522961070865565e-11,-0.19965636582537427,0.479,0.584,2.387468981547505e-6
GSAP,6.609541448223664e-11,-0.6422581778310114,0.095,0.155,2.4191582654643432e-6
SLC25A17,6.647173215138701e-11,-0.790796239730976,0.048,0.095,2.432931868472916e-6
CD53,6.699321807222744e-11,-0.2479280625085627,0.558,0.672,2.4520187746615964e-6
KIAA0040,6.719139991016078e-11,-0.7282544496773189,0.055,0.105,2.4592724281117946e-6
DMXL2,6.957889838748038e-11,-0.8042824216139248,0.047,0.094,2.5466572598801695e-6
LARP4,7.0221391470483e-11,-0.44725608305826997,0.174,0.253,2.5701731492111482e-6
MAP3K8,7.129160347503815e-11,1.3183977559036026,0.083,0.042,2.609343978789871e-6
DIAPH2-AS1,7.422777997854801e-11,1.338625932150446,0.095,0.052,2.7168109749948357e-6
CKMT2-AS1,7.833135934382869e-11,-0.7634643807499337,0.067,0.119,2.867006083343474e-6
HECA,7.833670000582408e-11,-0.21936386062493818,0.599,0.701,2.867201556913167e-6
APLF,7.853040170188501e-11,-0.8913182027902824,0.07,0.121,2.8742912326906932e-6
ADAMTSL4-AS1,7.938404417892119e-11,-0.3456199187208902,0.158,0.236,2.9055354009926947e-6
XXYLT1,7.981165669334581e-11,-0.9508813777219034,0.036,0.077,2.9211864466331498e-6
ALMS1,8.138264733168367e-11,-0.32255928155616,0.257,0.346,2.9786862749869543e-06
FAM160B1,8.140381980604506e-11,-0.35890066247273095,0.206,0.293,2.9794612087210553e-6
IKBKB,8.165124939494672e-11,-0.32454119660984104,0.189,0.274,2.9885173791044446e-6
ELOB,8.184457115673301e-11,0.9348078288559909,0.144,0.092,2.995593148907585e-6
SLC3A2,8.2225282174547e-11,0.9163703540514454,0.154,0.101,3.0095275528705946e-6
RAB43,8.336661648228033e-11,-0.4259227522870396,0.124,0.194,3.0513015298679422e-6
CPPED1,8.468588631100977e-11,-0.8189507879892677,0.049,0.095,3.099588124869269e-6
DIRC3,8.504518610763094e-11,-0.5113104396884107,0.147,0.216,3.1127388567254e-6
ULK2,8.519016041978946e-11,-0.6983475421222312,0.066,0.118,3.118045061524714e-6
HOOK2,8.85197662112568e-11,0.9668203255732335,0.141,0.09,3.23991196309821e-6
NHLRC2,8.988815942381131e-11,-0.5362180280128273,0.087,0.147,3.289996523070918e-6
Z93930.2,9.011273056396671e-11,-0.34362044127374936,0.152,0.227,3.2982160513717457e-6
RCAN3,9.018817237874533e-11,-0.245915237245375,0.585,0.686,3.300977297234458e-6
HIGD2A,9.074362171725671e-11,1.0884322958221875,0.097,0.053,3.321307298473313e-6
AP000442.1,9.154115922070553e-11,1.2069355741282686,0.104,0.059,3.350497968637043e-6
AC107223.1,9.363213872482886e-11,-0.6951482064929162,0.066,0.117,3.4270299094674613e-6
MYO9B,9.559972386805697e-11,-0.2523717351491171,0.308,0.414,3.499045493294753e-6
HSPE1,1.0191710645656983e-10,0.8792040886709209,0.136,0.084,3.730268013416912e-6
TENM1,1.0350336357373794e-10,0.5530410799056189,0.223,0.16,3.7883266101623825e-6
SECISBP2,1.0590367157264623e-10,0.3574533527068382,0.578,0.547,3.876180283230424e-6
AC006001.2,1.0615152055769325e-10,-0.5652299614089127,0.077,0.133,3.885251803932131e-6
TAPT1,1.0773549061384461e-10,-0.28293479600314264,0.287,0.385,3.943226691957326e-6
AGPAT3,1.0817647042122664e-10,-0.24680022965607845,0.257,0.356,3.959366993887317e-6
CCDC88C,1.103662865030596e-10,-0.23915254825774168,0.558,0.664,4.039516452298484e-6
ATF6,1.1157077990104961e-10,-0.24773573971181517,0.469,0.578,4.083602115158317e-6
SEC24B,1.15271761965464e-10,-0.17762040377601385,0.475,0.597,4.219061759697947e-6
AGL,1.1531326964857188e-10,-0.5511671093979903,0.098,0.159,4.220580982407379e-6
GART,1.174112692418375e-10,-0.5232368768463866,0.093,0.154,4.297369865520495e-6
PBX3,1.2040242538140374e-10,-0.3996591577434755,0.312,0.394,4.4068491713847584e-6
PRR14L,1.209009120616681e-10,-0.34954583019304764,0.194,0.276,4.425094282369114e-6
EVI2A,1.234622837679653e-10,0.9351645097830575,0.164,0.112,4.5188430481912974e-6
MDH2,1.2515675694191762e-10,0.9515456861726708,0.118,0.07,4.580862460831127e-6
CCDC30,1.258494844908414e-10,-1.2512601539724613,0.03,0.069,4.606216981849286e-6
THRA1/BTR,1.289119535964211e-10,1.1441562919308923,0.088,0.047,4.718306413582608e-6
ATP5PF,1.296277703168914e-10,1.214253045501008,0.076,0.038,4.744506021368542e-6
ISCU,1.3384210132885e-10,0.9749544317784087,0.133,0.084,4.89875475073724e-6
IRF2,1.3496868330588105e-10,-0.41311943299425824,0.105,0.171,4.9399887776785526e-6
GUK1,1.368780079705552e-10,0.9169508446345973,0.138,0.088,5.009871969730291e-6
TMEM181,1.3892188693248328e-10,-0.20776749495378166,0.423,0.539,5.084679983615821e-6
ZNF710,1.3992985142880513e-10,-0.6095132793947053,0.061,0.112,5.121572492145696e-6
SNX4,1.4203945655308564e-10,-0.2909711258329353,0.181,0.262,5.198786149299488e-6
YTHDC1,1.4212203605432233e-10,0.33527879787926906,0.647,0.626,5.201808641624252e-6
NDUFB10,1.421435096902762e-10,0.9788616615566046,0.1,0.056,5.2025945981737985e-6
ADARB1,1.4541209973582854e-10,-0.44849391313048237,0.188,0.264,5.32222826243106e-6
HLA-DRA,1.466109340912268e-10,0.7833292556734356,0.192,0.136,5.366106798672993e-6
N4BP2L2,1.4822793645758095e-10,-0.14257893270321054,0.783,0.879,5.42529070228392e-6
PRDX2,1.5016202102017708e-10,1.0246569172708566,0.113,0.067,5.496080131359501e-6
BCL11B,1.5215925108172095e-10,-0.13821322743886633,0.921,0.955,5.5691807488420685e-6
SNRNP200,1.5485815503315826e-10,0.4837320737849906,0.42,0.37,5.6679633323686255e-6
MED10,1.5690285038942872e-10,0.7825425085859358,0.204,0.148,5.742801227103481e-6
USP24,1.591279209473228e-10,-0.22871752304066462,0.551,0.657,5.824241034592962e-6
CFAP44,1.6214719868670622e-10,-0.5902166491766796,0.09,0.148,5.934749619132134e-6
DCLRE1C,1.6501216527368065e-10,-0.5213059144028502,0.073,0.127,6.0396102611819855e-6
ARPC3,1.651434951140956e-10,0.5530243154673522,0.311,0.247,6.044417064671013e-6
TNFRSF25,1.7116198098219058e-10,0.546855760695789,0.325,0.266,6.264699665929157e-6
MMS19,1.7236605846486721e-10,-0.38907556171365565,0.156,0.232,6.308770105872605e-6
NCL,1.772176571455671e-10,0.49494871696755344,0.449,0.409,6.4863434691849014e-6
GDAP1,1.888390145694206e-10,-0.8064815935938083,0.059,0.107,6.911696772255363e-6
HLA-DPA1,1.8947607349243673e-10,1.1179831016647725,0.109,0.064,6.935013765896676e-6
DNASE1,1.897229891783261e-10,-0.7519926543153175,0.057,0.106,6.944051126915914e-6
PWWP2A,1.9091421931442725e-10,-0.55145936138946,0.124,0.189,6.987651341127352e-6
BANP,1.9191613848400168e-10,-0.43201692213083387,0.143,0.215,7.024322584652945e-6
SLAIN2,1.926652522809988e-10,-0.3401392846351977,0.257,0.344,7.051740898736837e-6
RNF43,1.9294721062786053e-10,0.9132646924309427,0.133,0.084,7.062060856190323e-6
SAP130,1.9986199306260708e-10,-0.4644309442889487,0.14,0.209,7.315148808084482e-6
MAMLD1,2.0571313858810957e-10,-1.0427567801773838,0.036,0.076,7.529306585463398e-6
ZBTB20-AS5,2.0668321321141117e-10,1.1184421475833104,0.102,0.058,7.564812286750861e-6
SERP1,2.1226202907541625e-10,0.6293615071111343,0.282,0.223,7.76900252618931e-6
ANKMY1,2.1361993010109699e-10,-0.30121513955119017,0.177,0.257,7.818703061630251e-6
FAM120B,2.1845088955057027e-10,-0.2946360517959461,0.384,0.489,7.995521008440423e-6
RAB3GAP2,2.2071803141729194e-10,-0.2393426399866594,0.383,0.487,8.078500667904302e-6
BAZ1B,2.2322192211737638e-10,-0.28756575868688683,0.249,0.341,8.170145571418092e-6
BTN3A2,2.279773405070759e-10,-0.46145758693727146,0.129,0.197,8.344198639899485e-6
MTRNR2L12,2.3132365548518354e-10,-0.04386150653241394,0.997,0.999,8.466677114413203e-6
CLIC5,2.3491807707505914e-10,-0.5236180020954805,0.091,0.149,8.59823653902424e-6
MAP3K3,2.361017344244652e-10,-0.2763229829430975,0.337,0.44,8.64155958166985e-6
AC008731.1,2.419124589226498e-10,1.6369238013627263,0.052,0.022,8.854237909027906e-6
DPP7,2.438180020569144e-10,0.883215369385784,0.169,0.116,8.923982693285123e-6
AC242426.2,2.439640761095798e-10,-1.173164495301334,0.028,0.064,8.929329149686731e-6
C2CD5,2.4500549806228374e-10,-0.21918670626876935,0.422,0.532,8.967446234577647e-6
INKA2,2.4781679865387056e-10,1.12221567153033,0.118,0.072,9.070342647530317e-6
AL162253.2,2.50730701874685e-10,-0.83640790843167645,0.039,0.081,9.176994419315347e-6
CEBPB,2.5991909734107087e-10,1.098628397168232,0.1,0.057,9.513298881780535e-6
AF165147.1,2.6219268310078796e-10,-0.9300929749035509,0.062,0.111,9.59651439417194e-6
GPCPD1,2.6242410613394e-10,-0.18493404951487658,0.635,0.745,9.60498470860834e-6
SNHG7,2.668154512143222e-10,0.8803537238860168,0.134,0.085,9.765712329895406e-6
PSME2,2.7323730372924225e-10,0.7860830820726221,0.163,0.109,1.0000758553793996e-5
CRTC1,2.7414370315444777e-10,-0.5246428805584269,0.082,0.138,1.0033933679155943e-5
NR3C1,2.7465387673790515e-10,0.2966444956514538,0.789,0.795,1.0052606542484066e-5
UBA3,2.8439418537831655e-10,-0.2914011049944274,0.216,0.301,1.0409111579031763e-5
SFI1,2.880594418821035e-10,-0.21295367417370453,0.32,0.427,1.0543263632326871e-5
OSBPL8,2.9864074716619177e-10,-0.13894573109321007,0.782,0.858,1.0930549987029784e-5
PAM,3.0862369557514843e-10,-0.30362646594801546,0.358,0.445,1.1295935881746008e-5
KRCC1,3.131158732017134e-10,-0.6153324967439069,0.079,0.133,1.1460354075055912e-5
EIF3H,3.1572423721400404e-10,0.3744475750875762,0.516,0.459,1.1555822806269762e-5
CHCHD6,3.1582305082066335e-10,-0.8412881736970979,0.057,0.105,1.15594394830871e-5
TLE5,3.1725185627931775e-10,0.4454412641634817,0.423,0.38,1.1611735191679309e-5
PSEN1,3.200323518251682e-10,-0.2884663248377122,0.243,0.332,1.171350410915298e-5
TMED2,3.21032998448526e-10,0.8820987153185904,0.133,0.084,1.1750128776214499e-5
YLPM1,3.3339729738860396e-10,-0.24025346495113964,0.37,0.477,1.2202674481720293e-5
SUSD4,3.3488709678705434e-10,-0.70237283721475,0.086,0.142,1.2257202629502976e-5
ATP5MF,3.362411680991929e-10,1.238537103532742,0.078,0.04,1.2306762993598558e-5
VCAN,3.481647166528273e-10,-0.4486797597730705,0.214,0.295,1.2743176794210132e-5
SRRM2,3.576087284100044e-10,0.31988766375455513,0.641,0.628,1.3088837068534571e-5
LINC01031,3.6137214280370515e-10,1.2649109817903146,0.075,0.038,1.3226581798758411e-5
AKNAD1,3.6144473776523475e-10,-0.5677728654879379,0.115,0.178,1.3229238846945357e-5
AL110114.1,3.640788293335012e-10,-1.2519212356966798,0.019,0.05,1.3325649232435477e-5
FANCC,3.6752501732590103e-10,-1.0374584507963935,0.059,0.105,1.3451783159145303e-5
ITGAV,3.753228099208895e-10,-0.5569950528376961,0.073,0.125,1.3737190165914476e-5
SNX30,3.7904006371631376e-10,-0.8773612661263059,0.041,0.083,1.38732453720808e-5
NAPEPLD,3.8255751367846484e-10,-1.1364770228355843,0.027,0.063,1.4001987558145491e-5
RUFY2,3.8409452280384443e-10,-0.31071095524726033,0.147,0.218,1.405824362914351e-5
MBOAT1,3.8418104735544975e-10,-0.7255002233391279,0.085,0.14,1.4061410514256816e-5
PUDP,4.0165865917915064e-10,-0.4982705343127789,0.123,0.188,1.4701108584616093e-5
RGS1,4.068645335978339e-10,1.2425535329162927,0.098,0.056,1.4891648794214318e-5
NDUFB11,4.090869352460549e-10,1.010893228504798,0.116,0.07,1.4972990916940855e-5
ACBD6,4.092148710509264e-10,-0.15976991192925083,0.434,0.545,1.4977673495334957e-5
SGPP1,4.149066129345413e-10,-0.3341413100015156,0.183,0.26,1.5185996940017147e-5
CCND3,4.1790729927194925e-10,-0.16094495960747635,0.807,0.889,1.5295825060652616e-5
THEM4,4.18551231552209e-10,-0.39523502007338174,0.191,0.271,1.5319393626042402e-5
CADM1,4.408245110788868e-10,-0.7646020524659145,0.05,0.095,1.6134617929998337e-5
GANC,4.4112624920949575e-10,-0.6232393308932251,0.092,0.149,1.6145661847316754e-5
VGLL4,4.417369069655203e-10,-0.3999055575288907,0.163,0.235,1.616801253184501e-5
NEK11,4.4330244892853787e-10,-0.8457600278748874,0.041,0.083,1.6225312933233415e-5
H2AFZ,4.524959161962188e-10,0.8869406473433965,0.132,0.084,1.6561803028697804e-5
BEX3,4.5472869087598375e-10,1.382751030544938,0.065,0.031,1.664352481475188e-5
AQP3,4.5669722513525306e-10,0.86960835271257,0.139,0.089,1.6715575137175398e-5
RBL2,4.667186979275466e-10,-0.16236923093928546,0.642,0.764,1.7082371062846133e-5
CDYL,4.694647990161243e-10,-0.2720673007931107,0.328,0.422,1.7182881108789167e-5
SUPT4H1,4.790668629974757e-10,1.25528164134069,0.083,0.045,1.753432625257061e-5
ARID1A,4.815502209108022e-10,-0.24140896157581382,0.345,0.443,1.762521963555627e-5
SUCLG2-AS1,4.818137075096156e-10,-1.0588455713781224,0.035,0.074,1.763486350855944e-5
GABPB2,4.823207311539945e-10,-0.5466729546279965,0.095,0.153,1.765342108096735e-5
IDI1,4.826896936132645e-10,0.7763652205940098,0.218,0.163,1.7666925475939092e-5
WDYHV1,4.84922350456507e-10,-1.1605241226280678,0.029,0.066,1.774864294905861e-5
SAT1,4.869223654093439e-10,0.7718572684990587,0.282,0.228,1.7821845496347395e-5
AOPEP,4.92112321695755e-10,-0.44010387589681743,0.177,0.248,1.8011803086386326e-5
ABCC5,4.965289677565251e-10,-0.8547211751814856,0.046,0.089,1.8173456748856575e-5
POC1B,5.098319309430051e-10,-0.5330168703904863,0.13,0.194,1.8660358504444932e-5
SLIRP,5.340910561419445e-10,0.7558446040192547,0.195,0.139,1.954826674585131e-5
HLA-DPB1,5.468082967099883e-10,0.8477748488804033,0.127,0.079,2.0013730467882284e-5
ATP5PO,5.63970338072998e-10,1.040056725720218,0.112,0.067,2.06418783438098e-5
TRIM38,5.651969616553501e-10,-0.2765206672544492,0.225,0.315,2.0686773993547468e-5
RAN,5.653464910405197e-10,0.7841278002125013,0.175,0.122,2.0692246918574062e-5
DUSP8,5.743505056654164e-10,1.6462793900423391,0.057,0.026,2.1021802857859907e-5
PRMT7,5.81171956291195e-10,-0.6286252691236462,0.068,0.118,2.127147477221403e-5
GK5,5.956266994480467e-10,-0.6894773952162057,0.054,0.1,2.1800532826497958e-5
ITCH,5.987763404231545e-10,-0.2055642595498799,0.424,0.535,2.1915812835827878e-5
LYN,5.998274459559885e-10,-0.9527033632874526,0.047,0.091,2.1954284349435135e-5
PPP3CB,6.143784861647104e-10,-0.3244693992882606,0.304,0.395,2.2486866972114564e-5
AL161725.1,6.198535978433026e-10,1.0570229491696708,0.093,0.052,2.268726153466272e-5
SEPTIN9,6.406565013652475e-10,-0.2931616442122256,0.374,0.473,2.3448668606469424e-5
EPS15L1,6.437035296136867e-10,-0.44862330728689426,0.126,0.193,2.3560192887390547e-5
DOP1A,6.455986240078539e-10,-0.28049115260174146,0.313,0.404,2.362955523731146e-5
TBC1D14,6.509769369236632e-10,-0.3253599283875449,0.195,0.276,2.3826406868342994e-5
SNX27,6.605737986892242e-10,-0.4885730864942226,0.104,0.165,2.4177661605824294e-5
MYO6,6.648742432042408e-10,-0.707099379385846,0.055,0.101,2.433506217551842e-5
AGPAT4,6.661599251039469e-10,-0.5105841248304029,0.152,0.218,2.4382119418729562e-5
CLTC,6.742481406461372e-10,-0.22518287186020192,0.358,0.462,2.4678156195789267e-5
LINC02245,7.052653852181306e-10,-0.8266716326639509,0.04,0.081,2.58134183643688e-5
SIRT5,7.071621176938875e-10,-0.9422012118845133,0.039,0.08,2.5882840669713974e-5
LEPROTL1,7.131274707527715e-10,0.2929754170720593,0.7,0.668,2.6101178557022188e-5
AIG1,7.286639315646452e-10,-0.7803292532485865,0.077,0.128,2.666982855919758e-5
SELPLG,7.338055656165418e-10,-0.4760081241372729,0.15,0.219,2.685801750713105e-5
TC2N,7.450206572066632e-10,-0.17215128779317945,0.876,0.918,2.726850107442108e-5
TAF4,7.523732093346809e-10,-1.1547722365168602,0.027,0.062,2.7537611834858657e-5
ATP8A1,7.556108304554232e-10,-0.2462421340641805,0.383,0.48,2.7656112005498945e-5
KCNQ5,7.965445557938016e-10,-0.8551751468902429,0.076,0.127,2.9154327286608933e-5
AL050309.1,8.164037470779596e-10,-0.48897740373277093,0.156,0.222,2.98811935468004e-5
DDI2,8.189313306624345e-10,-0.4018972358442112,0.102,0.162,2.9973705633575763e-5
AFG1L,8.313875806720014e-10,-0.8080846703711713,0.046,0.089,3.0429616840175922e-5
TMEM220,8.372634730987892e-10,1.4434791321731497,0.061,0.029,3.064468037888878e-5
DAB1,8.439144445434538e-10,-0.7680811931532789,0.097,0.152,3.088811258473495e-5
RHBDD1,8.515986003056961e-10,-0.38130782880515957,0.242,0.319,3.1169360369788785e-5
PIAS2,8.848164131132234e-10,-0.2991611788655911,0.24,0.321,3.2385165536357085e-5
TET3,9.131680226320044e-10,-0.36916330591052654,0.16,0.231,3.3422862796353994e-5
OAS2,9.14188363177441e-10,-0.4530619900327111,0.059,0.107,3.346020828065752e-5
GABARAPL2,9.186758840428884e-10,1.1048309937954395,0.095,0.054,3.362445603185376e-5
EPHA4,9.195916234673678e-10,-0.35054036961838553,0.468,0.544,3.365797301052913e-5
PDCD10,9.2338809220002e-10,-0.34813191659743825,0.187,0.264,3.379692756261293e-5
SAMD12,9.432480201502184e-10,-0.48314744561739,0.261,0.333,3.452382078551814e-5
PARP15,9.50398065346216e-10,-0.4011761080234048,0.216,0.297,3.478551958973685e-5
ITFG2,9.556061554432612e-10,-0.3184841483388295,0.18,0.253,3.4976140895378804e-5
IL10RB,9.576197626111534e-10,-0.560731262224135,0.112,0.172,3.5049840931330825e-5
CHIC1,9.731972262655992e-10,-0.360123975850263,0.141,0.21,3.5619991678547194e-5
FRA10AC1,1.0338231321218406e-9,-0.3201672943569177,0.142,0.211,3.783896045879149e-5
MIR181A1HG,1.0397645649339855e-9,-0.8207229676966092,0.039,0.08,3.80564228411488e-5
RALGAPB,1.0444286202509607e-9,-0.21098881614472004,0.337,0.437,3.822713192980542e-5
AUTS2,1.0655277368982832e-9,-0.6104648118455843,0.121,0.182,3.8999380698214066e-5
UQCRQ,1.0788149154817413e-9,1.207331913994925,0.083,0.045,3.9485704721547216e-5
FKBP15,1.0971714379068956e-9,-0.5093495811629982,0.072,0.123,4.0157571798830285e-5
SLAMF1,1.1087220160305802e-9,-0.3408849451238197,0.212,0.293,4.058033450873527e-5
SUB1,1.1103229013369286e-9,0.3884225241316722,0.508,0.469,4.0638928511832924e-5
XRN1,1.1120255775006948e-9,-0.14149682887903614,0.708,0.811,4.070124816210293e-5
AIF1,1.128727610640061e-9,0.8360893445864264,0.13,0.082,4.131255927703687e-5
HIP1,1.133413245185229e-9,-0.9482738347882189,0.032,0.069,4.148405818702456e-5
AP2B1,1.1466197409142106e-9,-0.2368568797645444,0.339,0.437,4.196742913720102e-5
MFSD10,1.1527456880652339e-9,1.0122139859674624,0.095,0.054,4.219164492887563e-5
NEK1,1.1598340310232694e-9,-0.2596384732566293,0.235,0.32,4.2451085369482687e-5
ARG1,1.1816045308274338e-9,1.6303640191783013,0.055,0.024,4.3247907432814905e-5
FAM193B,1.19798030048202e-9,-0.5489702380295831,0.068,0.119,4.3847276977942415e-5
NMT2,1.2016715942556022e-9,-0.3804670433678904,0.163,0.235,4.3982382021349294e-5
AC005237.1,1.2173400715548203e-9,1.0409553068666275,0.14,0.092,4.455586395897798e-5
FBXW7,1.2326378724683266e-9,-0.1670002401764754,0.685,0.776,4.5115778770213224e-5
SWT1,1.2339591850040732e-9,-0.6023574077360118,0.097,0.153,4.5164140130334084e-5
GLCCI1,1.2520928666580407e-9,-0.37370291002189504,0.362,0.446,4.582785101255095e-5
SEC14L1,1.2671641964852576e-9,-0.33399677725753474,0.161,0.234,4.637947675555691e-5
ST3GAL2,1.2778208687587036e-9,-0.6952620977802995,0.042,0.084,4.676952161743731e-5
ECH1,1.2897646186100632e-9,1.1322232310869373,0.074,0.038,4.720667480574692e-5
UXS1,1.2929252524971194e-9,-0.34119989650529886,0.264,0.35,4.7322357166647066e-5
YEATS2,1.2988270068297024e-9,-0.3523258751028929,0.192,0.267,4.7538367276973934e-5
TTC28-AS1,1.303939997445815e-9,-0.7997109740680772,0.056,0.1,4.772550784651427e-5
MYDGF,1.314179589528265e-9,0.7991666458239675,0.15,0.1,4.8100287156324025e-5
SHQ1,1.3142122015878243e-9,-0.7852334401517753,0.076,0.126,4.810148079031596e-5
TMED4,1.3288932344948048e-9,0.7245287356783604,0.214,0.162,4.863882127574435e-5
NBEAL2,1.3372810264157296e-9,-0.7027177273793364,0.065,0.113,4.894582284784212e-5
ABHD2,1.3489534505501903e-9,-0.28174156967507924,0.229,0.313,4.937304524358752e-5
WWP2,1.383395347232165e-9,-0.2626103677788469,0.313,0.402,5.0633653104044466e-5
PRKCI,1.393211178234738e-9,-0.39461658509355857,0.1,0.158,5.099292233456964e-5
MYBL1,1.4020157020087208e-9,-0.2310919886806333,0.367,0.462,5.131517670922119e-5
TARSL2,1.4418284517584223e-9,-0.3034705424641048,0.29,0.379,5.2772363162810014e-5
NOTCH2,1.4499687641864384e-9,-0.40175020294639385,0.183,0.256,5.307030673798783e-5
NDUFA2,1.453211841378501e-9,1.0545967072239482,0.094,0.053,5.318900660629451e-5
OLA1,1.4743093657299315e-9,-0.38970223967449896,0.287,0.368,5.396119709508122e-5
PTPRA,1.4783110812962076e-9,-0.1981311015486933,0.523,0.643,5.410766388652249e-5
SNX24,1.5281863385431558e-9,-0.6353350799314395,0.1,0.154,5.593314817701804e-5
ZNF169,1.534943248879058e-9,-0.5015073283276255,0.085,0.139,5.6180457852222404e-5
KLHL20,1.5419562478067568e-9,-0.27849252431774996,0.28,0.365,5.643714062597511e-5
MCTP2,1.5419963489953653e-9,-0.286096072644387,0.202,0.28,5.643860836957937e-5
ALKBH8,1.5506669981991317e-9,-0.4736492247155173,0.097,0.155,5.675596280108642e-5
TRAPPC6A,1.5605333981063253e-9,1.0134692512997356,0.106,0.063,5.7117082904089615e-5
DET1,1.580525147974965e-9,-0.9885117781671608,0.03,0.066,5.784880094103169e-5
C16orf72,1.5883722785745775e-9,-0.3150538678578195,0.142,0.213,5.8136013768108114e-5
NME7,1.6312575451752609e-9,-0.4899587094172925,0.117,0.176,5.970565741095972e-5
IDE,1.6443382372953532e-9,-0.3402254077839465,0.141,0.209,6.018442382324722e-5
HSDL2,1.6480629214192463e-9,-0.970272882598604,0.036,0.075,6.032075098686583e-5
KMT2A,1.6812164719201065e-9,-0.1768689615524548,0.571,0.675,6.153420408874782e-5
LINC00174,1.6842898760101765e-9,-0.703989427604423,0.059,0.105,6.164669375184847e-5
FARSB,1.6866919331202e-9,-0.32101056394304833,0.165,0.238,6.173461144413244e-5
SH3BP5,1.6872128237514605e-9,-0.2832188398299905,0.252,0.34,6.175367656212721e-5
AL133334.1,1.6885157688635513e-9,1.0417984834988143,0.087,0.048,6.180136565617484e-5
PQBP1,1.7071672813830165e-9,1.1832272642696036,0.078,0.041,6.248402966589979e-5
ANAPC5,1.7315166891645608e-9,-0.24036138979757493,0.287,0.381,6.337524234011208e-5
SEPTIN11,1.8046532708315083e-9,-0.5980063200215564,0.143,0.205,6.605211436570404e-5
KLRB1,1.8443600593974263e-9,1.001096642453325,0.106,0.063,6.75054225340052e-5
ALKBH7,1.8807785768644487e-9,0.957365425577481,0.097,0.056,6.883837669181569e-5
MEAK7,1.8850528885922826e-9,-0.716912265033846,0.05,0.093,6.899482077536614e-5
AC018797.3,1.8909638408022978e-9,1.0699695610439626,0.105,0.063,6.92111675372049e-5
EPHA1-AS1,1.8915560975071047e-9,-0.47401986960330755,0.108,0.167,6.923284472485754e-5
CORO1A,1.937479791159214e-9,0.4915168815390708,0.396,0.353,7.09136978362184e-5
NPIPB4,1.975288987971772e-9,-0.5868956404795849,0.088,0.142,7.229755224875483e-5
TRMT112,1.978329618155166e-9,1.0289629799754105,0.087,0.048,7.240884235409723e-5
KIAA0556,1.9784792514366876e-9,-0.4840732541474875,0.077,0.128,7.24143190818342e-5
NPTN,1.9956567012605206e-9,-0.45960923811530163,0.134,0.198,7.304303092283631e-5
AL513188.1,2.004532980015857e-9,1.267995234218599,0.08,0.043,7.336791160156038e-5
ARRDC5,2.015806735522962e-9,-1.0437189754402771,0.021,0.053,7.378054232687594e-5
NOD1,2.024095248201595e-9,-0.7621790649469764,0.063,0.11,7.408391017942658e-5
AC004825.3,2.041732816265802e-9,1.1692657181896347,0.073,0.038,7.472946280814463e-5
COG7,2.0650830422494022e-9,-0.6845034375393331,0.049,0.091,7.558410442937037e-5
DCAF10,2.1698372874705703e-09,-0.38017798498517297,0.214,0.288,7.941821455871035e-5
CHD3,2.257583867983171e-9,-0.29048401696058845,0.232,0.317,8.262982715205205e-5
TYROBP,2.2690460100046586e-9,1.0504934603145462,0.101,0.059,8.30493530121805e-5
CTPS2,2.364519068391693e-9,-0.8992687409692102,0.024,0.056,8.654376242220436e-5
SPECC1,2.477316000415849e-9,-1.0793341672747307,0.036,0.073,9.06722429312205e-5
VPS54,2.4834432714948743e-9,-0.3070092233241033,0.294,0.379,9.08965071799839e-5
XKR9,2.5053442004765706e-9,-1.3094639523271714,0.028,0.062,9.169810308164297e-5
AC073343.2,2.515126367005397e-9,1.2778784025062817,0.076,0.04,9.205614015876453e-5
TCF20,2.537493744228669e-9,-0.25453192373650213,0.298,0.39,9.287480853251352e-5
GSPT1,2.540350858363191e-9,0.3375315327794042,0.529,0.484,9.297938176695116e-5
POLR2J3,2.5861929596780275e-9,-0.30557505100541027,0.255,0.341,9.465724851717548e-5
SNX6,2.709939167082557e-9,-0.1969235116942888,0.284,0.38,9.918648345438866e-5
ATP2A2,2.763574293571179e-9,-0.351907244569166,0.199,0.272,1.0114958271899872e-4
SRPK1,2.7724386025532426e-9,-0.25944057118703456,0.204,0.286,1.0147402529205123e-4
YBX1,2.774328164451592e-9,0.4740196872894243,0.376,0.329,1.0154318514709271e-4
CD36,2.8168126546587548e-9,-1.0893282335902619,0.031,0.067,1.0309815997316508e-4
NEK6,2.9052224205284953e-9,-1.1317312182347297,0.026,0.059,1.0633404581376346e-4
PITPNM2,2.9254277214406617e-9,-0.9518741163435913,0.045,0.085,1.0707358003244965e-4
EMB,2.932891198751897e-9,-0.15041346483415907,0.692,0.8,1.0734675076551819e-4
ZNF248,2.970460476477328e-9,-0.7172995804128477,0.06,0.105,1.0872182389954668e-4
HHAT,3.0805733705066818e-09,-0.41297459433606304,0.142,0.205,1.1275206593391506e-4
IFT74,3.1016332940540955e-9,-0.8983715869260571,0.044,0.084,1.1352288019567394e-4
SIVA1,3.1993226544094377e-9,0.9213931085159719,0.124,0.079,1.1709840847403983e-4
TUFM,3.2559835065618824e-9,0.9790958911145475,0.124,0.08,1.1917225232367145e-4
SLC25A3,3.292040919255294e-9,0.5965134261236847,0.303,0.253,1.2049198968566301e-4
SMC6,3.2946349207528773e-9,-0.514031288635875,0.109,0.167,1.2058693273447605e-4
AC007216.4,3.337784151717522e-9,0.8332176314437556,0.138,0.092,1.2216623773701301e-4
EMD,3.346862312589532e-9,1.332909978035044,0.07,0.036,1.2249850750308946e-4
TRBC1,3.357250543046189e-9,0.7628244344654589,0.313,0.264,1.2287872712603358e-4
ELMOD3,3.472885536550875e-9,-0.48338337180422064,0.072,0.122,1.2711108352329858e-4
ZZEF1,3.4805130964981774e-9,-0.23733387793707228,0.379,0.484,1.273902598449298e-4
HNRNPM,3.5012183320381017e-9,0.38658472690694157,0.523,0.499,1.2814809217092656e-4
CLIC1,3.542876210229357e-9,0.7979865919144635,0.138,0.091,1.296728121706047e-4
KCTD7,3.5573581310127664e-9,-0.6647769331409465,0.076,0.126,1.3020286495319826e-4
BACH1,3.638291914390075e-9,-0.20394705800036372,0.37,0.462,1.3316512235859112e-4
LINC01588,3.650145003092862e-9,-0.3870383059935307,0.157,0.224,1.3359895725820184e-4
HDLBP,3.7044763009265305e-9,-0.3761384543818306,0.171,0.243,1.3558753709021193e-4
FRG1-DT,3.719689091685468e-9,-1.1973666915132912,0.021,0.051,1.361443404447798e-4
KIAA0355,3.726509342224809e-9,-0.19223178817691744,0.368,0.474,1.3639396843477024e-4
PARP4,3.733729364093337e-9,-0.21062292674291339,0.485,0.591,1.3665822845518023e-4
EIF3D,3.761020259413098e-9,0.5970183435963989,0.265,0.212,1.376571025147788e-4
UBASH3A,3.765682653053238e-9,-0.35683237557297276,0.123,0.186,1.3782775078440156e-4
STK17A,3.84095230306691e-9,0.36262020108857684,0.563,0.526,1.4058269524455197e-4
ECHDC2,3.858586115274269e-9,-0.3206893027061696,0.169,0.24,1.4122811040515352e-4
HDAC7,3.95966310566579e-9,-0.4159216168687383,0.097,0.154,1.4492762933047357e-4
DDOST,4.098429213580347e-9,0.8816189944220978,0.143,0.097,1.5000660764625428e-4
NLRP1,4.111563934005768e-9,-0.18631314781299957,0.451,0.557,1.5048735154854511e-4
TMEM109,4.1536780338391435e-9,1.037729031107128,0.081,0.044,1.5202876971654648e-4
ZNF365,4.187445458557707e-9,-0.7368546200175881,0.068,0.114,1.5326469122867064e-4
FTCDNL1,4.228428777597118e-9,-1.2395179304902424,0.022,0.053,1.547647216888321e-4
CPEB2,4.236068184287521e-9,-0.5189197698968451,0.125,0.185,1.5504433161310754e-4
EIF3G,4.238058643062232e-9,0.6552961813779178,0.191,0.138,1.5511718439472076e-4
TUBA1A,4.242971562831e-9,0.6722729722780755,0.244,0.191,1.5529700217117745e-4
DISC1FP1,4.2530267437220205e-9,-0.780303478598685,0.091,0.141,1.5566503184696968e-4
TPGS2,4.286300486861684e-9,-0.48643570122126834,0.071,0.12,1.568828841196245e-4
HIST1H4E,4.292252592699149e-9,1.212027487833252,0.08,0.044,1.5710073714538157e-4
MRPL48,4.3826432934132384e-9,-0.8017379709428227,0.044,0.083,1.6040912718221794e-4
ZRANB2-AS1,4.457613622837639e-9,1.2932128945618206,0.068,0.035,1.631531162094804e-4
RETREG3,4.46678940917177e-9,-0.2630013734183113,0.16,0.232,1.6348895916509594e-4
PCNX4,4.4927027823826855e-9,-0.35502207346145953,0.187,0.257,1.6443741453798868e-4
AC026202.2,4.562997137918804e-9,1.1285933852431669,0.112,0.071,1.6701025824496614e-4
MIRLET7BHG,4.63491870117815e-9,-0.4968298437335943,0.081,0.133,1.6964265938182148e-4
CRLS1,4.6554822304584015e-9,-0.5924167381711074,0.074,0.123,1.7039530511700796e-4
CREB3L2,4.670235877868781e-9,-0.39629788303955904,0.138,0.2,1.7093530336587524e-4
GSDMB,4.80639218607132e-9,-0.681106118349744,0.051,0.093,1.7591876040239638e-4
GRK5,4.838078698099485e-9,0.5081742456273581,0.478,0.433,1.7707851842913925e-4
KIF1B,4.888462232344896e-9,-0.4156891456177664,0.173,0.241,1.7892260616605553e-4
GAB3,4.890671897161993e-9,-0.693079683331967,0.079,0.129,1.7900348210802612e-4
DCAF5,5.007238057539758e-9,-0.19015464621053735,0.361,0.465,1.832699201440127e-4
CD2AP,5.0624476280710024e-9,-0.25693365582938443,0.379,0.469,1.8529064563502676e-4
AC108519.1,5.078206649419639e-9,-1.0284935659979246,0.028,0.062,1.858674415754082e-4
TCF7,5.086729848273521e-9,-0.2159195900299642,0.639,0.729,1.8617939917665914e-4
TADA2A,5.153138032857845e-9,-0.4692620754376433,0.063,0.11,1.8861000514062997e-4
MBTD1,5.385136720116391e-9,-0.25230974002074974,0.332,0.421,1.9710138909298004e-4
MEMO1,5.405901370424122e-9,-0.8121459225922614,0.049,0.091,1.978613960588933e-4
LINC00649,5.493019136682072e-9,-0.5774052567307437,0.107,0.162,2.0104999342170053e-4
HSPA5,5.495328291368404e-9,0.5213112004969862,0.31,0.258,2.0113451079237498e-4
AC092650.1,5.722207955152424e-9,-0.7423633001661967,0.044,0.083,2.0943853336653385e-4
ARF1,5.7491460075266174e-9,0.5892816738785032,0.293,0.241,2.1042449302148173e-4
C8orf37-AS1,5.750636996365798e-9,-1.1193867419301167,0.037,0.074,2.104790647039846e-4
TESK2,5.825422552368434e-9,-0.7174167148931188,0.049,0.089,2.1321629083923704e-4
SIRPG,5.8466180971102495e-9,-0.7464278393866162,0.058,0.103,2.1399206897233225e-4
ITGB2,5.848102481603851e-9,0.48520045883309315,0.331,0.28,2.1404639892918254e-4
ADD1,5.859265153437279e-9,-0.21670111531054714,0.313,0.404,2.1445496388095784e-4
SLC35A3,6.03035019458816e-9,-0.32136496366937545,0.21,0.285,2.2071684747212124e-4
KIAA1324L,6.059642487296771e-9,-0.4065421946873034,0.121,0.182,2.2178897467754912e-4
PSMB10,6.0977424568099795e-9,0.9296390656710232,0.11,0.068,2.2318347166170205e-4
BCL2L13,6.141279528597168e-9,-0.5091191377119004,0.07,0.117,2.2477697202618496e-4
WDR41,6.173646436651472e-9,-0.6761565916937671,0.047,0.087,2.2596163322788053e-4
RNMT,6.181682917649164e-9,0.37589715203928287,0.458,0.414,2.2625577646887706e-4
DCTN3,6.403010181021777e-9,1.31726444678322,0.056,0.026,2.3435657563557807e-4
GNL3,6.405670055677205e-9,0.6907138131853762,0.214,0.164,2.3445392970784137e-4
SAP18,6.429520355531797e-9,0.7135349849926725,0.186,0.135,2.3532687453281932e-4
WAKMAR2,6.434359413463683e-9,0.707402891329356,0.222,0.167,2.3550398889218428e-4
CMC1,6.459348022268536e-9,-0.45555480858204866,0.134,0.194,2.364185969630507e-4
CUL4A,6.62501779799059e-9,-0.22174856253107433,0.335,0.431,2.424822764242536e-4
PCSK5,6.694010682667454e-9,-0.35089547762292095,0.258,0.335,2.450074849963115e-4
PIK3CG,6.742635773508173e-9,-0.5750178591990214,0.073,0.121,2.4678721194617263e-4
LGALS8,6.7610020223786724e-9,-0.22343270202355964,0.236,0.322,2.4745943502108177e-4
C19orf12,6.767522268500657e-9,-0.6175817453899295,0.062,0.107,2.4769808254939253e-4
PANK3,6.816249058895994e-9,-0.3663512370394465,0.148,0.216,2.4948153180465225e-4
MSH2,6.947926741800409e-9,-0.5219397881246459,0.088,0.14,2.543010666766368e-4
CAPRIN2,6.997878633898884e-9,-0.7631506394413061,0.047,0.087,2.5612935587933307e-4
ATF4,7.054016746520795e-9,0.6876359931535213,0.194,0.143,2.5818406693940764e-4
STARD4-AS1,7.0589330067619615e-9,0.9630952489824566,0.133,0.088,2.5836400698049455e-4
REL,7.212929929059608e-9,0.4195369178324777,0.482,0.448,2.6400044833351074e-4
MIR4435-2HG,7.286189561057392e-9,-0.6389961937958234,0.108,0.163,2.666818241242616e-4
KLHDC4,7.316978108473504e-9,-0.42942318751567443,0.105,0.163,2.6780871574823875e-4
AC004551.1,7.391155415841055e-9,1.9794340883815695,0.052,0.024,2.7052367937519846e-4
ZMAT3,7.48272597700978e-9,-0.7264504157208507,0.08,0.129,2.73875253484535e-4
NUDT16L1,7.69363695083086e-9,1.3555221168529425,0.063,0.032,2.815948060373603e-4
CAMSAP1,7.694862667097564e-9,-0.6079679638766924,0.058,0.102,2.8163966847843795e-4
FAM106A,7.79594144527219e-9,-0.6913714928147101,0.058,0.102,2.8533925283840745e-4
AC087071.2,7.979835647162047e-9,1.2312838167162847,0.066,0.034,2.920699645217781e-4
R3HCC1L,8.089580610394109e-9,-0.22883162923302702,0.354,0.451,2.9608673992103475e-4
ERO1A,8.139837219100722e-9,-0.25526132873506946,0.314,0.406,2.9792618205630553e-4
METTL4,8.233188511960157e-9,-0.5695945462998788,0.078,0.127,3.013429327262537e-4
ZMYM1,8.256083001283868e-9,-0.7233940846300824,0.04,0.078,3.021808939299909e-4
BICDL1,8.272907011034814e-9,-0.3295022240748498,0.198,0.269,3.027966695108852e-4
RAB27A,8.290705214098119e-9,-0.30633390575518016,0.209,0.286,3.0344810154120524e-4
PUM2,8.294066318504849e-9,-0.13606474577772953,0.8,0.872,3.0357112132359596e-4
KCMF1,8.348325790144017e-9,-0.20230414857283574,0.36,0.456,3.0555707224506115e-4
BTBD1,8.39403190090057e-9,-0.17825701363601332,0.278,0.371,3.072299616048618e-4
SNHG9,8.402189706920369e-9,1.1178724585971818,0.077,0.042,3.0752854546299243e-4
GON4L,8.4767939600329e-9,-0.30623197099302996,0.244,0.325,3.1025913573116417e-4
OPRM1,8.533487728525114e-9,0.9938023259496225,0.18,0.133,3.1233418435174773e-4
SHLD2,8.553381460289335e-9,-0.21252789930096966,0.321,0.413,3.1306231482804993e-4
DBT,8.587744949306442e-9,-0.4572703451050901,0.079,0.129,3.1432005288956505e-4
UBXN1,8.606920783969725e-9,0.7873207092298247,0.157,0.11,3.150219076140759e-4
PMS1,8.647754423272723e-9,-0.557472108038042,0.103,0.157,3.1651645964620497e-4
MCPH1,8.760122896479944e-9,-0.20287235196982623,0.365,0.458,3.206292581340624e-4
TNK2,8.786096466199662e-9,-0.466526734229044,0.091,0.145,3.215799167593738e-4
AC012020.1,8.820998357989127e-9,-0.5796520082689769,0.057,0.101,3.2285736090076003e-4
ARHGAP11B,8.825947727728418e-9,-0.5848551312281329,0.032,0.067,3.230385127825878e-4
TNFSF13B,8.921548427237935e-9,-0.42682961658236696,0.102,0.157,3.2653759398533564e-4
KLHL42,8.980795121672376e-9,-0.4996209229606092,0.074,0.122,3.287060822483306e-4
C9orf78,9.116176824311988e-9,0.5731253264074664,0.286,0.237,3.336611879466431e-4
PSD4,9.128222968491743e-9,-0.6087788548495687,0.066,0.112,3.341020888697663e-4
SLC39A9,9.184823766217698e-9,-0.4526747015661814,0.126,0.186,3.3617373466733396e-4
BLM,9.18657225525971e-9,-0.5462213483687153,0.04,0.078,3.3623773111476066e-4
THOC2,9.23364357151679e-9,-0.16078064397137737,0.388,0.495,3.3796058836108603e-4
SLC35E2A,9.417066768414946e-9,-0.4836585314469779,0.096,0.15,3.4467406079075546e-4
ARRDC3,9.496917199513901e-9,-0.2511849608851318,0.229,0.311,3.475966664194083e-4
CDKAL1,9.589740805353067e-9,-0.11627429145281498,0.815,0.882,3.5099410321672757e-4
TSTD1,9.87028487647114e-9,0.9851417983719304,0.092,0.054,3.612622967637202e-4
CEP63,1.0282855551717126e-8,-0.5795378547480634,0.078,0.126,3.763627960483985e-4
TOB1,1.036379266809553e-8,0.5849148588628061,0.308,0.257,3.793251754449645e-4
PRIMPOL,1.0364497188378067e-8,-1.074828795091948,0.033,0.067,3.793509615918256e-4
H2AFJ,1.0368897436567667e-8,1.0329039740438895,0.086,0.049,3.795120150758132e-4
MAP3K7,1.0744760214953732e-8,-0.25354460724228167,0.293,0.38,3.9326896862752156e-4
ZNF516,1.0859270197673372e-8,-0.32131398248737,0.124,0.185,3.974601485050431e-4
TRAP1,1.0942276661019445e-8,-0.6301258789736075,0.064,0.109,4.004982680699727e-4
AC078883.1,1.111998354526006e-8,-0.6483745281443853,0.051,0.092,4.0700251774006344e-4
TMEM43,1.1175358698923096e-8,-0.5709081920248458,0.084,0.134,4.0902930373928426e-4
AL499604.1,1.1199031667131656e-8,0.8252144141884119,0.133,0.088,4.0989575804868574e-4
CMTM6,1.1302421064849664e-8,-0.40427539794407497,0.279,0.356,4.1367991339456253e-4
RNF216,1.1359389519113314e-8,-0.18802867070891693,0.517,0.623,4.157650157890664e-4
Z82206.1,1.1615634954044865e-8,-0.8447201711691266,0.031,0.065,4.251438549529961e-4
AC092535.4,1.1628995593306472e-8,-0.8067474560635977,0.027,0.059,4.256328677106102e-4
TET1,1.16660504319141e-8,-1.3695599815428108,0.021,0.05,4.26989111858488e-4
PSMB3,1.1715474893822248e-8,1.0400501304799874,0.102,0.063,4.287980965887881e-4
CNOT6,1.1753202093123629e-8,-0.3366932764496251,0.129,0.192,4.3017894981041795e-4
INPP5B,1.2223103962964761e-8,-0.6275275788351098,0.053,0.094,4.4737782814847324e-4
CYB5B,1.223562994471692e-8,-0.2899760333199104,0.109,0.167,4.47836291606584e-4
XPO7,1.2687758051238187e-8,-0.26105976256539876,0.209,0.286,4.643846324333689e-4
SELENOM,1.2710210067260221e-8,1.1794748878778871,0.063,0.032,4.6520639867179134e-4
RAB29,1.2738739217473706e-8,-0.5399417502493153,0.077,0.126,4.6625059409875514e-4
PARN,1.2898016342554721e-8,-0.2264469428911892,0.277,0.363,4.7208029615384536e-4
GRAMD1B,1.3236311250497732e-8,-0.5022219600340854,0.076,0.125,4.844622280794675e-4
MREG,1.3398561610724058e-8,-1.088359480992367,0.031,0.064,4.904007535141112e-4
SNX10,1.350458751751053e-8,-0.6025682733345166,0.08,0.128,4.94281407728403e-4
ZFP90,1.3528928514802735e-8,-0.3480259138700461,0.102,0.158,4.951723125702949e-4
PARK7,1.3564547065206556e-8,0.7350642640889749,0.181,0.132,4.964759871336252e-4
C4orf3,1.3645038435450038e-8,0.9462571457803706,0.111,0.07,4.994220517759068e-4
G2E3-AS1,1.4022602632497996e-8,1.2443797312849787,0.077,0.042,5.132412789520592e-4
TSPAN14,1.4065900521024431e-8,-0.23046786403235453,0.408,0.514,5.148260249700152e-4
CLEC2D,1.4138228034082287e-8,-0.13314810411203748,0.754,0.842,5.174732842754458e-4
RAC2,1.4162443478290106e-8,0.7052814456484156,0.175,0.125,5.183595937488962e-4
EPG5,1.4376908867130689e-8,-0.2714324733282574,0.291,0.374,5.262092414458503e-4
RNF170,1.4396056578249891e-8,-0.49020150739536805,0.07,0.117,5.269100668205243e-4
PTPN12,1.4476498099608093e-8,-0.8999153985651205,0.05,0.089,5.298543069437559e-4
RNF115,1.4792059227659775e-8,-0.16944988399278055,0.294,0.386,5.414041597915755e-4
QSER1,1.4814386996739332e-8,-0.5509972694284735,0.099,0.152,5.422213784676563e-4
GAPVD1,1.4960513176490777e-8,-0.18651808255358976,0.321,0.418,5.47569742772739e-4
PPP6R2,1.4987422332058603e-8,-0.2445496199370018,0.333,0.426,5.485546447756769e-4
FBXW11,1.5431400294830476e-8,-0.23458256200334576,0.318,0.406,5.648046821910903e-4
TRIM56,1.5674865344584835e-8,-0.22864351129098015,0.223,0.304,5.737157464771495e-4
ATP6V1C1,1.572059838723239e-8,-0.7001813458642507,0.052,0.092,5.753896215710927e-4
HNRNPDL,1.5895087191838234e-8,0.4192736258172003,0.435,0.396,5.817760863084712e-4
CSRNP1,1.592759446447354e-8,1.3143646579030919,0.055,0.026,5.82965884994196e-4
DDB2,1.608836472005506e-8,-0.3037200698549496,0.206,0.28,5.888502371187353e-4
RNF13,1.655755819992401e-8,-0.21005228700009537,0.383,0.477,6.060231876754186e-4
CDKL1,1.667551391799001e-8,-0.6904872444642858,0.041,0.077,6.103404849123524e-4
GLCE,1.6722877881128618e-8,-1.1072466420930613,0.026,0.057,6.120740533271886e-4
ANKRD11,1.8060714158123356e-8,-0.15176198417161713,0.687,0.772,6.61040198901473e-4
AL031428.1,1.8113108639529972e-8,0.8561706386138754,0.145,0.099,6.629578893154365e-4
MRPS31,1.8136086393309213e-8,-0.43178932341060605,0.097,0.15,6.637988980815105e-4
ZNF43,1.822869526200481e-8,-0.30613645640683596,0.192,0.267,6.67188475284638e-4
SLC35A1,1.82561333086557e-8,-0.41259915996403307,0.069,0.116,6.681927352301072e-4
UBE2G1,1.8464949667278736e-8,-0.19502176647596814,0.37,0.467,6.75835622772069e-4
PRKRIP1,1.8696615548978102e-8,-0.19606188908356828,0.252,0.336,6.843148257081475e-4
MORC3,1.9128030010445045e-8,-0.14580866217003546,0.303,0.399,7.001050264122991e-4
INTS13,1.9377944205760974e-8,-0.640571961350819,0.059,0.102,7.092521358750575e-4
AGFG2,1.9407744596506607e-8,-0.8984671862553775,0.041,0.078,0.00071034285997673835
CEP128,1.951725495924785e-8,-0.29147928361557585,0.249,0.322,7.143510487634306e-4
ACTG1,2.0304505197525244e-8,0.33137534984494943,0.505,0.467,7.431651947346215e-4
ALG6,2.0370370401411635e-8,-0.4575301321213965,0.101,0.154,7.455759270620673e-4
FP236383.3,2.055372717821466e-8,-0.6008146737916746,0.057,0.099,7.522869684498348e-4
AC079447.1,2.0811449940588932e-8,-0.6797312594480589,0.072,0.117,7.617198792754955e-4
ZNF793,2.081194194905508e-8,-0.9963079738670926,0.027,0.058,7.61737887277365e-4
AL049869.3,2.1778902950662195e-8,1.1718271889888117,0.074,0.041,7.97129626897187e-4
ACADM,2.1782901436636818e-8,-0.6134415573046854,0.054,0.095,7.972759754823442e-4
APIP,2.179634111895323e-8,-0.2718349374077901,0.118,0.178,7.977678812948071e-4
CST3,2.1953763714131813e-8,0.8449629922358679,0.137,0.093,8.035297057009385e-4
AHR,2.2816665665643185e-8,-0.22145718044939422,0.33,0.421,8.351127800282062e-4
A2M-AS1,2.2908715496836997e-8,-0.5284507837924859,0.09,0.139,8.384818958997309e-4
EEFSEC,2.308122786592274e-8,-0.25282400344714484,0.311,0.395,8.447960211206382e-4
GALNT7,2.3267208465582693e-8,-0.38827808808887493,0.235,0.308,8.516030970487921e-4
ITPKB,2.3380614262726044e-8,0.3501592757816121,0.635,0.615,8.55753862630036e-4
MTMR1,2.3546906811862365e-8,-0.23685556756988319,0.332,0.421,8.618403362209745e-4
TAFA2,2.427238018918767e-8,0.9062840619210939,0.129,0.085,8.883933873044579e-4
ATP5MD,2.48918654451131e-8,1.0678030834597374,0.074,0.041,9.110671671565846e-4
NFKB2,2.5224223302249737e-08,0.8757284395606183,0.15,0.106,9.232317970856427e-4
VPS37A,2.5265161363644764e-8,-0.4258010816356903,0.081,0.131,9.24730171070762e-4
OSBPL1A,2.547656097761894e-8,-0.7778162361006364,0.042,0.078,9.324676083418309e-4
NEK10,2.5671341844622773e-8,-0.9241362294748701,0.031,0.064,9.395967828550381e-4
SRSF7,2.5677747561327833e-8,0.327380043633825,0.569,0.551,9.3983123849216e-4
ETNK1,2.5725455491511934e-8,-0.1446869270398321,0.456,0.567,9.415773964448283e-4
MEX3C,2.5798649455928956e-8,-0.4879656539539379,0.1,0.152,9.442563687364557e-4
FBXO33,2.589059683267433e-8,-0.18036630560792877,0.468,0.561,9.476217346727131e-4
FPGT,2.6405692420765016e-8,-1.0336039257342708,0.025,0.055,9.664747482924204e-4
VAMP2,2.6426497689639063e-8,0.5045801161536881,0.283,0.234,9.672362419384793e-4
AC092120.3,2.6608319760261018e-8,1.2701190032467244,0.069,0.037,9.738911115453135e-4
AC023590.1,2.704320388107474e-8,1.3586154845312066,0.078,0.045,9.898083052512165e-4
MAP3K7CL,2.711698240068066e-8,-0.7397397447378602,0.046,0.085,9.925086728473128e-4
MROH1,2.736101615217461e-8,-0.5283999618513378,0.078,0.126,0.0010014405521857428
AC021851.1,2.745168656810493e-8,-0.6583183409905478,0.046,0.085,0.0010047591800792085
CUBN,2.747070107061882e-8,-0.37102380728698897,0.151,0.214,0.0010054551298857195
PSMC5,2.8967288115771983e-8,0.7875506078732639,0.118,0.076,0.0010602317123253704
OXR1,2.9098880448482696e-8,-0.3110754247767977,0.35,0.436,0.0010650481232949152
ZNF652,2.929880589771788e-8,-0.19275290086683572,0.394,0.492,0.0010723655946623721
CAPRIN1,2.9298933744923918e-8,-0.24571406137946672,0.339,0.43,0.0010723702739979604
LINC00612,2.9421488499395276e-8,0.8483926138524058,0.115,0.074,0.0010768559005663665
AP000779.1,2.9469372453590557e-8,1.1942983289173017,0.07,0.038,0.001078608501173868
FAM135A,3.0165819234565584e-8,-0.4015010958383467,0.138,0.198,0.0011040991498043348
LINC00944,3.1223688106912044e-8,-0.6812476881733054,0.089,0.136,0.0011428182084010877
ALG8,3.13781845579792e-8,-0.7524306367510718,0.041,0.078,0.0011484729330065967
MRRF,3.143032358615793e-8,-0.42311400582421843,0.07,0.117,0.0011503812735769662
CMIP,3.203534794410622e-8,-0.1983906414594015,0.28,0.366,0.0011725257701022318
NAP1L4,3.2557585903782695e-8,-0.18762132146110488,0.6,0.709,0.0011916402016643505
RHD,3.27101635720383e-8,1.2873106916667765,0.059,0.03,0.0011972246969001738
GIMAP5,3.288779916962865e-8,-0.2540514648136376,0.172,0.243,0.0012037263374075782
AZIN1-AS1,3.337907590389738e-8,-0.9501528080672661,0.032,0.065,0.0012217075571585479
TES,3.355696602112099e-8,-0.2670718892452374,0.263,0.342,0.0012282185133390493
TBC1D4,3.4657607319345724e-8,-0.34992332297957185,0.167,0.232,0.0012685030854953728
ARHGEF12,3.485214889968232e-8,-1.2890950351691908,0.026,0.056,0.0012756235018772726
TPD52,3.529539134336193e-8,-0.3920845941628059,0.224,0.292,0.0012918466185583902
SDCBP2-AS1,3.532060691445692e-8,-0.616488367461838,0.056,0.098,0.0012927695336760376
TSGA10,3.5475497287617874e-8,-0.9508292461700485,0.036,0.07,0.0012984386762241017
RANBP1,3.565484935540133e-8,1.2141655211937445,0.069,0.037,0.0013050031412570441
RSL24D1,3.604248655097862e-8,0.6210995838432338,0.237,0.188,0.0013191910502523686
IL6ST,3.696262603007898e-8,-0.19700620074753972,0.563,0.656,0.0013528690753269207
SCFD1,3.753004886524125e-8,-0.16097208403521424,0.521,0.619,0.001373637318516695
BUD23,3.814227925202338e-8,0.7390772006412955,0.171,0.125,0.0013960455629033078
SLC33A1,3.840488707408745e-8,-0.19901986792999893,0.187,0.26,0.0014056572717986748
AC068051.1,3.848855611384873e-8,-0.5785084509076185,0.055,0.095,0.0014087196423229775
LINC01578,3.9384569739694824e-8,0.25614606235602033,0.745,0.753,0.0014415146370425702
CDC27,3.972331410572107e-8,-0.14180430181487175,0.301,0.394,0.001453913019583497
SRFBP1,3.993939655232518e-8,-0.4353865592952042,0.088,0.138,0.001461821853211654
SAE1,4.149179173957038e-8,-0.662019208587384,0.069,0.112,0.0015186410694600155
ATL3,4.22876464835568e-8,-0.3963906676898392,0.094,0.146,0.0015477701489446623
TASOR,4.2471825099449574e-8,-0.17962680523503716,0.312,0.404,0.0015545112704649538
MMS22L,4.3820184348015646e-8,-0.3712220760304271,0.133,0.19,0.0016038625673217206
ZDHHC14,4.4526438641531463e-8,-0.5781797131387265,0.046,0.083,0.001629712180718693
EXOC5,4.4603388042745945e-8,-0.2365689362626759,0.155,0.221,0.0016325286057525443
DIP2C,4.475970466521092e-8,-0.5852556152246922,0.13,0.184,0.001638249950451385
ANGPT2,4.5753278198207664e-8,1.110603785330387,0.114,0.074,0.0016746157353325988
COX7A2L,4.609723758600742e-8,0.683615944755473,0.158,0.112,0.0016872049928854575
ARHGAP4,4.632575718345204e-8,-0.2946391860380422,0.202,0.276,0.0016955690386715283
HSPBAP1,4.644807908370321e-8,-0.4024925921160425,0.104,0.157,0.0017000461425426211
POLR1A,4.6751697232271714e-8,-0.46759685511667515,0.083,0.132,0.001711158870398377
TENT4A,4.709423315054185e-8,-0.2944654784517937,0.251,0.327,0.0017236960275429823
BTN3A1,4.719032354382368e-8,-0.2570960203227779,0.277,0.359,0.0017272130320274905
SNHG29,4.805284154639342e-8,0.734739853825655,0.172,0.125,0.0017587820534395455
HS2ST1,4.8482313271550095e-8,-0.30736194812316237,0.217,0.284,0.001774501148052005
CYB5R4,4.860205594271188e-8,-0.30690697466306077,0.172,0.237,0.0017788838495591975
EML4,4.911590713854953e-8,0.16414645068163125,0.947,0.942,0.0017976913171780513
AGTPBP1,4.9271185163309224e-8,-0.16049018531274628,0.66,0.743,0.001803374648162281
AP002433.2,4.9293802719383435e-8,-0.8065090544714844,0.028,0.059,0.0018042024733321532
SMYD4,4.9303837548477094e-8,-0.7523193649341033,0.045,0.081,0.00180456975811181
MAPKAPK3,4.994367513828493e-8,-0.7381172652209429,0.036,0.071,0.0018279884537363668
ZNF782,5.0003538541421594e-8,-0.3548638465228624,0.137,0.197,0.0018301795141545717
ARHGAP12,5.008347641549044e-8,-0.24610331523499035,0.255,0.338,0.0018331053202833656
GFOD2,5.0275607674271965e-8,-0.9873646753472807,0.022,0.05,0.0018401375164860281
CTCF,5.085948543379874e-8,-0.1983214480015688,0.262,0.349,0.0018615080263624675
INPP5F,5.175062312225299e-8,-0.5488484911363218,0.065,0.108,0.0018941245568975815
WDR27,5.1825264249993245e-8,-0.402410960708787,0.11,0.163,0.0018968564968140028
CSTF3,5.225300086594681e-8,-0.34976967951652416,0.204,0.273,0.001912512084694519
TMEM14B,5.2451358836215535e-8,-0.6078651545000434,0.134,0.188,0.0019197721847643249
VMP1,5.4415414569673505e-8,-0.11419368928516849,0.49,0.589,0.00199165858866462
UCHL3,5.450943497117599e-8,-0.5503764895366043,0.092,0.141,0.0019950998293800123
LRRC8C-DT,5.474503139143289e-8,0.8494306488166019,0.133,0.09,0.002003722893957835
RPRD1A,5.5057759949520984e-8,-0.2136735061143908,0.292,0.375,0.0020151690719124177
CEP152,5.539824941825159e-8,-0.7581126676533465,0.043,0.078,0.002027631326957426
MRPL54,5.651627989635359e-8,1.0378902087206854,0.095,0.058,0.002068552360486438
RHEB,5.671633508926959e-8,-0.3050179049952506,0.173,0.238,0.0020758745806023562
MCCC1,5.715371733367419e-8,-0.2935081141574122,0.13,0.188,0.002091883208129809
WDR89,5.717002376144386e-8,-0.34559610151425413,0.11,0.166,0.0020924800396926067
ZNF277,5.7953376494124614e-8,-0.33102656164739847,0.162,0.226,0.002121151533061455
KIAA1841,5.7978282964555866e-8,-1.102542443776242,0.025,0.054,0.002122063134785709
ZFAS1,5.849202511008588e-8,0.4809359018207561,0.309,0.261,0.002140866611054253
TAMM41,6.010325726221179e-8,-0.2631164563974477,0.183,0.252,0.002199839319054214
ARHGEF2,6.038912565172092e-8,-0.523643032345225,0.07,0.114,0.0022103023879786374
SACM1L,6.110021557948636e-8,-0.15186459116025763,0.257,0.344,0.0022363289904247805
GDPD5,6.168950696603098e-8,-0.5345009230771505,0.081,0.128,0.0022578976444637
MIER1,6.180735418864394e-8,-0.17631736551597843,0.574,0.679,0.002262210970658557
DCAF7,6.213110763160612e-8,-0.15088228802624015,0.241,0.319,0.0022740606704244157
NOL8,6.220444920665986e-8,-0.2731045670061809,0.148,0.21,0.0022767450454129574
AL139260.1,6.333653563964367e-8,-1.2561085236135106,0.028,0.058,0.002318180540946598
LFNG,6.520791446772066e-8,-0.6422428046567781,0.058,0.099,0.002386674877433044
PHC3,6.679715772569279e-8,-0.11731017960270362,0.649,0.756,0.002444842769918082
ATG5,6.713938540389924e-8,-0.18230301363360268,0.385,0.484,0.002457368645168116
HDAC9,6.739167470221989e-8,-1.3184774451793808,0.023,0.051,0.00246660268577595
MTFP1,6.780090336556884e-8,1.047658912056503,0.098,0.061,0.002481580864083185
CCDC144A,6.851580258561595e-8,-0.2750813401187725,0.141,0.203,0.0025077468904361293
PRR13,6.887229836924661e-8,0.7148988725929157,0.149,0.104,0.002520794992612795
MYO1D,7.055824049950699e-8,-0.41085389594385147,0.194,0.255,0.002582502160522455
TRMT2B,7.105591754558173e-8,-0.4443043589075688,0.083,0.13,0.002600717638085837
ORC5,7.139381888528159e-8,-0.34969227467242564,0.172,0.236,0.0026130851650201918
IVD,7.173294109099982e-8,-0.4678198580770423,0.057,0.098,0.002625497376871684
METTL25,7.208150688275667e-8,-0.5770489611074818,0.107,0.158,0.002638255233415777
QRICH1,7.236793880485802e-8,-0.2012933716349203,0.271,0.353,0.0026487389281966084
WASHC4,7.244237030191149e-8,-0.15883140762914413,0.301,0.389,0.002651463195420262
RUFY1,7.249325360276609e-8,-0.28155314818956,0.128,0.187,0.002653325575114842
ARAP2,7.320313671194011e-8,-0.1423004342783385,0.61,0.701,0.00267930800679372
EIF1B-AS1,7.353634623527346e-8,-0.9948399909216294,0.044,0.079,0.0026915038085572438
SLC9B1,7.390744851300881e-8,-0.584237906753234,0.044,0.08,0.0027050865230246355
DAGLB,7.54998099725757e-8,-0.8659534809953824,0.034,0.067,0.002763368544806243
AL365295.1,7.699621941201724e-8,-0.3286642767977831,0.11,0.163,0.0028181386266992433
PI16,7.725265139193455e-8,-0.7092137590231495,0.06,0.1,0.0028275242935961965
SMARCA4,8.07927042051235e-8,-0.3329767084721301,0.155,0.217,0.0029570937666117255
TMX3,8.185410085672202e-8,-0.23855064582882424,0.188,0.26,0.0029959419454568827
DNAJA1,8.314884123960647e-8,0.5857575311879242,0.307,0.265,0.0030433307382108366
C1orf159,8.3429110317506e-8,-0.9564806585949852,0.029,0.059,0.003053588866731037
NHEJ1,8.427304732640274e-8,-0.9858644825109564,0.024,0.052,0.003084477805193667
NRDC,8.4357111139725e-8,-0.26169270756130547,0.273,0.352,0.003087554624825075
NDRG3,8.560163860946808e-8,-0.7926576158115537,0.06,0.1,0.003133105574745141
FBH1,8.582249652213114e-8,-0.7519413482523958,0.06,0.099,0.003141189195206522
C11orf80,8.629745186214877e-8,-0.5211308457125933,0.109,0.161,0.003158573035606507
RHBDD2,8.901463022976194e-8,0.7531109619170361,0.186,0.142,0.003258024481039517
GOLGA3,9.092501489907149e-8,-0.42597683384232643,0.086,0.135,0.0033279464703209155
NNT-AS1,9.230516719949423e-8,-0.9253471473262214,0.034,0.066,0.0033784614246686884
B4GALT5,9.264945883976837e-8,-0.3530692309061245,0.199,0.265,0.003391062842994362
CCDC167,9.323901870663641e-8,1.0210176325934777,0.07,0.039,0.003412641323681599
ZNF208,9.370275739852971e-8,-0.4544722834677333,0.082,0.128,0.003429614623543586
EVI2B,9.432413082121238e-8,0.6548442767555095,0.185,0.138,0.003452357512187194
LINC02256,9.620136840060192e-8,1.192518837426154,0.055,0.027,0.0035210662848304307
DNAH1,9.767368884782816e-8,-0.4688218813797109,0.068,0.112,0.0035749546855193587
BCLAF3,9.848216251835003e-8,-0.5702783193535768,0.07,0.113,0.0036045456303341293
TSPYL2,9.933486929538832e-8,0.8834060673416022,0.142,0.1,0.003635755551080508
MNDA,1.0105022403282525e-7,-0.6038343548315879,0.084,0.128,0.003698539249825437
C16orf54,1.0354628653706025e-7,0.9724517033923112,0.089,0.054,0.003789897633542942
CCDC69,1.0526216030682901e-7,-0.2796279302214476,0.163,0.227,0.0038527003293902487
RTN3,1.0591319812612716e-7,-0.5802921280243694,0.095,0.143,0.00387652896461438
NPC2,1.0622708057544912e-7,1.0566913267962734,0.079,0.046,0.003888017376142013
AC024145.1,1.0719380897625816e-7,1.0054702320450042,0.081,0.048,0.003923400602340025
ZFYVE9,1.0786224047886008e-7,-0.4668431093290395,0.085,0.131,0.003947865863766758
SNRPB2,1.0817962920793458e-7,0.7196167140785141,0.176,0.131,0.003959482608639614
ZNF33A,1.0867242213400926e-7,-0.14619560174704815,0.371,0.464,0.003977519322526873
SNU13,1.0915865412036086e-7,0.5161151866160729,0.287,0.24,0.0039953158994593275
ETFB,1.0928402242430379e-7,1.018496234974278,0.079,0.046,0.003999904504751943
UBAP1,1.0961056221908734e-7,-0.23435394173593305,0.242,0.319,0.0040118561877808155
XRN2,1.0981085462332631e-7,-0.1947694697713307,0.492,0.587,0.004019187090068366
IARS,1.1137965034627797e-7,-0.19788676207159775,0.234,0.313,0.00407660658232412
CEP97,1.1184840495178443e-7,-0.5829017362614981,0.037,0.071,0.004093763469640262
ST6GALNAC1,1.1253603539191155e-7,-0.9283093771335018,0.022,0.05,0.004118931431379354
DDT,1.1348719797984269e-7,1.0110690796231796,0.073,0.041,0.004153744933260223
AC025442.2,1.1376232713270679e-7,-0.5610202747331385,0.079,0.124,0.004163814935384201
ZNF518A,1.1421383775805747e-7,-0.40874861867406015,0.15,0.209,0.004180340675782661
RECQL,1.1447470540591165e-7,-0.2777241431234028,0.172,0.238,0.004189888692561772
CARD19,1.1455697482130722e-7,1.196184655114926,0.066,0.036,0.004192899835434666
NDUFAF2,1.1462210482028615e-7,-0.3024817558358728,0.252,0.321,0.004195283658527294
UGP2,1.1471623494315337e-7,-0.22230139484156128,0.198,0.269,0.0041987289151543565
PRRC2B,1.1694174191465454e-7,-0.18544290221012594,0.476,0.571,0.004280184695818271
AC068888.1,1.1698410692952349e-7,1.0175083966085354,0.123,0.085,0.004281735297727489
SLA2,1.1715852774893142e-7,-0.5207141967390392,0.046,0.082,0.004288119274138639
CDKN1B,1.1729961968471414e-7,0.4653087711712662,0.349,0.308,0.004293283380080222
INTS10,1.1789754269923763e-7,-0.30248011737928077,0.165,0.227,0.004315167960334797
ARL6IP6,1.1843251596174928e-7,-0.4610616580803668,0.115,0.167,0.004334748516715985
BTBD9,1.1881733281000428e-7,-0.13911880317596204,0.766,0.82,0.004348833198178966
OGA,1.1955801042039698e-7,-0.14503072052085053,0.711,0.807,0.00437594273939695
MMD,1.214132381775607e-7,-0.6036429949105941,0.046,0.083,0.004443845930536899
ZFP14,1.2144432554971043e-7,-0.42195976338576324,0.083,0.128,0.004444983759444952
ZNF566,1.21464148684916e-7,-0.5148302179700646,0.05,0.088,0.0044457093060166104
MGME1,1.2181960850837787e-7,-0.6853934954051,0.031,0.062,0.004458719491015138
ELF2,1.2256681211517125e-7,-0.17300194266278313,0.546,0.636,0.004486067890227383
IMMP1L,1.2363626631476215e-7,-0.39535989261538684,0.143,0.201,0.004525210983386609
RAI1,1.241409512790134e-7,-0.5786959653197417,0.049,0.086,0.004543682957763169
PEAK1,1.2458953034291281e-7,-0.7363662770624637,0.06,0.099,0.004560101400080952
TMEM165,1.2527314701305714e-7,-0.17468916372390475,0.345,0.435,0.004585122453824904
TMEM140,1.2566262524733896e-7,-0.2701194776964918,0.154,0.216,0.004599377746677853
ATP2B1-AS1,1.2751168503939037e-7,1.1910387147769566,0.063,0.034,0.004667055184126727
SSH1,1.2767702456115763e-7,-0.42574370196107014,0.068,0.111,0.00467310677596293
P2RX7,1.2931113045613283e-7,-0.942613475139785,0.035,0.067,0.004732916685824918
UNC13D,1.2959187689252525e-7,-0.5472636435542753,0.076,0.121,0.004743192286143317
PYROXD1,1.3010098619061818e-7,-0.2349671709466242,0.276,0.357,0.004761826195562816
CEP135,1.309290481198211e-7,-0.2096977296698318,0.199,0.269,0.004792134090233572
CRBN,1.311137033366847e-7,-0.1774781662067375,0.457,0.558,0.004798892655825997
NBEA,1.3191923607662097e-7,-0.7766111957976901,0.066,0.106,0.004828375959640405
IST1,1.3254189963976573e-7,-0.1942150340339653,0.281,0.367,0.004851166068715065
SF3B6,1.3287990850289068e-7,0.8664968867836607,0.112,0.073,0.004863537531114302
LINC01163,1.330005045557021e-7,-0.8129916174035299,0.028,0.058,0.0048679514672432525
ZNF131,1.3344185874051575e-7,-0.21166706283591352,0.344,0.428,0.0048841054717616164
HSD17B11,1.3450123801667618e-7,-0.31561641960259634,0.129,0.186,0.004922879812648365
TNFRSF1B,1.3483468672670882e-7,-0.33735015653468414,0.187,0.254,0.00493508436888427
ITSN2,1.381597705671743e-7,-0.14701667684751363,0.628,0.736,0.005056785762529146
CDYL2,1.3859444676349105e-7,-0.33897935194262385,0.12,0.174,0.005072695345990536
CRACR2A,1.4000420072767907e-7,-0.323264712028915,0.202,0.269,0.005124293750833782
LIMD1,1.40240720291809e-7,-0.3186842777334772,0.138,0.196,0.005132950603400501
INPP5A,1.4253337515196733e-7,-0.2089108436694609,0.127,0.185,0.005216864063937156
TMED9,1.4303509562482488e-7,0.7338508866982147,0.14,0.098,0.005235227534964216
TMEM126A,1.4304224445735065e-7,1.093869784854939,0.063,0.034,0.005235489189383491
CEP104,1.4497259308783328e-7,-0.5399896215829583,0.077,0.121,0.005306141879607786
SCAF4,1.456668447852166e-7,-0.2203704987256699,0.284,0.366,0.0053315521859837135
SLC6A6,1.5028041300221103e-7,-0.4813005384259401,0.081,0.127,0.005500413396293926
SLC17A5,1.5060534854921241e-7,-0.2790952912519251,0.126,0.182,0.005512306362249724
AC092338.3,1.5237593856843293e-7,0.9215782685273552,0.129,0.09,0.005577111727543214
PPP4R3A,1.5655515821228811e-7,-0.1590846545613709,0.505,0.614,0.005730075345727957
SLFN12,1.5787201902721743e-7,-1.0374680052099121,0.03,0.06,0.005778273768415185
FAM117A,1.5789310407787767e-7,-0.3287074773792137,0.142,0.202,0.0057790455023544
RREB1,1.6060334805194685e-7,-0.22372330541586807,0.306,0.391,0.005878243142049307
MORC2,1.6267878267073662e-7,-0.5502092218419552,0.073,0.115,0.005954206124531631
CFL2,1.6434298465628078e-7,0.9543522791036618,0.108,0.071,0.0060151175814045325
NPEPPS,1.6496416748117363e-7,-0.16408565644274223,0.299,0.386,0.0060378534939784356
MOSPD2,1.6498901050238276e-7,-0.5746615179710428,0.039,0.073,0.006038762773397712
SYT11,1.658942843200472e-7,-0.5629627482292059,0.057,0.096,0.006071896700398048
C4orf19,1.661837690622178e-7,1.257421850231104,0.068,0.038,0.006082492131446234
MAML3,1.6621602836080158e-7,-0.8882102489819859,0.062,0.1,0.006083672854033699
TRMT13,1.662241981246698e-7,-0.3238546248087284,0.109,0.161,0.006083971875561039
AC008892.1,1.6679723766135374e-7,1.0292839357530403,0.109,0.071,0.0061049456956432085
PSMB9,1.6686465850841454e-7,0.7290730363000244,0.22,0.178,0.006107413366066481
RABEP1,1.7032658900414951e-7,-0.19553570929532593,0.343,0.43,0.006234123484140876
GIMAP1,1.7198341119826232e-7,-0.5238973050848958,0.078,0.122,0.0062947648332675995
UBE2R2,1.736643237728432e-7,-0.2225806950990058,0.274,0.354,0.006356287914409834
PELI1,1.7386217583245183e-7,0.35672938816560973,0.595,0.567,0.006363529497643569
SAMD8,1.747313685980042e-7,-0.17859807508264652,0.223,0.3,0.006395342822055551
AC009061.2,1.7503923599242392e-7,-0.8123883796855371,0.029,0.058,0.006406611076558708
DCTN5,1.7623390592346104e-7,-0.31291559663492463,0.105,0.158,0.0064503371907045975
PEX14,1.7667497276205597e-7,-0.31940605634026625,0.269,0.339,0.0064664806780640105
TRAPPC1,1.7685987453893443e-7,0.9487063983963893,0.084,0.05,0.006473248267999539
AC007038.1,1.7984583440409106e-7,-0.40809728323095995,0.108,0.16,0.006582537385024137
FNBP1,1.8121400985645728e-7,-0.12269051613237103,0.828,0.884,0.006632613974756193
SDR42E2,1.8168152322108035e-7,1.1167277660479198,0.078,0.046,0.006649725431414762
AC107068.2,1.8236006364114467e-7,1.2964102987133155,0.08,0.048,0.006674560689329536
VPS28,1.8301427060309868e-7,0.7758756586678193,0.109,0.071,0.006698505318344015
NFYC,1.8618565642437528e-7,-0.3234542417456403,0.177,0.24,0.0068145812107885595
PACS2,1.8773125531767545e-7,-0.6588340747711667,0.068,0.109,0.006871151675882239
TRAK2,1.8850511961823798e-7,-0.23167864025518425,0.34,0.426,0.006899475883147129
GPS2,1.8905108575624934e-7,0.7374229351221129,0.118,0.079,0.006919458789764482
XPO5,1.896448487091562e-7,-0.5595223299410677,0.059,0.098,0.006941191107603826
EP400,1.9003330689701132e-7,-0.16685435370694052,0.289,0.376,0.006955409065737511
SMYD2,1.9093516807896704e-7,-0.3855857354110923,0.099,0.149,0.006988418086858273
TBC1D31,1.9161381276769584e-7,-0.6424245337731125,0.052,0.089,0.007013257161110435
BLZF1,1.9189445179713586e-7,-0.2730141070915595,0.087,0.134,0.00702352883022697
BEX4,1.9251690813208096e-7,1.201736843680027,0.059,0.031,0.007046311354542295
HIST1H1D,1.970079279894788e-7,0.6924623933018957,0.16,0.117,0.007210687172342914
IL10RA,1.9835239519148477e-7,-0.2917374350272961,0.318,0.398,0.007259896016403534
TLR1,1.99216582179331e-7,-0.8263650816732904,0.029,0.059,0.007291526124345694
AL355581.1,1.992658075176975e-7,-1.0256377475519227,0.024,0.052,0.007293327820955246
SIK2,2.0188666623273664e-7,-0.43945771914686665,0.135,0.189,0.0073892538707843935
AC068533.3,2.0515021184925906e-7,1.161192641303404,0.073,0.042,0.007508702903894731
SNX13,2.0698387488937963e-7,-0.18346258397750848,0.409,0.499,0.007575816804826184
ABCB10,2.0784905663313028e-7,-0.4004461219211861,0.089,0.136,0.007607483321829201
DNAJC16,2.0787779404589534e-7,-0.41729372705541645,0.079,0.123,0.007608535139873815
FAM122C,2.0843890423550256e-7,-0.7439130097740194,0.044,0.078,0.007629072333923629
CNOT1,2.1178931497110873e-7,-0.21105608502389683,0.359,0.45,0.0077517007172575505
PSTPIP2,2.1354813218902126e-7,-0.3847297694260572,0.09,0.137,0.007816075186250366
TMF1,2.1870725972115786e-7,-0.23787696163020766,0.317,0.397,0.008004904413054098
SUGP2,2.2791387978475008e-7,-0.252013693837287,0.13,0.189,0.008341875914001639
LEF1-AS1,2.3165226134210351e-7,-0.5734874253580263,0.087,0.132,0.00847870441738233
UBL3,2.3188118562409903e-7,-0.22354302860141595,0.396,0.477,0.00848708327502765
LYRM4,2.328559014168614e-7,-0.45893418423510346,0.095,0.141,0.008522758847758544
TEP1,2.356708694750491e-7,-0.6526898857768892,0.047,0.082,0.008625789493656272
PPP2CB,2.386344525029292e-7,-0.5361356866673783,0.037,0.07,0.008734259596059711
SH3BP2,2.393642008004095e-7,-0.5399211824189325,0.053,0.091,0.008760969113495788
ARMC10,2.4005767620247733e-7,-0.7440008955719426,0.041,0.074,0.008786351006686873
SEMA5A,2.4027682341955426e-7,-0.5285179293451385,0.194,0.249,0.008794372013979106
AMD1,2.4162003381144335e-7,0.40322370036339095,0.356,0.311,0.008843534857532639
DAZAP2,2.4298515818364785e-7,0.4158917683738531,0.408,0.373,0.008893499774679695
ZNF224,2.4477469028578696e-7,-0.44191715406458854,0.075,0.119,0.008958998439150089
D2HGDH,2.4596835128284455e-7,-0.46579284231523466,0.065,0.106,0.009002687625303393
C22orf34,2.477418824443089e-7,-0.46902781056898646,0.162,0.217,0.009067600639344149
AKAP9,2.5003600780244625e-7,-0.13145282264840086,0.622,0.73,0.009151567921577335
RB1,2.569698033051253e-7,-0.1526526861977171,0.444,0.538,0.00940535177077089
HP1BP3,2.590305083468421e-7,-0.18144180678451116,0.407,0.502,0.009480775636002768
TMEM117,2.6031658549573354e-7,-0.3581832046416701,0.228,0.292,0.009527847345729343
TYMP,2.623165619770361e-7,-0.4783309812559151,0.086,0.131,0.009601048484921498
ERCC6,2.6878698172093814e-7,-0.2709508185692382,0.123,0.178,0.009837872317968057
FAM53B,2.7293382820763945e-7,-0.2544091384509238,0.243,0.316,0.009989651046227812
ABCA7,2.757874242737878e-7,-0.5973312171671983,0.059,0.098,0.010094095515844908
RNF214,2.915332653998054e-7,-0.5364305568751977,0.056,0.094,0.010670409046898277
DISC1,2.937886430678977e-7,-0.21801844754495925,0.357,0.434,0.010752958124928125
ZNF438,2.9507706694280116e-7,-0.4352016635086581,0.094,0.139,0.010800115727173465
LMTK2,2.963015476529801e-7,-0.2583181571761379,0.233,0.305,0.010844932945646726
STX16,2.9808107661360503e-7,-0.18451873725916318,0.343,0.436,0.010910065485134558
CAPS2,3.013052133942517e-7,-1.0567021985699756,0.03,0.059,0.011028072115443006
MTCP1,3.0451608665651975e-7,1.1457809015775409,0.066,0.037,0.01114559328771528
REEP3,3.059151890504098e-7,-0.2181475641274564,0.262,0.339,0.011196801834434049
LINC00662,3.081952571588974e-7,-0.6223763093972969,0.064,0.103,0.011280254607272805
RB1CC1,3.082293050247733e-7,0.2877607524892225,0.677,0.68,0.011281500793211727
ABCD3,3.131453399201277e-7,-0.41780473869334656,0.145,0.201,0.011461432586416595
GPR171,3.1608997086684094e-7,-0.409946312631436,0.097,0.146,0.011569209023697244
PARP9,3.1679689549496793e-7,-0.2511476010150686,0.126,0.181,0.011595083172011321
BARD1,3.1714793002795697e-7,-0.6762327252765037,0.053,0.09,0.011607931386953253
SLK,3.1838355889335603e-07,-0.29331915092763466,0.191,0.256,0.011653156639055725
AC114760.2,3.1902533879485677e-7,0.9207317366886225,0.094,0.059,0.011676646425230553
TMOD2,3.2077410357018027e-7,-0.6830711203473787,0.053,0.089,0.011740652964772167
MICOS13,3.2085198116343665e-7,1.0409966541856588,0.084,0.052,0.011743503362562946
MON2,3.224074098697145e-7,-0.13524109228675418,0.625,0.712,0.01180043360864142
KDM4A,3.2249757252389085e-7,-0.4650755118316334,0.073,0.115,0.011803733651946929
C5orf56,3.268023257593218e-7,-0.22225146034865995,0.372,0.453,0.011961291925116937
RNF121,3.2929493646845567e-7,-0.4923582393449333,0.068,0.11,0.012052523969681947
PDE6D,3.300157453261922e-7,-0.6767929018498176,0.061,0.099,0.01207890629468396
SAMD4A,3.3191770496198824e-7,1.0286590451178745,0.099,0.063,0.012148519919313731
ACSL3,3.3239594100627395e-7,-0.31184633450403965,0.251,0.316,0.012166023836770633
TBCB,3.33086894108843e-7,0.7838787128361289,0.118,0.08,0.012191313411277762
IPO8,3.362981763290662e-7,-0.28318354739700946,0.114,0.166,0.01230884955182015
KLHL8,3.3834474479344313e-7,-0.3585099255813018,0.108,0.157,0.012383756004184811
AC106818.2,3.403066290949589e-7,1.0791436373905898,0.064,0.036,0.01245556293150459
GADD45GIP1,3.4411458082804884e-7,0.8671243570845708,0.097,0.062,0.012594937772887416
SEC63,3.4587129207823243e-7,-0.20445004829326813,0.317,0.404,0.012659235161355385
AREG,3.5329812016216994e-7,0.95382814980624,0.104,0.068,0.012931064496055583
DCUN1D4,3.568119803574824e-7,-0.3210735193778306,0.132,0.185,0.013059675293064213
AC007728.1,3.569067120556528e-7,1.0815394566754981,0.07,0.041,0.013063142567948948
HIST1H3D,3.596192824992298e-7,1.2642921913181229,0.057,0.03,0.013162425358754311
MIS18BP1,3.7209810030574696e-7,-0.24386953411414036,0.234,0.304,0.013619162569290645
IGF2R,3.7438712223931295e-7,-0.2233014494534636,0.303,0.384,0.013702943061081094
FLNB,3.751633525835312e-7,-0.4096643963809359,0.13,0.183,0.013731353867909824
MOSMO,3.8087576270731506e-7,-0.19331344213992618,0.207,0.274,0.01394043379085044
ZNF585B,3.820688900415671e-7,-0.555090830185557,0.04,0.073,0.013984103444411398
HNRNPU,3.853928009203812e-7,-0.13045862540337083,0.622,0.73,0.014105761906486873
ZNF143,3.875477531531624e-7,-0.32166521608660226,0.11,0.162,0.014184635313158897
TTC37,3.964656584298957e-7,-0.16999693850398234,0.352,0.438,0.014511039564192613
ZNF44,4.015499501160293e-7,-0.2711677199956857,0.243,0.315,0.014697129724196789
ZNF14,4.025739474813527e-7,-0.3153099742499176,0.17,0.229,0.014734609051764989
ADA2,4.032770643354201e-7,-0.3360989018147995,0.127,0.182,0.014760343831740711
PCNT,4.033490781574824e-7,-0.37268090330575854,0.091,0.138,0.014762979609642013
CDC42SE1,4.076265239214319e-7,0.4330648708559471,0.352,0.315,0.01491953840204833
ICOS,4.111951170482445e-7,-0.1055156464050383,0.282,0.362,0.015050152479082797
CIAO2B,4.124443876372571e-7,1.0712715181968107,0.08,0.048,0.015095877031911249
SLC25A12,4.127581709606907e-7,-0.3167186255149342,0.207,0.271,0.01510736181533224
DLEU7,4.1466821198071356e-7,1.0989814697789957,0.117,0.08,0.015177271226706097
ABHD12,4.159399561075307e-7,-0.41013228854785155,0.096,0.143,0.01522381833349173
FAM172A,4.16935326482316e-7,-0.13578280881894944,0.833,0.905,0.015260249884579247
LAPTM4A,4.192468864462699e-7,0.7575433902574495,0.145,0.105,0.015344855290819923
MRPL57,4.234776930949448e-7,0.9217072304805591,0.105,0.07,0.015499707044968074
SAFB,4.249185014661873e-7,-0.17758816586124848,0.245,0.323,0.01555244207216392
SIN3A,4.250177043506877e-7,-0.23769435120560545,0.263,0.341,0.01555607299693952
ODC1,4.2520067064227837e-7,0.7087753282113036,0.141,0.1,0.01556276974617803
SLC40A1,4.3188661406390947e-7,-0.6857616652523371,0.057,0.093,0.01580748196135315
CCDC115,4.3641433334334716e-7,1.193528263541161,0.053,0.028,0.01597320101469985
FUT10,4.380756665480651e-7,-0.8872723829480873,0.024,0.05,0.01603400747132573
SURF1,4.4103839651950356e-7,0.934748679483504,0.087,0.054,0.01614244635101035
WWC2,4.4149652976665644e-7,-0.5817210062679401,0.061,0.099,0.016159214485989393
DTD1,4.450623960357754e-7,-0.17340863953179123,0.254,0.328,0.016289728757305416
RBM5,4.494983583981108e-7,-0.1974686389792099,0.318,0.405,0.016452089415729253
TOMM6,4.500199457354281e-7,0.9811392412743389,0.09,0.057,0.016471180033862404
BCL9,4.526664631821463e-7,-0.6996305625888035,0.043,0.076,0.016568045218929735
ZBTB38,4.5404994341930436e-7,-0.28616055274496965,0.188,0.251,0.016618681979089958
ARL10,4.5514766639134674e-7,-0.805845220046502,0.034,0.065,0.016658859737589682
TRIM24,4.5869825374387446e-7,-0.14755514359468302,0.183,0.25,0.01678881478527955
TTC9,4.6226366722591197e-7,-0.6271277485518838,0.057,0.094,0.016919312484135605
MOB1B,4.6469757503078845e-7,-0.44643762021351074,0.073,0.115,0.017008395943701887
AK9,4.6887973427676705e-7,-0.4565421639759413,0.082,0.124,0.017161467154263952
NBPF9,4.7136085159680837e-07,-0.3281219671889952,0.072,0.114,0.017252278529294784
ANKRD49,4.720757466218889e-7,0.772076049848615,0.177,0.137,0.017278444402107754
PLEKHB1,4.80811924494853e-7,1.0805880035373963,0.054,0.028,0.017598197248436115
TBCC,4.80922051201576e-7,1.194315612877689,0.051,0.026,0.017602227996028882
SLC8B1,4.812402765169772e-7,-0.34082444832139447,0.13,0.184,0.017613875360797882
GATAD1,4.867705590085418e-7,-0.4799809307497094,0.058,0.095,0.017816289230271638
COPG2,4.920449421252109e-7,-1.1635679779371464,0.025,0.051,0.018009336926724847
HIST1H1C,4.942329572709591e-7,0.684481965813541,0.163,0.121,0.018089420469074375
ZBTB7A,4.984182700864835e-7,-0.2782663448155126,0.235,0.306,0.018242607103435383
RAB18,5.00576127754835e-7,-0.16447011315641752,0.323,0.413,0.018321586851954716
TAF5L,5.067068802551193e-7,-0.5228958970651891,0.06,0.098,0.01854597852421762
GSE1,5.07807371758481e-7,-0.5216295123972592,0.069,0.11,0.018586257613732164
MSANTD2,5.085293810306297e-7,-0.49686702412359995,0.078,0.12,0.01861268387510208
MBNL1-AS1,5.088587892670923e-7,-0.5025040498196349,0.079,0.122,0.018624740545964844
RTN4,5.092675055924861e-7,-0.21865452177750955,0.418,0.505,0.018639699972190584
AC120193.1,5.163651387061015e-7,-1.2501692351707072,0.035,0.064,0.01889948044178202
MRPS7,5.166724213720219e-7,1.0649682461262526,0.074,0.044,0.018910727294637376
USP33,5.23721286097161e-7,-0.17217021558694678,0.407,0.504,0.01916872279244219
LRIG2,5.285563930203704e-7,-0.18917151280742928,0.154,0.216,0.019345692540938576
ADAM17,5.348008039809977e-7,-0.2331111012653717,0.252,0.323,0.019574244226508497
AGPAT5,5.41566925545899e-7,-0.32855441552558706,0.123,0.173,0.01982189104190545
UTP20,5.438642868227399e-7,-0.16405209254504782,0.122,0.178,0.0199059767619991
AAGAB,5.442281767245137e-7,-0.17957219066609914,0.168,0.23,0.019919295496293926
PRKCZ,5.444023962513669e-7,-0.5867597529403903,0.056,0.093,0.01992567210519628
AATF,5.476293997131841e-7,-0.19717417707056112,0.273,0.349,0.02004378365890225
RIPOR3,5.542142924856733e-7,1.262089061704382,0.061,0.034,0.02028479731926813
TRAF3IP1,5.57865880351466e-7,-0.8612385256022401,0.028,0.056,0.02041844908674401
USP7,5.585881851628295e-7,-0.1949703696713334,0.354,0.442,0.020444886165144723
EIF5,5.607385342858513e-7,0.3285196912641217,0.496,0.473,0.020523591093396444
TET2,5.660253110203364e-7,-0.17787902844986314,0.351,0.429,0.02071709240865533
AC139887.2,5.663857495068025e-7,-0.286507341544484,0.13,0.186,0.02073028481769848
LIX1L-AS1,5.66777774905624e-7,0.9175668570047,0.076,0.045,0.020744633339320744
AC016831.1,5.800079182825242e-7,-0.3791915016388572,0.098,0.145,0.021228869817058668
MAP3K2,5.821903234287083e-7,0.2673157224972589,0.708,0.687,0.021308748027814153
METAP1,5.849487850352704e-7,-0.4098453816897405,0.117,0.168,0.02140971048107593
EFCAB13,5.854701362906876e-7,-0.640949871646967,0.046,0.079,0.021428792458375454
CDC37L1,5.926473065464291e-7,0.565346573656729,0.252,0.21,0.021691484066905853
CCDC14,5.988063680706802e-7,-0.3380030889405835,0.136,0.19,0.021916911877754967
BIN2,6.164292829501252e-7,-0.1762216305276772,0.298,0.379,0.02256192818525753
WDTC1,6.168441946206228e-7,-0.48740437978741413,0.071,0.112,0.022577114367309414
KLF9,6.187902374292158e-7,-0.23564902244684927,0.245,0.318,0.022648341480146727
PRDX5,6.226348901244456e-7,1.1592770151369005,0.056,0.03,0.022789059613444834
RAB28,6.239538362159605e-7,-0.2756340443138592,0.247,0.314,0.02283733435934037
GXYLT1,6.254046462474853e-7,-0.527276061259571,0.075,0.116,0.022890435457304213
RAD21,6.280473519521955e-7,-0.19148760562354428,0.386,0.473,0.022987161128802305
ZBTB41,6.302065084470364e-7,-0.47419142698121086,0.079,0.122,0.02306618841566998
ZNF33B,6.302773995740406e-7,-0.1251220902448778,0.189,0.256,0.02306878310180946
SASH3,6.319903959857378e-7,-0.4359171094642309,0.08,0.122,0.02313148048347399
TRAPPC12,6.421116287626455e-7,-0.17394171736421693,0.163,0.226,0.02350192772434159
SBNO1,6.469433482953066e-7,-0.2576261818933848,0.242,0.313,0.02367877349095652
MORF4L2,6.566555723912334e-7,0.6354106317040897,0.247,0.206,0.024034250605091532
KPNA3,6.631494174600277e-7,-0.25340239273200754,0.233,0.301,0.024271931828454472
KIF21B,6.665611639129329e-7,-0.37018573086614626,0.106,0.155,0.024396805160377257
ZMIZ1-AS1,6.665666540776081e-7,-0.8509606338188886,0.027,0.055,0.02439700610589453
SYNC,6.786733823489684e-7,0.9777040104506574,0.078,0.047,0.024840124467354594
HCLS1,6.78865477745155e-7,-0.1825907159404253,0.318,0.402,0.024847155350950417
SLC23A2,6.849289879295511e-7,-0.2736273858181422,0.225,0.294,0.0250690858872095
ARL17B,6.881153157434856e-7,0.8095255445907429,0.169,0.13,0.025185708671527317
CHMP4A,7.031218003753856e-7,0.6555202734581138,0.204,0.161,0.025734961015539487
ZSCAN5A,7.099941950823593e-7,-0.9620676497936351,0.03,0.058,0.025986497534209434
LMNA,7.11579550663849e-7,1.0424092374199136,0.08,0.049,0.026044523133847537
ABCB7,7.116271818716154e-7,-0.20301883797243941,0.223,0.292,0.026046266483683
PARP12,7.277169100155428e-7,-0.1518633976997248,0.248,0.324,0.02663516662347888
RNF144A,7.277786179044059e-7,-0.30346654952987506,0.194,0.256,0.026637425193919158
TM7SF3,7.332668909154547e-7,-0.5256478263776483,0.085,0.128,0.026838301474396555
CAPN7,7.3497283031837e-7,0.32168583036045195,0.549,0.53,0.02690074056248266
C1QBP,7.364864524895726e-7,1.0203839352926063,0.092,0.059,0.026956140647570848
LY9,7.492795613883532e-7,-0.4002869041860728,0.143,0.196,0.027424381226375118
PRELID1,7.595012803620647e-7,1.049216478353265,0.069,0.04,0.027798506362531932
HMOX2,7.59579623345304e-7,-0.32024187414504623,0.127,0.179,0.02780137379406147
AC087741.1,7.607472018468292e-7,-0.7160639556064656,0.036,0.066,0.027844108334795798
TBK1,7.628714153578217e-7,-0.33982477472331385,0.141,0.193,0.02792185667351163
CRAMP1,7.754168217116136e-7,-0.556066594832139,0.054,0.09,0.02838103109146677
FEZ2,7.832623568245111e-7,-0.4622062573267085,0.109,0.156,0.028668185522133932
WDR82,7.926413359221314e-7,-0.185573300356411,0.264,0.344,0.02901146553608593
ZFR,7.938280853839225e-7,-0.12164074676585601,0.573,0.672,0.029054901753136946
IRAK4,7.990519830224332e-7,-0.24915004215512782,0.16,0.219,0.02924610163060408
HMGN2,8.03796903315893e-7,0.5568067281552729,0.255,0.213,0.029419770458265
MOAP1,8.071263710489475e-7,0.9033864251445962,0.073,0.043,0.029541632306762527
LMAN1,8.139051989374075e-7,-0.2226466265116735,0.23,0.302,0.029789744186308052
SET,8.355392833322597e-7,0.4876683451237127,0.343,0.306,0.030581573309244034
EMC7,8.376923503755639e-7,0.7441998264487493,0.149,0.11,0.03066037771609601
ST7L,8.432445507241253e-7,-0.5310023980088103,0.102,0.148,0.030863593801053708
LAMTOR4,8.646252164180978e-7,0.6267579644884469,0.162,0.121,0.031646147546118795
CIB1,8.669782152830509e-7,0.704894900480372,0.16,0.119,0.031732269657574946
PPA2,8.789790460091748e-7,-0.2191642741741724,0.341,0.427,0.03217151206298181
ZNF350-AS1,8.871399007412331e-7,0.9990659196185612,0.066,0.038,0.03247020750702987
TRIM22,8.959642527427424e-7,-0.1519848822073011,0.442,0.524,0.032793187614637113
CYCS,8.966214814363619e-7,0.787398339204276,0.134,0.096,0.03281724284205228
FLACC1,9.159058638683629e-7,-0.656334812152872,0.054,0.088,0.03352307052344595
POLR2L,9.183881895215071e-7,1.0212045007882016,0.065,0.037,0.03361392612467668
ANKRD10,9.199998514688367e-7,-0.24277128070684606,0.275,0.35,0.03367291456361089
ZNFX1,9.214076028064619e-7,-0.08117792428195844,0.272,0.36,0.03372443967031931
NDUFB7,9.399423594055379e-7,0.8439680553970301,0.114,0.077,0.03440283029660209
AC104695.2,9.462007783515238e-7,1.2155972998680222,0.058,0.032,0.034631894688444124
RESF1,9.511986050755713e-7,-0.13219204399596718,0.602,0.707,0.034814820144370984
PILRB,9.619088500282487e-7,-0.2726413604084099,0.145,0.201,0.03520682581988393
FAM107B,9.6406572030483e-7,-0.16800252086515188,0.724,0.797,0.03528576942887708
LDLRAP1,9.87914274264339e-7,-0.4459016850058697,0.097,0.144,0.036158650352349074
SCYL3,9.927170259074671e-7,-0.38218346816658366,0.085,0.129,0.036334435865239205
CMTM3,9.946470733598718e-7,0.8375871714420389,0.103,0.069,0.036405077532044666
NEMF,1.0029698074869654e-6,-0.13498255238076018,0.447,0.538,0.03670969792383042
HAX1,1.0036527008351706e-6,0.8057091512800081,0.127,0.09,0.03673469250326808
AC009299.3,1.0045851635872811e-6,1.142387497950403,0.06,0.033,0.036768821572458074
ZNF655,1.0085405845730813e-6,-0.19729147172384898,0.212,0.282,0.036913593935959346
OTUD7B,1.0146867553181853e-6,-0.4105444851939295,0.057,0.093,0.0371385499314009
ERMP1,1.029994711461908e-6,-0.41809938063137797,0.085,0.129,0.0376988364342173
CLN5,1.0472100968647326e-6,0.6736727555598421,0.155,0.115,0.03832893675534608
MTCH2,1.0497711020306102e-6,-0.48395420291501967,0.066,0.105,0.03842267210542236
SPIN3,1.052260492116262e-6,-0.9007732004796294,0.029,0.057,0.038513786271947306
AC093019.2,1.0736740147381737e-6,0.9667599614766402,0.076,0.046,0.03929754261343189
ARL13B,1.0867441697328437e-6,-0.7275977208336823,0.045,0.077,0.03977592335639182
PYURF,1.0977863947300444e-6,1.0019502337677704,0.068,0.039,0.040180079833514355
AC020656.1,1.1027509178345811e-6,-0.7200758458651415,0.029,0.056,0.040361786343663504
KIAA1324,1.129386639695677e-6,-0.6802363131366782,0.044,0.075,0.04133668039950147
KLF3,1.1407219885717488e-6,0.2748260997763057,0.571,0.565,0.041751565503714574
TCP11L2,1.1476666494169137e-6,-0.19353956227754587,0.351,0.43,0.04200574703530846
PRKAR1B,1.157904563141082e-6,-0.6516555253370635,0.044,0.076,0.04238046491552674
KRR1,1.1774614981016582e-6,0.5007386481765921,0.311,0.275,0.04309626829201879
CCSER2,1.1793366157082708e-6,0.20677543649941033,0.876,0.874,0.04316489947153842
GIMAP7,1.1815455870616821e-6,0.5257553816423384,0.29,0.25,0.04324575003204463
LGALS3,1.1916938081868554e-6,0.8492178769656513,0.098,0.065,0.04361718507344709
C11orf49,1.2186985309173941e-6,-0.3508910452913439,0.163,0.217,0.04460558493010754
SWAP70,1.2226704687273808e-6,-0.7737271665692118,0.033,0.061,0.04475096182589087
DOCK7,1.2355013744842953e-6,-0.4559294184133844,0.11,0.156,0.04522058580749969
RIF1,1.2380156074663592e-6,-0.17778093970864717,0.395,0.476,0.045312609248876215
AIP,1.2479662461651298e-6,0.9061197449665674,0.1,0.066,0.045676812575889916
ELP1,1.2618322029625067e-6,-0.24049411102364016,0.131,0.185,0.04618432046063071
WDR83OS,1.2744541146226406e-6,0.982087915210327,0.078,0.048,0.04664629504930327
MINDY3,1.2792457949514027e-6,-0.21448102297198246,0.234,0.303,0.04682167534101629
ALDH3A2,1.2847784119139675e-6,-0.4549581797218891,0.061,0.097,0.047024174654463125
SQSTM1,1.304830942731489e-6,0.4418828610106249,0.364,0.327,0.04775811733491523
CASP1,1.306416441633183e-6,-0.6678608145360143,0.049,0.082,0.047816148180216136
CHRM3-AS2,1.3100368826605617e-6,-0.28184108255493046,0.12,0.171,0.04794865994225922
NAA15,1.325453013617069e-6,-0.12435015521962223,0.41,0.509,0.04851290575139834
CPSF6,1.3310805789404987e-6,-0.12909078513840222,0.538,0.636,0.048718880269801194
ELF4,1.3545657270256757e-6,-0.710605536797142,0.033,0.062,0.04957846017486676
NPDC1,1.3671831890553035e-6,-0.5063106973044151,0.055,0.09,0.05004027190261316
MAST2,1.3704795363161203e-6,-0.9871682391961958,0.032,0.06,0.05016092150870632
GRASP,1.3727776790617896e-6,0.7708836801245269,0.135,0.098,0.05024503583134056
RANBP9,1.3843870445892019e-6,-0.1808667409483543,0.389,0.468,0.05066995021900938
SUPT20H,1.390268515904808e-6,-0.21585479732347193,0.224,0.292,0.05088521795063188
USP40,1.395088886244407e-6,-0.4903869552481428,0.072,0.111,0.051061648325431544
PCCB,1.4070169472205934e-6,-0.5012632270761279,0.052,0.087,0.05149822728522094
FBXO22,1.422125460783903e-6,-0.3092862230003284,0.128,0.178,0.05205121399015164
CHCHD10,1.436347699892144e-6,0.8277189323855307,0.092,0.059,0.05257176216375237
CHFR,1.4466700478002606e-6,-0.2306748959326651,0.203,0.269,0.05294957041953734
LLGL2,1.4556557309342371e-6,-0.6187108306474496,0.053,0.088,0.053278455407924016
FLVCR1,1.4623541716353783e-6,-0.3465350700436076,0.066,0.105,0.05352362503602648
AC127502.2,1.4861902446875026e-6,0.977185785909906,0.083,0.052,0.054396049145807285
SRRM1,1.502783324642965e-6,0.3357839493533058,0.476,0.457,0.05500337246525716
ESYT2,1.5267155527212784e-6,-0.13881242842526653,0.685,0.783,0.05587931594515151
LY6E,1.5273624748457472e-6,0.6248955506044678,0.205,0.164,0.05590299394182919
CORO1B,1.5282145522881599e-6,0.9753556220889621,0.076,0.046,0.055934180828298936
EDRF1-AS1,1.540304979641228e-6,1.25514138522029,0.056,0.031,0.056376702559848585
MIR222HG,1.5485926450965639e-6,-0.5330869469149979,0.047,0.08,0.05668003940317933
NOL10,1.5505421462235617e-6,-0.189468743161473,0.293,0.368,0.05675139309392858
PRRC2C,1.5642442854009994e-6,0.14617999653779146,0.889,0.907,0.05725290508996198
FAM13B,1.5708751231038817e-6,-0.0835839709915569,0.354,0.442,0.057495600380725174
EML5,1.5903968004112176e-6,-0.5019045844489511,0.084,0.124,0.058210113291850975
GPSM3,1.590693214909739e-6,0.6341536629830639,0.227,0.188,0.05822096235891136
FGFR1OP2,1.595972661469724e-6,-0.2914600588660028,0.161,0.217,0.05841419538245336
CD58,1.597037072003893e-6,-0.29981535976359674,0.157,0.212,0.05845315387241449
LTN1,1.6009545209275925e-6,-0.19693250886764935,0.184,0.247,0.058596536420470816
DPEP2,1.6042054806669294e-6,-0.3957775493348352,0.085,0.127,0.05871552479789028
PPME1,1.615560037498732e-6,-0.6399131434511454,0.068,0.105,0.05913111293249109
SRGAP2C,1.6326541503106078e-6,-0.19576737014836532,0.141,0.196,0.05975677455551855
RAD23B,1.6384810392545419e-6,-0.2565211263704689,0.273,0.345,0.059970044517755484
HIKESHI,1.6526352649730317e-6,-0.7831417928625899,0.035,0.064,0.060488103333277934
CCDC141,1.6580871972202407e-6,-0.5662698702710698,0.084,0.124,0.06068764950545803
PHB,1.6583936577343772e-6,0.9328346341701836,0.064,0.037,0.060698866266735936
BTN2A1,1.661721474054956e-6,-0.5104644943567216,0.059,0.095,0.060820667671885445
AP2M1,1.685008786195922e-6,0.8046260173102668,0.102,0.068,0.06167300658355694
SNHG22,1.7019423007870557e-6,-0.8397920419326925,0.029,0.056,0.06229279015110702
TTC14,1.7079703326271368e-6,-0.16069445142785466,0.374,0.466,0.06251342214448584
ANAPC1,1.7188797750239865e-6,-0.2448633813384287,0.227,0.295,0.06291271864565293
GTF2E2,1.7214430458380734e-6,-0.1736608743979202,0.211,0.279,0.06300653692071932
TEX2,1.7298995932119508e-6,-0.6218844666128094,0.046,0.079,0.0633160550111506
GPD1L,1.7324887745500645e-6,-0.3117908766235731,0.124,0.174,0.06341082163730691
CARNMT1,1.7369293705074774e-6,-0.28342545803735353,0.126,0.176,0.06357335188994417
FAM78A,1.7580190145942284e-6,-0.4053383587804136,0.091,0.134,0.06434525395316336
THUMPD2,1.7585006019446043e-6,-0.22061284461627628,0.176,0.234,0.06436288053177446
H6PD,1.7629251281789342e-6,-0.45166667417713446,0.061,0.098,0.06452482261647717
MAL,1.7752644828218372e-6,-0.25851867359171476,0.301,0.374,0.06497645533576206
PSPC1,1.7853828300699758e-6,-0.12626149786081298,0.561,0.664,0.06534679696339118
SYNCRIP,1.7922629071979192e-6,-0.14533820803936431,0.369,0.461,0.06559861466635104
LIMK2,1.7972723479359321e-6,-0.3690477801519271,0.128,0.178,0.06578196520680304
LINC02325,1.809605667398992e-6,-0.47615157990586465,0.073,0.112,0.06623337703247051
IPO7,1.852540574011368e-6,-0.1955470611816189,0.167,0.228,0.06780483754939008
PPP3CB-AS1,1.8709721995705106e-6,-0.5788588711206648,0.051,0.085,0.06847945347648025
CSTB,1.8867413224828516e-6,0.8471095373754003,0.087,0.056,0.06905661914419485
DAXX,1.8896617158593025e-6,-0.7048462426065307,0.032,0.06,0.06916350846216633
ATG2A,1.8926046361591191e-6,0.7852016035283441,0.155,0.117,0.06927122228805992
CDC42SE2,1.8952561939203804e-6,-0.09374171665669806,0.964,0.986,0.06936827195367984
SCLY,1.9068093533037312e-6,-0.46218175087716107,0.053,0.088,0.06979112914026987
UQCRFS1,1.920480173526051e-6,0.6200371325705808,0.172,0.132,0.070291494831227
LSP1,1.94505762080385e-6,0.5766330845326733,0.237,0.198,0.07119105397904173
PLAAT4,1.953887577890502e-6,0.6254688628971288,0.134,0.096,0.07151423923837026
TP53BP2,1.9682298141138954e-6,-0.2112184970346842,0.253,0.325,0.07203917942638269
CD2,1.975312506768869e-6,0.3194148451248251,0.534,0.522,0.07229841306024737
POLR2G,2.0080706831304697e-6,0.9162927514162105,0.066,0.038,0.07349739507325832
LMBRD2,2.0103863546417813e-6,-0.2872917464278689,0.126,0.178,0.07358215096624383
ZNF592,2.010526584300141e-6,-0.25930817785615945,0.108,0.156,0.07358728351196946
NDUFS7,2.0150524798933903e-6,1.018169745212854,0.08,0.05,0.07375293581657798
ITGB1BP1,2.1158982378722836e-6,-0.44149855465600796,0.07,0.108,0.07744399140436345
MAP3K9,2.142990842861705e-6,-0.5118800554211429,0.046,0.078,0.07843560783958126
GRIK1,2.1474569646792573e-6,1.4622897496170748,0.056,0.031,0.07859907236422549
ENOPH1,2.1497251091481192e-6,-0.4118691302788313,0.101,0.146,0.07868208871993031
MFSD1,2.1794301047341956e-6,-0.4695705453871595,0.074,0.113,0.0797693212633763
ANKHD1,2.1824561831384597e-6,-0.11505891207756402,0.708,0.804,0.07988007875905076
PPP2R1B,2.2428610475063317e-6,-0.1893166206662491,0.088,0.133,0.08209095719977924
LPIN2,2.260777596303236e-6,-0.14834588605753418,0.407,0.493,0.08274672080229474
PGAM1,2.266286755742353e-6,0.7659772483228915,0.128,0.092,0.08294836154692586
LARP1B,2.2691937004785082e-6,-0.5599106089656023,0.089,0.131,0.08305475863121388
ARF5,2.3193910480613204e-6,0.9251335841485115,0.071,0.043,0.08489203175009238
METTL6,2.355948821207875e-6,-0.4490013561179087,0.062,0.097,0.08623008280502945
RSRC1,2.356567528845888e-6,-0.1734716229358233,0.505,0.584,0.08625272812328835
TPCN1,2.3567644407233723e-6,-0.28987086116213345,0.077,0.118,0.08625993529491614
NDUFB2,2.3854341098572033e-6,0.7141673363596583,0.131,0.094,0.0873092738548835
VAMP8,2.3945025916821104e-6,0.6698722342499606,0.138,0.1,0.08764118935815693
KDM4B,2.41749463871344e-6,-0.2839189510743533,0.137,0.189,0.08848272127155063
AP000766.1,2.4311532490016338e-6,-0.5665520901172458,0.041,0.071,0.08898264006670879
RC3H1,2.4650377321706595e-6,-0.10143910921733723,0.449,0.545,0.09022284603517831
DGKZ,2.473771262328219e-6,-0.2931158201952738,0.165,0.224,0.09054250197247514
NDUFA5,2.5038594298719475e-6,0.6407940607221473,0.167,0.127,0.09164375899274316
AC092944.1,2.5078006832176726e-6,-1.051911028810037,0.033,0.06,0.09178801280645003
AUP1,2.5482085079727115e-6,0.8309589654621712,0.096,0.064,0.09326697960030922
LRRC37A3,2.5688292468133688e-6,0.7374631452633775,0.113,0.078,0.09402171926261611
POU5F2,2.5695666671979993e-6,-0.44652623404563085,0.052,0.085,0.09404870958611397
UCP2,2.5788620713018704e-6,0.642478095757016,0.147,0.109,0.09438893067171976
AFF3,2.5951436253218925e-6,-0.6397384699901261,0.058,0.092,0.09498485183040659
NME3,2.6033387877085095e-6,0.7641309130553005,0.126,0.09,0.09528480296891916
RNF2,2.609673286006513e-6,-0.3344326940667335,0.133,0.182,0.09551665194112438
SEPTIN6,2.642747241333e-6,-0.14936524358101533,0.48,0.573,0.09672719178002913
PIGF,2.664865941797891e-6,-0.3432373189237208,0.077,0.116,0.09753675833574461
AL049828.1,2.7033341067817863e-6,-0.49342411134807995,0.087,0.128,0.09894473164232016
LRSAM1,2.71663181099227e-6,-0.5195950916997174,0.057,0.091,0.09943144091412806
FAM210A,2.7255444466367063e-6,-0.6109367000253556,0.041,0.07,0.09975765229135009
GCC2,2.7406997796772e-6,0.2902188802199459,0.606,0.6,0.10031235263596519
STAM2,2.777417620391004e-6,-0.3164149043335218,0.105,0.151,0.10165626232393113
UNK,2.7804001227296256e-6,-0.38875472762335406,0.108,0.154,0.10176542489202703
NSUN3,2.8007966266780505e-6,-0.2131497426338309,0.164,0.221,0.10251195733304333
IRAK1BP1,2.839740894473239e-6,-0.5502906115723452,0.037,0.066,0.10393735647861502
QKI,2.849145646806148e-6,-0.12912356006696424,0.41,0.494,0.10428157981875183
NUFIP2,2.8543612508885206e-6,-0.17058538529720502,0.413,0.497,0.10447247614377074
IPO9,2.8819756185548976e-6,-0.17768950004288708,0.246,0.316,0.1054831896147278
FAM126B,2.8824921468626523e-6,-0.11385628566762662,0.315,0.398,0.10550209506731993
CYP20A1,2.927510017889039e-6,-0.16346321323739899,0.306,0.383,0.10714979416475673
DCP2,2.9666411230715958e-6,-0.18720957050247605,0.275,0.346,0.10858203174554348
ACTR1B,2.9701840424163005e-6,0.8190006699762007,0.118,0.084,0.10871170613647901
PPARA,2.98013420547819e-6,-0.4072015628374175,0.073,0.111,0.10907589205470723
MLXIP,2.999530272446824e-6,-0.21535980789393738,0.15,0.206,0.1097858075018262
UBA6-AS1,3.0129249089999767e-6,-0.690175601602947,0.058,0.091,0.11027606459430815
NUP93,3.065098422620023e-6,-0.34837523831604267,0.121,0.168,0.11218566736631547
ZNF573,3.1198556995029892e-6,-0.34968519004204834,0.074,0.113,0.11418983845750891
RBM45,3.1258871384278683e-6,-0.4850173868918666,0.046,0.077,0.1144105951535984
ACER3,3.1578849895310388e-6,-0.3843532654285653,0.105,0.149,0.11558174850182555
IWS1,3.1585479710875434e-6,-0.20344800122680243,0.214,0.282,0.11560601428977517
TMED3,3.2151861468093803e-6,-0.7668079256114495,0.067,0.102,0.11767902815937013
ANAPC7,3.2321246568346968e-6,-0.39737416024851235,0.072,0.111,0.11829899456480673
TJP2,3.2705761444100715e-6,-0.7691319690696621,0.033,0.06,0.11970635746155303
CPSF2,3.390979926658707e-6,-0.2547915021204583,0.108,0.154,0.12411325629563534
LENG9,3.422061965787542e-6,1.084589904570909,0.053,0.029,0.1252508900097898
ENTPD1-AS1,3.451288935566825e-6,-0.30179145043203925,0.162,0.216,0.12632062633068136
REXO2,3.454016338233353e-6,-0.46515331599825993,0.06,0.095,0.12642045199567895
NELFE,3.4921106423487877e-6,0.9287578558578664,0.071,0.044,0.127814741620608
AP1S2,3.4943466690539093e-6,-0.487099059207144,0.09,0.131,0.12789658243404214
NUP50-DT,3.4957866096205186e-6,-0.32777319559050055,0.069,0.106,0.1279492856987206
CRPPA,3.5259635193279607e-6,-0.8119978400884007,0.032,0.058,0.1290537907709227
COA1,3.5756262426587153e-6,-0.1691094614654698,0.341,0.426,0.13087149610755164
DUS1L,3.5901135485401954e-6,0.8579118151166518,0.106,0.074,0.1314017459901197
AC012636.1,3.598581814150326e-6,-0.4724264858217697,0.08,0.119,0.13171169297971608
GEMIN8,3.604866198285462e-6,-0.7495234141457168,0.029,0.055,0.13194170772344618
TCEANC2,3.614882567782778e-6,-0.703742751045108,0.028,0.054,0.13230831686341746
CAMLG,3.6337613291774657e-6,0.7684178579037737,0.133,0.097,0.13299929840922442
RBMX,3.6591387061959664e-6,0.3649449816632907,0.489,0.478,0.13392813578547857
RTRAF,3.679444965613388e-6,0.5492554503091476,0.195,0.155,0.13467136518641562
CHIC2,3.710129789156363e-6,-0.11818544614598347,0.374,0.457,0.13579446041291204
USP16,3.745473647227885e-6,0.4391561055289618,0.389,0.364,0.13708808096218783
MVB12B,3.7796360041672097e-6,0.7898960124325519,0.157,0.12,0.13833845738852404
SOGA3,3.788888157659553e-6,-0.6174469167618342,0.06,0.094,0.1386770954584973
PRDM10,3.8222025713212835e-6,-0.4102944161636093,0.079,0.118,0.1398964363129303
ZNF675,3.842823277528784e-6,-0.366164774193797,0.087,0.128,0.14065117478083103
SEMA6A-AS1,3.876515183823453e-6,-0.5168563830156512,0.081,0.119,0.1418843322431222
ZNF512,3.896717857921225e-6,-0.21691929966933632,0.11,0.157,0.14262377031777473
RPAP2,3.900893730176875e-6,-0.19666407873774566,0.296,0.37,0.1427766114182038
ARL6IP1,3.949100982005007e-6,0.644954575773349,0.198,0.16,0.14454104504236526
NUDCD3,4.0012566548202275e-6,-0.1670762537017344,0.355,0.436,0.14644999482307514
SF3B3,4.031340006555728e-6,-0.18727117765842705,0.187,0.249,0.14755107557994618
SLC30A7,4.042419365760948e-6,-0.11693670966695557,0.435,0.525,0.14795659120621643
AC026979.2,4.046176674242408e-6,0.7881068488383367,0.14,0.104,0.14809411245394638
SPOPL,4.060372170340592e-6,-0.30083804296637406,0.133,0.182,0.148613681806636
KIAA0408,4.075114943891013e-6,-0.800016232662947,0.026,0.051,0.14915328206135497
RBL1,4.085964640875457e-6,-0.14288082458193457,0.288,0.359,0.14955039182068258
YY1AP1,4.098999315874478e-6,-0.28986100621041566,0.154,0.208,0.15002747396032176
NFATC1,4.1088064152586276e-6,-0.13607625965711434,0.178,0.242,0.15038642360488103
OXCT1,4.1250017786463e-6,-0.15807186772173665,0.384,0.464,0.15097919010023325
HNRNPH2,4.1618092356847e-6,0.717481052843103,0.115,0.081,0.1523263798352957
DNAJC5,4.1835051305569695e-6,-0.2368679721272544,0.126,0.176,0.15312047128351564
GSR,4.265864679187692e-6,-0.42635803306275943,0.062,0.097,0.15613491312294872
HSPA9,4.295143942747769e-6,0.34795215396546497,0.42,0.394,0.1572065634485111
MAPKAPK5-AS1,4.325585789348007e-6,0.822507611612104,0.092,0.061,0.15832076547592638
USF3,4.343179147078271e-6,-0.19464182092241544,0.194,0.254,0.1589646999622118
TECPR2,4.368941834479083e-6,-0.41506582756824706,0.049,0.08,0.15990764008376893
SLTM,4.397589611540099e-6,-0.13130242419821658,0.494,0.582,0.16095617737197918
ASB3,4.409187737612181e-6,-0.07923424340963148,0.388,0.483,0.16138068038434344
DIDO1,4.419272491816223e-6,-0.15553544562128274,0.386,0.477,0.16174979247296556
PCYOX1L,4.429219938278652e-6,-0.6771023778568224,0.026,0.051,0.16211387896093693
PRPF38B,4.432132057523771e-6,-0.18700457332693005,0.359,0.447,0.16222046543742755
NUP107,4.439714775914077e-6,-0.18917896096268505,0.165,0.221,0.16249800051323113
SMIM14,4.484126344646629e-6,-0.6729702491868577,0.049,0.08,0.16412350834041126
SYMPK,4.513768159161983e-6,-0.2434505616385365,0.125,0.175,0.16520842839348776
LETMD1,4.553631201948603e-6,-0.3067187543447196,0.112,0.157,0.16666745562252083
APH1A,4.565068087509414e-6,1.107257324112895,0.061,0.035,0.16708605707093205
SRGAP2B,4.590765974985615e-6,-0.6168804320582544,0.062,0.096,0.1680266254504485
GDAP2,4.613770083845981e-6,-0.21578977733866045,0.145,0.198,0.16886859883884675
HEG1,4.631805714039153e-6,-0.2861106156328588,0.128,0.176,0.16952872093954705
HIPK3,4.693514672060369e-6,-0.1545039287276022,0.349,0.429,0.17178733051208156
MNAT1,4.730538934446898e-6,-0.1779553166004323,0.336,0.404,0.1731424555396909
P4HA1,4.747349008666853e-6,-0.2409437307363177,0.154,0.206,0.17375772106621548
INTS3,4.7524098102386645e-6,-0.7641620721992459,0.033,0.06,0.17394295146454536
ADCY7,4.755351623203617e-6,-0.27967279710207626,0.131,0.181,0.1740506247608756
ZNF235,4.796046457263221e-6,-0.6765724083368794,0.065,0.099,0.17554009638229115
UBE2D2,4.861578622387473e-6,-0.09280148059331061,0.525,0.619,0.1779386391580039
LINC00824,4.95023990063017e-6,-0.9545998024384548,0.036,0.063,0.18118373060296483
LIPE-AS1,4.981105540461378e-6,-0.4856983629480678,0.068,0.103,0.1823134438864269
PTER,5.013352074326002e-6,-0.26834490385124643,0.133,0.182,0.18349369927240602
DNAJB9,5.014514148933953e-6,0.6508381668721099,0.137,0.102,0.1835362323651316
PLEKHA7,5.047174495288377e-6,-1.0434895746447115,0.039,0.067,0.18473163370204987
TAGAP,5.09458185837363e-6,-0.1821120460911702,0.229,0.296,0.18646679059833324
CCDC85B,5.096965811108788e-6,0.5665610261998159,0.172,0.134,0.18655404565239275
ATP2A3,5.107092228265734e-6,-0.2516885714631495,0.184,0.243,0.18692468264675413
CARS,5.1315495783165125e-6,-0.37445392188918203,0.098,0.14,0.18781984611596267
SUGT1,5.227883552912236e-6,-0.3302158020152235,0.099,0.142,0.19134576592014074
GNAO1,5.267001796781847e-6,-0.631219424026431,0.042,0.071,0.19277753276401238
AP001628.1,5.455701461907726e-6,-0.6231102010768383,0.033,0.06,0.19968412920728468
CSPP1,5.519949446968461e-6,-0.21740090071495555,0.204,0.264,0.20203566970849265
AL391839.1,5.541437478253971e-6,0.8781871070620668,0.113,0.08,0.2028221531415736
KLHL23,5.559325844624164e-6,-0.774472905008428,0.027,0.052,0.20347688523908902
TP53INP1,5.599612431781959e-6,-0.2066324415559211,0.178,0.236,0.2049514146156515
CD44-AS1,5.626163285662855e-6,0.9332382523088296,0.056,0.032,0.20592320241854617
AL117381.1,5.793713331787951e-6,-0.6064427499278975,0.038,0.066,0.2120557016567708
AC092683.1,5.894013815021746e-6,-0.2472340595383412,0.199,0.259,0.21572679964361094
AC022210.2,5.89723789802983e-6,-0.6441973773665892,0.046,0.077,0.2158448043057898
RPA1,5.9342970386547265e-6,-0.3013330021439279,0.138,0.186,0.21720120591180164
MAD1L1,5.996978004857545e-6,-0.20478921762077518,0.178,0.237,0.219495391955791
BX890604.2,6.003276930002051e-6,-0.3766510624173893,0.056,0.089,0.21972593891500508
KDM5B,6.030681438495779e-6,-0.221846113296097,0.165,0.22,0.220728971330384
SFMBT2,6.038486512128818e-6,-0.2043077592168061,0.43,0.493,0.22101464483042685
TRAF3,6.1612509428270835e-6,-0.12588058388004564,0.488,0.577,0.2255079457584141
ISCA1,6.162381875370426e-6,0.6044003774068009,0.193,0.154,0.22554933902043298
KCTD9,6.1802021976907824e-6,-0.33595504352260774,0.086,0.126,0.22620158063768034
AC008569.1,6.182429531725665e-6,-0.577044787721186,0.033,0.059,0.22628310329069107
CCNI,6.188311936522498e-6,0.3844354865047839,0.4,0.373,0.22649840518865996
IL1RAP,6.194118247298422e-6,-0.5396328929440526,0.07,0.105,0.22671092196936954
AC010883.3,6.207776116301463e-6,1.049033622198757,0.068,0.042,0.22721081363274984
PGS1,6.22709321004752e-6,-0.359317155692205,0.08,0.119,0.22791783858094927
IQCB1,6.372809515923582e-6,0.4774074775462579,0.348,0.313,0.23325120109231903
TGFB1,6.37534870488445e-6,0.39351615185326705,0.38,0.347,0.23334413794747574
PSMA1,6.444226261058588e-6,-0.2040054715931785,0.442,0.509,0.23586512538100537
ZC3H12A,6.448850374454342e-6,1.0664205317020627,0.06,0.035,0.23603437255540335
MIR3936HG,6.473656121276284e-6,-0.7104579546078478,0.039,0.067,0.23694228769483328
SPAG5-AS1,6.56858973782943e-6,1.0682851551804067,0.053,0.03,0.24041695299429497
SMAD3,6.574806111788853e-6,-0.1193189366828199,0.404,0.489,0.2406444784975838
CCPG1,6.582108272211995e-6,-0.17715733174566614,0.213,0.277,0.24091174487123124
AKAP7,6.585107445231057e-6,-0.23308884263584417,0.176,0.232,0.2410215176029019
UFL1-AS1,6.588710166460782e-6,-0.7895709918363223,0.032,0.058,0.24115338080263107
GNPAT,6.624098562467377e-6,-0.2393850289684487,0.109,0.156,0.24244863148486848
EIF4A1,6.765986798067428e-6,0.35388070375718356,0.433,0.406,0.24764188279606594
LIN54,6.86220829042673e-6,-0.2712793243302303,0.104,0.149,0.25116368563790875
EPHX1,6.8674413144464756e-6,0.9520396571921306,0.063,0.037,0.25135521955005546
MBD2,6.8777701256636744e-6,-0.1718492107744929,0.208,0.269,0.2517332643694161
LRP8,6.937541852155576e-6,-0.2825985987388444,0.073,0.111,0.25392096933074626
WRN,7.044279734520503e-6,-0.13252541785462685,0.279,0.347,0.2578276825631849
CRYBG3,7.053309823885675e-6,-0.3999618579809967,0.102,0.143,0.25815819286403957
ITGB7,7.061032124626241e-6,0.6864831392984503,0.133,0.098,0.25844083679344504
MX2,7.061167880166499e-6,-0.12543536041577644,0.248,0.316,0.25844580558197405
GNAI2,7.101666273952201e-6,0.42618028866437657,0.335,0.302,0.2599280872929245
USP13,7.122080924704122e-6,-0.40551135196112065,0.087,0.126,0.2606752839250956
KAT6A,7.1537074439732855e-6,-0.1061499228506837,0.727,0.799,0.26183284615686625
WASL,7.326730204875684e-6,-0.26625583786913154,0.199,0.253,0.2681656522286549
CSE1L,7.387549457838459e-6,-0.1936362541982618,0.191,0.249,0.2703916977063454
PDPR,7.408019841084349e-6,-0.2409171242779875,0.128,0.177,0.27114093420352825
ZNF337-AS1,7.411863544319714e-6,-0.5462606144941862,0.057,0.09,0.27128161758564584
MTOR,7.4611593249625836e-6,-0.1586758951193279,0.198,0.261,0.2730858924529555
HLA-F-AS1,7.483965561329757e-6,0.9953357617194902,0.1,0.07,0.27392062351023044
ZCCHC2,7.548058521606554e-6,-0.11979904319115631,0.364,0.441,0.27626648994932146
TESPA1,7.5538053518468805e-6,-0.08583881240469804,0.569,0.672,0.2764768296829477
TMEM160,7.566589364934921e-6,0.8921304018796306,0.092,0.062,0.276944737345983
RTCA,7.624875420068935e-6,-0.14728311322958854,0.186,0.246,0.2790780652499431
RFC3,7.628176925629361e-6,-0.5065646820446561,0.071,0.107,0.27919890365496025
ERVMER61-1,7.652269119195259e-6,-0.5914074363653355,0.083,0.119,0.2800807020316657
AL355916.2,7.737709160066301e-6,0.9572612112465886,0.063,0.038,0.2832078929675867
ATAD2B,7.750663802472989e-6,-0.12752960144369374,0.597,0.683,0.2836820458343139
ZAP70,7.764027623115218e-6,-0.22388182778557186,0.183,0.241,0.2841711750336401
ICAM2,7.788423890751109e-6,-0.28833929608134456,0.139,0.189,0.28506410282538136
MRE11,7.851299759500787e-6,-0.19007481301757512,0.145,0.196,0.2873654224974883
SUZ12,7.860532159715389e-6,-0.16208084141218562,0.267,0.339,0.2877033375777429
EPB41L2,7.916664675625271e-6,-0.5944818965804604,0.055,0.087,0.28975784379256053
TRPS1,7.91733670911279e-6,-0.2858461147297646,0.25,0.308,0.2897824408902372
CYBB,8.004209562532107e-6,-0.5351064955467191,0.053,0.085,0.29296207419823767
AC073332.1,8.00627973552245e-6,-0.8324447030491365,0.07,0.104,0.29303784459985716
SDCBP,8.046907447463093e-6,0.31216632675489225,0.404,0.368,0.29452485948459667
AMN1,8.108835835627637e-6,-0.39148084588416876,0.074,0.111,0.2967915004198071
AC005037.1,8.139282908769441e-6,0.6336954911420566,0.166,0.128,0.29790589374387033
MCM3AP,8.160588539962543e-6,-0.1861805170445604,0.139,0.191,0.29868570115116905
AC245297.3,8.200546394107405e-6,-0.1818639249379133,0.342,0.42,0.3001481985707251
DFFA,8.318540229381866e-6,-0.44190106183352906,0.044,0.074,0.3044668909356057
LIME1,8.341456166804758e-6,0.3768886960172481,0.318,0.279,0.30530563716122094
SLA,8.361298185846352e-6,-0.1439619967996993,0.339,0.417,0.3060318749001623
HELZ,8.437291355812136e-6,-0.10354043909008448,0.684,0.765,0.30881330091408
SLC38A10,8.446066599765538e-6,-0.4352193170231804,0.083,0.121,0.3091344836180185
KPNA4,8.469555513423266e-6,-0.15055474665858726,0.325,0.405,0.30999420134680494
RMND5A,8.499492014397328e-6,-0.338422966856331,0.148,0.197,0.3110899072189566
AC079781.5,8.562666616444875e-6,-0.1701744385683111,0.312,0.389,0.31340216082849887
TRIB2,8.586361462009286e-6,-0.3520444784838659,0.123,0.168,0.3142694158710019
NUDT5,8.798054724395559e-6,-0.3824737664558342,0.086,0.125,0.32201760096760185
MYEF2,8.87065065123211e-6,-0.27284798886971284,0.107,0.151,0.32467468448574643
TMEM161B-AS1,8.897851713492146e-6,-0.12827452571825146,0.177,0.234,0.32567027056552605
SCP2,8.91101814595986e-6,-0.29514608083976557,0.136,0.183,0.32615217516027684
SPATA1,8.93292723697804e-6,0.8907492892347499,0.092,0.063,0.3269540698006333
AC092279.1,9.031655403798799e-6,-0.7102632832964364,0.036,0.063,0.33056761943443985
CD7,9.109462775176228e-6,0.594423950717455,0.203,0.166,0.3334154470342251
PPIP5K2,9.155768630479305e-6,-0.17291572533764477,0.323,0.397,0.33511028764417305
GDI2,9.181269351366695e-6,-0.2283587041534002,0.169,0.224,0.3360436395293724
UBR4,9.183402261304477e-6,-0.1750563645505161,0.341,0.418,0.3361217061660052
RNF38,9.232805987458036e-6,-0.1413092179751514,0.628,0.707,0.3379299319469516
TRIM16,9.303968732410336e-6,-0.43336849464446736,0.054,0.085,0.3405345595749507
VCPIP1,9.33762425192251e-6,-0.18298840897861474,0.18,0.238,0.34176638524461583
DCUN1D2,9.342074688448736e-6,-0.41729393633991263,0.051,0.082,0.34192927567191217
KLRG1,9.389117465550949e-6,-0.3502889091460204,0.121,0.165,0.3436510883566303
CAPN2,9.525027638270142e-6,-0.2543099465169921,0.286,0.352,0.34862553658832546
PATL2,9.588834830106225e-6,-0.36014495658868473,0.075,0.111,0.350960943616718
CAP1,9.68432422182402e-6,-0.1681993351246837,0.29,0.36,0.3544559508429809
AC097634.3,9.711003404765433e-6,1.0288888966828877,0.06,0.035,0.3554324356178196
ZNF493,9.803667993822875e-6,-0.19089355290432275,0.119,0.166,0.35882405224191105
GPR180,9.866824083654574e-6,-0.6054528634638388,0.04,0.068,0.36113562828584106
HNRNPH3,9.891592470957022e-6,0.33277848434531115,0.407,0.382,0.36204217602949795
TRIT1,9.933720782968665e-6,-0.45950129308765764,0.064,0.098,0.3635841143774361
SLC16A3,9.967353103255273e-6,0.9161255761255609,0.1,0.07,0.36481509093224623
COPA,9.98079829930424e-6,0.37817208894033183,0.456,0.437,0.3653071985528345
SLC20A2,1.0056497710878525e-5,-0.16060275577357022,0.266,0.331,0.3680778727158649
SMURF2,1.0153727183379924e-5,-0.11582248687268448,0.313,0.384,0.3716365686388886
NDUFAF6,1.0180454466713124e-5,-0.22985224141490412,0.211,0.27,0.372614813936167
NFIA,1.01838624675798e-5,-0.3329163730094016,0.16,0.209,0.3727395501758883
ZNF721,1.0223078169908584e-5,-0.13339963236232816,0.314,0.394,0.3741748840968241
RHOF,1.026818370115928e-5,0.8550008333915797,0.088,0.059,0.37582579164613084
HTT,1.0322842156398742e-5,-0.15943050776917408,0.291,0.366,0.3778263457663504
ANKRD27,1.0408976694696886e-5,-0.24509666209183134,0.113,0.157,0.38097895600260073
DSTYK,1.041967602166598e-5,-0.10396534099048915,0.197,0.257,0.38137056206899655
SLC35E3,1.0455590349634788e-5,-0.49171602077202925,0.064,0.098,0.3826850623869829
GOLPH3,1.0556676841949802e-5,-0.1382248470904528,0.339,0.423,0.3863849290922047
AC104316.1,1.0583754884455592e-5,0.9040769189330105,0.077,0.05,0.38737601252595916
PIGX,1.0593310734480366e-5,-0.397574124441175,0.072,0.107,0.38772576619271587
IVNS1ABP,1.0601536201970161e-5,-0.2104993497966061,0.265,0.334,0.3880268265283099
RNF32,1.0671368093133373e-5,1.1171154196190884,0.058,0.034,0.3905827435767746
WDR11,1.0699059272671446e-5,-0.15306478900931036,0.207,0.27,0.3915962684390476
CERK,1.071434010983173e-5,-0.13147242209086607,0.255,0.326,0.39215556235995114
AC010260.1,1.076232786606187e-5,0.5594870280297026,0.211,0.172,0.3939119622257305
USF2,1.0777366967974705e-5,0.6302025732567087,0.167,0.131,0.3944624083948422
AC008937.2,1.0794229030822672e-5,0.6143174646093374,0.159,0.123,0.3950795767571406
C13orf46,1.0843131051798256e-5,-0.6613003696999291,0.039,0.067,0.396869439626868
IPMK,1.0911684748300963e-5,-0.48516242298832135,0.095,0.133,0.39937857347256356
CEP162,1.092142297996239e-5,-0.6647598167453483,0.045,0.074,0.3997350024896034
MICOS10,1.0924818892690642e-5,0.6844520105523115,0.109,0.077,0.3998592962913702
OGG1,1.1133834778482708e-5,-0.46126372429348095,0.046,0.075,0.4075094867272456
ISM1,1.118416762931712e-5,-0.5525960306498083,0.061,0.094,0.4093517194006359
TUBGCP3,1.1231821975047055e-5,-0.1920737616677875,0.255,0.321,0.4110959161086973
ERVK13-1,1.1278169101806052e-5,-0.40507484602494515,0.05,0.081,0.4127922672952033
PSMD6-AS2,1.13568976784968e-5,-0.1684232215174768,0.157,0.212,0.4156738119306614
POLR3B,1.1362795354471988e-5,-0.3537408365830599,0.087,0.126,0.4158896727690292
FAM120C,1.1377154294925315e-5,-0.1846042024422876,0.126,0.173,0.41641522434856143
BTN3A3,1.1599582544747474e-5,-0.5200749072115585,0.058,0.09,0.4245563207203023
ACOX1,1.1618127591157176e-5,-0.3994948485756491,0.058,0.091,0.42523508796394377
PRDM15,1.1662866829306416e-5,-0.6865874582409588,0.028,0.052,0.4268725888194441
GBE1,1.1687941392394199e-5,-0.2929060187723074,0.176,0.228,0.4277903429030201
SNAPC3,1.173350760200398e-5,-0.24556956075362013,0.114,0.158,0.42945811174094767
MAP4K3-DT,1.1816966518112084e-5,-0.32102933006651235,0.057,0.089,0.4325127915294204
RAP1B,1.183359988876591e-5,-0.12120088033238785,0.753,0.838,0.4331215895287211
ZFAT,1.1895304448355397e-5,-0.374978341760541,0.094,0.134,0.43538003811425585
MTMR10,1.212368477043744e-5,-0.22103770624866953,0.196,0.253,0.44373898628278075
RBM4B,1.237267573200843e-5,1.19268507307594,0.051,0.029,0.45285230446724056
S100A9,1.2432395998593482e-5,0.286289779727737,0.4,0.354,0.45503812594452003
ADCY3,1.2480696862262654e-5,-0.5448518324381224,0.053,0.083,0.4568059858556754
USP37,1.2490508139894532e-5,-0.14054421337154044,0.142,0.194,0.45716508842827974
SPINT2,1.2558073771590052e-5,1.03860454163007,0.064,0.04,0.4596380581139675
NUTM2A-AS1,1.2595272247876253e-5,-0.10192750039128762,0.322,0.403,0.46099955954451877
KCTD20,1.2682473492596824e-5,-0.20002542004216395,0.196,0.253,0.46419121230253635
CCDC39,1.27155129408963e-5,0.8897591438456849,0.058,0.034,0.46540048914974547
AC005480.1,1.2746444113116228e-5,1.0340058039338107,0.085,0.057,0.46653260098416705
MVP,1.2810457031232669e-5,-0.09975118999895582,0.199,0.261,0.4688755378001469
MRPS24,1.2856492408750758e-5,0.8810261271454696,0.071,0.045,0.47056047865268646
TTC5,1.287054463777698e-5,-0.40394903567778995,0.056,0.089,0.4710748042872752
ATP6V1A,1.2908844985149e-5,-0.27140393075828695,0.085,0.123,0.4724766353014386
ARF4,1.3012989483897365e-5,0.5880732685351056,0.184,0.148,0.47628842810012745
LINC02762,1.306969085704262e-5,-0.6627348292521409,0.053,0.083,0.47836375505861695
ANKRD12,1.3128494243678758e-5,-0.0635283867098595,0.972,0.988,0.4805160178128862
PCYT1A,1.3233033669855258e-5,-0.1391060246968815,0.155,0.208,0.4843422653503723
CORO7,1.3383307500252416e-5,0.3513415344032893,0.412,0.388,0.4898424378167387
DUSP18,1.3501987836610449e-5,-0.5200347799685852,0.029,0.054,0.49418625680777906
WAPL,1.3520486355560791e-5,-0.13126087175805645,0.372,0.451,0.4948633210998805
TSC1,1.3633050071220466e-5,-0.23673432647639547,0.094,0.135,0.4989832656567403
JPX,1.3720655367757815e-5,-0.1292858215708783,0.342,0.422,0.5021897071153038
ETF1,1.379287806744285e-5,-0.19584328726184136,0.198,0.256,0.5048331301464758
ITGA5,1.3798948179277277e-5,-0.2834438594785684,0.05,0.081,0.5050553023097276
ARHGEF7,1.3803962195024369e-5,-0.08738427629613282,0.312,0.391,0.5052388203000869
LYSMD3,1.3829962841765948e-5,0.6890836754073921,0.139,0.105,0.5061904699714754
ACTR3C,1.3891918752828863e-5,-0.4800985598356975,0.075,0.11,0.5084581182722892
FBXW4,1.401420234213092e-5,-0.11916830004324586,0.349,0.43,0.5129338199243338
RAP1A,1.4016678741876443e-5,-0.10300238735965417,0.665,0.754,0.5130244586314197
AMPD3,1.4115317563266354e-5,-0.3062953820183276,0.043,0.072,0.5166347381331118
CTDNEP1,1.4117680629685959e-5,0.8082658711108843,0.08,0.052,0.5167212287271358
C1RL,1.4137473119363726e-5,-0.4485319901597373,0.057,0.088,0.5174456536418317
NECAP2,1.4230263494008172e-5,0.5213286249547485,0.236,0.199,0.5208418741441931
STX17,1.4231858329102556e-5,-0.1574509841659375,0.176,0.233,0.5209002467034827
NDUFA12,1.4272564483395094e-5,0.7517173783517868,0.129,0.095,0.5223901326567438
EVL,1.434493401053272e-5,-0.12689507135065914,0.628,0.726,0.525038929719508
PSMA2,1.4475370483134603e-5,0.6803239182311616,0.147,0.113,0.5298130350532096
TMEM104,1.4589308475625898e-5,-0.5171734172880225,0.04,0.067,0.5339832795163835
PARP16,1.4639075808020817e-5,-0.4301539789836868,0.045,0.074,0.5358048136493699
KYAT3,1.4656453274396534e-5,-0.23467326046203452,0.142,0.19,0.5364408462961876
APPL1,1.4660914053496125e-5,-0.1761313973423967,0.197,0.256,0.5366041152720117
CAMKK2,1.4750247413977588e-5,-0.6563766873115684,0.044,0.071,0.5398738055989937
FAM13A-AS1,1.4772856599717386e-5,-0.2751937507846587,0.148,0.198,0.5407013244062561
MAF1,1.4791827781521144e-5,0.8288175520313437,0.071,0.045,0.5413956886314554
AC138965.2,1.4799781406417225e-5,-0.7208483881936387,0.04,0.067,0.5416867992562768
MMP24OS,1.4804148839215323e-5,-0.43416145131436723,0.121,0.163,0.54184665166412
CSAD,1.4894216505181774e-5,-0.3208413016219538,0.105,0.148,0.5451432183061581
OSBPL9,1.4904536978670464e-5,-0.16922495461639087,0.372,0.443,0.5455209579563176
DLEU2,1.5037931199774286e-5,-0.14820018496452625,0.475,0.55,0.5504033198429387
SEC61G,1.5195539433114018e-5,0.7017900940424979,0.113,0.081,0.5561719387914061
SRM,1.567598243118191e-5,1.0428856975780496,0.054,0.032,0.5737566329636891
SNHG3,1.5744517087578265e-5,0.7120402568310162,0.1,0.069,0.5762650699224521
CCDC138,1.5877851232223656e-5,-0.37573972996282823,0.065,0.098,0.581145232950618
LRRC58,1.599674835734321e-5,-0.23008329755031637,0.214,0.27,0.5854969866271188
GMPS,1.6010902587952316e-5,-0.15849693728429154,0.192,0.25,0.5860150456216427
RAF1,1.6474872368203478e-5,-0.09861237898164915,0.315,0.394,0.6029968035486155
HS3ST3B1,1.653657940271483e-5,-0.14738430294472177,0.173,0.226,0.6052553427187656
SUN1,1.6600338274558803e-5,-0.21105271609398946,0.133,0.181,0.6075889811871268
STARD9,1.6624620011483823e-5,-0.8146227115519524,0.027,0.05,0.6084777170403194
DMTF1,1.663462677070299e-5,-0.12676307732238568,0.406,0.49,0.6088439744345001
FAM192A,1.6775087617489867e-5,-0.15629201720707409,0.15,0.202,0.6139849818877466
TRIP4,1.6809257342951525e-5,-0.23321259331897504,0.109,0.152,0.6152356280093688
CREM,1.6824779782366706e-5,0.5473354840693009,0.253,0.216,0.6158037648144038
NSUN6,1.7074586482738194e-5,-0.23232893121533532,0.193,0.247,0.6249469398547006
NSA2,1.709568808569115e-5,0.6383604890854594,0.192,0.156,0.6257192796243818
OTULINL,1.7257521073859656e-5,-0.24047573474533102,0.179,0.233,0.6316425288243372
AGAP1,1.7679327963010727e-5,-0.6695900470675131,0.058,0.088,0.6470810827741557
SLC5A3,1.782667546673998e-5,-0.3140437601052424,0.073,0.108,0.65247414875815
CHODL,1.7929646505807735e-5,-1.0755517258296847,0.034,0.059,0.6562429917590689
TAF1,1.79485182368154e-5,-0.09253477765658685,0.309,0.387,0.6569337159856805
DNHD1,1.8248032835645934e-5,0.6778331944569975,0.196,0.161,0.6678962498174769
CHMP2A,1.825711066480679e-5,0.8670571748855556,0.089,0.061,0.6682285074425933
NR2C2,1.842506359675672e-5,-0.1444896992855505,0.308,0.378,0.6743757527048927
CASS4,1.8450194424058157e-5,0.5440280839958999,0.188,0.151,0.6752955661149526
FAM149B1,1.8536583338002045e-5,-0.3893962501175694,0.058,0.089,0.6784574867542128
PRKD3,1.853767372590312e-5,0.4860197530430999,0.246,0.206,0.67849739604178
LINC02798,1.8585810068580024e-5,-0.7727242833104628,0.038,0.064,0.6802592343200975
UBP1,1.8805604747506812e-5,-0.1253734085683296,0.282,0.356,0.6883039393634969
CCDC180,1.899294287530487e-5,-0.6268160069614495,0.035,0.06,0.6951607021790336
FAN1,1.9016846682614524e-5,-0.3800749582556484,0.097,0.137,0.6960356054303742
CDKN2A,1.9103488924469656e-5,-0.8184157954243187,0.029,0.052,0.6992067981245139
LINC01572,1.9261283872867108e-5,-0.6074878572942071,0.04,0.067,0.704982251030809
RUBCN,1.96619859297841e-5,-0.20911514194131198,0.1,0.141,0.7196483470160279
SMIM7,1.9716460674868145e-5,-0.14589368795725333,0.143,0.193,0.721642177160849
NIPA1,1.9820058083069526e-5,-0.39706664649849066,0.062,0.094,0.7254339458984277
LRRFIP2,2.0059598792813323e-5,-0.14779142941693096,0.272,0.337,0.7342013754157605
AC093865.1,2.0251868821593794e-5,-0.46736927243925663,0.034,0.058,0.7412386507391545
BAG4,2.0281485936803028e-5,-0.3154118878560801,0.063,0.096,0.7423226667729277
PAXBP1,2.040985234306106e-5,-0.16063754949202416,0.227,0.29,0.7470210056083779
TOB2,2.047126369332762e-5,-0.7310403366118194,0.028,0.051,0.7492687224394843
TBCEL,2.059196997004682e-5,-0.46437580150270774,0.065,0.098,0.7536866928736837
ELL,2.0635285472802625e-5,-0.49521536818066636,0.05,0.08,0.7552720835900488
SP1,2.1032168895759935e-5,-0.311095056035982,0.087,0.126,0.7697984137537094
CDC37,2.104873145767604e-5,0.5966480766298169,0.18,0.144,0.7704046200824007
WDR19,2.1189385071616185e-5,-0.40731748070250395,0.078,0.113,0.7755526830062239
TTL,2.12709487612581e-5,-0.3412810819942034,0.064,0.096,0.7785379956108077
TNRC6C-AS1,2.1352220059684852e-5,-0.3254085708700789,0.08,0.116,0.7815126064045252
PLEC,2.145250794420979e-5,-0.3116118530377159,0.181,0.231,0.7851832432660225
EDARADD,2.165663732199449e-5,-0.5470346848602783,0.054,0.084,0.7926545826223202
TUG1,2.174633119223436e-5,-0.1709206321637517,0.196,0.254,0.7959374679669698
LONP2,2.1936791868171378e-5,-0.12653624224334492,0.493,0.579,0.8029085191669406
GEN1,2.2082010346620922e-5,-0.4770973059783099,0.032,0.056,0.8082236606966724
B3GNTL1,2.2188414364609927e-5,-0.4688424160139455,0.049,0.078,0.812118154159088
AC079921.1,2.2347275730861362e-5,0.7434081958160689,0.149,0.116,0.8179326390252567
SFMBT1,2.2390716999924162e-5,0.2780509192948408,0.651,0.646,0.8195226329142242
GTF3C3,2.2520706176094537e-5,-0.23671851739314564,0.117,0.16,0.8242803667512362
GYS1,2.3330920098184917e-5,-0.48383715818274586,0.035,0.06,0.8539350065136662
FARP2,2.3376039201304378e-5,-0.28088668074854395,0.08,0.117,0.8555864108069415
RBM26,2.3417294545190423e-5,-0.08194435657693866,0.665,0.762,0.8570963976485146
ARMC2,2.344520653349134e-5,-0.6322246194065091,0.047,0.075,0.8581180043323164
LYST,2.3474675068443283e-5,-0.1784857329432345,0.28,0.348,0.8591965821800926
IFI44,2.370209078015049e-5,0.1320343374464149,0.148,0.198,0.8675202246442881
HCFC2,2.3714582756635303e-5,-0.1425840014897355,0.111,0.154,0.8679774434756087
SYNGR2,2.3883404380410283e-5,0.7357793938890138,0.076,0.05,0.8741564837273967
IPP,2.3963328256919426e-5,-0.4338670672141176,0.058,0.088,0.877081777531508
ATXN7,2.3980088595517452e-5,-0.11637204132652834,0.527,0.614,0.8776952226845343
EIF3A,2.3986631934275938e-5,-0.11018230493361614,0.61,0.706,0.8779347154264336
PRR12,2.402308079450522e-5,-0.23653012641202031,0.075,0.111,0.8792687801596856
SNRNP48,2.436309719893894e-5,-0.397492611954684,0.058,0.088,0.8917137205783642
GPR174,2.4523317891850036e-5,-0.15046914262611888,0.33,0.395,0.8975779581596032
ATP5MC1,2.4643208162399808e-5,1.0124362083620282,0.051,0.029,0.9019660619519954
LRRC8D,2.4676645690415315e-5,-0.20751056524373773,0.274,0.336,0.9031899089148909
PIK3R4,2.4736377271543235e-5,-0.24470686054529844,0.133,0.179,0.9053761445157539
CARS2,2.484404938003108e-5,-0.14925650925690992,0.192,0.249,0.9093170513585176
GEMIN5,2.4845575551192375e-5,-0.6070106738624577,0.031,0.055,0.9093729107491921
DLGAP4,2.502102951892849e-5,-0.21514289342430493,0.098,0.138,0.9157947014223017
RCBTB2,2.5054074296210254e-5,-0.4227312501149596,0.077,0.111,0.9170041733155915
NSL1,2.51223613686248e-5,-0.24474330315913817,0.148,0.196,0.9195035484530363
PRKCE,2.516930934055299e-5,-0.17636219601462777,0.296,0.359,0.92122189117358
AP3S1,2.5294552276748363e-5,-0.31750390238791204,0.121,0.163,0.9258059078812668
DYNLRB1,2.5309891526118034e-5,0.9992209052918657,0.064,0.04,0.9263673397474461
TBC1D9B,2.533629264757481e-5,-0.39464794877418186,0.061,0.092,0.9273336471938856
RIOX2,2.5464144610795265e-5,-0.24125829226270867,0.09,0.129,0.9320131568997175
CTNNA1,2.5476954637275698e-5,-0.6093740449624443,0.05,0.079,0.9324820166789278
ZFHX3,2.5512392489680018e-5,-0.6762788920168092,0.03,0.053,0.9337790775147783
TRAPPC5,2.5553937219910052e-5,0.572698972306068,0.109,0.077,0.9352996561859278
SQOR,2.5748279323365485e-5,-0.2567486141371367,0.098,0.137,0.9424127715145001
GATD3B,2.5845619497545795e-5,-0.6537491717763029,0.032,0.056,0.9459755192296736
TTI1,2.5961770415148114e-5,-0.3103200074588739,0.068,0.102,0.9502267589648361
SLC25A40,2.5985165811349263e-5,-0.3921423954371328,0.073,0.107,0.9510830538611944
RAD51D,2.637893577086796e-5,-0.37607184286163875,0.048,0.076,0.9654954281495381
SPAG7,2.645751575024961e-5,0.7244535208605596,0.09,0.062,0.968371533974886
CASC19,2.649989933370724e-5,1.0749433397171115,0.073,0.048,0.9699228155130187
PSMD6,2.663234060690778e-5,0.6337703403106572,0.127,0.095,0.9747702985534316
CCDC82,2.694234923874286e-5,-0.2561109937657212,0.125,0.168,0.9861169244872273
BAZ1A,2.7011225955229427e-5,-0.07787422839906943,0.551,0.636,0.9886378811873523
SPEN,2.7146271272862752e-5,-0.10979894720308805,0.306,0.38,0.9935806748580496
AC083862.3,2.719840929053838e-5,-0.6008228940775981,0.028,0.051,0.9954889784429953
NAPB,2.7453685723261183e-5,-0.5600321718632069,0.042,0.069,1
GRIP1,2.756702628740442e-5,-0.7199529666973774,0.081,0.114,1
NAA25,2.757240747503059e-5,-0.19046038848634173,0.276,0.342,1
PLCB2,2.7712034815230673e-5,-0.44231311081138314,0.044,0.071,1
GBP3,2.7833785242217216e-5,-0.1481136918664312,0.074,0.11,1
OSTF1,2.8522243318467326e-5,-0.27493100361786255,0.185,0.236,1
SPATS2,2.8709589704407324e-5,-0.46805121975735076,0.049,0.077,1
USP38,2.874459841774568e-5,-0.18630610959004412,0.178,0.23,1
ABAT,2.8895251202873065e-5,-0.32424082816253197,0.072,0.106,1
AL157392.3,2.930094461644584e-5,-0.33801421068348403,0.067,0.1,1
ATP5F1D,2.939858947302391e-5,0.579957749102171,0.153,0.119,1
AP000919.2,2.953620411071142e-5,1.060812422409247,0.052,0.031,1
RIC3,2.9760729188243027e-5,-0.2513736000605349,0.096,0.135,1
CCT6B,2.9804232317794503e-5,0.6786677344610348,0.087,0.059,1
ARID5A,2.990069687523054e-5,0.578724052902104,0.215,0.182,1
POLE,3.034728913414377e-5,-0.40752860625452003,0.044,0.072,1
TMEM87B,3.0762476039624896e-5,-0.15210286962462766,0.224,0.284,1
IK,3.0769166722174765e-5,0.5098712429023038,0.205,0.17,1
BDH1,3.081284050795453e-5,-0.7167399769739737,0.039,0.064,1
WDR20,3.0850445442708324e-5,-0.13487416277799258,0.32,0.391,1
MIR29B2CHG,3.0968853086114024e-5,-0.2255159800836668,0.181,0.236,1
NFKBIB,3.105534322644681e-5,0.9429964742246435,0.078,0.052,1
VRK2,3.1126125858406684e-5,-0.16331379644310734,0.242,0.301,1
SF3B2,3.1206554840215045e-5,0.5025140577941761,0.258,0.225,1
RALGPS1,3.1227264265678857e-5,-0.46275117914698005,0.077,0.11,1
N4BP2L2-IT2,3.130751761916994e-5,-0.49981507263745995,0.044,0.071,1
PTGES3,3.151015917453112e-5,0.3425110975559006,0.388,0.361,1
AC026704.1,3.1523647220838714e-5,1.2571587984825352,0.05,0.029,1
POLE3,3.1615574026526224e-5,0.8244182090861569,0.087,0.06,1
RAB37,3.16350800957067e-5,-0.5996691571901551,0.029,0.052,1
EDEM1,3.167189791111396e-5,-0.17911459835608068,0.202,0.259,1
AC010976.1,3.173739638498316e-5,1.0839989497391533,0.057,0.035,1
CLPX,3.1808810146800954e-5,-0.20036978378583636,0.139,0.186,1
HELQ,3.1832409856367686e-5,-0.1803457282345623,0.148,0.196,1
LAMTOR1,3.2061940153271853e-5,0.6710127357148865,0.092,0.064,1
IL2RG,3.2132895876877474e-5,0.3977523703778204,0.315,0.281,1
SEPSECS,3.221081354405962e-5,0.4792381320516203,0.263,0.23,1
NCBP3,3.2265400192009865e-5,-0.17925322134038102,0.112,0.155,1
SGK1,3.2335995253576954e-5,0.9788715045472669,0.066,0.042,1
NRF1,3.260205704281516e-5,-0.1283430537016279,0.445,0.527,1
SOAT1,3.2889989437289556e-5,-0.12326932503963094,0.246,0.314,1
SBNO2,3.304025335869561e-5,-0.15227772493331715,0.105,0.148,1
RPF1,3.3045662838535706e-5,0.4120369623620046,0.265,0.228,1
SLC12A2,3.305453702956963e-5,-0.16614490854097552,0.201,0.256,1
ZNF195,3.3156138094385515e-5,-0.3554718347179826,0.089,0.126,1
NCAPD2,3.3452377476554386e-5,-0.6043289889241672,0.041,0.067,1
LEPR,3.376187204396037e-5,-0.5469123656982742,0.036,0.06,1
CMSS1,3.38053147614706e-5,-0.1437026291738719,0.412,0.476,1
TTN,3.42124288826399e-5,-0.3500855100156809,0.211,0.261,1
INTS8,3.4245606229378724e-5,-0.1299465757467666,0.17,0.224,1
AC093495.1,3.4528373261086365e-5,0.8282044267634525,0.074,0.049,1
TUBGCP4,3.4793228269472806e-5,-0.41741616594998066,0.042,0.069,1
NCF1,3.501228049426855e-5,0.8355585757373571,0.059,0.036,1
ATP6V0B,3.5116577119536385e-5,0.7150664925016856,0.095,0.067,1
SLC18B1,3.541662160107434e-5,-0.3053470221829464,0.07,0.104,1
IL11RA,3.563426086076422e-5,-0.2918642173701467,0.078,0.113,1
ZNF587,3.570002642304942e-5,-0.2791514177533405,0.061,0.092,1
ZNF569,3.644167846015084e-5,-0.4868996413625306,0.054,0.084,1
STK40,3.672704863520736e-5,-0.23885292754565812,0.076,0.111,1
ATP6AP2,3.706615620658924e-5,0.5399357216510793,0.204,0.17,1
LSM4,3.733255643307263e-5,0.784413417589368,0.088,0.06,1
MTFMT,3.734268237549532e-5,-0.6022281393263569,0.039,0.064,1
HNRNPUL1,3.7587515806724757e-5,0.3962419352114834,0.372,0.353,1
PLA2G12A,3.829415411222459e-5,-0.26551005932446814,0.067,0.1,1
MFSD4B,3.8387398804478255e-5,-0.14158663708447108,0.197,0.25,1
SRSF8,3.840073918645017e-5,0.6206682385301328,0.148,0.115,1
RWDD1,3.852594088586778e-5,0.6107349522172776,0.175,0.14,1
SZT2,3.89272431992514e-5,-0.2509764294374113,0.099,0.138,1
MTG1,3.9123046925948266e-5,-0.22698334746159565,0.125,0.168,1
SELENOH,3.9816682834496675e-5,0.5975863360195579,0.123,0.091,1
PMM2,4.0256924331724526e-5,-0.11620983793008177,0.143,0.192,1
TIGAR,4.037073189289514e-5,-0.3371706084073207,0.104,0.143,1
ARHGAP5,4.037541809266551e-5,-0.12972666105021213,0.468,0.545,1
FXN,4.04178470411005e-5,-0.24835649583684738,0.105,0.145,1
PPTC7,4.043708586349208e-5,-0.13560278228147138,0.202,0.261,1
HIPK2,4.069302772027305e-5,-0.15289045450077876,0.384,0.459,1
UBE2O,4.08479737777612e-5,-0.180572317266267,0.114,0.155,1
METAP1D,4.092968694834392e-5,-0.5056109024094395,0.039,0.064,1
AC006504.5,4.13659912673614e-5,-0.59007616478271,0.032,0.055,1
LARP1,4.1373237767328414e-5,-0.14789695594497915,0.229,0.291,1
ZBTB8OS,4.1537904098138354e-5,-0.2745792586786828,0.119,0.161,1
ADAT2,4.212854654769351e-5,-0.2781687668463062,0.067,0.099,1
TRMT11,4.223228988989433e-5,-0.16978566663212824,0.202,0.254,1
KLHL7,4.2366578957699945e-5,-0.27542911924742586,0.087,0.122,1
ERICH1,4.2393799988880335e-5,-0.16915002607096208,0.272,0.337,1
HEATR1,4.2424896236445754e-5,-0.09239672396343315,0.214,0.276,1
HPCAL1,4.248638002530515e-5,-0.20151463919872897,0.283,0.345,1
ODF2L,4.259089510644957e-5,-0.12584576805873815,0.481,0.562,1
NUP54,4.2628796460790494e-5,0.32589888531540934,0.426,0.396,1
ACTN1,4.275494259916204e-5,-0.5209824072176057,0.063,0.094,1
KIF21A,4.318960747250006e-5,-0.4162259080521322,0.156,0.199,1
OBSCN,4.339517688350527e-5,-0.3722133513636243,0.056,0.086,1
NUDT19,4.35567557003841e-5,-0.5031291494494861,0.047,0.074,1
LINC02273,4.36571216014891e-5,0.9636242802963979,0.053,0.032,1
ISG20,4.369816379697948e-5,0.5661289817513335,0.262,0.232,1
ZNF8,4.405823136973849e-5,-0.45471381385921017,0.035,0.059,1
PSAP,4.410943701523022e-5,0.30959853869774157,0.379,0.353,1
NDRG1,4.445315140939232e-5,-0.21975021938059158,0.163,0.213,1
ZNRF1,4.458323180813718e-5,-0.4340828569763071,0.06,0.09,1
CNOT2,4.472827812230349e-5,-0.11225028702120876,0.563,0.654,1
TFDP2,4.492526186901253e-5,-0.2501746754235255,0.267,0.319,1
WDR3,4.534463994619209e-5,-0.42014949357893583,0.056,0.085,1
SYNJ2BP,4.5392127606692243e-5,-0.26364993631369726,0.087,0.124,1
C1QTNF3,4.5969056506992654e-5,-0.5299814087607833,0.033,0.057,1
AC058791.1,4.661892537683908e-5,0.46194206657378123,0.164,0.129,1
EAPP,4.681133232713374e-5,0.400230036885352,0.343,0.314,1
PGLS,4.697198503969236e-5,0.7627162906902227,0.105,0.076,1
RIC1,4.720242525872943e-5,-0.11950914882926678,0.338,0.413,1
NUBPL,4.7540336128296524e-5,-0.13144973634333867,0.248,0.308,1
CLPB,4.7728314246251736e-5,-0.5549676098975875,0.038,0.062,1
ANK1,4.80892219435118e-5,-0.6483493069531532,0.04,0.065,1
GNS,4.8716262243079614e-5,-0.32453484537711197,0.065,0.096,1
ZNF445,4.9184483353482126e-5,-0.2826936523526946,0.063,0.094,1
CALM3,4.9301489666018603e-5,0.6398927229618978,0.118,0.088,1
ELAC2,4.980113744084498e-5,-0.515696584897974,0.066,0.097,1
PPIL2,5.003732466546475e-5,-0.23814204113174187,0.107,0.146,1
HM13,5.0271158960247214e-5,-0.1001099906676885,0.296,0.364,1
SUSD1,5.0363326199511533e-5,-0.27869481013094877,0.068,0.101,1
GPBP1L1,5.045019845637641e-5,-0.10225231305632998,0.392,0.472,1
FDFT1,5.059592956340201e-5,0.47936410860568157,0.28,0.25,1
DNAJC24,5.0703760902363495e-5,-0.2096640855700389,0.107,0.146,1
ATP5PD,5.098348333861897e-5,0.7895052166591316,0.08,0.055,1
SP4,5.1674470401112926e-5,-0.13755402208142156,0.263,0.326,1
AL133480.1,5.233109032979699e-5,0.866082304801765,0.091,0.064,1
SH3YL1,5.2363827386250984e-5,-0.23171525705699603,0.141,0.185,1
TOMM22,5.315786127049443e-5,0.8943089147500705,0.059,0.037,1
IL7R,5.326520902901478e-5,-0.15067454378849954,0.914,0.93,1
TUBA4A,5.3479071600814254e-5,0.6829570980278834,0.12,0.089,1
TRAK1,5.372100993362219e-5,-0.17296944842761486,0.163,0.213,1
SNX2,5.376763604638601e-5,-0.15634695981756544,0.214,0.27,1
NFE2L3,5.392065211225138e-5,0.8412753648289963,0.089,0.062,1
HUWE1,5.412940523684832e-5,-0.04850058098848575,0.47,0.563,1
ZNF66,5.450095509612444e-5,-0.18218678478262973,0.07,0.103,1
SRSF1,5.477926963253626e-5,-0.21486729282953126,0.202,0.258,1
TPI1,5.491469438533306e-5,0.5764510035785542,0.17,0.138,1
KLF11,5.504748763596948e-5,0.8744538343674715,0.065,0.042,1
TRIM52,5.5224596752202786e-5,-0.2789600073300458,0.083,0.117,1
ECPAS,5.530025127675814e-5,-0.12038340496585576,0.35,0.42,1
DHX33,5.539036298178655e-5,-0.6790368348581759,0.032,0.054,1
FAM184B,5.543783416022157e-5,1.167294168786945,0.059,0.037,1
KMT2D,5.558025845842626e-5,-0.21327911019399903,0.115,0.157,1
ANKRD23,5.571981072662859e-5,0.672818559073628,0.143,0.112,1
PPP1R16B,5.6064676997229676e-5,0.2488719109300983,0.677,0.688,1
PET117,5.64035788747493e-5,1.0013430416860003,0.059,0.037,1
MYLIP,5.700108475853628e-5,-0.14462893564566492,0.334,0.402,1
NCKAP1,5.7159634600158636e-5,-0.6099942698778591,0.035,0.058,1
UXT,5.7348040098938906e-5,0.6212934439081599,0.129,0.099,1
MTHFS,5.739788897968804e-5,-0.27177375891924704,0.101,0.139,1
CAB39L,5.742878136419751e-5,-0.5902428502536181,0.034,0.058,1
GPATCH8,5.7514175408864434e-5,-0.11309785936356409,0.634,0.707,1
AC022395.1,5.754666901121401e-5,1.0229377558914448,0.055,0.034,1
BCL10,5.787524865717877e-5,0.7174285616610168,0.108,0.079,1
FBL,5.8192385125900085e-5,0.5806492376659502,0.112,0.082,1
KIF20B,5.840503552498554e-5,0.581290867520009,0.234,0.201,1
CD82,5.876489477512935e-5,-0.21473807455320248,0.182,0.233,1
CCDC88A,5.970182369952614e-5,-0.3870968626729401,0.087,0.122,1
TRAM2,5.9792038278341345e-5,-0.4275796529110889,0.041,0.067,1
CASD1,5.992433103338575e-5,-0.16891676384066717,0.303,0.372,1
UQCRH,5.992610850022768e-5,0.5635288150112423,0.153,0.121,1
LARS2,6.062623768480189e-5,-0.1885054602219829,0.2,0.254,1
PLEKHO1,6.0686901255616836e-5,-0.2595579966303909,0.121,0.163,1
NEDD8,6.14751216692656e-5,0.6391311356236797,0.127,0.097,1
LTB4R,6.20369123308557e-5,-0.6231895999971844,0.035,0.058,1
AC015849.3,6.203765117137636e-5,0.7887181720762129,0.083,0.057,1
SEC24D,6.207400608515994e-5,-0.1616855734274767,0.142,0.188,1
LSM3,6.238545129426528e-5,0.8094029170030912,0.073,0.049,1
NUCKS1,6.24472366050225e-5,0.2884253882497936,0.538,0.531,1
KIAA0100,6.285097262149018e-5,-0.24606903582851025,0.107,0.147,1
NPAT,6.35143184425871e-5,-0.08443398725493839,0.312,0.385,1
VIM-AS1,6.414298990116761e-5,-0.24649734020882685,0.078,0.112,1
POGLUT1,6.454548972693946e-5,-0.25893497703808377,0.094,0.131,1
AGBL5,6.454907446073857e-5,0.8414175676609448,0.087,0.061,1
MAP3K4,6.457778188553963e-5,-0.09661414355321818,0.432,0.512,1
KIF13B,6.48798591666602e-5,-0.11404655986272702,0.228,0.286,1
BRMS1L,6.600810176540744e-5,-0.5235843860998104,0.039,0.063,1
CUL1,6.626441798895549e-5,-0.0906001606611605,0.432,0.513,1
ZNF397,6.668062386573345e-5,-0.5082199590454448,0.041,0.066,1
APPBP2,6.678581740578888e-5,-0.1450841951838969,0.291,0.357,1
SNRPA1,6.692232992030717e-5,0.32017201730098765,0.392,0.368,1
GABARAPL1,6.709795717216901e-5,0.7360149195544783,0.117,0.088,1
POC5,6.7431798748184e-5,-0.17263865767551878,0.107,0.146,1
RAB5C,6.74790007150199e-5,0.6506569663954662,0.141,0.11,1
ARHGAP26,6.748472869913438e-5,-0.15409081035584526,0.264,0.325,1
ZC3HC1,6.778063115407345e-5,-0.19220355911880294,0.049,0.076,1
LINC00476,6.831313303677686e-5,-0.16956768947840112,0.18,0.228,1
FYCO1,6.836678545076545e-5,-0.16707436884311588,0.167,0.217,1
ODR4,6.903804792119618e-5,-0.13340828368033075,0.163,0.212,1
TAF9,6.910275247840324e-5,0.9456820530166121,0.053,0.033,1
YIPF1,6.955262571727948e-5,-0.6901892260260603,0.036,0.059,1
ITGB1-DT,6.993503296042455e-5,-0.4174668109004318,0.03,0.052,1
SCGB2B2,7.001565206509727e-5,-0.6222365402582999,0.04,0.065,1
SS18L2,7.011367164912903e-5,0.9351211824820633,0.069,0.045,1
SLC20A1,7.015886952475184e-5,-0.15525367852297756,0.186,0.241,1
CD14,7.080200097023191e-5,0.8867498300421333,0.052,0.031,1
ZNF346,7.201162173439918e-5,-0.2857247138844612,0.1,0.138,1
SRPRA,7.206389117657572e-5,0.6121098618346108,0.149,0.118,1
DNAJC3,7.238746645378114e-5,-0.13584968034506406,0.311,0.379,1
UBE3B,7.450207193245171e-5,-0.2538350460112584,0.071,0.103,1
NPIPB3,7.54773348714858e-5,-0.6888760250295967,0.029,0.05,1
RPAP3,7.560447326482402e-5,-0.2700546328427029,0.096,0.133,1
ABCA3,7.560673269383485e-5,-0.4426732102122317,0.036,0.059,1
NUP43,7.642405986124194e-5,-0.36047679419079426,0.058,0.087,1
NRIP1,7.649453859463393e-5,-0.21908426188810254,0.152,0.197,1
THAP7,7.67140082126545e-5,1.0749932985406314,0.053,0.033,1
CTDP1,7.677742766194653e-5,-0.22125301911918038,0.109,0.149,1
TRNAU1AP,7.68675701441913e-5,-0.22759185662216153,0.07,0.103,1
ANKRD44-IT1,7.720563070762236e-5,-0.4622172701369589,0.041,0.067,1
SRSF11,7.748317255728098e-5,0.11996596669035942,0.842,0.851,1
MYO1G,7.749105154672215e-5,-0.21622025710312243,0.173,0.221,1
TIPARP,7.780217453719902e-5,-0.21034832417790492,0.26,0.317,1
IGHMBP2,7.828798459843674e-5,-0.5175988746982716,0.03,0.052,1
IKBKE,7.866892160828833e-5,-0.35551004311397305,0.065,0.095,1
RANBP2,7.873404527244867e-5,0.24701070895574762,0.544,0.539,1
GNA12,7.887926646252251e-5,-0.386790164265042,0.101,0.137,1
NCOR2,7.90106178179895e-5,-0.1557192016898057,0.165,0.216,1
UBOX5,7.906330821282637e-5,-0.37612805088194756,0.038,0.062,1
SAMSN1,7.977048295998811e-5,0.25106808786714696,0.568,0.55,1
NOMO2,8.00025417585992e-5,-0.5440681806893064,0.043,0.068,1
RASSF5,8.043231024867996e-5,-0.18633700240201057,0.268,0.33,1
C1GALT1,8.074546961336382e-5,-0.09791183351526378,0.304,0.373,1
MAP1LC3B,8.076382400685267e-5,0.6309871014579083,0.148,0.116,1
ACAD10,8.089899674095419e-5,-0.4126325217491278,0.056,0.084,1
AL139021.2,8.10527029086098e-5,1.1440661275190673,0.058,0.037,1
NAAA,8.136215475882113e-5,-0.19310177748738,0.202,0.257,1
P2RY10,8.1496586617696e-5,0.5268979899719749,0.261,0.233,1
NDUFA7,8.451207603457828e-5,0.7784957091581051,0.069,0.045,1
LINC01891,8.522238783946876e-5,-0.2251545796936536,0.093,0.129,1
ZNF280C,8.620331442850407e-5,-0.44427093557676667,0.041,0.066,1
NAPG,8.664353585629746e-5,-0.13129756330281472,0.144,0.189,1
HLA-DQB1,8.712776070664748e-5,0.8706956210501424,0.06,0.038,1
GTF2IRD2,8.739604348366619e-5,0.7843086270505397,0.107,0.079,1
PAXX,8.75606524541594e-5,0.689476143208199,0.105,0.077,1
ANO9,8.772456479170608e-5,-0.4051442141148942,0.065,0.095,1
NOL11,8.776765021896473e-5,-0.1540931902173151,0.211,0.269,1
MAZ,8.785373651134224e-5,0.7374571357047759,0.076,0.052,1
MCTS1,8.84253694785588e-5,-0.3734921262851185,0.06,0.089,1
PHKA2,8.865333858368177e-5,-0.313059061812069,0.09,0.125,1
CCDC85C,8.917577735447444e-5,0.6878302288939331,0.101,0.073,1
C9orf85,8.920892521134923e-5,-0.15751069053815003,0.12,0.159,1
STAMBP,8.921115892674969e-5,-0.23515452257888558,0.077,0.11,1
SLC11A2,8.934356478690956e-5,-0.12702803734418888,0.135,0.18,1
LSM5,8.973382180298194e-5,0.8956646281841185,0.073,0.049,1
GLUL,9.034146701889809e-5,-0.20100897315689625,0.07,0.103,1
GCLC,9.054084180176032e-5,-0.324287539077317,0.089,0.124,1
KIAA0753,9.113260413803269e-5,-0.5341300650478504,0.03,0.051,1
STAT6,9.11330812896089e-5,-0.1864280315411735,0.134,0.177,1
LIN52,9.123291515943383e-5,-0.35259693570532713,0.15,0.192,1
TAPBP,9.23967202765925e-5,0.29668529013010725,0.47,0.462,1
SELENOS,9.244714190195018e-5,0.6474284560107362,0.121,0.092,1
PPP4C,9.300115428677703e-5,0.8316883768304917,0.097,0.071,1
TRIM27,9.33591322772685e-5,-0.4789566174938824,0.061,0.09,1
PGGHG,9.439692075567942e-5,-0.22430928841597764,0.176,0.225,1
PSME4,9.452393014975915e-5,-0.11050775412269864,0.425,0.509,1
ZMYM5,9.456526219263087e-5,-0.09327816751845358,0.182,0.235,1
PGK1,9.46620121730094e-5,0.30440390592892264,0.339,0.308,1
SPOCK2,9.478252962351834e-5,0.21279368593827175,0.621,0.633,1
EIF2AK1,9.537885923222935e-5,0.5314804367449928,0.195,0.163,1
USP4,9.579991453362904e-5,-0.14912957798030352,0.232,0.291,1
CCDC125,9.672544992670925e-5,-0.6937881704900994,0.029,0.05,1
UQCC1,9.703284718630824e-5,-0.1469290294073119,0.203,0.257,1
GMIP,9.706216431702373e-5,-0.28461339417837905,0.079,0.112,1
ELOVL5,9.756826769370553e-5,-0.09553441782644279,0.536,0.614,1
PRKAB2,9.856526067140142e-5,-0.5052370033052793,0.04,0.064,1
IGIP,9.994321319609976e-5,-0.49506409023488596,0.034,0.057,1
HERC1,1.002266919543245e-4,-0.06287386937771178,0.845,0.905,1
LAX1,1.006882170501748e-4,-0.28337559457052297,0.043,0.069,1
ZNF800,1.0213007592895819e-4,-0.11315759183351304,0.41,0.486,1
AIDA,1.0314567283257818e-4,-0.17386522189862808,0.163,0.21,1
AL136962.1,1.035321672285284e-4,-0.6228980977839149,0.144,0.179,1
NHLRC3,1.0585610500572188e-4,-0.3134754950342371,0.093,0.128,1
ANKRD13C,1.066687665501111e-4,-0.051858302316924565,0.37,0.449,1
CREBL2,1.0676944219595195e-4,-0.27654102317946405,0.073,0.104,1
NDUFA11,1.0762715691322484e-4,0.7726232488770794,0.104,0.077,1
GABBR1,1.0867560394877867e-4,-0.3151417490442554,0.085,0.118,1
CSK,1.092479778747725e-4,-0.2049833176559106,0.141,0.183,1
GCLM,1.0947413592890056e-4,-0.22026011535877443,0.149,0.192,1
FNIP2,1.1148626362252571e-4,-0.23896951407809697,0.126,0.165,1
RGMB,1.1260794312226526e-4,-0.4564840727385544,0.051,0.077,1
TRDMT1,1.1309040759857665e-4,-0.2037104386340054,0.143,0.187,1
SLC12A7,1.1392038496050951e-4,-0.5499716823013872,0.045,0.07,1
AC096677.1,1.1561619679748822e-4,-0.3692028813441679,0.042,0.067,1
AL390728.6,1.1677637573528217e-4,-0.3301353070549127,0.087,0.121,1
RGPD2,1.1772692717706256e-4,-0.28512597258212935,0.055,0.083,1
ALG13-AS1,1.1864066992749269e-4,0.9368290107995043,0.069,0.046,1
ARPC2,1.1944781735498481e-4,-0.1027607291954391,0.561,0.646,1
KLHL3,1.2082257335916264e-4,-0.5362187251559021,0.093,0.126,1
IL15,1.2107189244491883e-4,-0.4209191198421409,0.078,0.11,1
JADE2,1.2119427338147756e-4,-0.17517419915414845,0.158,0.205,1
TOP3A,1.2128419535965283e-4,-0.15946939164910345,0.069,0.101,1
SKA2,1.2321655233572915e-4,-0.36220355300567686,0.036,0.059,1
SPAG16,1.2379393139589555e-4,-0.5034261441747565,0.066,0.094,1
NHP2,1.2392474702645445e-4,0.8257379417779211,0.064,0.042,1
BRD8,1.246169388458243e-4,-0.31934080228964357,0.036,0.06,1
MRPS5,1.2492887413380493e-4,-0.12967426640883128,0.117,0.157,1
DPM3,1.2516017271763907e-4,0.8337479585482357,0.051,0.031,1
GALNT10,1.2602905132488146e-4,-0.1372664607089093,0.267,0.323,1
IQSEC1,1.2672158185130105e-4,-0.09704448681302774,0.345,0.421,1
ZRANB3,1.2679968234195776e-4,-0.12900557130494023,0.153,0.197,1
YES1,1.2723704147195e-4,0.5691752579098749,0.181,0.148,1
HEMK1,1.2735760223909606e-4,-0.49927767449040594,0.038,0.061,1
CEP126,1.2757648219706286e-4,-0.7767114111868545,0.031,0.052,1
CHMP2B,1.280881709701103e-4,0.5795001713938093,0.109,0.081,1
MLEC,1.286980497642832e-4,-0.35174629225359566,0.077,0.109,1
ABCF1,1.2870595817114592e-4,0.6264041523903646,0.174,0.145,1
CD5,1.2922626494533333e-4,0.3356771946496258,0.4,0.379,1
CCT7,1.301871491640431e-4,0.6061791931409619,0.119,0.09,1
USP28,1.3030278839361615e-4,-0.40401645378908446,0.039,0.062,1
IGF1R,1.313020176639559e-4,-0.32064259836420544,0.183,0.224,1
VPS33A,1.3133221649047402e-4,-0.23875682428945622,0.127,0.168,1
RAD9A,1.3177609322627474e-4,-0.4693009452726984,0.051,0.077,1
CRCP,1.327804846982681e-4,-0.15254433365120257,0.163,0.21,1
RBPJ,1.3338746289688012e-4,-0.12632083265298488,0.362,0.433,1
ORC4,1.3429450356297962e-4,-0.19465824447523727,0.175,0.224,1
WDR26,1.3524475424825535e-4,-0.09273981913006346,0.495,0.574,1
EXD3,1.397168496828006e-4,-0.4554694499124685,0.04,0.063,1
TRRAP,1.408460195745186e-4,-0.11297838119611214,0.415,0.503,1
PLIN3,1.4145056874422448e-4,-0.48531583445627646,0.051,0.077,1
HSP90B1,1.4207010687429647e-4,0.3253150045700599,0.378,0.349,1
KPNB1,1.4252607334362484e-4,-0.10881134604912623,0.383,0.461,1
TFEB,1.4542570198799223e-4,0.8196425519884301,0.092,0.067,1
PDK3,1.465680571943561e-4,-0.16460127985480322,0.221,0.275,1
AK1,1.4779860470828907e-4,-0.5662140339368089,0.032,0.053,1
PRMT1,1.4856894558436896e-4,0.8408488518405401,0.058,0.037,1
PIP5K1A,1.48921576521275e-4,-0.12039889193059383,0.128,0.171,1
SLC25A46,1.4971289275385108e-4,-0.20949351281310347,0.097,0.132,1
GPR107,1.497437752226457e-4,-0.19023998864600755,0.117,0.156,1
COG5,1.5087651120959395e-4,-0.09904273434997535,0.744,0.807,1
ZNF83,1.509046469175559e-4,-0.13826339161596318,0.231,0.29,1
CAMSAP2,1.5098772965611404e-4,-0.5012576738944854,0.031,0.052,1
MT-ND5,1.5120278409405452e-4,0.06751951453557314,0.99,0.991,1
GYPC,1.514907254709074e-4,0.4038115324376163,0.242,0.21,1
MCL1,1.5244694170552233e-4,-0.05583734603549084,0.349,0.431,1
ITGB3BP,1.534259304304988e-4,-0.2110655952118785,0.148,0.19,1
GIMAP2,1.5351907635025413e-4,-0.4532990874502145,0.066,0.094,1
IL3RA,1.5373721059366884e-4,0.9251714041103893,0.076,0.053,1
SNHG16,1.541560098357857e-4,0.5205611820190863,0.151,0.12,1
ARMCX4,1.5533338256061753e-4,-0.5777035814926716,0.053,0.079,1
AC083870.1,1.5613493067220157e-4,-0.5043774867795519,0.038,0.06,1
WDR37,1.564708002120889e-4,-0.10576608806990181,0.221,0.279,1
MTMR12,1.565388323117215e-4,-0.2640585818095924,0.109,0.146,1
ZNHIT1,1.576745482029944e-4,0.6934773541983499,0.078,0.054,1
FAM91A1,1.588677115742217e-4,-0.14385083318946168,0.211,0.266,1
TOR1AIP1,1.5928246004896722e-4,-0.12214268415640223,0.272,0.337,1
PDCD11,1.598537441644001e-4,-0.3511182488951565,0.067,0.096,1
CTSC,1.615486935725975e-4,-0.2722040357473522,0.14,0.182,1
HIST1H2BC,1.6228875677944807e-4,0.6564772667945191,0.073,0.049,1
GPATCH1,1.6302440808932237e-4,-0.6501154473857742,0.031,0.052,1
STAU1,1.6302750416523365e-4,-0.06167352344161864,0.316,0.386,1
MSL2,1.6339116144744207e-4,-0.11461322846870375,0.33,0.399,1
TXNDC15,1.6418749043372883e-4,-0.24843684204315286,0.097,0.132,1
CACUL1,1.6739583177005155e-4,-0.08850904836956136,0.211,0.266,1
AC011997.1,1.6827088074063975e-4,-0.37569338953535203,0.058,0.086,1
TNPO1,1.6950910286944355e-4,-0.10671059102200975,0.434,0.51,1
IFRD1,1.701286637406928e-4,0.42278272378028,0.263,0.231,1
LYRM7,1.7086058146320948e-4,-0.24742188654996822,0.073,0.104,1
ACTL6A,1.7160500205948428e-4,-0.4075422897466954,0.036,0.059,1
PNPLA6,1.736905798963839e-4,-0.431185079463277,0.048,0.073,1
TIFA,1.7619869841150161e-4,0.8497954323230275,0.072,0.049,1
MFNG,1.7660768529917771e-4,0.7055165226511106,0.106,0.08,1
RCL1,1.798517469260699e-4,-0.14052203687258968,0.172,0.218,1
B3GNT2,1.809366702658403e-4,-0.28356933825707875,0.066,0.096,1
GNG5,1.8118772972872888e-4,0.6579952099099127,0.103,0.077,1
CYBC1,1.8370222209941324e-4,-0.38471552314036295,0.066,0.095,1
TAB1,1.844718512646918e-4,-0.6218764246211128,0.033,0.054,1
FLOT2,1.8581155590026655e-4,-0.09860396361383028,0.124,0.165,1
TMLHE-AS1,1.8628375488124438e-4,0.9532262708864168,0.07,0.048,1
ENTPD4,1.8687092386737237e-4,-0.11143612254881441,0.299,0.367,1
PHF8,1.872897401778232e-4,-0.12103140754680508,0.131,0.173,1
SCARB2,1.872947741375066e-4,-0.09765294923544188,0.162,0.206,1
GAB2,1.889839458036286e-4,-0.2554427697133148,0.367,0.415,1
WIPF1,1.925080624342434e-4,-0.06941100893959185,0.669,0.754,1
MOB1A,1.9314358644487907e-4,-0.09403650902927083,0.25,0.311,1
HIBADH,1.9351543789753424e-4,-0.20668144962092988,0.186,0.231,1
TRIR,1.9425129878087693e-4,0.46200847195280303,0.228,0.198,1
AC022893.1,1.957913078525442e-4,-0.380310312222675,0.039,0.062,1
ZC3HAV1,1.9625209827057422e-4,-0.0038049066590177816,0.761,0.833,1
ANKRD13D,1.9726418253429337e-4,-0.1819792985344485,0.146,0.189,1
NBR1,1.9990445917303801e-4,-0.16330754569705674,0.124,0.165,1
OCIAD2,2.0111988395640513e-4,0.625251981663087,0.136,0.107,1
SENP1,2.0394953819033088e-4,-0.20289464234821908,0.133,0.174,1
PSMB4,0.00020417320587645161,0.6587045468507655,0.116,0.089,1
CLCC1,2.0420322018368806e-4,-0.5846482594307671,0.041,0.064,1
ZNF106,2.0465600619933063e-4,-0.14395231454173762,0.174,0.221,1
RCAN3AS,2.046934053167633e-4,0.6052624447368015,0.153,0.124,1
BTBD2,2.0671398795281894e-4,-0.4528790835220873,0.043,0.067,1
ZFAND2A,2.0678945151056394e-4,0.857832599114535,0.07,0.048,1
MICAL3,2.0850729531062678e-4,-0.09182752884709311,0.189,0.239,1
ZNF140,2.142082572003613e-4,-0.3420903226976004,0.037,0.059,1
SLC25A42,2.1539592703976904e-4,-0.2676996525161073,0.071,0.101,1
ABCA5,2.1606663167381384e-4,-0.15812583416590953,0.267,0.322,1
HIRA,2.193399298776023e-4,-0.38273536123543384,0.046,0.07,1
NXT1,2.2090316300300302e-4,0.8953630351372599,0.055,0.035,1
DBI,2.2121951747916996e-4,0.7749640354081189,0.077,0.054,1
LPAR6,2.213279463819778e-4,-0.19081880341340923,0.191,0.242,1
DPY19L4,2.217469027274584e-4,-0.276218487527252,0.056,0.082,1
CD4,2.2202705154380223e-4,0.4533247536898973,0.284,0.256,1
WDR47,2.222686930265013e-4,-0.554414535704435,0.036,0.057,1
ALOX5AP,2.2254244123515686e-4,0.6501911301239717,0.151,0.123,1
CFH,2.22933475273493e-4,-0.5600741729829346,0.081,0.11,1
FOXJ3,2.2391681504451916e-4,-0.0689782224036013,0.58,0.662,1
ZNF146,2.25080513372905e-4,-0.20136388583385978,0.073,0.104,1
ANKRD36,2.2607058630756417e-4,-0.13456394922448855,0.525,0.601,1
NPEPL1,2.2616846507115618e-4,-0.16033156701326878,0.105,0.142,1
H2AFY,2.2760969066355587e-4,-0.10394043048061469,0.287,0.351,1
CEP164,2.2770480768301163e-4,-0.2267351108245419,0.1,0.135,1
SUCLA2,2.2815927358891958e-4,-0.06030111011318384,0.282,0.346,1
CD28,2.2985181802299355e-4,-0.1171474850704608,0.641,0.72,1
GPSM2,2.316912636990868e-4,0.7906216801130512,0.104,0.079,1
RARS2,2.326083321092273e-4,-0.05116347558290635,0.343,0.421,1
RORA,2.3442642648595542e-4,-0.10297244539486794,0.95,0.966,1
DPP8,2.3693695347850097e-4,-0.06050884211472163,0.333,0.405,1
PTCH1,2.370246291090946e-4,-0.36224392102317005,0.053,0.079,1
PNKP,2.3853442627455845e-4,-0.2839213923895445,0.073,0.103,1
FAM177A1,2.3861009948616613e-4,0.4507526262319916,0.264,0.235,1
SH3BGRL,2.386845910761956e-4,-0.09137849100798423,0.313,0.373,1
ZNF680,2.4035157323601297e-4,-0.21252579540638505,0.091,0.124,1
CNKSR2,2.431730316039995e-4,-0.40075392146644595,0.106,0.139,1
PLGRKT,2.4423873391963945e-4,-0.2667270534415833,0.092,0.124,1
ITIH4,2.443154618021774e-4,-0.5532836783416841,0.034,0.054,1
METTL2B,2.447989845996054e-4,-0.5774227493528667,0.046,0.07,1
EPN1,2.460829277623606e-4,-0.26662073765675887,0.049,0.073,1
RBM10,2.465985701085994e-4,-0.23828984315107782,0.107,0.143,1
FBXO25,2.467037826018592e-4,-0.16806816570592154,0.119,0.157,1
ACP6,2.471555707721785e-4,-0.5306318006408635,0.032,0.052,1
COPS9,2.50148093708178e-4,0.8575176779187257,0.066,0.044,1
KPNA6,2.511010438363937e-4,-0.10994287750561083,0.312,0.382,1
EIF6,2.5222829061970876e-4,0.7675977180661042,0.051,0.032,1
ACBD3,2.540210545446935e-4,0.4723845175136769,0.219,0.189,1
IQCH-AS1,2.566413475578176e-4,-0.5817427591798676,0.046,0.07,1
POU6F1,2.594089091218465e-4,-0.4039959389384187,0.051,0.076,1
TP53BP1,2.597082855080905e-4,-0.2712187151702814,0.107,0.142,1
AC053527.2,2.598373334037589e-4,-0.4375025049085308,0.049,0.074,1
APOL2,2.604302451942184e-4,-0.5746288781811457,0.032,0.052,1
SNX18,2.60720480585142e-4,-0.5132650794724172,0.032,0.053,1
STRADB,2.6142893083870285e-4,0.7127025614279465,0.133,0.106,1
BBS4,2.6223540846468697e-4,-0.49090328618008083,0.033,0.053,1
RASAL3,2.629126440383791e-4,-0.2955617073671688,0.117,0.153,1
AFAP1,2.629541661304956e-4,-0.17006963446562262,0.176,0.221,1
ACSL4,2.630643206671005e-4,-0.09111823957454057,0.248,0.305,1
HERC5,2.6480407558464086e-4,0.7032767726036181,0.239,0.211,1
PLAG1,2.6557336289704256e-4,-0.26272046935324145,0.05,0.075,1
KIF2A,2.655741763793919e-4,-0.07434568309685452,0.538,0.611,1
AC079209.2,2.656775471210116e-4,0.6016341589824077,0.112,0.085,1
GLMN,2.6610874242847995e-4,-0.08478594549536866,0.17,0.216,1
AC025682.1,2.668112752517122e-4,-0.424753683686268,0.031,0.051,1
TSEN15,2.672541767185518e-4,-0.25861245008087286,0.115,0.151,1
AC105052.4,2.7005807817405555e-4,-0.2543663800276472,0.057,0.084,1
TMEM238,2.702677110379722e-4,0.7774490612729785,0.086,0.063,1
ZC3H14,2.71062784739111e-4,-0.1986744101948017,0.122,0.16,1
TRPC4AP,2.7555891480652553e-4,-0.0688645233734575,0.338,0.406,1
DEF6,2.7555992521277996e-4,-0.11901272374238014,0.238,0.294,1
KIF3B,2.7666176990795335e-4,-0.24159921992306455,0.079,0.11,1
DHFR,2.772603034690075e-4,-0.15897447887433658,0.085,0.119,1
HDHD2,2.78101692208238e-4,-0.1942602190207987,0.078,0.109,1
AC131571.1,2.836324971640444e-4,0.9126248073505756,0.09,0.067,1
DUSP22,2.8671903062741814e-4,-0.3781471254210569,0.04,0.062,1
PKIA-AS1,2.8843021658930606e-4,0.20616653806974686,0.165,0.129,1
ZNF654,2.928308530959124e-4,-0.05141468889900541,0.269,0.329,1
QARS,2.9455209221979485e-4,0.61240659939791,0.073,0.051,1
DEGS1,2.968071822427752e-4,0.5008696954062739,0.172,0.142,1
CDC25B,2.985063434057442e-4,-0.33786467169893264,0.106,0.14,1
DNAJA3,2.9906961495952184e-4,-0.3796669763039975,0.042,0.065,1
AP3S2,3.0001459162835777e-4,-0.14988995481333323,0.177,0.222,1
KIF1BP,3.0096355428324914e-4,-0.32297933474660123,0.048,0.072,1
DCAKD,3.020048568477912e-4,-0.2615533835473527,0.066,0.093,1
TMBIM6,3.036297007151119e-4,0.2934213741784334,0.451,0.444,1
C6orf89,3.038460889549477e-4,-0.13870468137286818,0.187,0.236,1
SLAIN1,3.042638779316722e-4,-0.13715438305643868,0.168,0.213,1
CGAS,3.0593367072986123e-4,-0.17298866549368752,0.149,0.191,1
CCSAP,3.0740773148338444e-4,0.5706261080043384,0.133,0.105,1
RIMKLB,3.0831636190947233e-4,-0.41862969324407784,0.036,0.057,1
C2CD3,3.090392728628011e-4,-0.21256772426955606,0.127,0.164,1
DHTKD1,3.109139628426233e-4,-0.4888352627481334,0.038,0.059,1
CCDC191,3.124768644821554e-4,-0.4117797282440345,0.057,0.082,1
BSDC1,3.12493110479372e-4,0.5674369185943027,0.219,0.193,1
AC079142.1,3.137420692506906e-4,-0.6274174922841991,0.045,0.067,1
CEP295,3.1541734060256223e-4,-0.14497114704426994,0.12,0.158,1
PTDSS1,3.157770485189032e-4,-0.10958804925220678,0.196,0.245,1
PER3,3.162811071418815e-4,0.6212082494248339,0.088,0.064,1
AL683807.1,3.185223703371701e-4,-0.3938322437849302,0.056,0.081,1
PHYH,3.186978730744813e-4,0.6934816215478472,0.069,0.047,1
Z82215.1,3.1886046829420096e-4,0.7761074407572166,0.077,0.054,1
MBD1,3.21043020066576e-4,0.7094198669002605,0.111,0.086,1
ARHGAP31,3.21539758093764e-4,-0.21804910338174044,0.086,0.117,1
DGCR2,3.2175487007056485e-4,-0.11764213838343376,0.29,0.351,1
CNOT4,3.224315065422991e-4,-0.061125273252992995,0.492,0.575,1
APOOL,3.228243304625709e-4,-0.31211811473049766,0.07,0.099,1
TSNARE1,3.228696046874306e-4,-0.2885157973245869,0.082,0.112,1
NUDT4,3.2681277330857505e-4,-0.20228275268647877,0.144,0.185,1
CPVL,3.286639748188877e-4,0.8434033330526445,0.069,0.048,1
APOO,3.3159584087800385e-4,-0.41229410815096124,0.051,0.076,1
DPYSL2,3.3620250245341407e-4,-0.5105072450676342,0.045,0.068,1
PDHX,3.36901324255283e-4,-0.2546129423529464,0.127,0.163,1
ZKSCAN1,3.380906912274542e-4,-0.14105394189167975,0.154,0.196,1
CD59,3.3905413539866215e-4,0.5543575457031649,0.123,0.096,1
TBL1X,3.392871720118829e-4,-0.08045627907398156,0.504,0.572,1
PRKAG1,3.411834957962605e-4,-0.18770060385638243,0.078,0.109,1
EXOSC1,3.412762512639575e-4,-0.24327459260078044,0.06,0.086,1
MARF1,3.42828423637816e-4,-0.07746054553076316,0.261,0.322,1
EVA1C,3.429353503622454e-4,-0.14894577917710328,0.201,0.249,1
AL645465.1,3.4294796564050817e-4,-0.14399607790989,0.129,0.168,1
ADNP,3.431157392776069e-4,-0.08531815387892028,0.409,0.483,1
UGGT1,3.4367217881660334e-4,-0.1453258148546055,0.276,0.333,1
COMMD3,3.4393380696926104e-4,0.5880442289798544,0.114,0.087,1
UTP6,3.4476356653110403e-4,-0.31010267683461024,0.058,0.084,1
PRPF19,3.4591707546482065e-4,-0.44015649512897204,0.051,0.076,1
MARCH7,3.464283685663103e-4,-0.09108216676946523,0.57,0.654,1
RDH11,3.473755931719691e-4,-0.2509232331275444,0.075,0.105,1
NUDCD2,3.485281968825488e-4,0.8413870268059478,0.061,0.041,1
PCMTD2,3.496903070569452e-4,-0.25997290881634827,0.148,0.189,1
NDUFS6,3.5222094905951244e-4,0.48381611508887856,0.204,0.176,1
YWHAG,3.524484904613571e-4,-0.17780452359152077,0.165,0.21,1
PPP2R5A,3.53481408490176e-4,-0.07076370640366936,0.37,0.441,1
RP9,3.546969157776322e-4,0.8069118831878077,0.079,0.056,1
DRAM2,3.5529704360424e-4,-0.2413917295127439,0.102,0.136,1
SIRT1,3.5620534042423834e-4,-0.14796277994067786,0.236,0.287,1
FAM133B,3.5670072134396996e-4,0.23735866455699317,0.545,0.541,1
TMEM123,3.579713016816879e-4,-0.12160291349994656,0.64,0.711,1
RAD51-AS1,3.586851321208908e-4,-0.2360977789635339,0.134,0.173,1
ZHX2,3.6062214134655735e-4,-0.05731144952702949,0.489,0.567,1
WSB1,3.6254787716782504e-4,-0.02006806638928267,0.273,0.338,1
TMEM68,3.63198187832409e-4,-0.2034400305158659,0.046,0.07,1
KDM5A,3.6356217803699893e-4,-0.08439673183126706,0.545,0.63,1
LSM14A,3.6623776809347516e-4,-0.06641689334378076,0.563,0.648,1
CEMIP,3.669584429739634e-4,1.0064755859620766,0.059,0.039,1
PHKG1,3.764251940368515e-4,0.909096815325821,0.051,0.033,1
HNRNPUL2,3.766118230694415e-4,-0.1746515645220168,0.114,0.152,1
GCNA,3.809655677034639e-4,-0.2603269468806695,0.061,0.087,1
LINC00910,3.8097035083773387e-4,0.5981945873516259,0.112,0.085,1
SERTAD2,3.815751959849476e-4,-0.4259864760025758,0.092,0.121,1
TUBGCP5,3.8495658459044955e-4,-0.11607218811607675,0.227,0.279,1
ATF1,3.857786568651657e-4,-0.24661318163410217,0.082,0.112,1
FIS1,3.8979216080361746e-4,0.6245363021692283,0.097,0.072,1
AC253572.2,3.943886808303208e-4,0.9429560357664402,0.059,0.039,1
PCBP1,3.9509480330029507e-4,0.4619788002388949,0.163,0.133,1
GMCL1,3.961083570086354e-4,-0.15764446112872024,0.205,0.252,1
LARGE1,3.9810185779908235e-4,-0.4077256509986964,0.038,0.059,1
GALT,3.9930191087101774e-4,-0.17992622871665143,0.101,0.135,1
ACACB,4.0172737227690364e-4,-0.3760416785375207,0.067,0.094,1
AC093010.2,4.032599338559853e-4,-0.43167828102824424,0.064,0.09,1
RNF126,4.0357036436401207e-4,0.5818112365238852,0.158,0.131,1
SPATS2L,4.0366495919522447e-4,-0.3087063404671748,0.039,0.06,1
CYLD,4.041259351227944e-4,-0.11084407529354134,0.786,0.855,1
OARD1,4.0468390574394537e-4,-0.28488623070046004,0.114,0.149,1
BSG,4.066721571449769e-4,0.6389502420443676,0.107,0.082,1
NKTR,4.0816618922098215e-4,-0.07243914206465707,0.779,0.845,1
MICU3,4.1149830240812203e-4,-0.14880433725375952,0.131,0.168,1
FAM204A,4.1490989871330834e-4,-0.18648723726130423,0.164,0.207,1
DHRS4-AS1,4.1763613779194423e-4,0.7290590719085515,0.081,0.058,1
JAML,4.196631042214547e-4,-0.20265283068621198,0.134,0.172,1
KMT2E,4.202596652397739e-4,0.12435215255067389,0.87,0.885,1
CHMP1B,4.221936579687758e-4,0.6406074871435028,0.107,0.082,1
SMG5,4.245277898302531e-4,-0.280112058383966,0.065,0.092,1
ZNF700,4.2455880645329917e-4,-0.1426506504855779,0.161,0.204,1
TENT5C,4.270131429898637e-4,0.4710160753633299,0.243,0.218,1
SF3B1,4.277618740909785e-4,0.17321336790121045,0.701,0.721,1
AC097376.3,4.285652216256948e-4,0.31527559932443633,0.246,0.211,1
ZNF25,4.2879640060519854e-4,-0.30876806356929,0.045,0.068,1
MRPS22,4.2992310528169685e-4,0.8944482725459344,0.069,0.048,1
HPRT1,4.3082409079260174e-4,-0.3213750103654809,0.063,0.09,1
LST1,4.3089762512109293e-4,0.7813021135919942,0.068,0.047,1
PSMD7,4.3509729017755333e-4,0.3941854584283095,0.247,0.218,1
NADSYN1,4.4003861775099745e-4,-0.16364175324471697,0.102,0.137,1
PUS7,4.401334179348594e-4,-0.4552410642352376,0.053,0.077,1
NPLOC4,4.424133124689474e-4,-0.12326988496938307,0.151,0.192,1
CYB561D1,4.442177652860986e-4,-0.4871421677300174,0.031,0.05,1
ZNF282,4.449290819504754e-4,-0.4481065870016616,0.034,0.055,1
URI1,4.462666674852289e-4,-0.0930496427226184,0.507,0.582,1
CC2D1B,4.463231387887627e-4,-0.18361201472213562,0.097,0.13,1
AC025159.1,4.474434889461045e-4,0.5450158603950471,0.172,0.142,1
EIF4G1,4.5063928843810713e-4,-0.18961411027691177,0.137,0.178,1
ALCAM,4.561179286484343e-4,-0.3012152764868237,0.166,0.205,1
GATB,4.5935327214476264e-4,-0.5410392379590396,0.032,0.051,1
TTYH2,4.607470376065971e-4,-0.38879024956149877,0.043,0.065,1
SNX5,4.64318724064019e-4,-0.18318417041535984,0.089,0.121,1
TXN,4.647431621000141e-4,0.5530644187177893,0.108,0.082,1
CLIP4,4.6536641672972347e-4,0.3586891821824557,0.428,0.412,1
TSEN2,4.655046269215995e-4,-0.14083508919703602,0.109,0.144,1
CCP110,4.670768168290685e-4,-0.3827151581606647,0.044,0.067,1
SCAP,4.6843859433717144e-4,-0.19330836966826292,0.108,0.143,1
TXNRD2,4.719421260700165e-4,-0.4677929355219286,0.039,0.061,1
NDE1,4.7254877492720096e-4,-0.08281403151190686,0.235,0.294,1
TALDO1,4.7413904826578785e-4,0.6429584343826349,0.095,0.071,1
DENND4B,4.746727168410232e-4,-0.23866896862761822,0.082,0.112,1
MED28,4.7779744776500814e-4,-0.14581025123303415,0.112,0.149,1
RHOH,4.786965667078626e-4,-0.10637720607307521,0.716,0.778,1
AL122035.1,4.788320198614834e-4,-0.2660296170266394,0.059,0.085,1
SPCS2,4.7954282164125575e-4,0.3899070108304954,0.25,0.224,1
ZNF839,4.814126880247342e-4,-0.369661059473847,0.049,0.073,1
C9orf16,4.8491616443688225e-4,0.703510253574049,0.073,0.051,1
ZNF141,4.854747916921211e-4,-0.055233391615757355,0.183,0.234,1
NAV1,4.857796691499813e-4,-0.4957033113677727,0.034,0.053,1
IMPA1,4.909211214193024e-4,-0.29769855886858165,0.065,0.091,1
CROT,4.911349464313629e-4,-0.31506053808825407,0.079,0.107,1
APTX,4.961672657998777e-4,-0.21666903526200654,0.14,0.177,1
TRAPPC6B,4.976516395921042e-4,-0.13622972059521388,0.083,0.113,1
FCHO1,4.981254344613187e-4,-0.37607603313594273,0.044,0.066,1
PGM3,5.006100379759705e-4,-0.34488475032894517,0.056,0.081,1
LUC7L,5.048469928063938e-4,-0.15281611979630377,0.224,0.275,1
TRPM7,5.052070206935345e-4,-0.032202284290089755,0.575,0.661,1
DGCR8,5.064120227617808e-4,-0.3673497347278585,0.055,0.079,1
ZNHIT6,5.077590164561624e-4,-0.1103949303145588,0.212,0.259,1
CC2D2A,5.079091740702248e-4,1.0454680148700337,0.058,0.039,1
MTDH,5.116545425345525e-4,-0.07141209254021774,0.585,0.669,1
DNAJC8,5.12104668573627e-4,0.5727501764318047,0.162,0.135,1
CCDC84,5.123448128243372e-4,-0.11552985691420642,0.197,0.245,1
CBR3,5.161061037926177e-4,0.8864366215104669,0.059,0.04,1
ATP6V0A2,5.163130573493681e-4,-0.03857063586199305,0.15,0.192,1
IPCEF1,5.178883807533698e-4,0.025970146882485667,0.327,0.395,1
USP10,5.257715617888974e-4,-0.07804904145915392,0.411,0.488,1
AVEN,5.274588443380015e-4,-0.21014468112958462,0.082,0.111,1
ZNF138,5.281264659314899e-4,-0.19961453718415456,0.141,0.178,1
AL021368.2,5.321207363882132e-4,-0.2943122165674077,0.068,0.095,1
MFN1,5.363830392873161e-4,-0.10739886994273584,0.147,0.188,1
ADAM23,5.370958994826958e-4,0.3656175772369977,0.214,0.18,1
NF1,5.386357426304044e-4,-0.13560511094511601,0.279,0.329,1
EDEM2,5.411126167760402e-4,-0.3350449583663888,0.079,0.108,1
GLUD1,5.4501696322929e-4,-0.1066988049646524,0.259,0.315,1
PDPK1,5.460064019218886e-4,-0.1373273128217798,0.09,0.122,1
SMIM8,5.524238609117193e-4,-0.3926746141570199,0.089,0.118,1
SLC25A25,5.529210491386331e-4,-0.2460960126456131,0.061,0.086,1
DOT1L,5.537027866044204e-4,-0.3750970844814949,0.034,0.054,1
POLR2C,5.561901589571941e-4,0.6638070436968073,0.08,0.058,1
ZNF830,5.56346599543332e-4,0.7688469596589078,0.059,0.04,1
LINC01004,5.600830951421069e-4,-0.18043033582998053,0.22,0.266,1
RBMS1,5.622825487176707e-4,-0.10971963784612448,0.801,0.846,1
GRB2,5.678280167758879e-4,-0.10680747804822643,0.39,0.463,1
USP31,5.683449386197725e-4,-0.41861756113710946,0.042,0.063,1
HEATR6,5.683594362332126e-4,-0.18443989139194183,0.063,0.09,1
TTTY10,5.709687985654339e-4,-0.39402330875201375,0.061,0.086,1
FOPNL,5.71422139076219e-4,-0.39232529787034887,0.052,0.075,1
STX12,5.725428155918759e-4,0.012411876091757645,0.149,0.192,1
CLINT1,5.7574931929735e-4,-0.0823705444907199,0.391,0.463,1
HAUS6,5.799344193569724e-4,-0.09576380389776173,0.18,0.225,1
SLC35F5,5.820258219261221e-4,-0.07671312127903074,0.199,0.249,1
MMUT,5.845072441115568e-4,-0.32850394690711937,0.053,0.077,1
LSM6,5.859948761080789e-4,0.5132551229489886,0.156,0.129,1
PPP1R10,5.870111290318874e-4,0.5064144244605149,0.217,0.191,1
ANK3,5.882419948839241e-4,-0.1420704293937458,0.932,0.868,1
SYF2,5.88566927098472e-4,0.5381805774901004,0.218,0.194,1
CHMP6,5.898803027661231e-4,-0.5441296297767475,0.033,0.052,1
MLH3,5.936831251339112e-4,-0.22950088973837457,0.111,0.144,1
ARL17A,5.939683421446215e-4,-0.17550585077081782,0.106,0.141,1
TCF25,5.956236606495138e-4,0.23463953969698037,0.522,0.52,1
WRNIP1,5.957290120895773e-4,-0.11114936811583043,0.117,0.154,1
RFX3-AS1,5.964793013084459e-4,-0.18289083262389727,0.273,0.321,1
SH3GL1,6.021394308640526e-4,-0.28043000852356803,0.042,0.064,1
SOCS3,6.031524176394083e-4,0.7868488432703995,0.097,0.075,1
BROX,6.056241838408756e-4,-0.15665511228842133,0.138,0.178,1
CKAP4,6.071894776357843e-4,0.7061310330937651,0.075,0.054,1
ESCO1,6.083965485358164e-4,-0.08477911212398423,0.264,0.32,1
PCBD2,6.11875654124763e-4,-0.21036998311085153,0.15,0.188,1
ZNF432,6.128911824753872e-4,-0.3415334278077067,0.049,0.072,1
BCAP29,6.133213816102686e-4,-0.3994236927119408,0.06,0.084,1
SARM1,6.190512094068043e-4,-0.18701378135183577,0.129,0.165,1
NLGN4Y,6.197438543609576e-4,-0.38303116675285875,0.089,0.117,1
IL20RB,6.281631386502016e-4,-0.2968245665487381,0.044,0.066,1
CENPK,6.331004535909485e-4,-0.2606048792540917,0.214,0.255,1
PGPEP1,6.374114661751341e-4,-0.5076018204478925,0.031,0.05,1
CTNNBIP1,6.402886901721258e-4,-0.46445384143266377,0.038,0.059,1
HIVEP1,6.414319616964198e-4,0.2921118089350956,0.524,0.496,1
AC022137.4,6.437225969555686e-4,0.9620247896621072,0.052,0.034,1
ZNF787,6.47132045133682e-4,-0.3579798402558443,0.034,0.054,1
LTA4H,6.492000653848962e-4,-0.404819225680938,0.069,0.095,1
YME1L1,6.503071650681229e-4,0.21055684448285872,0.63,0.641,1
CHD8,6.50645778161274e-4,-0.04987462675662341,0.319,0.39,1
ANKRD36B,6.508779381706767e-4,-0.09233762420505193,0.249,0.307,1
GABPB1-IT1,6.545579203406241e-4,0.5013261771634439,0.182,0.155,1
PPP1R9B,6.597352398559761e-4,-0.4490938256195003,0.046,0.068,1
CCSER1,6.636554825095292e-4,-0.6017980638267766,0.055,0.077,1
PRKAR2A,6.6535920956627e-4,-0.05989238874801151,0.249,0.304,1
MLLT6,6.666666763415067e-4,-0.11238151284843373,0.243,0.299,1
BRWD1,6.693914640685522e-4,-0.061931489639698745,0.643,0.73,1
CHST12,6.708990135358828e-4,-0.2312039600418081,0.062,0.088,1
MTERF1,6.71597739185263e-4,-0.2675024086995247,0.135,0.171,1
LRRC69,6.718172626208227e-4,-0.21787676965702785,0.092,0.123,1
POR,6.73349269439068e-4,0.7728184268765508,0.121,0.097,1
UTP23,6.74463784888551e-4,0.5942515617539834,0.125,0.099,1
AL133243.2,6.770459827123845e-4,-0.33726097436323066,0.035,0.055,1
CAAP1,6.775034249747686e-4,-0.10402780954146182,0.207,0.254,1
MRPL38,6.791826678288158e-4,0.7386980754906007,0.083,0.062,1
YPEL3,6.818465271801204e-4,0.6790098039652586,0.126,0.101,1
METTL26,6.860876154359467e-4,0.7886436926757305,0.051,0.033,1
GCNT4,6.862302256868733e-4,-0.1838226108226777,0.114,0.147,1
BLOC1S1,6.877759486618695e-4,0.721420978010479,0.057,0.038,1
RSAD2,6.888933263026756e-4,0.16341616409607473,0.038,0.059,1
AC025164.1,6.934610212318064e-4,-0.22465567912050344,0.075,0.103,1
DRAP1,6.997052587804228e-4,0.6500452457018127,0.104,0.081,1
DDX27,7.04935857280623e-4,0.5172518244881678,0.183,0.156,1
RFX1,7.075728042163017e-4,-0.47488957533612464,0.05,0.072,1
LINC01725,7.156658647901674e-4,-0.5421447637615364,0.052,0.074,1
MOB3A,7.172538770405844e-4,-0.12274897059829004,0.075,0.104,1
PPARD,7.178600291754696e-4,-0.11761757080024782,0.228,0.278,1
SLC35E2B,7.236785731058176e-4,-0.2663994223236017,0.08,0.108,1
PLXND1,7.238158992172066e-4,0.8467724491918407,0.064,0.045,1
CKAP2,7.251675263041349e-4,-0.37007047556363526,0.06,0.085,1
DENND1C,7.268741825726063e-4,-0.1498170927522171,0.068,0.095,1
NR2C1,7.278040382007817e-4,-0.15645489022557008,0.226,0.278,1
ATIC,7.281981982306968e-4,-0.21474035286927973,0.108,0.142,1
TIAL1,7.322027157611652e-4,-0.12481269834243819,0.296,0.358,1
AC015871.1,7.37717218562345e-4,-0.36801717375044873,0.045,0.067,1
EIF3E,7.379231720806595e-4,0.22119067753246602,0.486,0.477,1
KDSR,7.38872241766548e-4,-0.2487894046364485,0.109,0.141,1
DNAJB14,7.431481084335907e-4,-0.040905050264060216,0.479,0.555,1
TATDN3,7.449704889380473e-4,-0.17074845215848167,0.097,0.128,1
TDP1,7.4789147585365e-4,-0.05787764974856957,0.173,0.218,1
AC144521.1,7.491260455575797e-4,-0.23710511331072626,0.064,0.09,1
SMARCAD1,7.492500070077425e-4,-0.02329832961071593,0.199,0.247,1
AGGF1,7.499037591040563e-4,-0.13265576253663536,0.135,0.173,1
CLUAP1,7.514509579599034e-4,-0.30688898734376746,0.085,0.114,1
ZNF420,7.569158451695586e-4,-0.13397701063379586,0.068,0.095,1
NAA35,7.571603622808674e-4,-0.09974623302470145,0.277,0.331,1
AC104389.5,7.644909462459669e-4,-0.5548647037762051,0.044,0.064,1
ADHFE1,7.727464689805764e-4,-0.33785019943100547,0.06,0.084,1
FRS2,7.732684856789169e-4,-0.07806044433321047,0.284,0.339,1
MRPS6,7.830864781111057e-4,-0.17029786501463628,0.078,0.106,1
KDM5D,7.862291754056903e-4,-0.03733688137094393,0.22,0.273,1
IMP4,7.896825358639672e-4,0.6928744752746061,0.078,0.056,1
RFTN1,7.907807303475522e-4,-0.049810545856268096,0.456,0.528,1
ZBTB25,7.944649761750666e-4,-0.0821902337865337,0.272,0.328,1
CDC42,7.954170257150321e-4,-0.10493674039844247,0.459,0.535,1
PSTK,7.995341348679834e-4,0.6417580832450049,0.066,0.046,1
YARS,8.09665343862619e-4,-0.027839868447891825,0.18,0.223,1
CSNK1G3,8.108190090404574e-4,0.27621030740273456,0.444,0.428,1
MFAP1,8.112905028340758e-4,0.8847274322353367,0.072,0.052,1
TAF10,8.264464763791136e-4,0.6369946826416999,0.094,0.071,1
P2RX4,8.279996798082657e-4,-0.18783387843253618,0.097,0.128,1
TMTC3,8.316638689641258e-4,-0.250549756488224,0.1,0.132,1
RNF20,8.353118056477782e-4,-0.13169526690216427,0.089,0.12,1
ANKRD18A,8.386223341283023e-4,-0.2820867462649974,0.061,0.086,1
PIEZO1,8.387916184654789e-4,-0.14918939093869588,0.138,0.176,1
SNHG5,8.427125289228197e-4,0.3595436644892729,0.316,0.293,1
AC104806.2,8.569992960341624e-4,-0.06536034079420838,0.168,0.212,1
PBXIP1,8.644025277680558e-4,0.3191240754165045,0.347,0.333,1
PLEKHA2,8.645472815551705e-4,0.29674065602448074,0.433,0.415,1
FBXL3,8.661113173434155e-4,-0.09495074124626286,0.299,0.355,1
ABHD5,8.720612008392701e-4,-0.34922104221221906,0.052,0.074,1
MRPS11,8.763640046141358e-4,-0.3381216819203776,0.034,0.054,1
ZNF76,8.767218457505473e-4,-0.22720554176680574,0.063,0.089,1
CACYBP,8.772458040185084e-4,0.629993548631538,0.121,0.096,1
EHD1,8.773538912398111e-4,-0.2018376669079005,0.132,0.167,1
AC034195.1,8.779990224966069e-4,-0.6204085987388432,0.037,0.056,1
SEC11A,8.789647794190555e-4,-0.15666084273536074,0.227,0.273,1
C8orf33,8.803415564403157e-4,0.6286882515784482,0.101,0.078,1
BLOC1S5,8.824334728194509e-4,-0.24247497390059047,0.059,0.083,1
SPATA13,8.845318921839826e-4,-0.06842368946042643,0.421,0.497,1
FAM122B,8.858589860995486e-4,-0.30695122737902425,0.062,0.087,1
ARMCX5-GPRASP2,8.911694647435409e-4,-0.17000865982055946,0.091,0.121,1
ARMCX5-GPRASP2.1,8.911694647435409e-4,-0.17000865982055946,0.091,0.121,1
CERS5,8.972544510402084e-4,-0.15402652822027119,0.153,0.194,1
SEC61B,9.014953597537896e-4,0.44071602327111925,0.182,0.154,1
SNHG14,9.092933149889334e-4,0.20801497599369823,0.63,0.643,1
ACAP1,9.104134841539106e-4,-0.10060975384900558,0.288,0.349,1
PEX3,9.135538735208118e-4,-0.12907221686226777,0.117,0.151,1
MRPL41,9.137085345964093e-4,0.6103310103744821,0.085,0.063,1
SCYL2,9.152072841601953e-4,-0.12374060169556833,0.182,0.225,1
DYNLT3,9.188815938500317e-4,0.7439716346531249,0.09,0.067,1
PPP2R1A,9.197053403579331e-4,-0.1435088741540005,0.146,0.184,1
SELENOF,9.230966154795373e-4,0.2509190856736543,0.42,0.401,1
RNF138,9.237528708425257e-4,-0.07496180238865013,0.301,0.36,1
ALOX12-AS1,9.248874500292753e-4,-0.19341563256467054,0.096,0.126,1
PKD1,9.2653684999721e-4,-0.2531586990369674,0.054,0.077,1
BTBD10,9.284336490423145e-4,-0.07062985935577665,0.28,0.333,1
NOTCH1,9.325132852282531e-4,-0.33179638378410514,0.046,0.067,1
SRP19,9.334189132743457e-4,0.6354501891537989,0.165,0.141,1
QRSL1,9.35436343974621e-4,-0.17398118122657857,0.068,0.093,1
LINC01138,9.390543056194918e-4,-0.14529907629753996,0.261,0.312,1
ZNF254,9.403425049154037e-4,-0.060554907682923625,0.274,0.331,1
CASP8,9.58559298227565e-4,-0.07886749866325926,0.425,0.501,1
GZMA,9.58807238976537e-4,0.7690930212263676,0.069,0.049,1
MGRN1,9.603930909368348e-4,-0.17988620642510167,0.083,0.112,1
KDM2B,9.606478469084403e-4,-0.09001663621029532,0.233,0.284,1
RRAGB,9.652075901573205e-4,-0.21225404854780283,0.046,0.067,1
PDE8A,9.662304544527397e-4,-0.05887217874649586,0.455,0.523,1
HIST1H2AC,9.68541634424689e-4,0.6433704956985854,0.15,0.124,1
NEO1,9.706155378502197e-4,-0.12034604531534293,0.148,0.185,1
TARDBP,9.707307593780347e-4,-0.0756240948987314,0.219,0.274,1
ZBTB24,9.723317629546847e-4,0.640809427579804,0.112,0.089,1
DHRS7,9.728216465693818e-4,0.4447467962799201,0.18,0.152,1
RAB4A,9.781043535621815e-4,-0.2773021701072578,0.073,0.1,1
KMT2E-AS1,9.781955957199856e-4,0.8360194160728827,0.056,0.038,1
RAB11FIP4,9.812818821320576e-4,-0.2057505264070476,0.108,0.141,1
C17orf67,9.817103527930563e-4,-0.49353904857808306,0.051,0.072,1
VPS36,9.841145060204561e-4,-0.12613178609573272,0.191,0.237,1
TMED8,9.874775365336596e-4,-0.2965714199359881,0.083,0.11,1
KIAA1143,9.874792000990756e-4,0.5865531721141315,0.131,0.106,1
LUZP1,9.887817870129665e-4,-0.3225632361765969,0.098,0.128,1
NAT10,9.932589385926159e-4,-0.16330111874309572,0.112,0.146,1
GGA2,9.963687245038249e-4,-0.08366921437221886,0.172,0.215,1
AFF4,0.0010023962531997095,-0.08265961372213448,0.481,0.549,1
PMAIP1,0.001008075183256195,1.1465906984317686,0.054,0.037,1
COLQ,0.0010094108113616294,-0.1670986888066175,0.086,0.114,1
RPGR,0.001011118069252913,-0.11469274407231222,0.133,0.17,1
RBM14,0.0010193205977673866,-0.21868662428903818,0.081,0.109,1
COX5A,0.0010240426037357293,0.6130804357475785,0.08,0.059,1
AKAP8L,0.0010281445429361135,-0.17028478830603677,0.117,0.151,1
WDR53,0.0010304984227065158,-0.2508978762779477,0.046,0.067,1
NIPA2,0.0010378596550569804,-0.13445403317928695,0.117,0.151,1
ARHGEF1,0.0010447150812618712,0.3536285181629293,0.34,0.327,1
CLNS1A,0.0010461063709845473,-0.080080376353302,0.28,0.334,1
CNBP,0.001046831181729418,0.302537388527091,0.408,0.403,1
OXSR1,0.0010586177416307824,-0.0824218247495398,0.181,0.225,1
GOLGA5,0.0010594140925900455,-0.2903501360261487,0.063,0.087,1
WDR35,0.0010689982578353935,-0.5601747131708383,0.043,0.063,1
ATP13A3,0.0010725170117699915,-0.024380877484433017,0.255,0.312,1
ATP11B,0.0010737929922568312,-0.07063329224793957,0.786,0.852,1
RNASEH2C,0.001075377481725381,0.6884727377748265,0.051,0.034,1
IL18R1,0.001076446913422771,0.504735532515246,0.163,0.137,1
POGZ,0.0010805682120348231,-0.03759522811184962,0.267,0.324,1
LEO1,0.001081139933143915,0.5980326462530001,0.093,0.071,1
MPC2,0.001086776251130964,0.6726638555423419,0.083,0.061,1
AL035530.2,0.001088802301804071,-0.32780847236545263,0.053,0.075,1
N4BP1,0.0010917787584510587,-0.10960730580039946,0.455,0.524,1
TCF3,0.0010976853606389089,-0.2764499032397998,0.044,0.065,1
NIPSNAP3A,0.0011148275285648168,-0.4100379007064219,0.051,0.072,1
ELK4,0.0011166525610811124,-0.06778843421988023,0.257,0.315,1
TMLHE,0.0011313444592912516,-0.21262896766334083,0.104,0.135,1
TSR3,0.0011337918897359562,0.6796768477802129,0.054,0.036,1
ABHD17A,0.0011343314576118496,0.5807922432742985,0.126,0.102,1
AK2,0.0011370453147446047,-0.27584859312854926,0.058,0.082,1
SNX11,0.0011371307276922074,1.0391450404599478,0.052,0.035,1
ACIN1,0.0011379261331588664,-0.10939312595097904,0.309,0.37,1
CRK,0.001138776662473705,-0.12852338302998234,0.11,0.143,1
NFYA,0.0011399266510101931,-0.39942264552998674,0.06,0.083,1
AHCYL1,0.0011421703722732945,-0.28293167730018687,0.082,0.11,1
CPSF7,0.0011426945666619956,-0.1180756849238801,0.158,0.199,1
KLF3-AS1,0.0011459926108475418,-0.5300374759576796,0.037,0.056,1
DPP9,0.0011460378064089077,-0.1521957539605283,0.129,0.164,1
PSMC1,0.0011467477717897188,0.442276981658999,0.183,0.156,1
C19orf25,0.0011483596901729755,-0.25972107969136715,0.062,0.086,1
DAP3,0.0011507133202370659,-0.0861993916904773,0.164,0.203,1
ENO2,0.0011576193821578003,0.8026256655934492,0.059,0.041,1
ACSL6,0.001161248408091535,-0.32887000421259405,0.053,0.076,1
SNHG25,0.0011650900354281404,0.5166644381744944,0.172,0.147,1
SDF4,0.0011655008444113562,0.579983540191034,0.117,0.093,1
ACBD5,0.0011680852703191073,-0.15037486079714024,0.134,0.17,1
UFC1,0.0011764466851098391,0.6228252569348665,0.104,0.081,1
MAU2,0.001179660668274793,-0.1052877231122325,0.203,0.248,1
SS18L1,0.0011802033878103137,-0.3659395569561874,0.039,0.058,1
TMEM179B,0.001182289663590791,0.6046422079139167,0.117,0.093,1
TPCN2,0.0011847894418945384,-0.4821555423497803,0.032,0.05,1
CAPN3,0.001191028918405907,-0.4143252154313184,0.044,0.064,1
IKZF3,0.0012027072369490035,-0.06747855324428564,0.377,0.443,1
NDUFA6-DT,0.0012039431538098035,-0.3256089833645679,0.037,0.056,1
TRIM35,0.0012042258446528504,-0.3399886008775601,0.055,0.077,1
AL359220.1,0.0012082699682058567,-0.20568919605956548,0.087,0.115,1
NFRKB,0.0012091518773663533,-0.11122060728629624,0.124,0.159,1
DHX15,0.0012115930521754842,-0.09930393295248452,0.4,0.471,1
DTWD1,0.001220961694331358,-0.21937393871203392,0.078,0.106,1
FAR2,0.0012266384088364694,-0.42524176144823955,0.152,0.183,1
UBR1,0.0012284571904682521,-0.04401463531836969,0.422,0.493,1
CARF,0.0012406936748094034,-0.06969508138983949,0.149,0.186,1
GLB1,0.001242104100487772,-0.15352007825752612,0.158,0.196,1
KANSL2,0.001243532227696728,-0.08022529910957871,0.214,0.264,1
DAAM1,0.0012449222942482801,-0.08044672015147171,0.218,0.262,1
PARG,0.0012502667649685805,-0.10067500471108981,0.21,0.256,1
KLHL28,0.001250971916735169,0.359569179749339,0.35,0.333,1
PLCXD2,0.0012530194833404772,-0.10368909792438763,0.059,0.083,1
CSNK2B,0.0012531105728627154,0.7131630586849864,0.06,0.041,1
L3MBTL2,0.0012624076966775686,-0.365162548526186,0.039,0.058,1
CBX4,0.0012930312828642035,0.5833886023222874,0.104,0.081,1
FLT3LG,0.0012936905469160221,0.5163923696435955,0.181,0.157,1
NDUFAB1,0.0012945173212436398,0.715643792382163,0.07,0.05,1
ATP13A1,0.001297259785236065,-0.361817749214449,0.039,0.059,1
LNX2,0.00131355393599152,-0.20428150304230752,0.131,0.165,1
CCT8,0.0013202784948867028,0.4623045756770584,0.197,0.174,1
LPCAT1,0.0013362592555336852,-0.3082902942700887,0.058,0.081,1
ASH2L,0.0013364686647939347,-0.15081655642776082,0.119,0.151,1
ZNF519,0.0013439000272732907,-0.32689756559822136,0.056,0.079,1
FAM153A,0.0013455591497955823,0.652573129867102,0.095,0.073,1
SELL,0.0013456824669994794,-0.0838290584673389,0.351,0.411,1
IL12RB1,0.0013589791368182956,-0.30926038569052894,0.049,0.07,1
NAF1,0.00136232302318987,-0.06823791762024212,0.179,0.221,1
HARS2,0.001368808201281975,0.8462905931614815,0.063,0.045,1
TLR2,0.0013751236896733386,-0.4668156929707945,0.039,0.057,1
ANKRD36C,0.0013840518538702775,-0.08903167749391172,0.47,0.545,1
SLC7A1,0.0013841149343732384,0.5231511146466344,0.223,0.199,1
WDR6,0.001384660998673499,-0.2496236073422886,0.074,0.1,1
AC011933.4,0.0013905133834231983,0.9608980707806856,0.065,0.047,1
ARID3B,0.0013938429231080934,-0.1348520277757469,0.138,0.173,1
INPP5K,0.0013962801504363903,0.5564611861149003,0.135,0.11,1
USP5,0.0013985498820531747,-0.33497186987152094,0.039,0.058,1
TATDN1,0.001402499246725939,-0.3624850011587357,0.057,0.079,1
RCBTB1,0.001404985159556214,-0.024354974047258615,0.083,0.112,1
KLHL9,0.0014144155255214912,-0.11522526483238815,0.061,0.085,1
PARVB,0.0014154365865793465,-0.24022868191200186,0.068,0.092,1
SLC25A53,0.001425620309731326,-0.20796906612565835,0.078,0.104,1
PKN1,0.0014284884789785934,-0.12075144560930262,0.107,0.138,1
AQR,0.00143294744377857,-0.0843804658106414,0.414,0.482,1
GKAP1,0.0014334099077266357,-0.15934509812341302,0.061,0.085,1
CDC42BPB,0.0014360290042661418,-0.36964166917545604,0.063,0.087,1
SCMH1,0.0014375835566755985,-0.07918913243605252,0.351,0.404,1
SRA1,0.0014402785477227208,0.7862027140762011,0.085,0.064,1
SGO1-AS1,0.001441916539323235,-0.28119884605019796,0.264,0.302,1
GATAD2A,0.0014478358055077408,-0.06397374052122157,0.284,0.338,1
ZNF431,0.0014578847330681583,-0.05744531400646545,0.241,0.291,1
LINC01284,0.0014613018024726995,0.8043310991984411,0.069,0.05,1
PPP4R2,0.0014750885177522788,-0.13241022406508385,0.256,0.305,1
BCCIP,0.0014754811895433993,0.4657191394552279,0.173,0.149,1
MAP4K5,0.001479481594133452,-0.09236263873288397,0.35,0.404,1
INTS2,0.001500779354645094,-0.07964629536169432,0.097,0.127,1
PSMD8,0.0015048209696065416,0.6195762275298369,0.099,0.077,1
RASA2,0.0015068687873995227,-0.051295179586645645,0.745,0.813,1
PAX8-AS1,0.0015080271641833788,0.988686596852459,0.052,0.035,1
ACTR3B,0.0015247163439257075,-0.24985436854705823,0.051,0.073,1
CCNK,0.0015319764213600777,0.3180988904198539,0.34,0.322,1
AL158152.1,0.001533170275813794,-0.14321450869695584,0.108,0.141,1
PNPLA2,0.0015371981468377495,0.6402735423914887,0.078,0.058,1
DTWD2,0.0015436152498891809,-0.31766682076429675,0.057,0.079,1
SPTLC1,0.0015442993064321777,-0.039744111524604664,0.165,0.207,1
SLC35D2,0.0015450683842316924,-0.23683425602415387,0.034,0.052,1
MAPKBP1,0.001571135398841503,-0.23250798900917502,0.09,0.117,1
FANCI,0.0015722348827063378,0.6366679565854387,0.096,0.074,1
UBN1,0.0015736248450139493,-0.0890294860065931,0.156,0.196,1
CEBPZOS,0.001573910396348581,0.5677987001505549,0.155,0.131,1
MFSD11,0.0015761232798302987,-0.07532081603389806,0.122,0.156,1
RPE,0.0015871799135118844,-0.17473489648969687,0.123,0.156,1
AC027018.1,0.0015914871335882639,0.7452929656665295,0.06,0.042,1
RTN4IP1,0.0015919936174837823,-0.16237873102023492,0.037,0.056,1
PEX26,0.001592050648643857,-0.12637507403246162,0.118,0.151,1
TMEM243,0.0015933589210832676,0.29434300871659397,0.424,0.413,1
TPRG1,0.0015936852239986075,-0.3275134467652183,0.058,0.08,1
TOMM5,0.0015963949130737265,0.6235044886706955,0.078,0.058,1
AASDH,0.0016063384732557967,-0.1729891366592291,0.066,0.091,1
RNF31,0.0016084202683594394,-0.35132739185800643,0.049,0.07,1
ZNF621,0.0016115748091312418,-0.17509686840221605,0.067,0.092,1
SEC23A,0.0016135449523367216,-0.028345338543610543,0.287,0.348,1
UBE2I,0.0016146160747300636,0.40420571254515403,0.224,0.202,1
TMEM154,0.0016415818991782688,-0.08829550502089112,0.159,0.198,1
FKBP8,0.0016426032358505375,0.5586990538328114,0.133,0.109,1
MFSD14C,0.0016501142062367241,7.7975645584627e-4,0.389,0.466,1
AP3M2,0.001652048525072073,-0.022991818674368947,0.398,0.464,1
TNFRSF10A,0.0016526550457780867,-0.13820768706597597,0.146,0.182,1
MTF2,0.0016686957008548576,-0.06788384368418998,0.272,0.329,1
ERMN,0.0016723934334120518,0.7490994122075338,0.097,0.076,1
ZNF107,0.0016785198273745314,-0.09303482594162549,0.3,0.356,1
LINS1,0.0016846060272958673,-0.07455600964720588,0.193,0.238,1
TANGO2,0.001686907389556571,-0.21225213876570637,0.078,0.103,1
AXIN2,0.0016881752225513097,-0.20910367515546624,0.087,0.115,1
EGLN1,0.0016931952175725878,-0.106874441521712,0.154,0.191,1
YPEL2,0.0016978150019132771,-0.1958181132603195,0.182,0.221,1
CCR7,0.0016991660269922695,-0.06114019510282098,0.307,0.361,1
CACNA1I,0.0017072189215877115,-0.20630069593636824,0.06,0.083,1
U2AF1,0.0017080089847550746,0.6378423880252717,0.089,0.069,1
TRIM73,0.0017092293621094891,-0.23347644481486562,0.081,0.107,1
MX1,0.0017122530798947984,0.23580803835334307,0.157,0.2,1
CCZ1,0.0017142296487677791,-0.11591523217683575,0.124,0.157,1
LINC00299,0.0017239235951690176,-0.35006104122727516,0.129,0.158,1
TEC,0.0017243591885758454,-0.27438460692696953,0.036,0.054,1
ARPC1B,0.0017270590024745386,0.28895664272717075,0.35,0.333,1
RAB30-DT,0.0017348015965911743,-0.2660580407085982,0.07,0.094,1
FGFR1OP,0.0017428526111881177,-0.060623508018462946,0.192,0.236,1
ZRANB2,0.001742952780660874,-0.09886669094269096,0.565,0.649,1
POLD3,0.0017444590998630322,-0.28571739764234705,0.047,0.068,1
AC025034.1,0.0017483512524056864,0.7265947137495168,0.056,0.038,1
ZNF738,0.0017769872560610455,-0.33988590691095766,0.053,0.075,1
ABCD4,0.001781223750430321,-0.28058296800342086,0.053,0.075,1
CREBZF,0.0017907870875764316,-0.10242681326481651,0.141,0.177,1
SLC25A51,0.0017958584730865276,-0.07146397985262443,0.113,0.145,1
EPB41L5,0.0018172614893423886,-0.1868661518995598,0.054,0.076,1
MAGOH,0.0018206881474127276,0.6435687398559964,0.096,0.074,1
XPNPEP1,0.0018229735043836924,-0.12803375758396163,0.107,0.138,1
TACC3,0.0018316836753323909,-0.16709659316856174,0.111,0.143,1
TSPAN3,0.001831993738963884,0.6338955506028301,0.091,0.07,1
ZNF26,0.001851874122136609,-0.10904821087476624,0.144,0.18,1
THEMIS2,0.0018618395210217105,-0.37373365359559907,0.044,0.064,1
MIA3,0.0018655110179823895,0.4107903734917216,0.279,0.26,1
MTRR,0.001872988567305621,-0.10612857716144486,0.126,0.161,1
PKIA,0.0018769933764312158,0.00785880395577454,0.296,0.349,1
PHF3,0.0018906977167275451,-0.07640519218344988,0.714,0.788,1
AC092329.4,0.001897493229152119,-0.33454969527641243,0.04,0.059,1
KIAA0513,0.0019148131267901962,-0.4549295862167875,0.033,0.05,1
TNRC6A,0.001915511475061433,0.14687978876711272,0.745,0.763,1
POLR3GL,0.0019293491233867543,0.44894617474868115,0.1,0.077,1
DDX58,0.0019304150783373444,0.13452912158889846,0.165,0.207,1
SMC4,0.0019597750685986185,-0.01032181702438345,0.19,0.236,1
SERPINB6,0.0019819540488712436,0.6756313904514104,0.091,0.071,1
RBM39,0.0019839818524206485,0.12818287190098454,0.813,0.832,1
ZBTB44,0.001984521011758093,-0.06619890482671731,0.293,0.347,1
RPUSD4,0.0019974426689266297,-0.3332740129962537,0.045,0.064,1
UBE2N,0.0020058642980014165,-0.09793864275267988,0.34,0.4,1
ANKRD6,0.00201421221935273,-0.18363947835417171,0.059,0.082,1
EXOSC6,0.0020150921173499757,0.5472616427782608,0.138,0.115,1
VPS26C,0.0020285587271736587,-0.1997954416498149,0.122,0.154,1
BAG5,0.002029784542203599,0.5687634416493883,0.089,0.068,1
ACOT9,0.0020344196142557157,-0.15880845825555467,0.08,0.106,1
GPATCH2L,0.002053335785681634,-0.09297543334332978,0.263,0.311,1
SUPT5H,0.0020667543923200446,0.4426294939603095,0.26,0.243,1
TMEM263,0.0020690043031070474,-0.22379360867788545,0.133,0.166,1
CYREN,0.0020720037888173263,0.48044563153792386,0.171,0.145,1
NEMP1,0.002096650708754855,-0.3632875185508788,0.049,0.069,1
ZNF263,0.002100422438355844,-0.19934430970361494,0.103,0.133,1
EIF3I,0.0021288593554749796,0.6425311445927133,0.076,0.057,1
UBXN6,0.0021319945043485303,0.743536641887661,0.052,0.036,1
YARS2,0.0021576206868562627,-0.14398107069357202,0.108,0.138,1
TRPC1,0.002158970539900113,-0.08101874374419715,0.113,0.144,1
NBPF14,0.0021639467804079843,-0.3919121645130441,0.039,0.057,1
TSR2,0.0021750652332289764,0.705303266030354,0.067,0.049,1
ACSL1,0.002176471784325307,-0.25890463456823376,0.071,0.095,1
TRIM13,0.0021777701623031396,-0.08278837823054586,0.124,0.157,1
ATAD1,0.0021830173269326123,-0.06404957246145246,0.305,0.363,1
EFR3A,0.0021876743175715902,-0.07187398974439585,0.568,0.634,1
SLC36A4,0.002191387172132779,-0.08059341473951334,0.23,0.279,1
EIF2S2,0.0021929315917570977,0.4119760902370533,0.224,0.2,1
AL365203.2,0.0022009434211262596,-0.17079522396219327,0.062,0.085,1
CDK11A,0.0022316311955441937,0.42263130767122714,0.261,0.242,1
NUDC,0.0022332021442819277,0.5639726451417262,0.126,0.103,1
TOPORS,0.002239364853828885,0.6133908640034207,0.114,0.092,1
COMMD2,0.0022432715568252255,0.48219732941498505,0.145,0.122,1
EIF3L,0.0022466881500550146,0.38057982673778773,0.243,0.22,1
TULP4,0.0022588859386725793,-0.1384038448683565,0.248,0.293,1
AP002495.1,0.0022601341045554815,-0.026270836225464445,0.129,0.164,1
PRDM4,0.0022631053884881345,-0.16730096233679004,0.108,0.138,1
UPF1,0.0022726387395802794,-0.15209456851834235,0.088,0.116,1
ARPC1A,0.002284834483984333,-0.11847985280740392,0.144,0.18,1
TNIP1,0.002286013067093982,0.3432476177197039,0.369,0.36,1
FBXL14,0.0022874189990913156,0.4918327940533871,0.071,0.052,1
NETO2,0.002287776338362333,-0.5914402056754673,0.034,0.05,1
ZNF789,0.0022897956770397423,0.5578475955278781,0.106,0.084,1
AC109587.1,0.002294304248617203,0.7040924777643391,0.087,0.067,1
MT-ND4L,0.0022964567509574543,0.07817119099219916,0.907,0.901,1
GTF3C6,0.0022992759749475736,0.6931343855755454,0.053,0.036,1
HNRNPK,0.0022997434417328525,0.24323407570040123,0.485,0.492,1
SNIP1,0.0023006306148614587,0.5584350907631854,0.148,0.126,1
ADAMTS6,0.0023095424985137996,-0.42746538325422057,0.036,0.053,1
TUBD1,0.002317770437480541,-0.061817028987884326,0.069,0.093,1
BTLA,0.0023301230592834613,-0.10231921274983247,0.064,0.088,1
CCDC25,0.0023467624977910016,0.6310491396423821,0.082,0.062,1
ZADH2,0.0023490283143701995,-0.22289959703160367,0.065,0.088,1
RAB11FIP3,0.0023596616262358183,-0.17062850326385104,0.102,0.131,1
ZNF84,0.002360051786770555,-0.1934412613022145,0.097,0.125,1
AL591895.1,0.002368473658484335,-0.20203587600584605,0.127,0.16,1
C11orf54,0.0023829777200911903,-0.17996418149465887,0.064,0.087,1
ABRAXAS1,0.0023870524539594843,-0.24836306422246457,0.055,0.077,1
PRNCR1,0.0023917435001512975,-0.36010762853350187,0.041,0.059,1
EML2,0.00239271031544859,-0.19114627705630438,0.048,0.068,1
PDZD8,0.0024040925095709874,-0.10318452278064275,0.206,0.248,1
PGM1,0.002407632886125578,-0.16770674000064245,0.091,0.118,1
GALM,0.0024206502992408525,-0.10321334590042469,0.203,0.244,1
DNAJC10,0.0024255435757630246,-0.09762514415544199,0.144,0.178,1
ARHGAP10,0.0024392399970916997,-0.13513015612829873,0.18,0.218,1
DLG3,0.0024414984863105017,-0.18125981543537062,0.045,0.064,1
ELP6,0.0024498378917889173,-0.27298328167477015,0.049,0.069,1
GIGYF1,0.002460849631842391,-0.15017399765876127,0.102,0.132,1
SEC11C,0.002461023466261086,0.5524983899593742,0.161,0.138,1
UEVLD,0.0024667230032153235,-0.24452194614414657,0.058,0.08,1
PRDM1,0.0024966603389186422,-0.07245476840972953,0.36,0.418,1
SNAPC1,0.0024967245048540033,-0.2319075452068753,0.042,0.061,1
NDUFV1,0.0024968955583110743,0.5076445371505107,0.166,0.143,1
EP300,0.002499672544397797,-0.0753902717399394,0.414,0.482,1
TFIP11,0.002500378014735777,0.8195779778621817,0.065,0.047,1
LMAN2,0.002506949803044686,0.569498861401013,0.129,0.106,1
TNFRSF10D,0.002507873441454547,-0.20864771950855276,0.046,0.066,1
COPG1,0.0025250675336716006,-0.1381295776504634,0.09,0.117,1
VRK3,0.00253637163795745,-0.19543422825275036,0.092,0.12,1
PTPN7,0.002547105448248255,-0.11999488301503858,0.12,0.153,1
DNM1L,0.0025558605722112515,-0.07886740088620048,0.264,0.315,1
CCNL1,0.0025688498605970674,0.17823265790359577,0.74,0.762,1
LANCL2,0.0025729267094414927,0.4642137489940667,0.199,0.174,1
CLSTN3,0.0025739618818955722,-0.3488331925885717,0.053,0.074,1
PUS1,0.002575439897023355,-0.4021607866426944,0.034,0.051,1
FDPS,0.0025755887167013083,0.5374357944094394,0.107,0.085,1
PDCD6IP,0.00259083729936606,-0.012332942284555393,0.383,0.455,1
EPRS,0.00259104237600373,-0.10699877198485547,0.212,0.255,1
LEMD3,0.002605458513624084,-0.04854255941600448,0.233,0.279,1
MTRF1,0.0026102593868578697,-0.24301175898535643,0.05,0.07,1
GDI1,0.0026115544332266636,-0.17212572895076628,0.07,0.094,1
GLS,0.0026124074497210796,-0.08181691328417173,0.76,0.831,1
CRTC2,0.0026231613839515023,0.7305789161609564,0.052,0.036,1
MFSD8,0.002623928101216783,-0.04641052460459083,0.201,0.244,1
ABT1,0.002627729416794511,0.7495975816876284,0.057,0.04,1
ATF2,0.002630340776271028,-0.09000100625796137,0.387,0.448,1
MDM4,0.0026316683200066525,-0.06968218786445268,0.443,0.52,1
AC104035.1,0.002641167870146484,0.6215372143788926,0.058,0.041,1
XRCC6,0.0026501217860576483,0.38597365813133777,0.332,0.319,1
ASPH,0.0026565960063666518,-0.21533746859928693,0.167,0.202,1
YWHAZ,0.0026835026917744463,-0.0457372764044659,0.663,0.755,1
NOP14,0.002684156814596231,-0.184172173971761,0.109,0.138,1
FO393401.1,0.0026842908374773034,-0.015766125242959506,0.063,0.087,1
ALG9,0.002686705532048914,-0.17035815581101654,0.104,0.133,1
UHRF1BP1L,0.002733423019816229,-0.07074133043253727,0.194,0.234,1
ZNF398,0.0027387353416283644,-0.11788367881817763,0.095,0.122,1
PUS10,0.0027509099003315647,-0.2592077529468195,0.039,0.056,1
RABEPK,0.0027573288204424335,-0.22972234069430986,0.05,0.07,1
HIST1H2BD,0.002762584411687945,0.6898982119534516,0.073,0.054,1
ATP5F1B,0.0027716193051987377,0.5043568966197427,0.163,0.14,1
AP2A1,0.0027786365994912155,-0.3636082732219683,0.053,0.074,1
CAPZA2,0.0028080779526579434,-0.07567561027166636,0.28,0.332,1
RANGAP1,0.002827028806968947,0.5352864699180129,0.172,0.15,1
TARBP1,0.0028331801007805977,-0.08786852818109503,0.188,0.229,1
KLHL32,0.0028518274848884323,-0.3464392475642193,0.056,0.076,1
SBK1,0.002858099379044696,-0.3840341152878155,0.036,0.053,1
ADAM22,0.0028659167953467807,-0.44743400656821475,0.063,0.084,1
TDRD7,0.002886420591125758,-0.006089711976149825,0.11,0.141,1
TUBA1B,0.0028901615640361837,0.5082520104954893,0.115,0.093,1
KLF6,0.0029037378166623697,-0.04544249192192429,0.501,0.576,1
FGGY,0.0029086583177558687,-0.28682989738018305,0.058,0.079,1
PSMA4,0.0029536415482795363,-0.13681034932993774,0.096,0.124,1
ACSL5,0.002959656666901918,-0.1232430148962913,0.095,0.123,1
LAT,0.002960171114503003,0.43545620710592814,0.197,0.174,1
PUF60,0.0029639747594229697,0.6334954022426804,0.064,0.047,1
AL109811.2,0.0029643851056529473,0.7394116801121666,0.051,0.035,1
NDUFB6,0.0029825162242193975,0.6578428519710411,0.097,0.077,1
FAS,0.0029962695513769686,-0.019034518523807997,0.187,0.233,1
LNPK,0.003018695773847557,-0.14403339594051934,0.18,0.215,1
TRADD,0.003027825698381556,0.45528531157042806,0.169,0.145,1
MCM9,0.0030417466379977155,-0.08704999135527913,0.356,0.41,1
GNAI3,0.0030458661685256526,-0.11363310779457636,0.208,0.251,1
AC005562.1,0.0030479335853173554,-0.3670114802427016,0.068,0.091,1
PML,0.0030662948254492964,-0.13255425041012137,0.063,0.085,1
AL133330.1,0.003087473478040683,-0.21359655688874302,0.045,0.064,1
ELAVL1,0.003089379782132474,-0.07182820308286253,0.131,0.166,1
HNRNPC,0.003093434249426814,0.1435582076090256,0.77,0.8,1
S1PR4,0.0030952618151581916,-0.1715107925981465,0.118,0.149,1
ACTR2,0.0030956534028752677,-0.04056998198544415,0.68,0.755,1
SGSM2,0.003121997892050435,-0.1734500387979523,0.083,0.11,1
CCDC6,0.0031230396601446488,-0.09190319757874882,0.214,0.255,1
RAB5A,0.003138105333910515,-0.04711547907971855,0.302,0.358,1
GFPT1,0.0031396564298904724,-0.10893190297803701,0.17,0.207,1
ARHGEF9,0.0031529708184785616,-0.20459384809919134,0.089,0.114,1
RBM25,0.003155837945844674,0.16383750615453518,0.624,0.64,1
ZMAT2,0.0031633156183107003,0.5536869506271465,0.096,0.075,1
FBXO28,0.0031896371763571935,-0.037338011409092486,0.213,0.257,1
WTAP,0.0032065298222753937,-0.07945848443203474,0.595,0.678,1
AP4E1,0.003210887687601745,-0.05589037217712561,0.173,0.212,1
PGGT1B,0.0032174570242498642,-0.09016590952755682,0.209,0.252,1
DCTN4,0.0032191647130766178,-0.07150838790688976,0.247,0.294,1
HPGD,0.003222768673153144,0.7755548081802406,0.099,0.078,1
AGO2,0.003234121057669787,-0.016625600107257554,0.36,0.425,1
DNM3,0.0032505699455827814,-0.39097810689637,0.088,0.112,1
NSRP1,0.0032574452513479267,-0.020892637550298243,0.322,0.381,1
NADK2,0.0032610778575687875,-0.2229322934005551,0.092,0.117,1
RRP12,0.0032807335463489566,0.6425519978168586,0.063,0.045,1
PSMC3,0.003288568016657235,0.6682727252032712,0.067,0.049,1
MAP4K2,0.003340074330038254,-0.15376790080369207,0.12,0.151,1
OTULIN,0.003342566968526571,-0.11563956585773999,0.194,0.235,1
CGRRF1,0.0033430471078001573,0.5951446039082022,0.132,0.111,1
LMNB1,0.003364394197158964,-0.06897382319830392,0.068,0.091,1
TRABD,0.00336800680237434,-0.07818898564401522,0.181,0.222,1
C1S,0.003373155189958813,-0.47556760840074297,0.035,0.051,1
SLC25A16,0.00338190611411594,-0.17643296024476185,0.154,0.188,1
AL096803.2,0.0033870930404626257,-0.3512650488845437,0.047,0.066,1
NUS1,0.003394731794693702,-0.06058190615426662,0.168,0.207,1
WDR5,0.0034345954213049834,-0.2219798043210841,0.049,0.068,1
L3MBTL1,0.0034364698692108194,-0.16937674572273975,0.039,0.057,1
FAM162A,0.003460782898217517,-0.10894344179666937,0.131,0.162,1
TSPAN5,0.0034660952408900846,-0.18346352420962564,0.304,0.343,1
CLPP,0.0034866733151837255,0.5820376814441701,0.061,0.045,1
TSC22D4,0.0035039592085788357,0.46377947026254973,0.109,0.088,1
SNRPD3,0.003504756758348588,0.5948085949524384,0.073,0.055,1
HDAC2,0.0035365861178771815,-0.10801289909201872,0.144,0.177,1
MRPL9,0.0035388845401418964,0.684598647285072,0.075,0.057,1
RSPRY1,0.0035428506670023975,-0.05040418349376452,0.133,0.167,1
NAGK,0.003550350126580799,-0.2686794333569864,0.053,0.074,1
EIF2AK3,0.003559287791490048,-0.053872414939187846,0.274,0.324,1
ATP1A1,0.0035615982212931882,0.23952910464617905,0.433,0.429,1
SEC16A,0.003585217016336991,-0.056892024348206505,0.145,0.181,1
NSMAF,0.003590062077812344,-0.07746171672156466,0.284,0.333,1
SDHA,0.0036142343289599444,0.33042376100555193,0.31,0.291,1
SAMD9,0.0036199681390949854,-0.04375343989992597,0.15,0.187,1
AL078581.4,0.003658290163626485,0.8548197551229646,0.054,0.038,1
RSBN1,0.0036584819851888653,-0.04244294896360723,0.362,0.428,1
NFE2L1,0.003659184849796235,-0.16706228291201297,0.045,0.064,1
GMEB1,0.0036647808849141774,-0.21424955170674487,0.058,0.079,1
GABPB1-AS1,0.003665144192524322,0.006948862994336336,0.323,0.383,1
SLC4A5,0.0036773018588851796,-0.13468551629761905,0.097,0.125,1
SIN3B,0.0036793744843394744,-0.11441224805860006,0.075,0.1,1
SFXN1,0.0036979776316147933,0.22071037081226064,0.522,0.52,1
CITED2,0.0037045938191480493,0.6373707732231644,0.077,0.059,1
LGALS1,0.003717334463682676,0.46669069698763477,0.149,0.125,1
CLDND1,0.003719098168242157,0.28865199540093467,0.37,0.36,1
HACD2,0.003719794237383869,-0.07738519903761876,0.13,0.162,1
POLI,0.0037298399638548327,-0.4027639092106119,0.037,0.054,1
PSMB8,0.003751151761411992,0.4718630643432131,0.14,0.118,1
PFDN2,0.0037558925921408856,0.6057504900951787,0.106,0.086,1
BAZ2A,0.003778705684331853,-0.11597689035236358,0.252,0.3,1
ATG4B,0.0038192280034081345,-0.05505503543800816,0.107,0.136,1
TBC1D22B,0.0038213420920072917,-0.09218983680641957,0.119,0.149,1
MLKL,0.003825909558077515,-0.19287908467930048,0.061,0.082,1
SS18,0.0038337095139443895,-0.05854030137007993,0.3,0.357,1
AL355916.1,0.0038490438159658217,0.3843925346267272,0.169,0.146,1
TTF2,0.00384930318750295,-0.12149286176535279,0.116,0.146,1
BCAS2,0.0038576840588019894,0.3920061621141815,0.194,0.168,1
UCHL5,0.0038627071754388535,-0.10901955195476565,0.129,0.16,1
ZDHHC17,0.0038840239622798364,-0.08761339490738079,0.328,0.382,1
TUBB4B,0.003890261818509175,0.7083396449615202,0.057,0.041,1
DHX36,0.0038917722284082987,0.2344640297842906,0.552,0.564,1
ARHGAP1,0.003941068986984905,-0.17485136909389043,0.101,0.129,1
TPP2,0.003974649489829843,-0.04833642567733554,0.628,0.699,1
PAQR3,0.003982925521467193,-0.07404477895010286,0.069,0.092,1
ACO1,0.004007451722969039,-0.23850988661792494,0.053,0.074,1
RNF11,0.004010008906264576,-0.11659303728446258,0.125,0.156,1
ZNF22,0.004026671056879555,0.7683122027768206,0.056,0.04,1
USP36,0.004030928928110547,0.30282850899122343,0.385,0.377,1
ST6GALNAC6,0.004040604696950098,-0.32324016690555224,0.048,0.067,1
SYS1,0.004062162521011275,0.7067416222367084,0.067,0.05,1
RNF14,0.004063919870078051,-0.21495121590331445,0.059,0.08,1
SOCS4,0.0040759709117322495,-0.20205582565736546,0.095,0.123,1
RNF169,0.004084711814477032,0.01890928971952592,0.257,0.309,1
LRP2BP,0.004102782240963432,0.5926346289151119,0.082,0.063,1
SPICE1,0.00412653379840791,-0.3216633998629459,0.062,0.082,1
ZNF433-AS1,0.004143426294368435,-0.02655901404797656,0.098,0.125,1
WDR45B,0.0041795215634963315,-0.12961770844440723,0.119,0.15,1
TRAF3IP2-AS1,0.004179900214517222,-0.12499013592736644,0.2,0.235,1
ERFL,0.004182281910240419,0.8181732030527176,0.05,0.035,1
WDPCP,0.004190503280942618,-0.21327246003345768,0.352,0.388,1
KIAA1958,0.004190730739515206,-0.3873867943086773,0.061,0.081,1
PIM2,0.0041916604322990445,-0.11549715657563664,0.124,0.156,1
VAC14,0.004192436944857336,-0.03274165258680106,0.148,0.182,1
AL627171.2,0.004198808150765949,0.41807925966957304,0.089,0.07,1
VPS52,0.004209747252822417,-0.2977986870441538,0.046,0.064,1
PDXK,0.004246378103871636,-0.22619312887138454,0.061,0.082,1
SLC25A37,0.00424658140117244,-0.04541975615542193,0.103,0.132,1
CEBPD,0.004260111155170252,0.7813412095394692,0.054,0.039,1
SMARCA5,0.004265933201229364,0.22200467262772144,0.419,0.408,1
MEGF6,0.004291749422491517,-0.32080281119779164,0.046,0.065,1
MTCH1,0.004317206555043228,0.43133769924090454,0.22,0.202,1
TG,0.00432887402444156,0.5363421528474293,0.126,0.104,1
ZBTB10,0.004333991306597591,0.4672171995187227,0.211,0.191,1
TCF7L2,0.0043524712237769814,-0.23429722720739088,0.064,0.085,1
ZNF91,0.004356740920637016,-0.019375649397881833,0.359,0.428,1
RAB1A,0.004367471570438322,-0.0697686620364174,0.435,0.504,1
SREBF2,0.004378963312045018,-0.0982033876355099,0.325,0.377,1
CASP4,0.0043904948957942365,-0.0855999402376526,0.133,0.166,1
ZFC3H1,0.004396601481304677,-0.07691086046226348,0.587,0.656,1
ANGEL1,0.0044147053181720864,-0.3100357118003694,0.042,0.059,1
FGL2,0.004423531757503885,-0.1575565433321493,0.094,0.12,1
NDUFA6,0.004432405896386506,0.7111254144512169,0.066,0.05,1
PIK3C2A,0.0044370767620173675,-0.013647239951897094,0.349,0.404,1
PAPOLG,0.00444269252039193,0.040449055228379494,0.151,0.188,1
NME9,0.0044936201585119365,0.8784761726238259,0.058,0.043,1
MAST3,0.004496637562660077,-0.48563703099835953,0.044,0.061,1
SLC38A6,0.004503401621253235,-0.2070323608248783,0.13,0.16,1
C10orf88,0.004554906481254853,-0.19564345792621163,0.058,0.079,1
GALNT1,0.0045553878661395856,-0.09172810557222649,0.172,0.207,1
UNKL,0.004558316996168027,-0.13179735985617658,0.105,0.133,1
PHLPP2,0.0045818915653143165,-0.08352383404674368,0.103,0.131,1
TDP2,0.0045905063624944965,0.3926384036176892,0.19,0.168,1
AP003327.2,0.004593399020243442,-0.30607398067866276,0.046,0.064,1
ZNF790,0.0046321930750944035,-0.268488263508742,0.042,0.06,1
CUL4B,0.004636528666016749,-0.1361750153090091,0.112,0.14,1
LCMT1,0.004645506070367013,-0.16448257502902708,0.096,0.122,1
ZMPSTE24,0.004648032263221492,-0.23951049505458433,0.085,0.109,1
FAM98B,0.004682852414027742,-0.0781528323659968,0.175,0.213,1
MAN2C1,0.004700233108787871,-0.13909965135679236,0.081,0.104,1
MAPK14,0.004712724350005394,-0.0175021610164372,0.422,0.489,1
PPP1R35,0.004716804343004745,0.6148848283348778,0.101,0.082,1
AHCTF1,0.004726080234349181,-0.030382739621924504,0.489,0.572,1
CYTH4,0.004735221840651761,-0.13960696366425007,0.097,0.124,1
NAA16,0.004737392910908096,-0.049844129786351665,0.309,0.366,1
FLNA,0.004779436770834625,0.23743554751179785,0.447,0.446,1
IARS2,0.004785335190608869,-0.18193416279138952,0.176,0.211,1
AC008735.2,0.004786692472816609,0.6701976407442376,0.078,0.06,1
WDR48,0.004787500233201425,0.24104784838448712,0.432,0.422,1
BRIX1,0.004802963648707308,0.6574159425177664,0.105,0.086,1
CCDC50,0.004805870318547124,-0.21173312869857575,0.059,0.08,1
ARID4B,0.004815090438625237,-0.022189757030949497,0.87,0.923,1
TMED5,0.0048152730997745455,-0.027171350994782358,0.257,0.307,1
CCDC174,0.004817799369834499,0.4627562549012363,0.149,0.128,1
SHKBP1,0.00485641896558532,0.695910972813556,0.066,0.049,1
SERPINB1,0.004864186543782898,0.3842192396178217,0.194,0.173,1
AGO1,0.004874936583589745,-0.18103785574534492,0.078,0.103,1
DPY19L3,0.004889423133554919,-0.4495272454643877,0.037,0.053,1
ARID4A,0.004893686099070659,-0.02744747211503551,0.455,0.526,1
FBXW2,0.004919193577094704,-0.022985810174946497,0.181,0.221,1
CWC22,0.004933545832602926,-0.04183602421207744,0.117,0.147,1
GPR65,0.004935337877388368,0.6086292263582052,0.1,0.081,1
IFI6,0.004943154990777545,0.6554679920504758,0.062,0.046,1
TSPAN32,0.0049504698635056,-0.33042609744662954,0.054,0.074,1
AKIRIN2,0.004976558562639955,-0.12176235089626963,0.147,0.18,1
ABHD13,0.004992956185350712,-0.12117655226624957,0.129,0.16,1
MBD3,0.005022437414436432,-0.37654926845380965,0.036,0.052,1
EXOC7,0.005028155149459649,-0.24049593579882744,0.058,0.078,1
GOPC,0.005028899004498295,-0.0794696814636196,0.204,0.246,1
PSMA6,0.005066632681370286,-0.11454960242299034,0.213,0.254,1
CCND2,0.005099602023328972,-0.03213204862390584,0.333,0.394,1
DHRS7B,0.005105988639714627,-0.1876992758633007,0.071,0.092,1
MARCH6,0.005135831847736725,0.15750341664950307,0.679,0.71,1
MAML1,0.0051447992074225,-0.10472433372058199,0.146,0.178,1
PAK1,0.00516682463401118,-0.23077686778545647,0.044,0.062,1
CD40LG,0.005175469950259127,0.4794731318598078,0.108,0.088,1
ZNF276,0.005175581525244401,-0.10867375253079059,0.14,0.172,1
PRRC1,0.0051852698908121456,-0.2165228656766114,0.122,0.149,1
P2RY8,0.0051951928782177715,0.11732540345537368,0.709,0.718,1
REX1BD,0.0052106205135960286,0.4856052408345164,0.121,0.1,1
MRPS23,0.005212333298630795,0.5999895320326822,0.059,0.043,1
TACC1,0.005218271762557392,-0.02831370739275929,0.34,0.399,1
PPAT,0.005220802376895281,-0.25325465819646675,0.059,0.079,1
LRRC41,0.005228298008820681,-0.16119713067149677,0.072,0.095,1
LINC01393,0.005241705617267518,-0.3798673653701754,0.047,0.065,1
CTSS,0.005248522850162472,-0.09265913020709182,0.485,0.551,1
TLK2,0.005268900402425863,-0.02862247775156157,0.412,0.484,1
POLR3A,0.00528581615101421,-0.13509514246009302,0.071,0.094,1
ZNF441,0.005334128890614881,-0.2555394044972594,0.061,0.081,1
UBE2D1,0.0053416523680452944,-0.22900847411976333,0.062,0.082,1
PRPSAP2,0.005344497995078165,-0.10321833212115084,0.095,0.122,1
TGDS,0.0053750167080059245,-0.18927879030522554,0.059,0.079,1
STUB1,0.005386037022497389,0.5738149459677113,0.082,0.064,1
CTNND1,0.005408133943097037,-0.16439869330562562,0.092,0.117,1
EIF4B,0.0054325878367799596,0.22813612468006672,0.449,0.45,1
AIMP1,0.005447489557275643,0.32290768507421286,0.286,0.267,1
FUT11,0.005470833295566192,-0.18481499489780617,0.041,0.058,1
DLEC1,0.005498370751415398,-0.2865770514353265,0.053,0.071,1
PPA1,0.005504165808338195,0.3396104478509111,0.193,0.169,1
FAM76B,0.005510044950754851,-0.07110979880331103,0.197,0.237,1
URGCP,0.005524578279315172,0.027801344877962597,0.112,0.142,1
XPA,0.0055351438016040715,0.4722704251984866,0.184,0.163,1
STK11,0.0055574418741318864,-0.3597852359191127,0.052,0.07,1
HPS1,0.005561073780011467,-0.1767126117888711,0.081,0.105,1
DELE1,0.005567215270622729,-0.2008978902875982,0.07,0.091,1
CTSH,0.005584340774161069,-0.25450910845034524,0.065,0.086,1
HPS5,0.005613544689788694,-0.09701860131905082,0.072,0.094,1
ERCC1,0.005632287767793247,0.6989488542161504,0.074,0.057,1
CEP120,0.005654606267688827,0.23880418367518463,0.398,0.381,1
CNNM3,0.005657997342993561,-0.12901386328319475,0.085,0.109,1
TRPV2,0.005751660147829776,-0.13677333759257815,0.068,0.09,1
FCER1G,0.005762892434881035,0.6601270124552507,0.054,0.039,1
SLC15A4,0.005765156407935099,-0.17892691117144777,0.052,0.07,1
SREBF1,0.005767666835455766,-0.22174599413458873,0.056,0.075,1
NIFK,0.005769730582169295,0.6458845369038742,0.101,0.082,1
OSTC,0.005778568384927744,0.6429333718894739,0.106,0.087,1
SUMO3,0.005805447828063448,0.6365240723956793,0.061,0.045,1
NDC80,0.005817658244265428,-0.14695332434498276,0.053,0.072,1
DNAJC2,0.005821955644920668,0.4035499697285188,0.255,0.237,1
FAM228B,0.005841827269839995,-0.12447306348276688,0.094,0.119,1
RBSN,0.005880080226982988,-0.07261132329909392,0.114,0.143,1
TIGIT,0.005880669455247267,-0.42149513414315587,0.036,0.051,1
CDKL5,0.005881945296978603,-0.12337910554305465,0.06,0.08,1
KLC1,0.005899129965983612,-0.05867008687439046,0.365,0.422,1
EIF4E,0.005906805381495971,-0.05907223664233591,0.191,0.229,1
RBM19,0.005918054286532829,-0.14343844831970942,0.151,0.184,1
ZHX3,0.0059564876786979545,-0.22376140268418476,0.083,0.106,1
SNW1,0.0059741375418033045,0.3084053855187638,0.325,0.314,1
RRBP1,0.006001284820378329,-0.1359380030956734,0.118,0.146,1
DLGAP1-AS1,0.006003146052617315,0.7853723517253499,0.055,0.04,1
WASHC5,0.006036874947852208,0.039895053931821356,0.199,0.242,1
DNAJC19,0.006053281317853512,0.6509170507704534,0.055,0.04,1
DIPK2A,0.00610245023153027,-0.21843968313476125,0.066,0.086,1
PCYOX1,0.006143939452675399,-0.19181551612332282,0.079,0.102,1
MTHFD2L,0.006160645629825368,-0.21701411658890413,0.058,0.078,1
ACOT13,0.0061703502059254085,0.6348586990284719,0.072,0.055,1
RNF167,0.0062601654725611385,0.6443721461119241,0.067,0.051,1
RAC1,0.006268068718239434,0.44126972252954955,0.195,0.176,1
KANSL1,0.0062685763382613335,-0.04415201456260798,0.725,0.788,1
L2HGDH,0.006272289095416691,-0.25825528897808825,0.042,0.059,1
ANKRD33B,0.006299015867695271,-0.23977432516143704,0.052,0.07,1
PDE5A,0.006331333907473867,0.3342452022751248,0.092,0.073,1
TAB3,0.0063451258060234494,-0.03644780375478529,0.175,0.212,1
IL21R,0.006400100473889985,-0.1200401694169333,0.112,0.139,1
FBXL5,0.006404173490237669,-0.07718108942963775,0.347,0.4,1
PLXNA3,0.006410880658725095,-0.38775240624596785,0.043,0.059,1
SNHG17,0.00642183364759677,0.7309114642642425,0.054,0.04,1
UBXN7,0.006463329184880435,0.04765407217162648,0.257,0.311,1
HPS3,0.006466799718417516,-0.16422617865391786,0.082,0.105,1
RNH1,0.006479504111010655,0.48605712479611296,0.109,0.09,1
SEC22A,0.006487885355586569,0.06899203844981211,0.232,0.277,1
ABHD14B,0.006539677768415243,0.6548519667157762,0.056,0.041,1
TECR,0.006572676017776433,0.45435124849586334,0.228,0.211,1
ZCCHC10,0.006583621556538914,0.017426882220743956,0.1,0.127,1
ZFX,0.0066145925889760536,-0.09523876364734896,0.19,0.227,1
STK24,0.006624498636200816,-0.039601665220053595,0.437,0.503,1
ASTE1,0.006642780714813559,0.5771588485507952,0.091,0.073,1
MTMR2,0.006657367422341864,-0.12962348700054327,0.093,0.117,1
POLR1D,0.006687016308786041,0.4106567408246584,0.18,0.157,1
SMURF1,0.0067164158995315125,-0.048923853021188124,0.285,0.326,1
PRKN,0.006735191162074465,-0.13764391484431004,0.396,0.433,1
FOXK2,0.006761261303122179,0.020217557635442418,0.204,0.246,1
RBM15,0.006774884141956251,-0.17322134540175593,0.059,0.079,1
ILF3-DT,0.00678006071378399,0.595824874381019,0.077,0.059,1
TBC1D10C,0.0068246212745232395,-0.12200383009671445,0.158,0.191,1
AF117829.1,0.006861408090179378,-0.21969870610091036,0.069,0.09,1
ST13,0.0068744789150531616,0.48412331949151943,0.166,0.146,1
WDR81,0.006973866336611043,-0.32412760524399253,0.044,0.06,1
FAM199X,0.006989798224886018,-0.03875857118618842,0.096,0.122,1
MKNK1,0.0070047377365612794,-0.06289342957971855,0.1,0.126,1
ZBED5,0.0070089811876765384,-0.0033090640937942783,0.148,0.182,1
WDR75,0.007009439717774055,-0.07174746570922091,0.247,0.293,1
CCR4,0.0070252907037642075,0.561293771628711,0.112,0.093,1
TPM3,0.007097340911069515,0.307548762665772,0.388,0.39,1
DHRS3,0.0071093252792268765,0.256191442599526,0.29,0.271,1
ZCCHC14,0.007117206348888263,-0.09943263453864026,0.103,0.13,1
ZNF417,0.00714101688910514,-0.17356238960646708,0.039,0.055,1
PUS7L,0.007144668719114942,0.009054159384189076,0.126,0.157,1
FAM169A,0.007156175945308015,0.405448033390337,0.245,0.227,1
RNF149,0.0071579239665804165,-0.026236618136800338,0.718,0.782,1
CLK3,0.007164761512652193,-0.21059032927434762,0.058,0.078,1
HDAC3,0.007169634855852913,-0.16874722833260014,0.045,0.063,1
AAR2,0.007215836456386618,0.47568661513515265,0.124,0.104,1
SLC35D1,0.007220798793371162,-0.010226779837298805,0.137,0.168,1
WDR4,0.007226045922453814,-0.24919629080669115,0.056,0.075,1
RAB2A,0.007238435765416436,-0.051398738690954904,0.548,0.61,1
THOC5,0.007252214655659776,-0.2855652586320332,0.046,0.063,1
AP000331.1,0.007261635529072824,0.4742051369729001,0.142,0.121,1
MTMR9,0.007306802212272348,-0.03596650381945965,0.175,0.212,1
GPI,0.007321162619082246,-0.16344307744531417,0.112,0.139,1
ATP8B1,0.007372505167854564,0.05812148906174164,0.075,0.098,1
CMC2,0.007379910974960231,-0.07786485840543533,0.129,0.157,1
IDH3B,0.007486100263693343,0.6190480035866399,0.105,0.087,1
AL139021.1,0.007502323028185857,0.62562332674718,0.051,0.037,1
GOSR2,0.007539878228221167,-0.03131722876212795,0.191,0.229,1
EXOC3,0.007550054800497246,0.00850048585154295,0.096,0.122,1
TEX10,0.007558319493873738,-0.054496203809047516,0.113,0.141,1
SEC14L2,0.007560637845869659,0.7210051313012513,0.085,0.068,1
FOXK1,0.0076448728718302205,-0.012220929006915515,0.242,0.286,1
PRDX4,0.007654902335970098,0.6342985624394637,0.061,0.045,1
GNL2,0.007691026852013962,-0.23764198290437877,0.048,0.066,1
PURA,0.0077517469030487585,-0.028497829493394383,0.231,0.274,1
AC007780.1,0.007797845470432375,-0.040088666334440415,0.074,0.096,1
ZDHHC3,0.007801883092310622,-0.10544633780690793,0.089,0.112,1
RIN3,0.007875680766437963,-0.002738097724406363,0.225,0.268,1
THOC7,0.007881250882001206,0.5424339263496614,0.081,0.064,1
TMEM161B,0.007885101770775827,-0.011736851597372422,0.323,0.377,1
USP53,0.007892261606134742,-0.09720425168289054,0.271,0.312,1
ZNF257,0.007923328963354967,-0.07507388438009333,0.053,0.072,1
ZNF622,0.007955816331751638,0.6679984479883765,0.091,0.074,1
AC009879.4,0.007979283272275815,-0.2545978046218287,0.04,0.056,1
B3GALT4,0.00802032391936014,-0.2927734773352779,0.036,0.051,1
TGFBRAP1,0.008029194829406542,-0.2186160820997527,0.074,0.095,1
MCCC2,0.008047488464230885,-0.05299043820252458,0.183,0.219,1
MPHOSPH10,0.008063364627475348,0.42720768906616446,0.166,0.145,1
PXN,0.008064579305165125,-0.04596271504422966,0.237,0.285,1
UBLCP1,0.0080668408309542,-0.12142080253933041,0.094,0.118,1
G3BP1,0.008067040061833551,-0.0795547317277201,0.447,0.516,1
HSF5,0.008080304807440845,-0.22132635486679764,0.04,0.056,1
ZRSR2,0.008114522171187834,-0.1750971820584013,0.107,0.132,1
PPP2R2A,0.008119442242316399,-0.029111240289628748,0.443,0.51,1
CPEB4,0.008139665442957886,-0.02760729101895021,0.171,0.205,1
EMC3,0.008210401760705874,0.371624992331139,0.193,0.171,1
AC090772.1,0.008222626882115036,0.525601952460637,0.086,0.068,1
ACAT2,0.008232473227371787,-0.16399109963430814,0.056,0.075,1
CRYL1,0.008249729706003649,-0.10704869345445367,0.076,0.098,1
RNASEH1,0.008271833629322597,0.48271028883669476,0.165,0.146,1
ARL6IP5,0.008277862344168538,0.1763553703263816,0.5,0.508,1
RCC1L,0.008286582505553303,-0.23312252771988584,0.086,0.109,1
DSTN,0.008319178760308394,-0.18268785190113163,0.194,0.228,1
NFU1,0.008358326837723655,0.43889517472030504,0.15,0.129,1
PDZD2,0.00838327512163412,0.767360879694694,0.062,0.047,1
PRDX6,0.008417020105086482,0.4661299652036446,0.125,0.105,1
VASP,0.008423608822822082,-0.20102358766687223,0.064,0.084,1
PPP5C,0.008443557430444124,-0.27027477629519714,0.036,0.051,1
SNHG1,0.008446129599671613,0.5253691866811734,0.148,0.129,1
NCOA5,0.00846507457872092,0.3219425836588906,0.271,0.254,1
YRDC,0.008491038487443819,0.7017743775300622,0.051,0.038,1
CYB561D2,0.008501712722239237,0.7756816207843813,0.056,0.041,1
CYB561D2.1,0.008501712722239237,0.7756816207843813,0.056,0.041,1
SLC35B3,0.008509184609701487,-0.16795185712849037,0.065,0.085,1
NUP50,0.008543929266617237,-0.026337250593356787,0.133,0.164,1
BAG3,0.008550965447800957,-0.2078645365078322,0.073,0.094,1
LANCL1,0.008568075433627117,-0.030192136948483522,0.223,0.264,1
NEK4,0.00857843154725481,-0.16502312688520515,0.044,0.06,1
AMY2B,0.008578832482321806,-0.18553141885903845,0.075,0.097,1
UTP4,0.008625143978877852,-0.02859055681696132,0.063,0.083,1
CSNK2A1,0.008631641734394666,-0.06583848082225882,0.241,0.285,1
JKAMP,0.008653121360451137,-0.09940085212891336,0.051,0.069,1
RAD23A,0.008661892713839619,0.4741009799010001,0.143,0.125,1
CCNL2,0.0087087943370647,-0.061997114540128906,0.206,0.245,1
TCAF2,0.008770737170258194,0.4190708887572294,0.125,0.105,1
PKD2L2,0.008812020623742613,0.7063658066348641,0.08,0.063,1
SNUPN,0.008830717116567556,-0.3204464909170359,0.037,0.052,1
SAMD4B,0.00883668928201413,0.08080906372199737,0.105,0.133,1
CCZ1B,0.00885362044587776,0.5620839589270725,0.126,0.109,1
ZNF92,0.008895358730239215,-0.19448355936276118,0.119,0.145,1
ACAT1,0.008913706163109688,0.453504253688886,0.141,0.121,1
DIS3L,0.008934699903727458,-0.12039666240700164,0.123,0.151,1
PSMD14,0.008935224545294083,-0.038673167338844794,0.193,0.23,1
EPHX2,0.008938176797346873,-0.18421044819957189,0.072,0.093,1
AC025165.2,0.008955297645270132,0.6420232322640229,0.083,0.066,1
TPP1,0.008982929221105601,-0.15210362085254148,0.087,0.11,1
SLC49A4,0.00902581399525612,-0.025825826488994008,0.164,0.195,1
BACH2,0.009037448529839188,0.09887816502440527,0.768,0.733,1
DUS2,0.009116845451198856,-0.14682160960436041,0.056,0.074,1
SSNA1,0.00911800306950502,0.5281903720999743,0.056,0.041,1
CRIPT,0.009138453926296695,-0.05169827910412628,0.087,0.111,1
LHPP,0.009139359184330328,-0.1427299356138052,0.084,0.107,1
TM9SF3,0.009141037187777474,0.15721719256047817,0.577,0.586,1
PABPN1,0.009185525820241501,0.4857410926064203,0.139,0.121,1
FUBP3,0.009249910809850995,-0.09693742786447646,0.177,0.211,1
MHENCR,0.009261381419245816,0.4456501195664737,0.133,0.113,1
C11orf65,0.009306541726441641,0.3524795577621127,0.137,0.116,1
IDH3A,0.009331088582611249,-0.09368356385483256,0.068,0.088,1
GAS5,0.009415141211126741,0.3334489225312095,0.239,0.221,1
SRSF3,0.009415878289019663,0.21814309841524393,0.38,0.376,1
COPS5,0.009447873366211473,0.5434521954920795,0.114,0.096,1
RNF146,0.009570198979151014,-0.13516762173584596,0.101,0.125,1
AC008105.3,0.009601053305972274,-0.08190372282074498,0.146,0.176,1
VEGFB,0.009645922249566967,0.6768468598325086,0.055,0.041,1
SLC30A9,0.009658237580723917,-0.042423700214988536,0.319,0.369,1
RBAK,0.00968849221017212,-0.026848614959932515,0.085,0.109,1
C18orf21,0.009740868963430287,0.6817250941996864,0.061,0.046,1
MTO1,0.009756296874998589,0.0346571746714508,0.129,0.159,1
GTF2H1,0.009767748704414405,-0.09536135420656522,0.124,0.152,1
CDK12,0.009781511035478174,-0.004797014689584156,0.394,0.46,1
TSTD3,0.009788608208297576,0.3688483759809421,0.153,0.132,1
UCKL1,0.009792527881868227,0.6865440746691016,0.064,0.049,1
NIF3L1,0.009793396260667756,0.683267530818179,0.054,0.04,1
GSKIP,0.009808942872536468,-0.20183354889688454,0.038,0.053,1
MTIF2,0.009834736475064573,-0.140106913480482,0.072,0.093,1
CATSPER2,0.009851867822877329,-0.23256641278921375,0.053,0.07,1
GCH1,0.009883834074382872,-0.14415463906332704,0.119,0.144,1
KANSL3,0.009928669899052674,-0.01394522491909067,0.19,0.227,1
PRKDC,0.009939616918191438,-0.043723402417164214,0.541,0.613,1
TXNL4A,0.009946780565902561,-0.10737783785149513,0.157,0.188,1
EOGT,0.009952151154584005,-0.19481737057001558,0.054,0.072,1
ELOVL4,0.009970866090132981,0.5258378523553953,0.057,0.042,1
XPNPEP3,0.010027089497139484,-0.15665013874545042,0.125,0.152,1
METTL14,0.010027727874261313,-0.09950742131854218,0.145,0.176,1
MARS,0.010050288058702412,-0.12413901158839669,0.093,0.117,1
AIFM1,0.010050449011687257,-0.1351398346418411,0.049,0.067,1
ZNF253,0.010078773961676623,-0.048582101795894506,0.103,0.128,1
DENND3,0.010148550907035122,-0.1352785217899748,0.073,0.094,1
FOXP1-AS1,0.01015653807411955,0.7563786664960723,0.051,0.038,1
PTPN11,0.010161310377881627,-0.0619707787408037,0.218,0.259,1
MAPRE2,0.010166952632761904,0.25714631406925387,0.342,0.321,1
RNF220,0.01017206655321349,0.5515077823065997,0.092,0.075,1
MKNK2,0.010203023506355059,-0.0613351257513004,0.097,0.123,1
VDAC2,0.010267794430078615,0.411457020073547,0.136,0.116,1
NCBP2,0.010279961551812794,0.5571770308346751,0.134,0.116,1
SLC25A28,0.01031709084984573,-0.10911175528800321,0.055,0.073,1
PSMB7,0.01038089572320096,0.26721186846864425,0.362,0.352,1
PDCD2,0.010393224526076397,0.4863098015198333,0.11,0.092,1
UBE2V1,0.01042047084937965,-0.10657078965242628,0.167,0.2,1
CUL2,0.0104610444559216,-0.02396688689308145,0.27,0.318,1
COQ4,0.010488528368283638,-0.18457862636320543,0.049,0.066,1
HDGF,0.010496391462835208,0.5571157902493613,0.09,0.073,1
NBPF19,0.010497940947841669,0.4419337471744531,0.124,0.105,1
POGK,0.01051074925293171,-0.0898149060946769,0.106,0.132,1
DUSP10,0.01053609069176206,0.5696079659300248,0.065,0.049,1
SLC9A7,0.010567634604460443,-0.21865960415727237,0.065,0.084,1
IDS,0.010572614141234934,0.2838048120775908,0.273,0.255,1
NIT2,0.010596322203158181,-0.2444850688657798,0.048,0.065,1
SDF2L1,0.010651449988328369,0.5829216945254498,0.054,0.04,1
MYH11,0.010659915855862121,0.6507215248494109,0.119,0.101,1
AC087190.1,0.01066185029723687,0.6961937179226196,0.057,0.043,1
GBP1,0.010678631695749655,-0.07843525298642273,0.062,0.081,1
PMF1,0.01069129097513333,-0.0552730018672245,0.155,0.189,1
LTBP3,0.010699663106088301,-0.19729026262931892,0.07,0.091,1
DAZAP1,0.010729268352983884,-0.04193071617187871,0.159,0.195,1
GTF2F1,0.010743880364346701,0.4917908307043306,0.089,0.072,1
LYRM2,0.01074633025991332,0.5723073908043219,0.087,0.071,1
TYSND1,0.010782261182637315,-0.28680618096020627,0.038,0.053,1
LIX1L,0.010807446908781083,-0.10708264020189229,0.1,0.124,1
C2orf49,0.010826259984570692,0.5431838736719636,0.097,0.081,1
ATXN2L,0.010827680651265178,0.34432068833919305,0.221,0.203,1
NOP14-AS1,0.010842743041474942,0.5785385637210427,0.071,0.056,1
WARS2-AS1,0.01084428289736113,-0.08789270115756809,0.111,0.135,1
HNRNPAB,0.010846817625244446,-0.11841569264595209,0.116,0.142,1
ARHGAP32,0.010853038716848921,-0.3707159089010319,0.044,0.059,1
MIR762HG,0.010971259322853956,0.6406261907354387,0.053,0.039,1
BOD1L1,0.011019096699062994,-0.04512084468165034,0.376,0.433,1
PSD3,0.011033496733487892,-0.2866741698942912,0.04,0.055,1
ACP1,0.011057058337596716,0.41795078818534503,0.143,0.124,1
HAGH,0.011100499490854857,-0.06844432575142867,0.135,0.164,1
AC010978.1,0.011103494947431725,0.5527424142474526,0.063,0.048,1
ZBTB1,0.011154179897705611,-0.07857758534258719,0.399,0.458,1
FER,0.01115493341475105,0.33040355519102105,0.305,0.283,1
SSB,0.011292475752308682,0.401511985814788,0.207,0.19,1
TSC22D2,0.011322391823889683,-0.06884906094721716,0.266,0.306,1
DYNC1I2,0.011425948457302021,-0.12837033280007892,0.171,0.201,1
CRNKL1,0.011431538103035531,0.5262610215206682,0.133,0.115,1
BRD3,0.011503112041165605,-0.19841183218770952,0.071,0.091,1
USP8,0.011508029064332027,-0.07976733826402937,0.344,0.393,1
GORAB,0.011516006149879453,0.5710163794856999,0.09,0.073,1
PREPL,0.011546273327402035,-0.03527420698630319,0.26,0.302,1
RAB11FIP2,0.011636816009722382,-0.07206639508667703,0.226,0.265,1
ARSG,0.011652428819565762,-0.09500822984923496,0.15,0.18,1
MRPL33,0.011686131301028375,0.5987860555170073,0.084,0.068,1
PIP4K2B,0.011705858588652864,-0.255899073550093,0.038,0.053,1
M6PR,0.011707939542718485,-0.0678766605751423,0.185,0.22,1
TMX1,0.011709285960845115,-0.18212712601410863,0.087,0.109,1
RASGRP3,0.011732393668168467,-0.3451863141629339,0.037,0.052,1
RBM44,0.011773901961707564,0.4496369129420188,0.098,0.08,1
DHX38,0.011777357692353876,0.5496470752795672,0.107,0.091,1
PSMD4,0.011820240253436887,0.5513915342168114,0.087,0.071,1
FHL1,0.011852468392409074,-0.2763070141488031,0.047,0.063,1
TTC31,0.011882212861184911,-0.17268127881939987,0.04,0.055,1
ANXA5,0.011922342851000078,0.36251063424510677,0.146,0.126,1
DENR,0.012024456574190809,-0.10345348793911102,0.158,0.188,1
PSMA5,0.012031551764631082,-0.10440264371229102,0.2,0.236,1
TFAM,0.012058664005591881,0.41923324644137105,0.141,0.122,1
WDR74,0.012148811550261984,0.5189829828803123,0.116,0.099,1
HEXA,0.012178219413086106,-0.028917454984794366,0.186,0.221,1
PHF20L1,0.012181794571185935,-0.0227099534693469,0.435,0.501,1
IFT57,0.012195457634408356,0.417540072739783,0.155,0.136,1
STK3,0.012214659836987803,-0.19021589048749776,0.089,0.11,1
MED24,0.012269034611033198,-0.1361945969502889,0.048,0.065,1
TSHZ1,0.012322902289650656,0.3717396222908481,0.242,0.223,1
AP4B1,0.012333701720081289,-0.3205007393246988,0.045,0.06,1
DNAJB6,0.012336658946328271,0.23957224545565703,0.435,0.438,1
FAM241A,0.012345909791497243,0.33021793760848533,0.26,0.239,1
SLC30A5,0.012353401800949909,-0.07063344704466712,0.165,0.197,1
C3orf35,0.012417082437705921,-0.08452331900496302,0.134,0.161,1
METTL16,0.012517424081587849,8.385444314928936e-5,0.339,0.395,1
FNIP1,0.01259838003460606,0.02655771683682695,0.454,0.52,1
POLR3E,0.012616053755789499,0.3643427906225898,0.244,0.232,1
MPHOSPH8,0.01262621751745902,-0.04255420199272497,0.421,0.488,1
UBAP2L,0.012634274308920208,-0.017846183715292452,0.197,0.235,1
UAP1,0.012651481867937697,-0.1394111135364824,0.054,0.071,1
TFDP1,0.012714169200564628,-0.12527560979053431,0.052,0.069,1
LINC01191,0.012749923142940298,-0.20467074363569626,0.061,0.079,1
REST,0.012806964243516022,0.00888597873271496,0.298,0.348,1
AP5Z1,0.012822072291489166,-0.13569948661188436,0.056,0.074,1
KRI1,0.012853380833283865,-0.12482045862298707,0.087,0.109,1
SLC9B2,0.012931721304698914,-0.022470648189582332,0.149,0.179,1
NPRL3,0.012946693418455448,-0.29210147413445053,0.049,0.065,1
LYSMD2,0.013063058766192508,0.5934204362162596,0.095,0.078,1
ATP5F1A,0.013074785872441095,0.3431968724338865,0.192,0.173,1
GTF3A,0.013117231244925818,0.36976383005579194,0.223,0.209,1
MED15,0.013121927305837902,-0.04651026835753244,0.32,0.374,1
ZNF484,0.013143097949316028,-0.12400514125188544,0.108,0.133,1
DHPS,0.013167326323595161,0.5939692638779701,0.055,0.041,1
AURKAIP1,0.013217657986645096,0.655707398084131,0.076,0.061,1
APEX1,0.013256322213704149,0.6213348281622206,0.077,0.062,1
FAM114A2,0.013329141196525951,-0.1845509720715599,0.05,0.066,1
SMS,0.013335205070834808,0.5436818805543884,0.103,0.086,1
GRIPAP1,0.013345065797972941,-0.05830025988811616,0.1,0.124,1
C2orf42,0.013472476829497785,-0.3395465980888144,0.041,0.055,1
GTF2A1,0.013473947440798252,-0.06352917445341899,0.123,0.15,1
ACSS1,0.013523491184302055,-0.10951956308941813,0.128,0.155,1
VPS29,0.01352836466694791,-0.05247696465915186,0.175,0.21,1
OSGEP,0.013582065540993006,-0.030659867704256882,0.073,0.093,1
PIN1,0.013606818884651532,0.5937063496404278,0.077,0.062,1
PSMC4,0.013611720992307062,0.6655839082597281,0.053,0.04,1
AC011379.2,0.013662084137982023,-0.16515092841508583,0.048,0.064,1
VDAC1,0.013676201350217482,-0.05071575027690578,0.085,0.108,1
NUP214,0.013686307444115538,-0.02445264035872516,0.318,0.37,1
IFIT5,0.013731845195950916,0.7151717522895766,0.073,0.059,1
ITPRID2,0.013739030725042902,-0.35037807691591594,0.05,0.066,1
AC007619.1,0.013794850942977275,-0.12940269787434167,0.052,0.069,1
NDUFS3,0.013808368761364669,0.6507849123222513,0.053,0.04,1
SSR1,0.013823222022684448,-0.009142700541972193,0.203,0.241,1
AC097534.1,0.013934419145928214,-0.3428156822705821,0.037,0.051,1
ACTR1A,0.01400541977165915,-0.15854225310041636,0.054,0.071,1
SC5D,0.014033716334333196,0.5109752180643252,0.126,0.11,1
NDUFV2-AS1,0.014112389200476767,0.43454920310579725,0.165,0.146,1
ZBTB17,0.014145031800598666,-0.24922732175296147,0.051,0.067,1
RLF,0.01422352584464644,-0.00819912589526639,0.411,0.47,1
RNF185,0.014249895606559296,-0.07447196439992831,0.079,0.099,1
TYW3,0.014254757951274394,0.018633732674574466,0.104,0.13,1
TMEM245,0.014259436558129513,0.019881623820849903,0.481,0.547,1
LPXN,0.014271100424217083,0.002168392494407978,0.312,0.365,1
MFN2,0.014442268348719759,-0.1437777397217186,0.058,0.076,1
PHF6,0.014515279283514301,-0.08040370245741446,0.087,0.11,1
CAPZA1,0.014555053450396717,0.18033114296043706,0.604,0.626,1
TBCA,0.014562466231867726,-0.1447676887159961,0.32,0.361,1
FAM32A,0.014576265912081752,0.6388411777489909,0.05,0.037,1
ZNF251,0.014613054257427732,-0.09706589797008258,0.136,0.164,1
NOSIP,0.01462305391045453,0.3430392416535744,0.239,0.222,1
FAM120AOS,0.014703677044072255,-0.05069473965013205,0.117,0.143,1
SEPHS1,0.014771265424238974,-0.11744998433954779,0.065,0.084,1
DDX55,0.01481905344764426,-0.11640592583823328,0.084,0.105,1
SRP54,0.014875999680014594,0.3943399774634877,0.279,0.27,1
LSS,0.014888262579748504,-0.2026744802407756,0.046,0.062,1
AKAP1,0.014907717953659383,-0.11272256228384903,0.071,0.091,1
POMP,0.01500176349732259,0.439871948276892,0.144,0.127,1
LRRC8B,0.015019635353507551,0.22082800880099351,0.471,0.466,1
SMC5,0.015052175678341313,-0.03333623232938021,0.483,0.543,1
YIPF6,0.015053774194494614,-0.12387423350493343,0.106,0.129,1
DDX56,0.015056391854659238,-0.17281185060228044,0.056,0.073,1
ACADVL,0.015087539539652941,0.484772921871647,0.082,0.066,1
PPP1R12C,0.015095288246569787,-0.174517740008445,0.051,0.067,1
TFG,0.015121720895100568,-0.04752855356640011,0.271,0.314,1
WAC,0.015152944020063015,-0.05162082564140036,0.719,0.793,1
CGGBP1,0.015162888159620918,0.41150553235495563,0.267,0.256,1
ZNF518B,0.01521306604697082,-0.12445035724708475,0.058,0.076,1
SOX2-OT,0.015223905642233486,-0.14900360272920476,0.038,0.052,1
IFT43,0.015284445941940762,-0.15333910808856954,0.05,0.067,1
HNRNPLL,0.015299779659412956,-0.08896521606551211,0.353,0.402,1
C2orf69,0.015315008155791343,0.6391811493479054,0.066,0.051,1
STX6,0.01536327666175788,-0.007235234979233285,0.072,0.092,1
MID2,0.015407528291362488,0.5606781597018671,0.067,0.052,1
ABCA10,0.015434373426087484,-0.03835372674066839,0.079,0.099,1
SNX1,0.015453828311234687,-0.04046811259802158,0.269,0.311,1
ATG16L2,0.015511937647774775,-0.18675363657377297,0.099,0.122,1
SMNDC1,0.015555538913955422,0.5077232333914243,0.148,0.131,1
LBR,0.015722179777355422,-0.06527150775381342,0.294,0.344,1
OTUD3,0.015764719574127593,-0.20765581639122832,0.045,0.06,1
PSMD2,0.015787380688368016,0.4989740732108148,0.093,0.077,1
ZNF589,0.015789533795711377,-0.08557007518700921,0.073,0.093,1
LATS1,0.015797431280340734,0.04437884371781309,0.309,0.36,1
AC022916.1,0.01579813328421042,-0.16238151942107537,0.053,0.07,1
POLE4,0.015802649352416872,0.5814547644748842,0.066,0.052,1
UTP18,0.015805746625169467,-0.04608818995128583,0.185,0.219,1
WIPF2,0.015834054194792543,0.04746456903774643,0.143,0.174,1
ELMO1-AS1,0.015979523559023455,0.5615510965713253,0.058,0.044,1
VEZT,0.016009629429059244,-0.0040729412264797205,0.335,0.384,1
IL4R,0.016032102454762942,-0.022223364426241676,0.331,0.384,1
STK35,0.01612936643076217,-0.03740704406009998,0.068,0.087,1
MTMR4,0.01618190842733052,-0.2829458493519095,0.057,0.074,1
MDM1,0.016194315620492897,-0.2924840443376011,0.039,0.053,1
RMRP,0.01632720125392507,-0.225546994802992,0.039,0.053,1
ZFYVE26,0.016368298099201598,0.013924377057677795,0.124,0.152,1
MRPL47,0.016389948390865147,0.4521997630577377,0.099,0.082,1
LIAS,0.016390570726782502,-0.1902688037264353,0.037,0.051,1
USP45,0.01639460392543356,-0.04437600797519503,0.138,0.166,1
UTP25,0.016404716253718914,-0.103563437453698,0.065,0.084,1
ORC3,0.01643247582951236,-0.08115871588490253,0.181,0.212,1
SHOC2,0.016437477212967972,-0.036154809800809984,0.362,0.412,1
MAPK6,0.01644611020167169,0.40667018515442144,0.267,0.252,1
WDR60,0.01648630178357962,-0.0262250457608868,0.101,0.125,1
NEDD4,0.01649048330120078,-0.3421614147855019,0.045,0.059,1
CCDC134,0.016553319793445338,-0.09803378825992404,0.098,0.121,1
ZBTB40,0.0165811810044338,-0.06554812611594363,0.169,0.2,1
GCFC2,0.016600378432496368,-0.06993617528798568,0.13,0.157,1
NET1,0.016651223656249894,0.5821105807470435,0.053,0.04,1
ZNF808,0.016723972082314385,-0.05310628458648692,0.053,0.07,1
DYNC1H1,0.0167535387833338,-0.011494762485249499,0.464,0.532,1
COPS6,0.01677486508164808,0.5331135762449526,0.093,0.077,1
IP6K2,0.01681751575392442,-0.11132127655302226,0.129,0.155,1
CASP7,0.016854987546747534,-0.284056753954566,0.055,0.071,1
NR1D2,0.016948127458634235,0.22639194769884996,0.435,0.437,1
PLA2G6,0.01695604224293113,-0.23626209416561395,0.042,0.057,1
SH2D1A,0.01698940333978614,-0.04229338092185442,0.081,0.102,1
EIF5B,0.01700028383343671,0.25857169544209163,0.388,0.383,1
INTS1,0.017007904634761904,-0.14783523550412303,0.061,0.079,1
SEC24C,0.017034239240514722,-0.01590706978250811,0.102,0.126,1
FARP1,0.017046565544341627,0.7328672999431167,0.051,0.038,1
MTHFD2,0.017047561758298985,-0.01903940193422038,0.097,0.121,1
RAB14,0.017152624145690198,-0.03423555646019755,0.319,0.372,1
BET1,0.017155127686742846,-0.22114141723757985,0.066,0.084,1
OXA1L,0.017193809751552387,0.4915589607042483,0.109,0.093,1
INPP5D,0.01730224720909673,0.02491217098417753,0.583,0.664,1
PAPOLA,0.01734263905774559,-0.030557495751287078,0.422,0.483,1
C18orf32,0.01740381221639156,0.5141009313066851,0.055,0.041,1
ELMOD2,0.01741374609317706,-0.2118215495389828,0.095,0.116,1
CCDC97,0.01742526926255034,0.7139547846766563,0.087,0.071,1
ZNF142,0.017512584229096715,-0.2130527712426562,0.041,0.055,1
HSPA8,0.01751266524945406,0.26982080176473966,0.286,0.271,1
GNL3L,0.017528158838435403,-0.03126384700853713,0.111,0.136,1
PIH1D1,0.017704274194411188,0.7705069132232811,0.053,0.041,1
PSMA3-AS1,0.0177342974281867,-0.042261970651433695,0.326,0.379,1
KDM6B,0.01777019150656827,0.5311227979151405,0.097,0.081,1
XPOT,0.017806806332705278,-0.18529896344037255,0.096,0.117,1
HELLS,0.017903703977616536,-0.14497467078899628,0.069,0.088,1
USP9X,0.01791774788652507,-0.025618294839565348,0.579,0.658,1
EVI5,0.017961088485628933,-0.4040783804161445,0.043,0.057,1
SRSF6,0.017980508535132528,-0.05481330437731391,0.17,0.203,1
ZNF18,0.01799957564904092,-0.18083501946790825,0.047,0.062,1
ZNF266,0.018004667434759418,0.015000130740520756,0.139,0.169,1
ZNF740,0.018010778188282964,-0.3038948691061525,0.043,0.057,1
C8orf76,0.01804053703543006,-0.07863279061531703,0.072,0.091,1
RCOR3,0.018107960835942134,-0.026137505267155747,0.324,0.374,1
NFXL1,0.018108243670335065,-0.0014087879172905993,0.141,0.169,1
INSIG2,0.01811601855909461,-0.1468253768496388,0.061,0.079,1
USP22,0.01812868549025184,-0.0269018946478512,0.2,0.238,1
TAF7,0.018156958568606524,0.33168709579345124,0.226,0.212,1
RAB5IF,0.01817237133172622,0.5288896233607558,0.077,0.062,1
BRF1,0.01821662504982476,-0.06816617515131074,0.092,0.114,1
BRD9,0.018255664889712017,0.3289285495456179,0.274,0.264,1
FXR1,0.018335048514794994,0.2666838323026571,0.409,0.412,1
PRPF18,0.018366448736345346,-0.0340580253833318,0.208,0.246,1
FBXW5,0.018389451460807203,-0.15731350418207724,0.078,0.097,1
EIF1AX,0.01840535427482015,0.30229661617940384,0.289,0.278,1
TADA2B,0.01852915160105244,0.7441388009937993,0.056,0.043,1
TAF2,0.01856675735207084,-0.005933089339908881,0.355,0.413,1
SNAP47,0.01858466164388927,-0.18522570452391518,0.043,0.058,1
ANKMY2,0.018593708299747547,-0.2140167721599604,0.046,0.061,1
NIPSNAP2,0.0187082802621808,-0.03151088435583185,0.215,0.251,1
ATP6V1H,0.01877172712960713,-0.04017216083047592,0.352,0.402,1
RASSF2,0.01887275315746358,0.5239107732941226,0.124,0.107,1
STX2,0.019025877403638508,-0.12199495312617603,0.154,0.18,1
ZSCAN16-AS1,0.019064074733032333,0.4938339821625848,0.096,0.08,1
DHX40,0.019102888565365874,0.29372986698520176,0.195,0.176,1
HNRNPF,0.01910509861711164,0.0023978830436515164,0.208,0.245,1
ATP5ME,0.01913989913952964,0.4535177261561849,0.104,0.087,1
RNASET2,0.019173975330663777,0.2720106178804764,0.459,0.473,1
ATPAF1,0.019205777743741364,-0.07661491519365571,0.093,0.115,1
AL356599.1,0.019222918590605327,-0.21982836920442006,0.068,0.085,1
FBXL8,0.019275222200490338,-0.07444827510479257,0.068,0.087,1
NUMA1,0.019321461121906313,-0.044485938599786445,0.171,0.203,1
EEF1AKMT2,0.019360003188130633,-0.014548603183433206,0.131,0.158,1
SRP9,0.019393291430106662,0.33036836496101485,0.228,0.213,1
PAAF1,0.019403762755546478,-0.11544415333014735,0.052,0.068,1
AL137009.1,0.019505424003993167,0.6407576735753078,0.054,0.041,1
ZNHIT3,0.01951706821064397,0.6445299864584724,0.09,0.076,1
GYG1,0.01953462624032665,-0.1392709227419644,0.078,0.096,1
ZSCAN25,0.01956121509161698,-0.030710302392094047,0.051,0.067,1
GIMAP6,0.019570391609909133,-0.21028061830373224,0.046,0.061,1
DTX3L,0.019648674550003162,-0.08041412323872299,0.089,0.11,1
AC073475.1,0.019691477226890172,-0.5318883797869047,0.043,0.056,1
LAMP2,0.019708580388936994,-0.07977325899790744,0.107,0.129,1
ZNF10,0.019768105494345135,0.5183307980294218,0.114,0.099,1
TTC33,0.01983325885581169,0.3202206131566187,0.265,0.25,1
N4BP2L1,0.019876025948057714,-0.029626553676597167,0.187,0.22,1
SH3TC1,0.019904038488062593,0.4449142390294396,0.113,0.096,1
MMP24,0.020032863976617833,0.7044644829444575,0.057,0.044,1
CD6,0.02024121774367271,-0.05092903839107055,0.604,0.65,1
STAT5A,0.020296144154984597,-0.033849725481233106,0.106,0.129,1
DNAJC17,0.02031596632676442,-0.134394653065252,0.045,0.059,1
ZNF337,0.02032302118272298,-0.16021451772534445,0.08,0.1,1
DCAF13,0.020333958394380958,0.0063056591734174106,0.065,0.083,1
PRPF8,0.02043465279104894,0.3152580518474825,0.295,0.288,1
SSU72,0.02046379857095079,0.3635267343006203,0.14,0.123,1
ZNF24,0.02051277797622853,0.384924082008157,0.193,0.179,1
KSR1,0.02054449587011033,-0.10696612395063743,0.088,0.109,1
JOSD1,0.02055624638611972,0.43175157999210834,0.156,0.141,1
DDHD1,0.020708982487660413,-0.03640497644118401,0.53,0.592,1
HEATR3,0.020782429222273375,0.005281861382859354,0.058,0.075,1
MFSD14B,0.020862030629825782,0.027150206099667243,0.247,0.288,1
MED14,0.020911393953082023,0.005448685946577769,0.182,0.216,1
STIP1,0.020965937727281007,-0.11208633611465046,0.056,0.072,1
CTDSP1,0.020990590651599243,-0.12186694557202982,0.074,0.092,1
AC002558.3,0.021026274307772208,-0.15373493566936203,0.048,0.063,1
TTC7A,0.021044329223843986,0.302019077386029,0.35,0.346,1
PAXIP1,0.021108088765744798,-0.07884643978223238,0.048,0.063,1
HERPUD1,0.021133753421935228,0.3061045564185378,0.237,0.222,1
CYB561,0.02115128348741225,-0.13655635991709536,0.092,0.113,1
GPALPP1,0.021193298743516723,-0.05940024428036739,0.142,0.168,1
CEP68,0.021228782277534722,-0.006914711406050489,0.25,0.293,1
AC009126.1,0.021259932505661314,0.4253576400933994,0.109,0.092,1
TLN1,0.02129435452901588,0.2878427600605792,0.287,0.277,1
ZNF600,0.02129617744536117,0.020007803241981925,0.053,0.07,1
CD302,0.021402342315371147,0.3419270202534519,0.131,0.114,1
AGK,0.021452745144229412,-0.05396740928840488,0.201,0.233,1
MOB2,0.02153653360424161,-0.01463372263605156,0.088,0.11,1
GARS,0.02154346040313189,-0.022394952219557118,0.161,0.192,1
TRIOBP,0.02172096367110821,-0.17394302124384997,0.078,0.097,1
MAP2K2,0.021783221960564945,0.4730704786702171,0.09,0.074,1
CDK5RAP3,0.021787741825996434,0.433222708022331,0.103,0.087,1
AC005261.1,0.021845555728989406,-0.02679603112053064,0.104,0.128,1
DBF4,0.02193164853336876,-0.0533091993867207,0.253,0.292,1
UBE2J1,0.02193968150805961,-0.16043530558301988,0.126,0.149,1
AZIN1,0.021943718482204274,-0.038514716476420796,0.181,0.212,1
DNMT1,0.021957112771229338,-0.0545371316006652,0.191,0.225,1
TMEM107,0.021992698588485755,0.6015748592603813,0.05,0.038,1
TMED10,0.02203112769491156,0.2592065627298451,0.261,0.246,1
MRPL45,0.022052869827256304,0.7812453065627611,0.05,0.038,1
PPIE,0.02217412706588388,0.526798725797373,0.098,0.083,1
HCP5,0.022175617534115975,-0.04655729132651021,0.08,0.1,1
STK26,0.022178092761860762,-0.05497138431127491,0.156,0.186,1
ZNF483,0.022212652737601486,0.6258582579172873,0.129,0.114,1
GLE1,0.022214567460287597,-0.040563313091628306,0.076,0.095,1
ARRDC3-AS1,0.022242617601052853,-0.20784042139558823,0.074,0.092,1
AL133268.4,0.02232174103144721,-0.14254623706558744,0.036,0.05,1
GOLGA1,0.022327287058166383,0.020494259714262997,0.113,0.138,1
C6orf62,0.022393908735310827,0.002054777240832778,0.314,0.369,1
PHF5A,0.022447886974111552,0.693283821865962,0.053,0.041,1
ZC3H7B,0.022490201246586208,-0.09282776676534676,0.092,0.114,1
AC073342.1,0.02255092160177898,0.4543079853337073,0.089,0.074,1
SDHB,0.022615787347918,0.4181167536332978,0.18,0.163,1
FBXO4,0.022624080307525024,0.6144859537219567,0.095,0.08,1
THUMPD3-AS1,0.022671392362607283,0.37376267165702476,0.286,0.275,1
PRKRA,0.02267932339117059,0.404161698367259,0.169,0.153,1
CASP3,0.022762830483907703,-0.048249022434861955,0.092,0.113,1
APOL6,0.022778938298914368,0.031239039635902455,0.273,0.32,1
AC007952.4,0.022800620132163923,0.7567028320679556,0.056,0.043,1
AC006299.1,0.02280760157070493,-0.06403100975396914,0.065,0.081,1
U2AF1L5,0.02286294796836878,-0.09086029217438307,0.041,0.055,1
LINC00630,0.02286557836730121,-0.19637283061953248,0.07,0.088,1
CCNYL1,0.02289939948409377,-0.245686638418686,0.08,0.098,1
WBP2,0.02293628503576121,0.5885208959134469,0.075,0.062,1
SDK2,0.02295769630092743,-0.16801006789542194,0.043,0.057,1
RBM8A,0.023037267191449225,0.4380427657971797,0.154,0.138,1
SF3A1,0.0230540205029887,0.3954270443011956,0.153,0.135,1
PDAP1,0.023238255193441842,0.45759412668698984,0.097,0.081,1
CRYZ,0.023248392743111513,-0.17501794213676858,0.044,0.058,1
NRBF2,0.023270395385242938,0.5931751947813004,0.067,0.053,1
CHTOP,0.023311630847168766,-0.002696670655085942,0.095,0.117,1
EGLN2,0.0234641487128239,-0.25585175917822145,0.049,0.063,1
DYNC1LI1,0.023470389505217962,-0.11169654670448104,0.156,0.184,1
BCL9L,0.023572797127108688,-0.05796061548044684,0.112,0.135,1
RAD54L2,0.023620353830459063,0.00815411822058143,0.174,0.207,1
CDC5L,0.02362239491432554,3.118422714691871e-4,0.167,0.197,1
TUT7,0.02362686580343556,0.021167693678669497,0.33,0.382,1
AP4S1,0.02370526452183219,-0.10696774010266547,0.19,0.221,1
PLEKHJ1,0.02371576093137351,0.5128018955245621,0.056,0.043,1
C3orf62,0.023748361518530065,0.010978333654227068,0.044,0.058,1
PPP4R4,0.023841184970698155,-0.6568874866913061,0.04,0.053,1
TMEM184C,0.024001275026609453,0.6093206926572416,0.12,0.105,1
ERGIC2,0.024019414451264813,-0.04454174814701245,0.329,0.377,1
ZFYVE1,0.024041217612712194,-0.18906500171421303,0.043,0.056,1
NUP98,0.024066920945160716,0.23255164267438633,0.508,0.521,1
SELENOW,0.024118838339815308,0.5304370573857533,0.09,0.075,1
SERINC3,0.02418357365039686,-0.04317085161686879,0.213,0.25,1
TRAPPC4,0.024211891594351897,0.5388547402486168,0.062,0.049,1
NDUFV2,0.024279294950540493,-0.026237210646695153,0.454,0.512,1
LETM1,0.024307053910519603,-0.16329204505652184,0.038,0.051,1
HSPA4,0.02435739979114568,0.059679595900161364,0.171,0.205,1
NAA30,0.024455264617238247,-0.07188813780227776,0.127,0.153,1
PTPN18,0.024492664790216313,-0.21330788715200244,0.046,0.06,1
ZSWIM5,0.02450643214639669,-0.19195015870856086,0.127,0.149,1
LAMP1,0.024516102248977448,0.3578882106885993,0.239,0.226,1
HIF1AN,0.024518758487584502,-0.10013945494856236,0.062,0.079,1
ZNF451,0.02452114202425618,0.23489659277516028,0.522,0.538,1
SNHG15,0.024555192464575486,0.5540200712528605,0.077,0.063,1
MICAL1,0.024610463978592196,-0.10799603276927527,0.09,0.111,1
MON1B,0.024620150926234142,-0.08470272172004023,0.084,0.103,1
PSMF1,0.02464717890707376,-0.02325320074663223,0.312,0.354,1
NONO,0.024685298288239108,0.37902900698530667,0.231,0.221,1
EBAG9,0.024711112149614228,0.4960916456976472,0.099,0.083,1
ARHGDIA,0.024845472196850127,0.33287543760605287,0.195,0.18,1
GTF3C5,0.024893988298547505,-0.14920276782114916,0.044,0.059,1
UQCRC2,0.024902690504092658,0.3315142821477154,0.272,0.263,1
LRRC37A2,0.02493163214139262,0.43039802781420455,0.153,0.139,1
SGPP2,0.02493901466584873,-0.08839759408664172,0.079,0.098,1
TRA2B,0.02498361468519753,0.11822049915988164,0.656,0.673,1
PARVG,0.02509618809596286,-0.08738369139448388,0.111,0.135,1
CPSF3,0.02512756901961861,-0.27088485334093804,0.049,0.064,1
ERH,0.02515929462979992,0.36948191167395605,0.14,0.124,1
NAE1,0.02516119833773842,-0.07550392887432866,0.193,0.224,1
SLC2A3,0.02522909534025613,0.24701660391443547,0.49,0.498,1
RAE1,0.025285725207619167,0.6018865720137221,0.092,0.077,1
COTL1,0.025329871305331104,0.2273677248835116,0.28,0.264,1
GSTO1,0.02540006030878167,0.5312352901105974,0.069,0.056,1
TSEN54,0.025501759186915506,0.5770191471456063,0.073,0.059,1
NISCH,0.025525722742916097,0.009907183522745555,0.151,0.181,1
RETREG2,0.02554036194705362,0.555329609324688,0.061,0.048,1
VPS9D1,0.02562345623188478,-0.06521145419962515,0.056,0.072,1
PNN,0.025705576538442722,0.23698916595243474,0.383,0.39,1
GPATCH11,0.025722659823431235,0.5613869392936981,0.063,0.05,1
NMT1,0.025728437574968753,0.42226255646977284,0.221,0.209,1
XPO4,0.025807067892405913,0.21394111392603699,0.509,0.511,1
SCML1,0.025826378918768825,0.48584369339752076,0.092,0.077,1
RAD17,0.025865477143056946,-0.14030089383731936,0.081,0.1,1
STIMATE,0.025926804687530242,-0.06765584205236297,0.108,0.13,1
FMR1,0.02597844900043317,-0.039287315621932425,0.267,0.307,1
ZNF552,0.02602692766054496,0.7716204817576036,0.058,0.046,1
AC002460.2,0.026056266690509332,-0.09150835807421875,0.09,0.109,1
ANKAR,0.02609127339243575,-0.11756310513113191,0.194,0.222,1
ZC3H15,0.02616828811540035,0.3408394513432309,0.295,0.291,1
DERL1,0.026169259110375105,-0.05870461389485648,0.185,0.218,1
KCTD18,0.026239313697072702,-0.05739428358196896,0.092,0.112,1
CD164,0.02628266760938834,0.004613565702684938,0.285,0.33,1
MPP5,0.026409152779695032,-0.04687113535423504,0.15,0.177,1
NT5C3A,0.026416425786191605,-0.006957567945718057,0.282,0.324,1
PPIL4,0.026423344854353346,0.35824849608836995,0.282,0.276,1
MBTPS2,0.026503127923210745,-0.03788493373229329,0.087,0.106,1
ADPRHL2,0.026704067845875312,0.4575880945482993,0.095,0.08,1
SLC2A13,0.02671404016207406,-0.14496894832236962,0.118,0.138,1
ZNF439,0.026803332380811267,-0.30140343286156845,0.047,0.061,1
TBC1D10A,0.026917170336692362,-0.05974933028553986,0.096,0.117,1
DGUOK,0.02692891376317212,0.4358648336169557,0.136,0.121,1
ZNF217,0.026990808723888367,-0.04053791357689679,0.226,0.262,1
SDHC,0.027079073130638717,-0.08004332933168068,0.104,0.126,1
XRCC5,0.027183111474010296,0.18452976413127753,0.572,0.594,1
SLC16A1,0.027198400291428483,-0.17379117159683521,0.099,0.12,1
CBLL1,0.02720334637182622,-0.08387690621270649,0.202,0.232,1
ATOX1,0.027247844262984232,-0.0379415605470661,0.068,0.085,1
ZNF587B,0.027290761378711746,-0.06611343299565675,0.097,0.119,1
DAP,0.027335906379479465,-0.16725253069588564,0.111,0.133,1
RBM48,0.02739697506709009,0.48920688517898614,0.104,0.09,1
CDK11B,0.02760336964409507,0.3735903361569778,0.191,0.176,1
SAP30BP,0.02760839966967256,0.31704146199118355,0.197,0.182,1
ACLY,0.02763076796796929,-0.068047281395065,0.078,0.096,1
EPS8,0.027822731417903788,-0.4559902465950152,0.044,0.057,1
RSRP1,0.027907881928278408,-0.05575604939771561,0.597,0.674,1
CTC1,0.02791885810796117,-0.07248550684683308,0.13,0.154,1
LIPA,0.027956827753912793,0.3835369194603231,0.119,0.103,1
CEP44,0.02798380156249644,-0.0764325378646642,0.114,0.136,1
RPA2,0.028184535059267258,0.029001746812009177,0.05,0.065,1
DIMT1,0.02821106215282215,0.49134181893917206,0.132,0.117,1
AP002812.2,0.028251138982113476,0.01547989974334607,0.105,0.126,1
ATXN7L3B,0.028252754559499507,0.37847422372401396,0.192,0.177,1
ZNF701,0.028308894546237286,-0.165625968488051,0.048,0.062,1
COQ8A,0.028442143584815446,0.528157847548006,0.105,0.09,1
HSPD1,0.02855511853909306,0.00970805834815236,0.209,0.245,1
MKRN2,0.028577916615313545,0.43517792713651016,0.093,0.078,1
ABTB1,0.02863623931873452,-0.12243195582303823,0.042,0.055,1
TRMT61B,0.028716944386807376,0.00645043109589527,0.107,0.129,1
IMP3,0.02882359033204036,0.5338199956709921,0.054,0.042,1
PYGB,0.0289344632985903,-0.05683137209461098,0.062,0.078,1
TRAPPC11,0.028961005259032332,0.04417810491812246,0.189,0.223,1
KBTBD2,0.02899990597407443,-8.248983329484649e-4,0.31,0.361,1
OTUD4,0.029011559680317392,0.01750926554419234,0.256,0.297,1
COPS8,0.029051836611561046,0.4494171178094992,0.137,0.121,1
TIPRL,0.02938183631045013,-0.0709401168345325,0.138,0.163,1
BCL7B,0.029452124979844212,-0.14273804240448795,0.052,0.067,1
IRS2,0.029459386306888644,0.24467842634665313,0.315,0.301,1
EPM2A,0.029476704833904008,-0.11959935023199253,0.077,0.095,1
SLC2A1,0.02948508367571268,-0.1316423458395093,0.041,0.054,1
RABL6,0.029569073178979964,-0.020782165510369266,0.141,0.167,1
LINC00954,0.029602540264593517,-0.13847748950628436,0.052,0.067,1
ZFAND6,0.029943521707276263,0.16935463551463847,0.587,0.604,1
AREL1,0.029954055836295585,0.06151219355304771,0.17,0.201,1
ACAD9,0.029956443134034942,0.012789424411737027,0.065,0.082,1
KIZ,0.029973151638151348,-0.06711764000288167,0.18,0.21,1
RAP2C-AS1,0.030039780427027218,0.32378854175776656,0.149,0.13,1
PRKAA1,0.03009401209284277,-0.012662157932691404,0.303,0.352,1
ARMC1,0.03012127266745689,-0.07392762673157494,0.072,0.09,1
VPS35,0.030161286537660665,-0.061915391793648245,0.184,0.214,1
JAM3,0.03021431009601149,-0.41935290274957904,0.038,0.05,1
CBX3,0.030306940284706978,0.33710124643805967,0.241,0.23,1
NXF1,0.03037169149706852,-0.10010167824798333,0.089,0.108,1
MTIF3,0.03040333350437,-0.030069809177669438,0.133,0.158,1
RER1,0.030440855404035395,0.43758629307009866,0.111,0.095,1
TASOR2,0.030444002203764215,-0.00761391277745016,0.5,0.563,1
PEX16,0.030466507289502703,0.6104173256329815,0.061,0.049,1
NFIC,0.03047094001158358,-0.17030374185166264,0.111,0.132,1
GNPTG,0.030552312152553086,0.5379802004559826,0.065,0.052,1
GUSB,0.03091354934636134,0.5180396626410018,0.102,0.088,1
MED1,0.030958870758899533,-0.0031623644557470243,0.14,0.165,1
MGLL,0.030967175406853988,-0.3408658871752235,0.042,0.055,1
FAM174C,0.03101552379310806,0.5686187792720458,0.06,0.048,1
NDUFAF5,0.031124294217777366,-0.07648671629619574,0.111,0.133,1
RNF6,0.031240779274508447,0.3849168911225618,0.104,0.088,1
RUVBL1,0.03136591662876175,0.4953647712866631,0.114,0.099,1
STARD4,0.031431251789573976,0.4893263758348758,0.058,0.045,1
KXD1,0.03148984358312502,0.5492341999749453,0.053,0.042,1
NPHP3,0.03149060323216699,-0.018306907190000443,0.215,0.251,1
RBM4,0.03149724211600735,-0.04991764510005807,0.283,0.326,1
ARPP19,0.0315297855844478,0.2901958612139133,0.301,0.29,1
FRMD3,0.03158880473922258,-0.29737549778303074,0.068,0.083,1
GPR89B,0.031589072820392104,0.06076365087035862,0.138,0.165,1
TCP11L1,0.031591832912300534,-0.23092880291530693,0.073,0.09,1
TGOLN2,0.03159326476256856,0.26917132571322044,0.357,0.36,1
BCAP31,0.03161125674193484,0.423557512433423,0.135,0.12,1
ARPC5,0.031711775438339425,0.007336744959812402,0.211,0.246,1
XPO6,0.03180046654189309,0.03827081157133683,0.551,0.63,1
C16orf87,0.031830053805799036,-0.1328876303773201,0.087,0.106,1
SEC23IP,0.03183183674117317,0.05046373677549232,0.121,0.147,1
MPHOSPH6,0.031854352070546633,-0.06154678800476043,0.066,0.082,1
ZNF317,0.03194617483916146,0.47731859207067195,0.086,0.072,1
CNIH4,0.03198004431731735,-0.02959169201772016,0.104,0.125,1
ATL2,0.03204253972538561,-0.03187291848189476,0.255,0.295,1
PIK3CD-AS2,0.03216368649885025,0.045988503002128756,0.04,0.053,1
NDUFB1,0.03216657613597636,0.5850278191786684,0.082,0.069,1
FAM102A,0.03221526652246973,0.018959826444272854,0.295,0.345,1
NAA20,0.032370335912780324,0.4024197949389108,0.123,0.108,1
RBBP5,0.032422289713108586,-0.1493496819863671,0.075,0.093,1
FBXO34,0.0324616240627291,-0.010719653976965504,0.373,0.422,1
PAFAH1B2,0.03250451132525991,0.0397592550557786,0.152,0.181,1
HIST1H2BG,0.032558691046426294,0.698367418852643,0.056,0.044,1
CBR3-AS1,0.032618762255590406,0.49751276078935636,0.065,0.052,1
RAB2B,0.03278571481044038,0.0194855218335257,0.088,0.107,1
AC098829.1,0.03294671500925197,0.5103167416291039,0.066,0.053,1
HMGXB4,0.033158061288090616,-0.01766787013748594,0.147,0.172,1
PPP2R2B,0.033171442194162834,-0.2620213511008836,0.162,0.183,1
ZFAND4,0.03323998482684643,0.005424508246963722,0.165,0.193,1
KLHL18,0.033246128894446086,0.00984526358519866,0.082,0.101,1
TNFRSF4,0.03326508188816517,-0.05548207145184181,0.051,0.066,1
BIN3,0.03333935015691602,0.020054573208861504,0.138,0.165,1
AZI2,0.033402111837002806,-0.013588551748024758,0.112,0.134,1
CDADC1,0.03340530968543565,-0.13834417986204528,0.077,0.094,1
NEDD1,0.033425132013613724,0.07027048765881924,0.218,0.255,1
RNLS,0.03359294967901161,-0.3114673365795725,0.076,0.092,1
CLK4,0.03367899665890668,0.35070579358072407,0.214,0.202,1
CAMTA1,0.03368680154624814,-0.034449703505878726,0.388,0.434,1
GOLGA8B,0.033688720220049276,0.19228370075518653,0.447,0.456,1
KIF5B,0.033701280205838915,0.022908672974975786,0.408,0.468,1
PSMC2,0.03379629964449751,0.0013942844930328047,0.121,0.146,1
ABCC1,0.03379810548967948,-0.054160891931958055,0.653,0.721,1
CFAP36,0.03392768171032027,0.35365693381039326,0.228,0.215,1
UBE2E2,0.03394014557174051,-0.09615022136756324,0.07,0.086,1
CAMK1D,0.03410812379787516,0.1217996335532403,0.69,0.702,1
SMCHD1,0.03414214753142214,0.0995100166709939,0.982,0.99,1
OSTM1,0.03415828054798886,-0.06941557633272355,0.101,0.121,1
PITRM1,0.03418273435997695,-0.06514885154096639,0.069,0.086,1
STMP1,0.03419837536763789,-0.11126003803005657,0.053,0.068,1
AC068633.1,0.034223014452263514,-0.5206098501526852,0.044,0.057,1
AC005674.2,0.034247507923901827,0.5339470783574747,0.053,0.041,1
BRCC3,0.034376294280708056,-0.02887163683057592,0.121,0.143,1
GOLGB1,0.03503821175233755,0.022461426698727305,0.374,0.419,1
ETFDH,0.035044779676331864,0.4035995914716237,0.147,0.132,1
KRBOX4,0.03505480722488533,-0.06692199461002257,0.074,0.091,1
POLR2M,0.03506104319902548,0.5100419065732675,0.078,0.064,1
GABPB1,0.03510046190827045,0.3842118458702253,0.222,0.207,1
KLHDC2,0.03521895521421858,0.2800885016446123,0.309,0.303,1
WDR1,0.03550252830807368,-0.031743966703367654,0.155,0.185,1
ANXA2,0.03560216626389279,-0.08198972254321968,0.189,0.218,1
COX17,0.03565718696478997,0.39154673850362043,0.114,0.099,1
SKI,0.03575132632933678,0.38404882408275254,0.301,0.296,1
ZNF81,0.03575494017628847,-0.10271556608153487,0.078,0.095,1
CARM1,0.03576084130742437,-0.19747880661969308,0.039,0.051,1
TOE1,0.03576148196972041,0.5202246114073157,0.058,0.047,1
BCOR,0.03592353940283563,0.014524013388310664,0.074,0.092,1
BCL2L11,0.03601979985400939,-0.05598117643340972,0.1,0.121,1
EFTUD2,0.036068005929021256,0.012166196636893778,0.134,0.16,1
LPAR2,0.03610229166306143,0.7006691800764835,0.051,0.04,1
EMG1,0.036182393123416166,0.7164718643226737,0.061,0.05,1
TXNRD1,0.036338037780852886,-3.175417110035106e-5,0.097,0.118,1
RBM28,0.036372194171988885,-0.11870650847970987,0.069,0.085,1
CEP70,0.03640213875473766,-0.15409932826638562,0.064,0.08,1
TMEM168,0.03642855089078335,0.03039958877072728,0.243,0.282,1
NAB1,0.03646132597011366,-0.14135477852267408,0.047,0.061,1
NKAPD1,0.03648569336303469,0.5208778701933392,0.063,0.051,1
G3BP2,0.03661584520468811,-0.06067487810572936,0.489,0.549,1
LITAF,0.0367278973017937,-0.024315843487904165,0.361,0.411,1
ARRB2,0.036793044628682034,-0.0740826779975996,0.125,0.148,1
DMAC2L,0.03686819452728202,-0.07741886775107254,0.085,0.104,1
SPDYA,0.03690468975322745,0.7826512283524454,0.058,0.047,1
ZNF354C,0.036942677738973743,-0.06519180791692092,0.042,0.055,1
PPWD1,0.03705697299167817,0.3052958662514165,0.359,0.365,1
CCR6,0.03710515336006114,0.39068893717123077,0.19,0.175,1
LARP7,0.03711127805369636,0.3213592060463948,0.175,0.16,1
MPP6,0.0371679435458194,0.04561283683055306,0.143,0.166,1
FAF2,0.037292937143305456,0.044965267079845495,0.188,0.22,1
SNX17,0.037335365898365475,0.38073089781521796,0.072,0.059,1
ZNF274,0.03735350309029605,0.4593494495624649,0.195,0.182,1
ECD,0.037623850180928696,-0.02036131905858357,0.233,0.268,1
AGAP4,0.03763561782081748,-0.11756846938639631,0.053,0.068,1
ILF2,0.037646490664710305,0.3893542075831231,0.124,0.11,1
SMARCD2,0.03770241129538865,0.022027947180683682,0.066,0.083,1
ICK,0.037717196789555686,-0.011231913698470652,0.066,0.083,1
MAPKAPK2,0.03784262278209402,0.3120301752172879,0.267,0.255,1
ADSS,0.037898142028332825,0.18632317100270313,0.452,0.455,1
AC004951.1,0.03799200721796597,-0.10691518077622852,0.044,0.057,1
PPP1CA,0.03811050022408569,0.30721440734235794,0.133,0.117,1
TWISTNB,0.038187841206577464,0.5459997779485963,0.117,0.103,1
GNPDA2,0.03845673589477124,0.49140113069388947,0.09,0.076,1
COA4,0.03849753038261979,-0.14008786046488275,0.038,0.05,1
MR1,0.03850191115754359,-0.002625173256639357,0.097,0.117,1
TMEM50B,0.038543054796338905,-0.042795703037656896,0.147,0.172,1
FRMD4A,0.03862602760969174,-0.564763754139114,0.055,0.068,1
ITPR3,0.038884874653064935,-0.12198787142948486,0.1,0.12,1
ZBTB21,0.03897159879082753,0.48632703373784025,0.149,0.136,1
DDX49,0.039097850230683705,0.4255208006077136,0.063,0.051,1
BFAR,0.03925338278960443,0.05209356518494035,0.105,0.127,1
EZH1,0.039294084165872885,0.012205515648591625,0.187,0.22,1
MANBA,0.03937335352416777,-0.08526327423750217,0.232,0.263,1
TXNDC9,0.03941015740840803,0.5778770259593982,0.062,0.05,1
FCN1,0.039514214943089015,-0.13700281438545803,0.074,0.09,1
IFI30,0.03953931755272297,0.5130960681575467,0.058,0.046,1
KIDINS220,0.03967410294777753,-0.007886212528831149,0.377,0.425,1
PRDX1,0.039711434147405945,0.46919349887217177,0.087,0.074,1
VRK1,0.03974551910294581,-0.032304240192668754,0.203,0.234,1
TGFBR3,0.03975518927043701,0.008192042608554995,0.358,0.396,1
TMEM204,0.03977762393872524,-0.1413389061103434,0.054,0.068,1
CTSA,0.040065697220980766,0.5063712761858414,0.093,0.079,1
SMCR8,0.0402063836499086,-0.09348824295214264,0.075,0.091,1
RAB21,0.04027898931532034,0.18608375119683795,0.409,0.402,1
NTMT1,0.04035707927386875,0.5372248184624744,0.061,0.049,1
DCAF17,0.040386853530980475,-0.06676078628180138,0.099,0.118,1
AC104162.2,0.04042381085203564,-0.033699210707215044,0.15,0.175,1
CENPC,0.0405172333020211,0.2018109058113029,0.608,0.623,1
SLC35A5,0.04057533502010615,-0.07167967752095139,0.039,0.051,1
EXOSC10,0.04065022707470924,0.0270701231180841,0.131,0.155,1
ZNF559,0.040679746300432425,-0.23128065263126274,0.046,0.059,1
CCL28,0.040685101796655306,-0.12533129388097386,0.069,0.085,1
CEP95,0.04076878625236264,0.23612870229781613,0.403,0.404,1
UBA2,0.0408925078997626,-0.005385563001888444,0.24,0.275,1
LSG1,0.04098694012580853,0.12895609527109775,0.137,0.164,1
GSTCD,0.0410087191579234,-0.1285596443577377,0.051,0.064,1
KIF3A,0.04110366553367245,-0.06658969477289145,0.134,0.157,1
EIF3J,0.041135613455889175,0.056386849152996854,0.249,0.294,1
GBP4,0.041215433431276156,-0.017297638159192052,0.117,0.139,1
SCAF11,0.041271060527248514,-0.060401247364972654,0.758,0.809,1
TNKS2,0.041450633480912116,-0.030265193794253964,0.524,0.587,1
AP1AR,0.04188494693254071,-0.02181125048003052,0.067,0.083,1
ZFYVE27,0.04189966468352946,0.46991604011917376,0.147,0.134,1
SESTD1,0.041990099782644424,0.027658351980571982,0.064,0.08,1
KDM1B,0.0420257955448993,-0.06114279699309888,0.054,0.068,1
NOC3L,0.04210541631108789,0.09315639201133852,0.057,0.072,1
GTF2B,0.04230324673596211,0.009242999959804099,0.312,0.358,1
HADHB,0.04237332603956527,0.07700838831336326,0.201,0.234,1
CCDC88B,0.042486532459589596,-0.05452913296099515,0.078,0.095,1
NDUFS1,0.042515230093247355,0.038810993882753,0.179,0.21,1
DHX35,0.042640403052739397,0.06685556384508029,0.11,0.132,1
DHX16,0.04265132091945458,-0.236713209244102,0.046,0.059,1
ASXL1,0.042652881904124244,0.024739828409521936,0.494,0.56,1
OGFRL1,0.04276175314911329,-0.004104789600806624,0.105,0.126,1
RNF4,0.04277728766653582,0.024538773687863058,0.292,0.341,1
TAF9B,0.043096272834016264,0.6342085463877458,0.052,0.041,1
TECPR1,0.04314629568069353,0.038369423439386985,0.156,0.182,1
NDUFAF8,0.043298186470081,0.4564573695353631,0.087,0.074,1
VAPA,0.04330484289992359,-0.0055395461441768434,0.424,0.484,1
NT5DC1,0.043314250682897106,-0.03150332961181279,0.359,0.396,1
MTA1,0.04333200242701087,0.560530624249409,0.057,0.046,1
MARCH8,0.04346055682510527,-0.0022732990034603773,0.301,0.347,1
THUMPD3,0.043656806326335985,0.4723810243109354,0.095,0.081,1
NEK3,0.043678397098841595,-0.02868481946632695,0.046,0.059,1
EXOSC9,0.04374416023146317,0.48540681761181026,0.144,0.132,1
DDX19B,0.04379979350572809,-0.10390322754693937,0.09,0.107,1
TBC1D15,0.04393892827156159,0.1355281939768218,0.658,0.674,1
ABRAXAS2,0.04399307540959982,0.5366620604074073,0.101,0.088,1
DUS4L,0.044078673858865644,-0.10343749373749578,0.039,0.05,1
HACL1,0.04408369437456454,-0.012158008149847133,0.18,0.207,1
OGFOD1,0.04418374192127121,0.02153772211811633,0.069,0.085,1
FRG1,0.04422163726241921,0.31866481722381257,0.187,0.172,1
FAM104A,0.04429210648451467,0.05370484162453848,0.095,0.115,1
ATG13,0.04440919060407705,0.05034198523557264,0.265,0.305,1
PPP1R14B,0.044430156487046964,0.4940254241479507,0.054,0.043,1
EHBP1L1,0.04444424317577052,-0.09334132581906784,0.087,0.105,1
AKT2,0.04447748071397263,0.07138204700962403,0.104,0.126,1
LINC00641,0.04459250657928464,-0.14464519678922816,0.059,0.073,1
FAM217B,0.044607882668281314,-0.06710959453117615,0.072,0.088,1
PRKCA-AS1,0.044697977687866486,0.4990433935954146,0.102,0.088,1
ZBTB18,0.04469931831257644,0.11096540869433946,0.064,0.08,1
ZWILCH,0.04474023296767421,0.5727477646251931,0.059,0.048,1
RABEP2,0.04484275480771592,-0.05876815674595992,0.042,0.054,1
ZNF326,0.045195924354746425,0.1883478094980185,0.362,0.357,1
MAN2A1,0.04525481486096288,-0.08488123990225027,0.587,0.633,1
TLE4,0.04527967399594256,-0.023776347962096933,0.587,0.639,1
MPC1,0.045318551217740546,0.5154114077104723,0.075,0.062,1
LLPH,0.04550104189109922,0.49572915350229496,0.104,0.09,1
HAUS3,0.04563664693367521,0.5385033412744293,0.107,0.094,1
PAXIP1-AS2,0.04578140055960969,-0.22582164670354743,0.046,0.059,1
SYAP1,0.045821462052871124,0.317090179537022,0.193,0.18,1
RABL2B,0.04590280004493445,-0.04932506972611783,0.039,0.05,1
RAB8A,0.046403033337831606,0.5266025052500647,0.083,0.071,1
COPB2,0.04643609650062411,0.03935552988054947,0.096,0.116,1
RICTOR,0.046569127488794604,-0.0021562327825201955,0.852,0.891,1
ENY2,0.04660551252215168,0.4622963100164881,0.096,0.083,1
LRATD2,0.046639071486289936,0.5590659788272636,0.058,0.047,1
BORA,0.04665229436786546,0.6826080660625293,0.053,0.042,1
ZNF765,0.04668107110110036,-0.054968449186660884,0.06,0.075,1
CDC7,0.04681455563125494,-0.043205815629878686,0.04,0.052,1
TMEM59,0.04689888082217892,0.25721436011091126,0.336,0.33,1
CSNK1D,0.04692574114639116,0.31657027513244956,0.227,0.215,1
RAB22A,0.04692912481063597,0.024440294510728544,0.216,0.248,1
TAF11,0.04698059204590171,0.4172472777684285,0.205,0.196,1
INO80D,0.04716663908204186,0.2323104713975115,0.499,0.521,1
FAM50A,0.047420931497967,0.4207292919550709,0.061,0.049,1
ACVR1C,0.04747084609521599,-0.2932290763402776,0.095,0.111,1
MED30,0.047553047031119795,0.4229147268381006,0.126,0.113,1
EEF2K,0.047959526598496484,0.08514920966699457,0.098,0.118,1
PPT1,0.04828252225002055,0.42950046856446766,0.141,0.128,1
FBXO32,0.04837226407631081,-0.05582511298116083,0.263,0.297,1
TMEM33,0.04837571185589159,0.07700571866464778,0.232,0.27,1
AC233976.1,0.048501801070472646,-0.0814218928518333,0.245,0.277,1
SNRPA,0.04860093102750105,0.48353273773165095,0.094,0.081,1
ZNF507,0.04868266249622965,-0.03503379373734017,0.209,0.241,1
TNRC18,0.04886239762251888,-0.06518146393396895,0.105,0.125,1
DNAJC15,0.0488941922173282,0.23632534943066408,0.224,0.208,1
CASP6,0.04901230469978232,-0.1392363228138529,0.067,0.082,1
UPRT,0.04908089046577023,-0.20263044523554186,0.068,0.083,1
OTUD1,0.049173893548799016,0.6402969136983203,0.051,0.041,1
PDHB,0.04917446765507365,-0.08807236403713814,0.064,0.079,1
RBM12B,0.0493088700369631,-0.01789006256506065,0.084,0.102,1
PIN4,0.0493594584088198,-0.341112173586275,0.071,0.086,1
GFM2,0.04942557801773679,0.04263684221261599,0.1,0.12,1
ZBTB11,0.04945814635441047,0.27384424268932106,0.3,0.29,1
ENO1,0.049556429621148514,-0.03106394198890433,0.279,0.317,1
CYTH3,0.04972615713410011,-0.332725335820115,0.061,0.074,1
UFM1,0.0497570953873608,0.3083106802077866,0.228,0.216,1
ZNF318,0.049801726686335396,-0.28662159519073915,0.046,0.058,1
NKAP,0.050083194025977246,0.44762421576309386,0.168,0.156,1
SRI,0.050332771841252205,0.394319400149717,0.123,0.109,1
HSPB11,0.05042869402539871,-0.012642824361898786,0.075,0.091,1
AKR1B1,0.05073732960042631,0.49699945545547,0.051,0.041,1
ESYT1,0.05078169946569364,-0.12136361196125112,0.108,0.127,1
IFNAR1,0.05081456718216401,0.28787976816999805,0.293,0.284,1
GRPEL1,0.0508856263340472,0.49733026186493023,0.094,0.081,1
SUDS3,0.050966682891341986,-0.020209232269164934,0.123,0.144,1
RALA,0.0509802037071877,0.2605707154522653,0.413,0.414,1
DDX31,0.05106206568668426,0.03754570284364833,0.126,0.149,1
SETD4,0.05124652862940227,-0.05441759439652216,0.045,0.058,1
MXD1,0.051257164663157065,-0.05556539256347226,0.129,0.151,1
EWSR1,0.05127977297754242,-0.027354314076881436,0.359,0.411,1
MEI1,0.05137544412188005,-0.07319262680360805,0.09,0.107,1
ITPRIP,0.05156957380442613,0.5173371385444541,0.058,0.048,1
PIAS1,0.05185286497347906,-0.016444116554213295,0.766,0.819,1
MBTPS1,0.05186135944126731,0.2517639692930527,0.358,0.359,1
SFPQ,0.05200639131407887,0.11070354950942041,0.643,0.664,1
DDX3Y,0.05228411841789882,0.24808146594154273,0.419,0.434,1
IQCN,0.052299591259609854,0.5809379864485833,0.055,0.045,1
MRPL4,0.05237823766628112,0.5681519097927819,0.053,0.043,1
NMI,0.05254310985495855,-0.09109153727251984,0.083,0.101,1
CD99L2,0.0526252841521337,-0.049934093285307846,0.091,0.109,1
OCIAD1,0.05281669251082089,0.28159503166584976,0.303,0.296,1
C15orf40,0.05285856889952481,-0.08120968013777663,0.063,0.078,1
PBX2,0.05290548446732785,-0.07482164645622191,0.056,0.069,1
MRPS21,0.05375666545341091,0.38102389995338326,0.124,0.11,1
AP1B1,0.05377816422002389,-0.036424023459421306,0.094,0.112,1
SNAP23,0.05391857819694951,-0.08718352347155345,0.109,0.129,1
EXOSC3,0.053976852978051076,0.03443614696167785,0.105,0.126,1
CHP1,0.05398347266635357,-0.0027976437232748452,0.04,0.052,1
RBIS,0.053996924564431295,0.46469340769261747,0.1,0.088,1
DCAF11,0.054049109516828495,-0.0791895482555467,0.071,0.086,1
PTRH2,0.05419344948350869,0.49983459244655504,0.104,0.092,1
PPCS,0.05475668266711895,0.46495642679379956,0.09,0.077,1
SSRP1,0.05486107744524089,0.5377612453293832,0.068,0.057,1
NOM1,0.054904454801264886,-0.097157465423374,0.082,0.098,1
PIK3CA,0.054977304526906565,0.15971550660773426,0.626,0.628,1
CDK7,0.055135843847502926,-0.017358936848389295,0.097,0.115,1
GAN,0.05520697806210134,0.03799258136823158,0.08,0.097,1
AC009226.1,0.05528827413560772,0.3765146050447623,0.094,0.08,1
CBX6,0.05560067945617231,-0.06078768214098029,0.09,0.107,1
AC008467.1,0.05603742574118929,0.029977703071187634,0.104,0.123,1
CISD2,0.056251321415501335,0.0764230667224306,0.087,0.104,1
CDK9,0.05635251376048388,-0.13252911949462698,0.044,0.056,1
CDK17,0.056443049212322016,-0.01290555899056045,0.612,0.669,1
C1orf162,0.05665821145694902,0.5312454785157366,0.062,0.051,1
TIMM23,0.056815750916902476,0.4250892581974296,0.15,0.137,1
HIPK1,0.05682030550510956,0.03222983619772424,0.361,0.414,1
BZW1,0.05702291562755574,0.29701959036658243,0.287,0.282,1
BRAT1,0.05714693401125982,0.615165848729756,0.053,0.043,1
LRRC75A,0.05723236487493919,0.6548516288267496,0.053,0.043,1
STAM,0.0573556621284764,-0.0438152732539574,0.363,0.407,1
PTPN2,0.05736095266720538,-0.027500028148429667,0.382,0.428,1
CAND1,0.057503133722880496,-8.458155483581642e-4,0.364,0.416,1
NXPE3,0.0575565341390984,-0.05509181970856125,0.116,0.136,1
BNIP2,0.05765853257976277,-0.012328986300057236,0.293,0.334,1
PSMD1,0.057702901087915044,-0.01755823572080173,0.282,0.318,1
AC090772.2,0.057771405095074696,0.3923891040592209,0.167,0.154,1
YY1,0.05782726798907346,-0.018616980229041458,0.304,0.347,1
EBPL,0.05784048744540088,-0.20403877128036552,0.045,0.057,1
NCLN,0.05785454387727993,0.5308581594924959,0.104,0.092,1
ZYX,0.05789708156366072,0.3915475495363334,0.066,0.054,1
FAM24B,0.05818705667446184,-0.197341495438077,0.049,0.061,1
ZDBF2,0.05846542137670386,0.005119054809315182,0.093,0.111,1
TMEM30A,0.05856753167862436,0.07694319351361822,0.165,0.193,1
KIFAP3,0.05876101707874938,-0.05052298716316128,0.365,0.402,1
PITPNA,0.058870342752468975,0.18923197313345685,0.104,0.123,1
DPH5,0.058915682245571234,-0.13695570865213424,0.07,0.085,1
CDC23,0.059166768094244204,-0.06040686506099835,0.045,0.057,1
RNF215,0.059178222552672084,0.0036711830037199356,0.045,0.057,1
CUL9,0.05946696106217073,0.010050972709020112,0.053,0.066,1
SMARCE1,0.05951979173455245,0.29891561099151026,0.236,0.225,1
SLFNL1-AS1,0.05960666768597208,-0.13300701713964136,0.043,0.055,1
ZNF862,0.05964309762928471,0.02847944877465647,0.105,0.125,1
PCM1,0.05975751816019137,-0.016022168200379827,0.697,0.764,1
DHDDS,0.05999397580936273,-0.12737178095373203,0.051,0.063,1
SMARCD1,0.060085720214105395,0.37846771900210996,0.09,0.077,1
PSMA3,0.06012523785057621,0.36070698160478487,0.203,0.192,1
RNF10,0.060226067251999804,0.041988444997744415,0.28,0.323,1
PLSCR1,0.06033267513575153,0.09317615602801821,0.062,0.077,1
RAD18,0.06047227533066587,2.831185691671845e-4,0.088,0.106,1
CEP250,0.06051017325449648,-0.09958422428944536,0.061,0.075,1
ZNF611,0.06054931641166601,0.022801002746096644,0.145,0.169,1
SPSB3,0.06061370644914084,0.39833820352642046,0.108,0.096,1
CYHR1,0.06062725246063086,-0.11069790872073382,0.04,0.051,1
ZNF827,0.06090719334310933,-0.1029111816231073,0.18,0.204,1
HACD3,0.06100763868057965,-0.05193598278330003,0.131,0.152,1
NGRN,0.061139701760019816,0.5692187813287424,0.064,0.054,1
ZNF267,0.061463725466468354,0.4113049969632484,0.214,0.206,1
POLG2,0.06150299505024844,-0.06425222695495258,0.087,0.104,1
SCPEP1,0.061676317296308576,0.5215699337223336,0.057,0.047,1
RYK,0.06176122819150076,0.15833031079024262,0.407,0.397,1
ELK3,0.06179831108196842,0.29831993488407493,0.285,0.281,1
FZD6,0.06184990229555442,-0.043187180323701835,0.061,0.074,1
ERLEC1,0.06191197188831269,0.40059687013571676,0.126,0.114,1
BUB3,0.062084356598632186,0.006733948345100993,0.176,0.203,1
TATDN2,0.06222066841522739,-0.0340223983333412,0.075,0.091,1
CSGALNACT2,0.06229790048040258,-0.023290065511500924,0.436,0.489,1
CTBS,0.06240101567594766,-0.03229837070456032,0.199,0.227,1
GORASP2,0.0624253168805029,0.026330116791537184,0.235,0.269,1
BRD4,0.06249007386787425,-0.03495125456945225,0.465,0.523,1
SPG7,0.06254982102283828,0.01011193944431843,0.213,0.245,1
HSPA13,0.06263471055459661,0.5498208367983617,0.071,0.06,1
COG4,0.0627492320712355,-0.013334545478557391,0.085,0.101,1
ATP1B3,0.06277692204424214,0.0740070986962984,0.171,0.197,1
LIN7C,0.0627826045042926,-0.040979396566585,0.06,0.073,1
STAT2,0.06287471252897733,0.0046999966062737375,0.127,0.149,1
USP30,0.06298013562865258,-0.023164333821743543,0.046,0.058,1
ZNF212,0.06303963205630918,0.043957737376032924,0.069,0.084,1
JMJD6,0.06324992575740525,0.487900466898473,0.075,0.064,1
PCGF3,0.06334772068122566,-0.012686147646444379,0.107,0.127,1
B4GALT1,0.06337809297204372,0.265938587840213,0.341,0.336,1
KNOP1,0.06351089306447193,-0.006788858924439811,0.057,0.07,1
MRPS28,0.06364177833730333,-0.05914912161074402,0.238,0.266,1
TMEM222,0.0636943343041914,0.5240669398088724,0.074,0.063,1
MAP2K7,0.06391357186111873,0.11367402305415086,0.092,0.111,1
TERF1,0.06404520743605643,0.05713501871022664,0.182,0.21,1
GTF3C4,0.06424604354470198,0.5829788572401431,0.063,0.052,1
AC093323.1,0.06454160872188282,0.5739770470163585,0.058,0.048,1
UBQLN1,0.06454804351562646,-0.015656079714483517,0.361,0.41,1
PNPT1,0.06472748595116139,0.3002690686498896,0.172,0.2,1
DDX23,0.06481307325262384,-0.06998341795093266,0.078,0.093,1
CBWD2,0.06486003159428082,0.43500240115004485,0.144,0.133,1
ASCC1,0.06488502655324745,0.05843531839776772,0.125,0.146,1
SRP72,0.0649277298927328,-0.04576395402907746,0.228,0.258,1
CLPTM1,0.06492840008503864,0.4384041242901948,0.085,0.073,1
RNF7,0.06496139915936562,0.35782232476580345,0.117,0.104,1
TLE3,0.06498916911226502,0.13515847072327114,0.078,0.094,1
BLVRA,0.06501804226536978,0.03367232936580167,0.093,0.11,1
PPP4R3B,0.06508019158992367,0.14874672500042818,0.578,0.603,1
PXK,0.06542161367407977,-0.018807468725265064,0.1,0.118,1
ZC3H7A,0.06578145265915358,0.2564028457683271,0.357,0.36,1
ACADSB,0.06582865125198387,0.001190764658990373,0.102,0.121,1
BLMH,0.0658992672626979,0.008330969126818522,0.177,0.203,1
C12orf40,0.06590267788868666,-0.36473176871812774,0.054,0.066,1
SLC16A6,0.06590990974705632,-0.03117488420069847,0.079,0.094,1
WDR36,0.06619094793483946,0.03814997185565994,0.178,0.205,1
SRCAP,0.06627549019517813,-0.044083803839935154,0.087,0.104,1
RRP36,0.06640715739101122,0.4699385629459176,0.084,0.072,1
C1D,0.06662059492873966,0.36634053770120745,0.124,0.111,1
MKRN1,0.06662950887544536,0.057482310005931625,0.223,0.257,1
GPAT3,0.06667130897660078,0.4966197754178667,0.076,0.064,1
CXorf38,0.06697537286153205,0.31595746362272403,0.095,0.083,1
DDHD2,0.06714461027906594,0.010916636465512664,0.148,0.171,1
LEMD2,0.06740398172408593,0.37684655517879484,0.167,0.157,1
MPG,0.06756823653926469,0.46614543771117534,0.052,0.042,1
MIGA1,0.06770002627434692,0.022671027580055902,0.32,0.368,1
SLC7A6OS,0.06776314417669933,0.03666151064201961,0.158,0.184,1
SDR39U1,0.06791185380680925,0.5725807319466747,0.051,0.041,1
HABP4,0.06799712638981686,0.3019798117340239,0.323,0.322,1
HSH2D,0.0680446025637233,0.21372846792741695,0.089,0.108,1
FAM184A,0.06804589868818126,-0.17274443090996883,0.046,0.058,1
TMEM126B,0.0681439724144277,-0.018452950016674574,0.049,0.061,1
CMAS,0.06818661888702182,-0.08450114057405811,0.061,0.075,1
IL2RB,0.0681959194555938,0.6386698226385898,0.074,0.064,1
TAF8,0.06825231874727346,-0.05475973972138215,0.076,0.092,1
AC133550.2,0.06835051866355583,0.5683788492295831,0.054,0.045,1
ACOX3,0.06864061811699033,-0.022350054235562133,0.045,0.057,1
TMPO,0.0687021308438649,-0.0013994025138438504,0.335,0.376,1
BIRC2,0.06870573890504895,0.005527367664084459,0.214,0.246,1
FEM1C,0.06876553608026621,-0.043960405446192174,0.138,0.159,1
RBM33,0.06886111213558652,0.004771348763941141,0.61,0.68,1
PDSS1,0.0690084839167845,0.06502222748179465,0.066,0.08,1
TSPYL1,0.06915124556690448,0.3650352572662148,0.151,0.139,1
MRPS35,0.06931594294763997,-0.072471022801875,0.15,0.172,1
PDIA4,0.06961231637204092,-0.13273169296136578,0.059,0.072,1
IFIH1,0.06971318176331492,0.550656209511363,0.194,0.185,1
ILK,0.06998618959936884,0.33461443408910396,0.061,0.05,1
SH3GLB1,0.07000678287475333,0.003241497287683248,0.343,0.387,1
SLC25A33,0.07011814362062531,0.07468814484876773,0.081,0.097,1
TKT,0.07016868957129528,0.4296784531325193,0.132,0.121,1
RBM23,0.07023332879854376,0.40786598013629516,0.168,0.158,1
TNPO2,0.07028272376208368,-0.06522414241523267,0.063,0.077,1
CEMIP2,0.07071322204818337,-0.04187163247442749,0.65,0.686,1
POM121,0.07075581228836546,0.04136728669372164,0.223,0.255,1
STXBP2,0.07080263141626032,0.3956903943150847,0.127,0.115,1
TOP1,0.07109114713587907,-0.005865854220195477,0.473,0.527,1
SELENOO,0.07113650897392693,0.42475418984164426,0.137,0.126,1
SEC24A,0.07122901549537344,-0.049202145076717496,0.112,0.131,1
MRPS30,0.07145341012112028,0.36786050269262915,0.082,0.07,1
MTERF4,0.07164122078476323,0.30204719498765586,0.302,0.303,1
CHKB,0.07183907257872942,-0.05740010394054007,0.12,0.14,1
C1orf35,0.07195690310807507,0.6016667481985332,0.06,0.05,1
CCDC91,0.07203158078813776,0.024291863078548026,0.814,0.858,1
EIF3M,0.07214954143180659,0.22271200777892214,0.377,0.382,1
RPN1,0.0721586144517468,0.048454768761297506,0.165,0.19,1
OS9,0.07226588199638852,0.28889421560640804,0.206,0.196,1
USP47,0.07234574540772819,-0.005441658444387265,0.688,0.742,1
NDFIP1,0.0723748511954547,0.12657270509028518,0.747,0.793,1
SLC26A11,0.07274004858965945,-0.1266511506902992,0.054,0.067,1
SLU7,0.07275107598135581,0.3156223495427055,0.167,0.155,1
WARS2,0.07326220919202038,0.046366349120884,0.123,0.142,1
PDIK1L,0.07331350536744301,-0.13959990536925293,0.055,0.067,1
PJA2,0.07336671063973454,-0.02016222033274717,0.468,0.521,1
MAP3K13,0.07432210446180304,0.21178627723361787,0.05,0.04,1
PDE12,0.07442014365439396,-0.016268451337172918,0.115,0.135,1
LRRC23,0.07456169247843261,-0.1880313193638572,0.044,0.055,1
ERAP1,0.07468835353950602,0.03455074507439193,0.27,0.309,1
PTBP2,0.07490397407176878,0.05482941697968635,0.514,0.575,1
DDX59,0.07491692318571849,-0.024307950037579795,0.078,0.093,1
C12orf75,0.0749482126614031,-0.15098404697425893,0.062,0.075,1
KMT5A,0.07495941531687839,0.582814995460164,0.056,0.046,1
CCDC18,0.07498469645701905,0.004089132185270183,0.133,0.152,1
MSL3,0.07501417923987322,0.08395405230891329,0.141,0.166,1
PTTG1IP,0.07522792361964137,-0.03962218379165461,0.15,0.173,1
ODF2,0.07525302419097381,-0.15815575902547163,0.051,0.062,1
B3GALNT2,0.07539418538134651,-0.040598823738169365,0.043,0.053,1
ARFGEF2,0.07608556090260424,0.001943056759346251,0.368,0.412,1
GPAT4,0.07643808686815738,0.018645780244870958,0.106,0.126,1
PPP2R5D,0.07648612045647797,-0.06830002957489123,0.042,0.053,1
ARL1,0.07658201619441968,0.02151217120839144,0.053,0.065,1
FBXO3,0.0770009848256009,0.01034807236174562,0.317,0.354,1
DRG2,0.07709992880981889,0.48139935532760925,0.06,0.05,1
MIS12,0.0773758638196298,0.5273832944237058,0.066,0.056,1
TNFRSF14,0.07762076594761166,0.31883615195602033,0.148,0.135,1
ANXA11,0.0776588415049522,0.00928723031836981,0.31,0.35,1
PHF2,0.0776676149680651,-0.05898418380969228,0.082,0.097,1
AC078785.1,0.07782150342702417,-0.2658721533056827,0.045,0.056,1
CTSB,0.07787529406511054,-0.015141282161609038,0.143,0.164,1
NSUN2,0.07792168144331521,0.030722382193806297,0.146,0.169,1
LRPPRC,0.07801384879342382,0.002976370992501476,0.456,0.515,1
STRADA,0.07807936394076821,0.008600654650460227,0.225,0.254,1
ABCC10,0.07818910247456308,-0.2266627573688833,0.046,0.057,1
CD27,0.07819191018921995,0.30575516509968015,0.12,0.106,1
RNPEPL1,0.0782019101997118,-0.056492901682041685,0.095,0.113,1
BRD1,0.07821303009157259,0.21041714543708961,0.364,0.37,1
SETDB1,0.07844588926850204,0.13876568986850457,0.11,0.13,1
RNF34,0.07850322401012193,0.051386587401443,0.315,0.356,1
ZNF410,0.07862752294961362,0.08322773897387525,0.15,0.174,1
SLC9A8,0.07863617340937121,0.2140905687862018,0.385,0.391,1
PEX2,0.078640389315441,-0.07427662342704333,0.116,0.134,1
YWHAB,0.07924570530583469,0.13645197448317115,0.557,0.585,1
AC016074.2,0.07992852453763845,0.0044659268104931815,0.139,0.16,1
FBRS,0.07993117764197914,0.4754729374253408,0.096,0.085,1
TAP2,0.08020468706858064,0.009352205027472582,0.142,0.165,1
SEPHS2,0.08021180015720172,0.46100283019163957,0.05,0.041,1
ARRB1,0.08052964212679298,-0.09484961196596942,0.088,0.103,1
TRMU,0.08065217678250221,0.40124023998861813,0.093,0.082,1
TAF4B,0.08067811477864092,0.07748086264958251,0.249,0.279,1
HMGN1,0.08090414888718817,0.25806466575971143,0.248,0.24,1
PRR5,0.0810697466636536,-0.11896520059523308,0.068,0.082,1
RWDD3,0.08118851171773282,0.4567597834369961,0.085,0.074,1
AC006141.1,0.08147518434808061,-0.04005704457317494,0.044,0.055,1
ZNRF3,0.08187758128616464,0.472385021855934,0.067,0.056,1
ZNF565,0.08194844553380949,0.6540473126308939,0.071,0.061,1
GPR137B,0.08209862808465783,0.06522493723287948,0.12,0.14,1
METTL23,0.08235554235731245,0.40771034352322966,0.096,0.085,1
HLTF,0.08264876718588016,-0.20917642359189648,0.051,0.063,1
TMCO1,0.08292371382055928,0.351780847079831,0.233,0.228,1
ZNF460,0.08305298670320452,-0.0656418774892531,0.056,0.068,1
CIP2A,0.08306457573978662,0.5840010763071688,0.058,0.049,1
RNF19B,0.08309130446589624,-0.08232636026571427,0.062,0.075,1
BET1L,0.08315879160108765,0.4256069010500947,0.063,0.052,1
PSMG4,0.08320873003395772,0.48471329148252784,0.086,0.075,1
HDAC1,0.083276220394444,-0.02080700592281115,0.115,0.134,1
STAG2,0.08338455443831103,-0.008429814492891374,0.721,0.773,1
TCIRG1,0.0834705355925664,-0.17425972893042685,0.059,0.071,1
LINC00963,0.08357693974024515,0.3927247594269101,0.051,0.041,1
CCDC186,0.08402255045688847,0.026234210348162368,0.242,0.275,1
ERVK3-1,0.08416830713353267,0.01763897993785024,0.103,0.121,1
YWHAE,0.084222326250082,0.050884757106351014,0.258,0.299,1
CPNE1,0.08445978975036343,-0.09295156581816699,0.121,0.139,1
MTPN,0.08465128022578153,-0.05880829453222952,0.322,0.361,1
PURB,0.08472799703560865,0.011110820678218447,0.115,0.134,1
CEP83,0.08500010212292634,-0.004946639357644722,0.158,0.178,1
INO80E,0.08506657110230094,-0.07198820487708879,0.049,0.06,1
AL109930.1,0.08546664385790025,0.39238146998395024,0.157,0.185,1
LINC02649,0.08554655152181431,0.35256753923466855,0.157,0.145,1
NUDT21,0.08579548112060703,-0.011232829737853,0.118,0.137,1
PAIP2,0.08593143972892715,0.045381204709439654,0.274,0.314,1
AL139807.1,0.08615443785874889,-0.2565025829011449,0.043,0.053,1
AC018816.1,0.08625512342970647,-0.03360461454838326,0.099,0.115,1
NELFB,0.08625810243657175,-0.07509454537937987,0.045,0.056,1
KIF22,0.08626879922456981,0.5571702678860522,0.09,0.08,1
MARCH9,0.08634648094132827,-0.051707000938841396,0.079,0.094,1
REV1,0.08646489841906484,-3.5568055113506525e-4,0.264,0.296,1
OSER1,0.08684306531870008,0.26677616198034726,0.205,0.195,1
MPPE1,0.08689493501047073,-0.039802799770793484,0.096,0.112,1
RNF44,0.08690018249483106,0.4480645499131295,0.118,0.107,1
TYW5,0.08700170059124251,0.42334074899726887,0.198,0.192,1
KAT14,0.08713845124241032,-0.0993205638998349,0.043,0.053,1
NDUFA9,0.08731620556976437,0.32437031380217407,0.167,0.156,1
COQ2,0.08740467658905458,0.6465395477978233,0.05,0.041,1
ABCB1,0.0876593390734966,0.3848431425782959,0.104,0.092,1
PPP1CC,0.08779490001141753,0.018260650452054605,0.199,0.228,1
MED17,0.08792695128926421,0.029331295080427464,0.272,0.308,1
PGRMC2,0.08832991115739118,0.3857007665487202,0.141,0.131,1
BCAR3,0.08846734312404407,-0.08728505546315724,0.058,0.07,1
SFT2D2,0.08852526207506436,0.013910909940951566,0.205,0.236,1
RSAD1,0.08857936247496621,0.3029724528182025,0.061,0.05,1
PDCL,0.08863978589154217,-0.11784099235634038,0.053,0.065,1
PSMD12,0.08884066279321243,0.21719227394337684,0.309,0.309,1
ZNF3,0.08907903037472525,0.04949847901761251,0.063,0.076,1
ADNP2,0.08916998855703888,0.27915747571129124,0.24,0.232,1
AKAP8,0.0892868869868564,0.3189317705575141,0.182,0.172,1
LINC00909,0.08939542263200846,0.4730353122661042,0.088,0.078,1
ZNF562,0.0895010172781581,-0.1592730108692173,0.051,0.062,1
PTGER4,0.08961271198771913,0.2884154764929399,0.289,0.284,1
GABPA,0.08983166874801765,0.04836395281992789,0.166,0.191,1
STAT3,0.09003737343330624,-0.021531398368705545,0.606,0.67,1
RAB33B,0.09034337188914215,0.3808662202978441,0.07,0.059,1
WDFY1,0.09036113685783081,0.027599237776594496,0.252,0.286,1
TAZ,0.09076448886079413,-0.023363964811859095,0.097,0.114,1
DUT,0.09099302363471533,0.3255287692172253,0.163,0.152,1
RASSF1,0.09108238360850981,-0.06338060089686604,0.087,0.102,1
LYPLAL1,0.09162981361844479,-8.358077727493168e-4,0.261,0.292,1
ADPRM,0.0916726367628971,-0.018216016294957393,0.081,0.095,1
JMY,0.091804964752681,0.15795345975595454,0.466,0.475,1
CNN2,0.09191340004373998,-0.007968289157397335,0.119,0.138,1
SH2D3A,0.091941766086727,-0.001244494005971486,0.064,0.077,1
ELOC,0.09195170385306814,0.39262375550450046,0.141,0.13,1
RRP7A,0.09205132577034128,-0.01969375794976802,0.115,0.133,1
DNAJC9,0.09210178502537117,0.27208966132440016,0.108,0.096,1
LUC7L2,0.09263940580693578,0.11563659038526652,0.691,0.716,1
ZNF429,0.09266519979493397,-0.01584552938725503,0.065,0.077,1
FURIN,0.09269110690725325,0.5053687055520046,0.055,0.045,1
USP1,0.09282004512520303,0.09961838751976926,0.164,0.189,1
CREBRF,0.0930400457249053,-0.02275211032933644,0.551,0.604,1
CCT6A,0.09327661327720209,0.3803986432114683,0.122,0.112,1
ZDHHC18,0.09344848652922504,0.45158581237697004,0.095,0.084,1
NANS,0.09345991314440681,0.033966215058213844,0.062,0.075,1
TUBE1,0.09349532297751142,-0.2331493468275032,0.051,0.061,1
SARNP,0.09354869303555255,0.06986883105794917,0.242,0.276,1
RAB7A,0.09376754972909243,0.05451482251264128,0.408,0.462,1
TTC1,0.09387802075864445,0.29595282309004284,0.226,0.218,1
CNOT8,0.0941026955147087,0.03142402630679511,0.26,0.298,1
DDX6,0.09417966863910049,0.014915656901878016,0.635,0.71,1
ATP9B,0.09445614647636572,0.1307236915841239,0.751,0.79,1
LAS1L,0.09450926745610258,0.41168045621932503,0.063,0.053,1
GNB5,0.0945840154321784,0.022405712846921583,0.287,0.326,1
BCAS4,0.09540218559037507,0.06838640878059965,0.079,0.093,1
SELENOI,0.09552881651135813,0.06637899390973578,0.152,0.175,1
GRK2,0.09572984645030595,0.027179078922411448,0.17,0.196,1
AC008115.3,0.09615486712959519,-0.02919565861866147,0.048,0.059,1
POLD4,0.0961637351760399,0.337372078085326,0.077,0.066,1
DCUN1D5,0.09620002131812291,0.33606845707817823,0.174,0.163,1
ZNF124,0.096205833260037385,0.05040847671734827,0.103,0.121,1
BBIP1,0.0964083277856678,0.3057034080771839,0.149,0.138,1
TMC6,0.09712009843165775,0.26766504159159316,0.296,0.294,1
TULP3,0.0971534245155623,-0.10702283806774471,0.06,0.072,1
UBR7,0.0983350954231033,0.08624645841317458,0.043,0.053,1
MCC,0.09866976222866986,0.13176805392792568,0.098,0.114,1
HSPH1,0.09872967955926526,0.10531254432937676,0.117,0.137,1
TMEM9B,0.0987824319493004,0.42319347351507774,0.086,0.076,1
ZEB1,0.09879384134373859,0.1471836736908574,0.786,0.828,1
PTCD3,0.09884402544509986,0.06223595583490171,0.255,0.292,1
FAAP20,0.09903335241890243,0.6266880798931997,0.051,0.042,1
GALNT6,0.09928672923534208,0.010626434216874259,0.04,0.05,1
ZNF286A,0.09939248115234355,0.060199477491845066,0.051,0.062,1
HEBP2,0.09943028306180338,0.3512478397727672,0.143,0.133,1
BTAF1,0.09944348951553843,0.023967829711575517,0.437,0.49,1
FBRSL1,0.0995203537310104,0.0414723025510797,0.137,0.159,1
PPM1B,0.09967377409419129,0.003490361750749571,0.685,0.747,1
FBXO8,0.09969223608722705,0.05118297026864593,0.136,0.157,1
OFD1,0.09971491537155748,0.24706786068070352,0.301,0.297,1
POLR1B,0.09991447517584795,-0.10162768870236993,0.054,0.066,1
TMX4,0.09998508477549688,-0.02852340419764604,0.286,0.322,1
LDB1,0.10000900703340773,-0.07044719451545234,0.056,0.067,1
SVIP,0.10003620705001345,0.2416802827190856,0.197,0.186,1
PEPD,0.10037635231072392,0.02065899957672812,0.08,0.094,1
EMC10,0.10057946046490268,0.4090964311571623,0.102,0.091,1
NR1H2,0.10058622490116606,0.478998567215116,0.063,0.053,1
DUSP16,0.10092171957582091,0.1950506456069896,0.471,0.48,1
PKN2,0.10096113680884171,0.011910139348765725,0.631,0.689,1
DAPP1,0.10103193063056701,0.1537241206850951,0.152,0.174,1
BLCAP,0.10110735400591273,-0.05385051625138537,0.097,0.113,1
POLR2E,0.10122769686362922,0.41323110245869055,0.079,0.068,1
PNRC2,0.1015391934981781,0.32358894266424865,0.128,0.117,1
SATB1,0.10165099489408219,0.2170320493692257,0.375,0.381,1
ZNF836,0.10177570838786912,0.028236613862477444,0.05,0.061,1
ZFAND5,0.10183815924317395,0.04255051353544548,0.173,0.196,1
SRSF9,0.10198822201858164,0.36361090991383715,0.141,0.131,1
TRAF3IP2,0.10199607529308007,0.5878877786429135,0.058,0.049,1
S100A11,0.10200403914411842,0.3346559418351225,0.115,0.103,1
NF2,0.10223745427058209,-0.03340338862866454,0.148,0.168,1
IRF3,0.10247367653483935,0.032481166896792146,0.102,0.119,1
GTF3C2,0.10260687406938382,0.1098549769639896,0.131,0.153,1
CYP2R1,0.10265133700195478,0.3905173460965472,0.094,0.084,1
SLC9A6,0.10288327193579659,-0.027194340939544093,0.124,0.142,1
KAT8,0.10288799422354267,0.5418386306031748,0.061,0.052,1
DKC1,0.10312753200252768,0.41715601607532937,0.123,0.113,1
MRPL37,0.10327345648002212,0.5407020446712818,0.052,0.043,1
LGALS9,0.10334055770140446,-0.0087246498682715945,0.042,0.052,1
KCTD13,0.10354191398309098,0.03605255793579687,0.083,0.099,1
SCAMP3,0.1037087319740097,0.38320884711374936,0.124,0.112,1
PIGA,0.10393012587548638,0.05090233159387303,0.063,0.077,1
GTF2A2,0.10397371626858871,0.3818746197898859,0.077,0.067,1
C5orf24,0.1040820046445198,0.3560150633299368,0.153,0.142,1
DLG2,0.1043099627003439,-0.18539270800350666,0.117,0.131,1
IPO5,0.10455056018889398,-0.011413005998482717,0.127,0.146,1
IRF9,0.10455423973663017,0.03287546240248851,0.1,0.117,1
CSTF1,0.10465175739698161,-0.11140242214725449,0.044,0.055,1
ZNF783,0.10465889384676152,-0.08034202810431124,0.071,0.084,1
NUDT3,0.10469315526237782,0.03743938321304641,0.111,0.129,1
FMNL1,0.10469395132853522,0.22824390644794978,0.311,0.311,1
ATP7A,0.10508537421894242,-0.04935014728022624,0.041,0.051,1
FAM200B,0.10534655310138623,0.5323842021976479,0.05,0.041,1
ENGASE,0.10549454493858972,0.04789754568261895,0.046,0.056,1
ZDHHC20,0.10558077564399095,0.024305092109180304,0.545,0.602,1
CNOT9,0.10593272160644865,0.04640579814454171,0.182,0.21,1
SIGIRR,0.10639388874016267,0.3328296472927845,0.184,0.175,1
GLOD4,0.1064707760769226,0.33092201438268165,0.12,0.109,1
STT3A,0.10672062333844584,0.09373763263887858,0.09,0.105,1
WBP11,0.10675842334579828,0.2905941899381093,0.261,0.257,1
ARFGAP1,0.10681313777034157,0.0138079049095432,0.041,0.052,1
ARL8B,0.10711203110729693,0.03588665203598812,0.297,0.331,1
PEX13,0.1071265359359844,0.04991425830888474,0.076,0.09,1
LMO7,0.10738726218032836,-0.1808020011631395,0.119,0.134,1
HMGXB3,0.10757732920938422,-0.04590127865891114,0.163,0.185,1
ARRDC2,0.10776384419760765,0.4098399732422775,0.117,0.106,1
MAN2A2,0.10803647231285776,0.46592364024068433,0.091,0.082,1
SLC45A4,0.10817188687423011,-0.0714917569225082,0.062,0.074,1
CLECL1,0.10831779416617117,0.40611783000123003,0.063,0.053,1
PTPRE,0.10837756322048915,0.044598438299507714,0.123,0.142,1
COA5,0.10846820693461583,0.4624823562481901,0.051,0.042,1
ZNF121,0.10871962670210249,0.3441949536322446,0.148,0.138,1
MORN3,0.10882692675364372,0.6018253833116263,0.085,0.076,1
PTPN1,0.10892378245982898,0.034518621863073085,0.482,0.542,1
VPS26B,0.10908384418446344,-0.06352525321026015,0.071,0.084,1
RNF103,0.10955753536255798,0.27641622997059795,0.216,0.208,1
PARP1,0.10980921765087615,0.0335801443730982,0.188,0.212,1
ESF1,0.10981401262184971,-0.0019588399701973014,0.131,0.15,1
SERPINB9,0.1099716426978426,0.4380200217939312,0.148,0.138,1
GCDH,0.11015259402799361,-0.03752234917485264,0.044,0.054,1
CLPTM1L,0.11016762683428274,0.4214664390152625,0.066,0.056,1
PPP6R1,0.11069061507592425,0.007016809972309135,0.138,0.157,1
ANKLE2,0.11071110257318276,0.03227468151398272,0.196,0.224,1
ZNF626,0.11100532637905412,0.034164233485768136,0.112,0.129,1
HACD4,0.11126222509420289,0.03494908084632087,0.147,0.169,1
ELOA-AS1,0.11156016689231661,-0.07904090598454339,0.069,0.081,1
BCLAF1,0.11169239557995049,-0.043666532182207174,0.601,0.668,1
TM2D3,0.11185528150279862,-0.016312264208104,0.231,0.259,1
VPS39,0.11259065429669253,-0.005881114842297364,0.174,0.198,1
EZH2,0.11296640816407491,0.09016349500213522,0.198,0.225,1
MRPS16,0.11318463458218547,0.410668840889874,0.061,0.051,1
AP1M1,0.11328719646823292,-0.0367144809247999,0.083,0.097,1
GLRX3,0.1137871557753773,0.004543939278742526,0.143,0.162,1
WBP1,0.1138592594855574,0.4040984083273451,0.054,0.045,1
DYRK1A,0.11388028188757128,-0.014630937030358115,0.768,0.821,1
AEN,0.11426491954996351,0.4373114429247251,0.066,0.057,1
SFT2D1,0.11436949248024585,0.5347165956149391,0.062,0.053,1
AC021752.1,0.1147071534240481,0.40746439788914035,0.054,0.045,1
NARS,0.11472529687431844,0.30311754351481024,0.185,0.177,1
IAH1,0.11481691454193609,0.40469090518411677,0.126,0.116,1
ANKRD13A,0.1149304115433169,0.0733638504908582,0.219,0.25,1
COMMD9,0.1154367342309109,0.3960028839639782,0.079,0.069,1
PEF1,0.11550110044867329,0.009957242562020241,0.064,0.077,1
EEF1E1,0.11550443350264397,0.08791727275430983,0.077,0.09,1
DCP1B,0.11554223119085817,-0.05050057861720236,0.075,0.087,1
UBE2V2,0.11657645760022423,0.05339904898542058,0.116,0.134,1
SETD7,0.1166361811948309,0.0480903768753036,0.184,0.207,1
PDE4B,0.11669975638267786,-0.02534950376150702,0.409,0.444,1
CLASRP,0.11725837603832513,0.03281520350908973,0.155,0.177,1
ATP6V0D1,0.11741010878006462,0.0062692290902353065,0.072,0.085,1
MSN,0.11785942248176884,-0.05724037446373198,0.484,0.524,1
CHUK,0.11802184085580551,-0.01114696213438604,0.074,0.087,1
SEC31B,0.11809761772274215,0.05602768565941352,0.114,0.131,1
AXIN1,0.11811051791494662,-0.05672546810017698,0.097,0.112,1
PLSCR3,0.11814132876038405,0.4391429570670722,0.068,0.059,1
LINC00623,0.11815612767661815,0.06753415108848937,0.171,0.195,1
PRNP,0.1184783686931035,0.37421740202532017,0.195,0.189,1
TTF1,0.11861006119670787,0.5239231998036655,0.112,0.103,1
LAP3,0.11875676022144263,0.009794357460629621,0.092,0.108,1
NFKB1,0.11907769439704965,-0.0057196372980188315,0.801,0.85,1
FUBP1,0.11934347821064484,0.011194326983790193,0.543,0.614,1
EFCAB10,0.11978099187995128,0.056164254523635826,0.098,0.113,1
DHRS4L2,0.12003035661737721,0.33669306907765817,0.102,0.092,1
CFLAR-AS1,0.1203322523394911,0.4568450637452035,0.082,0.072,1
HMGCL,0.12097349620293919,-0.03647403121446402,0.053,0.063,1
TADA1,0.12109413769136838,-0.11124169681520879,0.068,0.08,1
PAGR1,0.121437555165237,-0.14329689008599633,0.047,0.057,1
DNAJC1,0.12206503295113691,0.3352602685197936,0.378,0.38,1
SNX19,0.12236778723764315,0.07275320129992935,0.204,0.232,1
ULK1,0.1224667491370722,0.047667970310921515,0.105,0.121,1
BMI1,0.12264521152819392,0.060536774626039236,0.09,0.105,1
ETAA1,0.12282949485168868,0.06244702552126835,0.063,0.075,1
EIF2AK4,0.12290602700310845,0.045833920611245915,0.093,0.108,1
SEPTIN1,0.12315921622356085,0.3706757482775547,0.126,0.116,1
ARPC5L,0.12370495189898925,0.5051900771066227,0.097,0.088,1
WBP4,0.12389048265993409,0.009725777483725606,0.095,0.109,1
PSMC6,0.12389779982646179,0.06865040134238665,0.19,0.217,1
METTL3,0.12409748005499663,0.4953195429744315,0.083,0.074,1
SMC3,0.12467658965944903,0.24159650330755666,0.326,0.327,1
MFSD14A,0.12475785461995176,0.1799261776770755,0.351,0.349,1
LINC01376,0.12476032789550667,-0.4245862857732501,0.057,0.067,1
TMEM184B,0.12485867413485208,0.5815995634164424,0.112,0.103,1
MBIP,0.12518043637536752,0.0030451405308566937,0.114,0.13,1
WDR76,0.125295979382092,0.023260669498443853,0.06,0.071,1
TMED7,0.1253438671154519,0.3871141428416771,0.112,0.102,1
TNRC6C,0.12541780682763534,0.12356968979314686,0.687,0.714,1
VDAC3,0.1254933141622596,0.01402490118148858,0.138,0.156,1
SNAP29,0.12565726402478208,0.5756645720420845,0.06,0.052,1
HOOK1,0.1257406914989452,0.09662951207435588,0.06,0.071,1
BLOC1S6,0.12597453290137414,0.09500431679728816,0.163,0.186,1
DDX20,0.12619146986712262,0.3844900647190146,0.069,0.06,1
MECP2,0.1262804896106584,0.18513861669301956,0.573,0.613,1
EXOG,0.12669025222330232,0.010324684198384837,0.15,0.17,1
NASP,0.1269371785721002,0.3047001709678805,0.163,0.155,1
AP2S1,0.1271518602878326,0.3717457273103637,0.063,0.054,1
LTBP4,0.12719264847199474,0.3193906432854883,0.068,0.058,1
VPS4B,0.12728156406676083,0.2700130121470051,0.309,0.309,1
MFF,0.1272932357249686,0.1306272152721918,0.163,0.186,1
SPTY2D1,0.1275564508715053,0.03931195115433361,0.131,0.15,1
ADAT1,0.12804017650604435,0.07618354452088427,0.078,0.091,1
DDB1,0.12804086730286113,0.04706300973958588,0.184,0.209,1
TMEM45B,0.12805822677464254,-0.09844475147803777,0.046,0.056,1
FBXO21,0.1282048317351202,0.25369104489754396,0.314,0.318,1
GSDMD,0.12850039769598615,0.35731264212973723,0.092,0.082,1
COLGALT1,0.1286091604220805,-0.05150336263365762,0.053,0.063,1
DR1,0.12872635074399685,-0.007139086364677194,0.161,0.183,1
GUF1,0.12909526940388805,0.059428452814329735,0.15,0.171,1
RPAIN,0.12925123240190634,0.41218046617832016,0.111,0.101,1
C7orf50,0.12928891894624273,0.1046375951711429,0.076,0.089,1
ITPA,0.12950542337937704,-0.016485222820689316,0.056,0.067,1
MAGT1,0.12955366367803675,0.09385667989344582,0.239,0.272,1
SLC9A3R1,0.13005783201228208,0.014408411263533427,0.14,0.159,1
ANXA7,0.13015795286144263,0.2174411712608186,0.339,0.345,1
ANKZF1,0.13025501675332635,-0.07394905536977214,0.053,0.063,1
RMDN3,0.1305372695137035,0.4720367170111974,0.091,0.082,1
EPM2AIP1,0.13064514773014363,0.061119150090334196,0.158,0.181,1
TAF1D,0.13067542956124936,0.236881434633527,0.374,0.387,1
EIF4A2,0.13073145274135847,-0.022623633670695198,0.455,0.51,1
GOLGA8A,0.13077185511413003,0.19346629318051212,0.366,0.374,1
AC090644.1,0.13091004274147952,0.5121884676887736,0.055,0.047,1
SETD1B,0.13102513064783294,0.05236852953373705,0.14,0.16,1
EFHD2,0.131107044619056,0.5031944122488867,0.089,0.08,1
FLOT1,0.13114642858993933,-0.16079113357512487,0.049,0.059,1
POFUT1,0.1313898072571195,0.011039141886933557,0.044,0.053,1
ECI2,0.13142639875007928,0.06816722344545334,0.09,0.104,1
GRN,0.13164650357121688,0.41929868784047164,0.061,0.052,1
PPID,0.13167462566020918,-0.051668700742907525,0.057,0.068,1
ISG15,0.1317887995003005,-0.057430243971174466,0.06,0.07,1
SNRNP35,0.13231612924321068,0.4862865975187509,0.094,0.085,1
AGO4,0.13235094176680864,0.1076212238225277,0.207,0.234,1
C12orf4,0.13243158156694304,0.08161643718722922,0.12,0.138,1
IKZF5,0.13287354244214158,0.024698162368414156,0.214,0.241,1
ZMIZ2,0.13292931726065682,-0.06543070592090583,0.063,0.074,1
TMEM106B,0.13347232320997135,0.04010211630995003,0.206,0.233,1
CLN3,0.1335842924418434,-0.14957436997379236,0.054,0.064,1
AC013652.1,0.13368396091376514,0.1709387796184434,0.069,0.081,1
DCTN6,0.1337834344555288,0.40846418651032357,0.116,0.107,1
BIN1,0.13382484676208092,0.30341432017993974,0.141,0.131,1
DPH7,0.1340678856838515,0.4709134980823668,0.053,0.045,1
CPNE3,0.13427982706065503,-0.005070700955516205,0.134,0.153,1
PPIL3,0.1346406684142987,0.04876876962757182,0.084,0.098,1
RABGGTB,0.13504415266469888,0.35630080904747774,0.141,0.133,1
ARGLU1,0.1350501587128468,0.11312993296146034,0.624,0.656,1
NDUFAF7,0.13539767439997583,0.3892266730389281,0.171,0.165,1
RAP2B,0.13560180223820348,-0.03374927638282288,0.106,0.122,1
RGS10,0.13564027761782912,0.3431613047659061,0.127,0.117,1
AP002762.2,0.13564264700541945,0.4104539912245908,0.074,0.065,1
KLHL24,0.135884927420456,0.036375530387506405,0.504,0.563,1
SPART,0.1359852427795874,0.010255074895893057,0.15,0.169,1
NBPF12,0.13603033517547358,0.12773131790341774,0.191,0.219,1
UBXN4,0.13611975127847328,0.15895588944677508,0.519,0.538,1
VAPB,0.13674303938631868,0.07650811880608743,0.194,0.22,1
MCFD2,0.13685501309980597,0.01934930460893103,0.08,0.093,1
CPOX,0.13726085652095665,0.012608239383830266,0.044,0.053,1
DDX39A,0.1374731974397267,0.41443012286910097,0.073,0.064,1
ZNF41,0.13748229221128153,0.20205562861388815,0.07,0.083,1
COQ10B,0.13781417231669257,0.3598996411216048,0.175,0.168,1
GNA13,0.13794218058377475,0.07178910624136164,0.34,0.385,1
AL133243.3,0.13837844736786406,-0.06765725386841348,0.061,0.072,1
MARCKS,0.13861358095730214,-0.04196603439993529,0.046,0.056,1
NECAP1,0.13896741106922939,0.46200639883585337,0.115,0.106,1
ATP5F1C,0.139199928259238,0.347963224961059,0.175,0.168,1
EIF4G2,0.13981980695714355,0.2060702283200619,0.389,0.403,1
RELA,0.140407128308939,0.46844000688770926,0.083,0.074,1
SART3,0.14102856290555968,0.275602012248356,0.193,0.186,1
MDH1,0.1410538797752899,0.27366443923237505,0.215,0.207,1
DHX57,0.14108671372569465,-0.007813879403577362,0.117,0.132,1
GTF3C1,0.1413071371296098,0.03810050750507865,0.13,0.149,1
APMAP,0.14131816621875123,0.3894408619737204,0.097,0.088,1
AC064807.1,0.1414525882980741,-0.14475161468710285,0.043,0.052,1
PPP1R18,0.14157544613793682,-0.03368366513055099,0.042,0.051,1
OXLD1,0.1418290000334724,0.47022824831087995,0.059,0.051,1
GPR89A,0.1423935331392592,0.14278653879671355,0.118,0.136,1
DNAJC27,0.1426355927367466,0.4317867048555739,0.077,0.068,1
SLC38A2,0.14307754068971335,0.23996497591008173,0.311,0.311,1
ABHD10,0.14318518494538968,-0.014016795588280395,0.071,0.083,1
NAPA,0.143321086694092,0.31247564070490985,0.119,0.11,1
OSBPL11,0.14382928890894786,-0.050107926349663545,0.083,0.096,1
TMBIM1,0.14385037543365697,0.40610737441358813,0.085,0.076,1
MGAT1,0.14401572626339754,-0.06717580439363857,0.093,0.106,1
DNAJB11,0.14406986946800845,0.38275186529058125,0.086,0.077,1
LINC02803,0.14416285837943224,0.4711342324251273,0.054,0.046,1
RASA4,0.14418656274974403,0.002559292724287232,0.053,0.063,1
KLHL15,0.14452008524351642,0.018524478142125655,0.07,0.082,1
PPM1D,0.14480206419689,-0.020006326651393014,0.101,0.115,1
KIF9-AS1,0.14497719370697626,-0.008131117135605992,0.084,0.097,1
ATG12,0.14498234558742223,0.11136440646857548,0.189,0.215,1
ZNF330,0.14516402914889717,0.4046923515990488,0.084,0.075,1
KIF27,0.1455250462449638,0.05298713116337561,0.051,0.061,1
RNF130,0.14553611178499834,-0.018046984225282947,0.154,0.172,1
SYNJ2,0.1457116267406052,0.0027572313854041797,0.215,0.242,1
PHRF1,0.14588459944225712,0.08167464215933506,0.076,0.089,1
CCDC137,0.14654261568780216,0.4887932178833023,0.063,0.055,1
PDE4D,0.14662374161231215,-0.07176078900699201,0.533,0.553,1
DNAJC11,0.1467820770877635,0.08406411555752435,0.155,0.176,1
FOSL2,0.1470400084432191,0.3932018534795483,0.128,0.12,1
UBE2Q2,0.1471753644566318,0.02950163545783846,0.342,0.378,1
GTF2H2,0.14717895791954969,0.024155986375202776,0.056,0.067,1
MRPS25,0.14732743912572202,-0.010528188000223704,0.098,0.113,1
NOLC1,0.1474931951777923,0.008881211888866591,0.073,0.085,1
CHSY1,0.14825163012021025,-0.048945800420098884,0.073,0.085,1
ZNF564,0.1488948197809465,0.12147858384850663,0.067,0.078,1
STOM,0.14891006101039667,0.0492039554938799,0.102,0.117,1
RBM7,0.14941095112025715,0.0226698046003444,0.101,0.116,1
TMEM120B,0.14950553431796734,0.3502102962531879,0.067,0.058,1
COIL,0.14954818740571801,0.4964955119656178,0.08,0.072,1
POLR3C,0.15080660467222112,-0.03585005618067383,0.115,0.13,1
LRIG1,0.15082976394750275,0.2449420783848657,0.464,0.473,1
TWF1,0.15099054565589462,0.029916000575177293,0.137,0.156,1
SHARPIN,0.15106582323507864,0.393072169780885,0.074,0.066,1
HSD17B12,0.15138014791513074,-0.007604890729996594,0.042,0.05,1
CDKN2AIP,0.15177678909984424,0.4534140829354145,0.058,0.05,1
FAM227B,0.15185330886284987,-0.07295597747461535,0.054,0.064,1
LSR,0.15210822126116244,0.3898424878948128,0.11,0.101,1
SMIM19,0.15238083103671307,0.4529148428118006,0.066,0.058,1
UBA6,0.1524638935241123,0.06281427155120967,0.374,0.42,1
PRKCSH,0.15251497767679717,0.366455050713389,0.111,0.103,1
MED29,0.15270711734255946,0.0030674553611560462,0.047,0.056,1
RAPH1,0.15296799367792327,0.0360152480461613,0.058,0.069,1
KAT7,0.15310000695788015,0.013109202827768895,0.255,0.289,1
CLSTN1,0.15321139410173804,-0.017880030935592366,0.294,0.324,1
ZNF586,0.15329707959895345,0.15067611509214263,0.172,0.196,1
ACTR5,0.15369788794744282,0.06342582467338387,0.051,0.061,1
TIMM17A,0.15390017579183482,0.09772039900712559,0.118,0.136,1
ING3,0.1541447710312088,0.17378126081016876,0.146,0.166,1
C1orf112,0.15437251588190862,0.4611245120665466,0.133,0.126,1
CBWD3,0.15444719042925886,-0.1171104396993159,0.041,0.05,1
LONP1,0.15488151607817469,0.43171249283437985,0.093,0.085,1
MRI1,0.1549381843072942,-0.021169345720784438,0.063,0.073,1
KPNA5,0.15504208840302225,0.21846070952805735,0.363,0.369,1
HARS,0.15504702878775017,0.012174725825116361,0.075,0.086,1
CCDC32,0.15509971196847241,-0.0689827855928109,0.071,0.082,1
DSE,0.1558273856839509,-0.1684974974742961,0.1,0.112,1
DENND4A,0.1560531004056388,0.06431995269471313,0.77,0.813,1
PINX1,0.1572585175556235,0.29918922126946557,0.152,0.143,1
GOT2,0.15757992653267783,-0.10621971887097015,0.072,0.083,1
DEK,0.1577297934550523,0.06584127513479904,0.339,0.387,1
PGM2,0.15896602621573833,0.028001256602807167,0.053,0.063,1
GID8,0.15917610303378824,0.34832203955377183,0.085,0.077,1
CHERP,0.15924035232762068,0.47534206884864005,0.052,0.045,1
AL359921.1,0.15934552118632264,0.04884510964506861,0.054,0.064,1
METTL21A,0.15942154312229354,0.4349748372004405,0.075,0.067,1
UTP15,0.15955714245503386,0.3727460491995256,0.056,0.048,1
IFNGR2,0.1598930648950629,0.3406971610488533,0.159,0.151,1
CHMP7,0.159989298793535,0.021462518168217204,0.194,0.216,1
DUSP11,0.16023719001126696,0.4025112282509382,0.13,0.122,1
NOL9,0.16040572895667593,0.11625307630182646,0.191,0.216,1
TCHP,0.16045321568490273,0.06663081347978261,0.192,0.215,1
FKBP1A,0.16054075653371658,0.40672561902649473,0.089,0.081,1
TXNDC12,0.16093116039226207,0.27720723293449545,0.136,0.126,1
NRDE2,0.16104183553520088,0.02830948565076441,0.151,0.168,1
MARCH5,0.16114635173930766,0.03837426246652331,0.134,0.153,1
RNF213-AS1,0.16121349579930874,0.39464950298847723,0.156,0.149,1
PIGH,0.1613838656861762,0.5640209203216806,0.082,0.074,1
CBLB,0.16148608730816522,0.004149343945732298,0.801,0.846,1
PRPF3,0.16157888466755763,0.0674402940155352,0.184,0.21,1
NORAD,0.16160319875070103,0.030866265726729125,0.197,0.222,1
CASTOR3,0.16171527309616734,0.4436658793363285,0.157,0.151,1
U2SURP,0.161808134388906,0.14449788589162205,0.507,0.535,1
SFXN4,0.16193644358921722,-0.03459846162575131,0.046,0.055,1
PCIF1,0.1620515697155148,0.48111822089836975,0.053,0.046,1
FAR1,0.16227511569423028,-0.03421281474362092,0.49,0.531,1
NEU3,0.16251681702727167,0.11258989186401713,0.045,0.054,1
KPNA1,0.16284060045239956,0.062028708722845605,0.337,0.38,1
FDX1,0.16392039793818414,0.05749722567406268,0.153,0.172,1
RASGRP2,0.1641790932885467,0.008962721562420506,0.199,0.222,1
PMPCA,0.16428024246359035,-0.011172036983345457,0.061,0.071,1
RNFT1,0.16457515532840453,0.03110382800909539,0.051,0.06,1
NEK9,0.16466790587739916,0.09467688850992301,0.199,0.224,1
CWC15,0.1647408391645313,0.2862323583256612,0.153,0.145,1
NOP56,0.16487654890332232,0.2937358696420813,0.137,0.128,1
EFCAB14,0.16510423288223539,0.037026250506108915,0.275,0.306,1
CIAPIN1,0.16534949542596852,0.473028969272864,0.059,0.051,1
SGF29,0.16550809867932728,-0.013339832948246588,0.068,0.079,1
ZC3H12D,0.16558289918555882,0.025438510425391553,0.245,0.276,1
GGA3,0.1657184044649669,0.07516188232473509,0.097,0.111,1
TBC1D8,0.16624075240378233,0.2493598281776892,0.05,0.059,1
ANGEL2,0.16663198356134698,0.04194651570200847,0.204,0.23,1
SLC35F2,0.1667175662680027,-0.11920321489787433,0.061,0.07,1
MLYCD,0.16706621526990653,0.004479760974579028,0.086,0.099,1
TYK2,0.16735932058931458,-0.0061356183000835784,0.056,0.066,1
CMPK1,0.16741335813900032,0.01087729354021505,0.138,0.155,1
PTK2,0.16801077080561308,0.3871835208343224,0.071,0.063,1
ENDOD1,0.16847684162076973,-0.04547453577770444,0.042,0.05,1
COX16,0.16855875961268035,0.2895757199785085,0.15,0.142,1
C12orf76,0.16869385195084421,0.44548138376542745,0.058,0.05,1
BNIP3,0.16903758143042322,0.0035627099575004095,0.043,0.051,1
ZNF329,0.16936854118099798,0.004341010410635615,0.045,0.053,1
ZNF525,0.16953470847455965,-0.074432522836962,0.063,0.073,1
SENP5,0.1700157556105424,0.08825647092320577,0.4,0.445,1
EIF2D,0.17018685741212417,0.3949781722955803,0.087,0.079,1
NUP188,0.17034151256909097,0.0460097152229888,0.094,0.108,1
BCL3,0.17038329328646196,0.44050750420015516,0.063,0.056,1
CANX,0.17047804915286266,0.27361585640036457,0.267,0.265,1
ECSIT,0.17051290493320792,0.0750578852192687,0.06,0.07,1
GRPEL2,0.17075935719127514,0.4046623330952097,0.051,0.044,1
YWHAQ,0.17094236424679427,0.21682988106947265,0.249,0.243,1
TUBGCP2,0.17112505459363614,0.3163248700374801,0.161,0.155,1
CHD2,0.171224312719142,0.005365443324376606,0.818,0.866,1
WNT7A,0.17133573106814484,0.29722487880683235,0.088,0.079,1
PRMT2,0.17151478798139075,0.03750804990076895,0.383,0.425,1
TEX264,0.17193183179076155,0.4460981653219189,0.063,0.055,1
IQCG,0.17229921143651578,0.4001423436197391,0.09,0.082,1
MED6,0.17255968206122116,0.3124449293397442,0.165,0.159,1
MAPKAPK5,0.17266163453335456,0.10483027428844449,0.162,0.183,1
SDHAF2,0.17274832112908975,0.04696552895514494,0.088,0.101,1
ALDH9A1,0.1727681254618856,1.9076167065090743e-4,0.053,0.062,1
DDRGK1,0.17290560348749637,0.5979365909225995,0.05,0.043,1
ZC3H13,0.17305797620402122,0.019247371883625297,0.344,0.383,1
TDG,0.17395996747194525,0.25890133780741276,0.243,0.24,1
DDX46,0.17456872099143092,0.028405482935362214,0.328,0.368,1
VIRMA,0.17481031570615432,0.22308019013207,0.299,0.299,1
BBS2,0.17482786081116575,0.23805700732336987,0.158,0.149,1
ELP2,0.17492351779925774,0.025471073218369833,0.403,0.45,1
SIDT2,0.1755551395352496,0.1740172797261037,0.054,0.064,1
EHMT2,0.1757221686876352,0.1355460139463811,0.051,0.061,1
FAM171A1,0.17575358490394677,0.09095373833456666,0.042,0.05,1
FAM153B,0.1758797239828557,0.23657635221336726,0.06,0.052,1
PPIH,0.17599153808298498,0.38481787569911186,0.071,0.063,1
MOV10,0.1761058620617044,0.12857266664399525,0.063,0.074,1
PIK3C2B,0.17612810407163462,0.19699512816381004,0.116,0.132,1
AL357153.2,0.17654280105638231,-0.0980279509706028,0.049,0.058,1
DDX1,0.17656226296413594,0.2627323407712612,0.227,0.224,1
C3orf38,0.17657735376391276,0.10107099449352086,0.168,0.19,1
DLEU1,0.17666498061576985,-0.27119732100631166,0.335,0.344,1
NSMCE4A,0.1767328039960492,0.08229666943550429,0.101,0.115,1
HDAC5,0.17685168241559704,0.03782413930258066,0.044,0.053,1
CDV3,0.17697619466983627,0.08790868906885482,0.268,0.302,1
CEBPG,0.17714271158403203,0.5099131501632685,0.06,0.052,1
RAD52,0.17722990271126263,0.5325650845053904,0.089,0.081,1
FNTB,0.17723294042648968,0.01906627835789787,0.099,0.113,1
MGST3,0.17736910501936595,0.2981048690366812,0.142,0.132,1
PSMD3,0.17790669977050055,0.42468110854709495,0.069,0.061,1
ACSF3,0.17822973893237132,0.1077610534370359,0.132,0.152,1
ILF3,0.17827515892949708,0.22458148354139718,0.334,0.348,1
AASDHPPT,0.17839770498209362,0.3531429713358256,0.091,0.082,1
PIGG,0.17904298467750884,0.10416189498676842,0.146,0.167,1
SAAL1,0.1798741483540356,0.46526720473747485,0.066,0.058,1
PELP1,0.17998905419992442,-0.009417211785197388,0.061,0.071,1
SLC25A26,0.18036384471588587,0.02711895529758479,0.447,0.492,1
TMEM38B,0.18038733578495436,0.49746624738094636,0.101,0.094,1
ZNF644,0.18064493162047865,0.013691010311459806,0.709,0.754,1
ZNF766,0.18069009046271992,0.05880565043325592,0.146,0.164,1
MRPL16,0.18080450393911754,0.3973052871141056,0.051,0.044,1
PHAX,0.18189676587335202,0.42913382389633603,0.117,0.11,1
BRIP1,0.18287470674973247,-0.04608349744438556,0.063,0.072,1
POLM,0.1838453146662074,0.029692886499463444,0.049,0.057,1
OPA1,0.18389787881257896,0.13225277743687314,0.539,0.557,1
MARCH1,0.1841305494697229,-0.18280904047230395,0.049,0.057,1
PEX6,0.1842409606969609,0.13565241524576832,0.06,0.07,1
ZNF805,0.18425431271775283,0.10116265470117902,0.072,0.083,1
PCMT1,0.18454394383307082,0.019975703175232784,0.141,0.157,1
MED4,0.184980418442014,0.044064634124972205,0.28,0.31,1
PSMD5,0.18499289534227198,0.30246587465549546,0.288,0.289,1
ZSCAN18,0.18510723307940238,-0.01615490454386581,0.043,0.051,1
ALG5,0.18546921315857295,0.036843401140799426,0.156,0.175,1
ALKBH3,0.18558709242238214,-0.038685395300283476,0.079,0.091,1
ZNF100,0.1855932587193943,0.43046742809448224,0.138,0.131,1
RAB5B,0.1856426502481661,-0.06426021222614153,0.056,0.065,1
ARAF,0.18577003699498904,0.395502497786687,0.094,0.086,1
TEFM,0.18618704651902915,0.5182567724960596,0.069,0.061,1
AL365361.1,0.18623930893291946,0.3260623793411097,0.189,0.185,1
GTPBP4,0.18649728579387265,0.373481285269748,0.16,0.154,1
RNF187,0.18653797159828853,-0.14049450166858612,0.044,0.051,1
UBXN2A,0.18672750423507814,0.02962467623619547,0.152,0.169,1
ADAM12,0.18672862489881162,-0.09258185359737303,0.065,0.074,1
AARSD1,0.18685529618637503,0.08924285339603744,0.046,0.055,1
FGFR1,0.18699346469716438,0.5507319970080464,0.074,0.067,1
DYNLL2,0.1876656308129877,0.09625882987288215,0.071,0.082,1
LACTB,0.18793330233132702,0.027373668614177893,0.092,0.105,1
AKTIP,0.18814035832194614,0.39162908662533313,0.084,0.076,1
TRIM11,0.1890733289987235,-0.09567708876617287,0.046,0.054,1
YTHDF1,0.18971285332860058,0.4265080121758791,0.082,0.074,1
MTSS1,0.1897587454382039,-0.17956227237065336,0.141,0.155,1
MRPL3,0.1901826734010777,0.24571113309081188,0.281,0.281,1
MAX,0.1903395950119349,0.02085118160611965,0.481,0.527,1
MORC4,0.1912871232598557,0.3834422811710705,0.124,0.115,1
AKIRIN1,0.1920479904874287,0.01021073454602539,0.147,0.166,1
BAX,0.19230703323370169,0.3670463403268709,0.082,0.074,1
RAB27B,0.19250125455933106,-0.25620975542361935,0.064,0.073,1
NCOA4,0.19252271725979977,0.008587200032109,0.114,0.129,1
MRPL19,0.19284724795423636,0.24920618288082785,0.143,0.134,1
DDX50,0.19323896590936152,0.12928192072287964,0.264,0.296,1
TOMM40,0.1933401981202442,0.4073806342771489,0.055,0.048,1
SNAPC5,0.1934789938248503,0.03994810830207385,0.048,0.056,1
MTPAP,0.19373744559011333,0.10124712862771768,0.098,0.112,1
RTF1,0.19468723354632103,0.29635901967798095,0.242,0.242,1
CCDC90B,0.19495010900144671,0.05945710700611784,0.088,0.1,1
PKM,0.19590998940094298,0.27250182935339295,0.243,0.241,1
PA2G4,0.19670933403108712,0.368161104345204,0.152,0.145,1
RDH14,0.1971083719089459,0.3968920872691868,0.056,0.049,1
NCK1,0.19713907602820824,0.06993611520471527,0.311,0.349,1
CNOT11,0.1971905418692735,0.15333317617123088,0.158,0.18,1
LINC02591,0.19730921365996007,0.061725419974222095,0.056,0.066,1
GTPBP10,0.19772153285053487,0.03990316195739618,0.131,0.148,1
RTTN,0.19829192477806545,0.048466861529450345,0.283,0.314,1
PARD3B,0.1985118156100913,-0.10061064471788161,0.073,0.083,1
TBC1D20,0.1985712052551536,0.16943384215698343,0.054,0.063,1
ADPGK,0.19862285740739408,0.04229992343283068,0.232,0.261,1
TMEM127,0.1989842668645327,0.20707217275458945,0.07,0.081,1
MLF2,0.19927007125875545,0.49995982762087143,0.055,0.049,1
AC243960.1,0.1992743927498665,0.09072504931180991,0.09,0.103,1
USP42,0.19931696896476175,0.04874260600600833,0.191,0.214,1
LCLAT1,0.19939581875073423,0.19869075412119552,0.309,0.308,1
CRKL,0.19948358696248167,0.01721373033632867,0.05,0.058,1
RBM43,0.2008021390959703,0.32497543391034034,0.077,0.069,1
KARS,0.20085262293830344,0.2675851448199945,0.215,0.21,1
MTBP,0.20133481595995803,-0.13244938663006978,0.081,0.091,1
LONRF3,0.2015879595693272,-0.09159741390905651,0.068,0.078,1
PSMD9,0.20168290222774227,0.3843758479632342,0.068,0.06,1
FBXO9,0.20168542439215068,0.10651606620315435,0.173,0.194,1
RRAGC,0.20171935897503607,-0.12801098647801368,0.05,0.058,1
MED9,0.20252510026108797,0.415613643929003,0.06,0.052,1
AC112722.1,0.20273729531075682,-0.13951474915282835,0.043,0.051,1
THRA,0.20315872809534322,0.4896833037612325,0.066,0.058,1
SIKE1,0.20324594277415103,7.876580836332359e-4,0.073,0.084,1
GNPTAB,0.20359807140968736,-0.019376208026904984,0.296,0.322,1
LEPROT,0.20410658088650865,0.09763142057716312,0.063,0.073,1
AP3M1,0.20474414018122708,0.10337633746623798,0.092,0.105,1
ARMH4,0.20584130362035313,0.005736594918942461,0.222,0.243,1
PHF7,0.20599270375042852,-0.03622456164626886,0.046,0.054,1
MIER3,0.2060961186344461,0.08032355452834117,0.09,0.102,1
MADD,0.2063599343579817,0.14039354899498868,0.18,0.204,1
BRI3,0.20668631034767823,0.34786462277822205,0.126,0.118,1
RSL1D1,0.20674013862869797,0.3099692015247073,0.17,0.165,1
PLK3,0.20676096346553066,0.43956398199289826,0.085,0.077,1
VPS26A,0.20684490733192423,0.08408032037312949,0.234,0.261,1
HMGN4,0.20762285628857108,-0.05434730250584496,0.104,0.116,1
EMC2,0.20830477246559634,0.18822498710414015,0.133,0.151,1
MTF1,0.20830730860064456,3.5671380996982194e-4,0.066,0.075,1
UBE2L6,0.2088256410430859,0.2988969836126265,0.064,0.056,1
PHC2,0.20928913481036565,-0.08655792889395886,0.087,0.098,1
URM1,0.21010541829670473,0.3705875823227369,0.102,0.095,1
BCL7C,0.21042472548796504,-0.1582646077441625,0.058,0.066,1
NARF,0.21054115305043053,0.15510438917932934,0.095,0.108,1
IL15RA,0.21100587534703177,0.018327393824610905,0.073,0.084,1
TMEM18,0.21153219397516623,0.46341786435579735,0.053,0.046,1
SPATA5L1,0.21254690464365608,-0.0017237562266876338,0.065,0.074,1
BTBD11,0.21270349301762456,0.18149039151355328,0.358,0.356,1
SMPD4,0.21277468259420443,0.41500924880930057,0.16,0.156,1
BMS1,0.21292864482873178,0.40086648294114013,0.153,0.148,1
EML3,0.2133053398963974,-0.034326104114702716,0.046,0.054,1
CUL5,0.21343223734080274,0.04002500164443168,0.465,0.512,1
OPA3,0.21355325453464444,0.10082459380148423,0.054,0.063,1
TXNDC11,0.21414185181425696,0.07019012321630061,0.315,0.35,1
LSM8,0.2143763435020424,0.25196393701895664,0.233,0.231,1
PASK,0.21669197022264483,0.32970002502171036,0.142,0.135,1
PFKP,0.21813430514315962,0.019658717560550598,0.201,0.223,1
PANK2,0.21879966237542678,0.022391463988920113,0.181,0.203,1
PABPC4,0.2190979307979677,0.35226951401008466,0.136,0.129,1
WWTR1,0.21986785329823524,0.016185861529341317,0.053,0.062,1
FNTA,0.22063593641771595,0.16120187715665413,0.379,0.386,1
ATG2B,0.2217057050128168,0.07231892236125098,0.291,0.322,1
AC009041.2,0.22195500450735375,0.27446592505463663,0.074,0.067,1
PHF19,0.22217039692592475,0.14800539036668314,0.123,0.138,1
RNF125,0.22258856984346453,0.024496730488288376,0.537,0.584,1
THAP12,0.22259324058933402,0.06845267372375652,0.125,0.139,1
IL27RA,0.22301518445954996,0.28129566474457746,0.196,0.191,1
ZFP91,0.22323413838396702,0.015011644594335127,0.198,0.219,1
SAMM50,0.2234066255433745,-0.008665166695697835,0.066,0.075,1
ZER1,0.223541343247131,0.10874700843224927,0.163,0.182,1
DCAF15,0.22406355301170308,0.04105173323065481,0.055,0.064,1
ZNF714,0.2248668205199628,0.3572911095353053,0.085,0.077,1
PHF10,0.22512499132164393,0.06746795247085224,0.227,0.253,1
CWF19L1,0.22631174142134633,0.2303062844305905,0.255,0.254,1
RCN1,0.22638021841733416,0.0646932950719381,0.045,0.052,1
CDC14B,0.2264912689407167,-0.1350557588478556,0.061,0.07,1
SGSH,0.22736467550380335,0.46209980688270047,0.05,0.044,1
MYSM1,0.22752593485262726,0.2503180002405623,0.293,0.299,1
CCT3,0.22753005614444513,0.24359418284746392,0.1,0.091,1
EMC1,0.22775582020918872,0.5172011026864256,0.053,0.047,1
LINC01362,0.22791712792641305,0.32217428827083494,0.068,0.06,1
TRNT1,0.22806491846364266,0.12509173920969818,0.123,0.138,1
HCFC1,0.22913445373479677,-0.07101822748369324,0.062,0.07,1
SYCP2,0.22939694851500123,-0.19021534808977814,0.044,0.051,1
DENND6A,0.22939840602307296,0.11649630789055165,0.613,0.656,1
NUP155,0.2295845339797614,0.04063447807193232,0.134,0.151,1
PTPN6,0.229605750561016,-0.0036431292312306685,0.096,0.108,1
ZNF780A,0.22963785180295776,0.4718460085794334,0.071,0.064,1
CCNT1,0.23001124640019607,0.03257587028205997,0.285,0.318,1
ZXDC,0.2305132376102067,0.08348026504711303,0.337,0.375,1
UVSSA,0.23058749007606916,-0.04001286874243126,0.079,0.089,1
YTHDC2,0.23111107875688902,0.19972606584436314,0.409,0.425,1
POU2F1,0.2312080208786345,0.015132273197241197,0.505,0.548,1
BTF3L4,0.23123354814613806,0.04924421195057549,0.154,0.171,1
HEXD,0.2313260395980073,0.07820841118924271,0.092,0.104,1
IGKC,0.23143515788507096,0.33679316306581786,0.068,0.061,1
AKR1A1,0.2314829554697958,0.35463064639096453,0.05,0.044,1
SCO1,0.23203601617035202,0.06544378647311078,0.118,0.132,1
CTBP1-DT,0.23223951302407606,0.3283705868876825,0.05,0.044,1
LINC00667,0.23241496364301298,0.31867931022857343,0.108,0.101,1
CDC42EP3,0.23269478708181482,0.06318654926684841,0.14,0.156,1
AC006460.2,0.23281576567998616,0.5781382633333507,0.055,0.049,1
GLRX,0.2337883723485933,-0.08384694959501315,0.051,0.058,1
AFG3L2,0.23382312810539865,0.3491543925414906,0.185,0.182,1
MIPEP,0.23464238736254342,-0.023462246865478598,0.165,0.18,1
SPNS1,0.2347116772125903,-0.02327390857996514,0.043,0.05,1
LRCH4,0.23504462800931716,0.02692713425628135,0.068,0.077,1
DHX9,0.2352150182465212,0.14216716762364245,0.556,0.583,1
PFKL,0.23578057324075988,-0.011626197733744847,0.112,0.125,1
PPM1K,0.2362110814768943,0.07341971165238728,0.284,0.316,1
SH3PXD2A,0.23775698092323155,0.08110819184661122,0.092,0.104,1
DANCR,0.2380609451229542,0.38520621271570854,0.092,0.085,1
WDSUB1,0.23868659549942023,-0.22895091244448995,0.061,0.069,1
OPTN,0.23873047570856118,0.1732779205273718,0.446,0.466,1
CAT,0.239065840759147,0.018013161538572575,0.061,0.069,1
MANEA,0.2392470426129694,-0.04502600288688763,0.053,0.06,1
RCHY1,0.23928023323768477,0.08222356215524884,0.151,0.168,1
RAD1,0.23941979359293528,0.061055884979285935,0.068,0.078,1
PPP6C,0.23943140627321796,0.18413217863343317,0.185,0.207,1
SLC35E1,0.23947423371616816,0.12308171647612598,0.088,0.1,1
CBX7,0.2396146404730209,0.030750320572272782,0.12,0.134,1
ALDH18A1,0.23990369378769835,-0.022858214205795147,0.065,0.074,1
ANKRD28,0.24003329113213118,-0.010841343078906052,0.564,0.61,1
WDR12,0.2401130675009914,0.3473691150550746,0.095,0.087,1
PHF12,0.24034367357243058,0.0645413555648261,0.179,0.2,1
GPATCH4,0.24053000932915877,0.41508693225191573,0.085,0.078,1
RNPS1,0.24072597641169788,0.07750181519114885,0.162,0.181,1
DESI2,0.24110434841957137,0.07150749526784073,0.132,0.148,1
TCP1,0.24112941437935836,0.3302391887083659,0.186,0.184,1
THOC1,0.24134841163841003,0.16622642086540773,0.38,0.385,1
NCSTN,0.242028757815038,0.4690132759057333,0.054,0.048,1
UFD1,0.24284392319953876,0.02068409263229931,0.141,0.157,1
PER2,0.24313050144499307,0.5011561030697607,0.06,0.053,1
PI4K2A,0.24357155147602824,0.03214879025743311,0.046,0.053,1
TRAF2,0.24427221408788902,0.44405315489159447,0.051,0.045,1
TMEM167B,0.24484428974461328,0.44097452372745893,0.087,0.081,1
PRF1,0.24514477473947502,0.021279281557636587,0.043,0.05,1
SLC22A23,0.24557742574224692,0.07767601359102005,0.182,0.199,1
COPS2,0.2455988025740948,0.03680839026024278,0.292,0.322,1
ZBTB4,0.24571847574928976,0.0029189985523014883,0.117,0.131,1
EIF2B5,0.24623531426725523,0.048615165016332895,0.055,0.064,1
NKRF,0.2462918531453472,-0.10783852672540295,0.044,0.051,1
PRELID3B,0.24673636176572272,0.5129267638540815,0.056,0.05,1
PDXDC1,0.24696451017453167,0.2135675383037952,0.362,0.374,1
CHORDC1,0.2470750488564522,0.12363484852404938,0.197,0.222,1
ZNF736,0.24719028771854773,0.1283895597697724,0.221,0.246,1
NIBAN1,0.24729627533181375,0.12295736033119997,0.607,0.661,1
LRRC40,0.24771025728884333,0.14947603460611275,0.217,0.243,1
POLA2,0.24836354827199117,0.19487725334651218,0.051,0.059,1
MAP3K12,0.24837868204011815,0.481728776181638,0.053,0.047,1
NFKBIZ,0.24857138699039044,0.042021665978222655,0.503,0.548,1
HMGCS1,0.24863219961155644,0.056338597500357857,0.066,0.076,1
NUP58,0.24937759573981108,0.3129575515457446,0.244,0.246,1
RALBP1,0.24982408804033007,0.05742200128213981,0.085,0.095,1
ACAA1,0.2501408946525617,0.3707447506692101,0.107,0.101,1
EXOSC7,0.2514085003450756,0.03151357281829115,0.117,0.129,1
EIF4E2,0.2515421717191471,0.06718147954775511,0.164,0.181,1
SLC66A2,0.2528013880622524,0.041044187425774314,0.061,0.069,1
CDK5RAP1,0.2531954539910804,0.07446853180326207,0.149,0.167,1
FUNDC2,0.2535171993534169,0.2762811087486119,0.07,0.063,1
ZUP1,0.2539344730362774,0.46185350378889756,0.08,0.073,1
ANKRA2,0.2539518756491903,0.3554773272954843,0.109,0.103,1
PRPF38A,0.254002221744796,0.013772627177133456,0.096,0.107,1
ZNF875,0.25533258878907644,0.08067155609373744,0.114,0.128,1
ATP6V0E1,0.2554220003731531,0.2452145839197457,0.262,0.259,1
RAB12,0.2565080316737625,0.26733479184889425,0.275,0.279,1
FLYWCH1,0.25687998470417694,0.316114576003665,0.087,0.081,1
IMPAD1,0.2579218898666589,0.08722145902526646,0.122,0.136,1
MTHFR,0.2583210170439139,0.055158979903580097,0.049,0.056,1
KDELR1,0.2592313949346887,-0.003660472707466056,0.055,0.063,1
KHSRP,0.260044186163053,0.24947345785747577,0.108,0.101,1
SLC35B4,0.26144321659810255,0.13821012513816422,0.062,0.071,1
TRAPPC10,0.26180203477105723,0.14815498914209435,0.418,0.433,1
ZNF461,0.26189644871155293,0.07281106713237939,0.063,0.072,1
MCM6,0.26240272239443335,0.2526388905771284,0.198,0.194,1
SELENOT,0.262414141091187,0.21276235950497924,0.297,0.304,1
RNF111,0.2628137480670351,0.060568017595514556,0.464,0.515,1
CWF19L2,0.2629652984749237,0.1536113186364303,0.497,0.517,1
TMBIM4,0.26392839166415083,0.01861301854501446,0.32,0.353,1
MFAP3,0.2641683712912453,0.15688230098402878,0.063,0.072,1
WDR55,0.26439009757123333,0.09164060838014576,0.044,0.051,1
COX11,0.2645707920126326,-0.09258310177413165,0.06,0.068,1
NUP62,0.26492316331065974,0.015094576113412028,0.061,0.07,1
HGSNAT,0.2660652788897765,0.05861721733172082,0.206,0.226,1
RNF19A,0.2664244140728021,-0.011476802078918436,0.677,0.727,1
RANBP3,0.266646156614501,0.0462733906185846,0.112,0.124,1
NEDD4L,0.2673113115649749,0.5049035402735749,0.08,0.074,1
TACO1,0.2673201470169257,0.41941818336787007,0.053,0.047,1
SYDE2,0.267390005747906,-0.19353253348918376,0.053,0.06,1
VAMP7,0.2673975962158132,0.1712231276485232,0.09,0.102,1
TMEM62,0.2675577630890638,0.3497837749195162,0.155,0.15,1
TSTD2,0.2676307726629069,0.37326874096357643,0.116,0.11,1
ARL5B,0.2680732785232213,0.12385392726916922,0.112,0.125,1
TTC4,0.2687242233601886,-0.07842514057902461,0.051,0.058,1
KDM5C,0.2691692361534195,0.07957781070757064,0.115,0.129,1
RBX1,0.26975548921259096,0.26787327330312316,0.197,0.194,1
TENT2,0.26985876724929864,0.018784517031577908,0.63,0.677,1
TMEM173,0.2699146739940305,0.04905821391308285,0.073,0.082,1
CFAP298,0.2700741022652424,-0.03685273891861929,0.05,0.057,1
GNG10,0.27081908144314965,0.040228854008635295,0.058,0.066,1
ZRANB1,0.2709751064846722,0.08856528652788331,0.178,0.198,1
PRPF40A,0.27100822404854397,0.017336396382692687,0.546,0.606,1
SSBP1,0.2717001180254585,0.1820766457984662,0.277,0.281,1
SP3,0.27174540881443376,0.027272301200790494,0.621,0.689,1
ZNF706,0.27205056763723356,0.2927411460667242,0.13,0.124,1
ARL2BP,0.2725962655791684,0.37149674804210076,0.066,0.059,1
NBPF26,0.27274477173831085,0.06038224872038778,0.09,0.101,1
ANKRD40,0.2732431767739126,0.047526834286570896,0.045,0.052,1
SIRT7,0.2733448288206039,0.37031480655921056,0.068,0.062,1
MTHFD1,0.27345156726425535,0.2147709560053257,0.054,0.063,1
CHAMP1,0.2738216798333746,-0.018824275417623326,0.056,0.064,1
RIPK1,0.2739718151628281,0.23070894519725588,0.324,0.331,1
WAS,0.2741794464450243,0.2845789988697498,0.092,0.085,1
TMEM248,0.2742165763986712,0.0017674909892945179,0.178,0.196,1
TTI2,0.2745629942090998,0.5261632907875557,0.054,0.049,1
PNPLA8,0.2745819672175253,0.2541037424312198,0.268,0.274,1
SFSWAP,0.27466803487985747,0.07663702476528167,0.436,0.482,1
APPL2,0.2752456153464025,0.12288013555105107,0.226,0.253,1
ASF1A,0.27563858797706964,0.00530012139205871,0.085,0.095,1
PRKAR1A,0.27565862880391867,0.24123100281329068,0.144,0.138,1
UMPS,0.2758408099829707,0.3629137021417126,0.107,0.101,1
ZNF737,0.27684159673597986,0.13383488697076174,0.125,0.139,1
SIT1,0.27780371321539604,0.04543375696497254,0.053,0.06,1
WDR73,0.2787078432386197,0.17926561857797085,0.101,0.113,1
ZBTB16,0.2790851455407657,0.10867577975850995,0.221,0.24,1
APH1B,0.28011417208567163,0.10131861166156497,0.135,0.149,1
EIF2S3,0.28078723211427803,0.3105867347785638,0.183,0.182,1
FERMT3,0.2810960630019941,0.04306808688335906,0.086,0.096,1
TFRC,0.28141449166839194,0.010816523987619342,0.242,0.264,1
DLGAP1,0.28161345678550337,-0.579150554998976,0.045,0.051,1
TSNAX,0.2816508241777766,0.04221013228124815,0.17,0.186,1
GDE1,0.28190403926009444,0.3260862196199472,0.073,0.067,1
TBPL1,0.28192105725803984,0.2315116336271683,0.105,0.098,1
AC010175.1,0.28242104692085934,0.34354880892452266,0.074,0.068,1
ZNF350,0.2834633331634644,0.3341603868172822,0.104,0.098,1
SMU1,0.2836332330641146,0.24458779544236653,0.246,0.249,1
RMND1,0.2840218065595093,0.041806692374144916,0.068,0.076,1
GINM1,0.28459511057298464,0.05430617831634599,0.168,0.186,1
YWHAH,0.28515591387444,0.038356238538161946,0.074,0.083,1
BLOC1S2,0.28555712046763126,0.2882927014991039,0.079,0.072,1
ZNRF2,0.28592631563930193,0.1604965748177023,0.503,0.525,1
ADAM9,0.2864433276574348,-0.04863419704670413,0.06,0.067,1
ZNF540,0.2866491987692953,0.4865876028300522,0.1,0.095,1
EAF1,0.2869668923371556,0.06564511630346326,0.05,0.057,1
PIP4P1,0.28748905140491793,0.3355118796301295,0.053,0.048,1
GOLGA7,0.28749749351024584,0.06122444033259322,0.244,0.269,1
GGA1,0.2889458165373008,0.026910249010537735,0.096,0.107,1
TTC12,0.28895709382302404,0.0769094387177176,0.163,0.18,1
MOB4,0.28979854515121056,0.1905793595011634,0.211,0.204,1
PLEKHA1,0.2901304633451072,0.11263522239392795,0.301,0.336,1
ZNF180,0.29031143902808726,0.16836539152772811,0.053,0.061,1
SIAH2,0.2915103775237383,0.07922396385830917,0.279,0.308,1
RRAS2,0.2924088934055568,0.025654633442028507,0.258,0.279,1
ZNF292,0.29245051027164765,0.001872361433691072,0.847,0.886,1
LCP1,0.29257489756157706,0.10645525612691165,0.561,0.595,1
MAPK9,0.2926406078024874,0.10771985510199222,0.141,0.156,1
ANP32A,0.2937891454849679,0.0848038457448772,0.226,0.25,1
LUC7L3,0.2937917565038937,0.02059458359068911,0.631,0.7,1
LYAR,0.29406196031590215,0.1975229499406117,0.068,0.062,1
HIF1A,0.29481085801998114,0.06749339002876531,0.541,0.58,1
PLEKHB2,0.2952220433638101,0.1327366891008197,0.171,0.191,1
NBPF11,0.29564180246990457,0.21520876794239485,0.15,0.144,1
DDX52,0.2956894557300095,0.08367384070007677,0.17,0.189,1
SDE2,0.2959229467151945,0.37852177481144444,0.085,0.078,1
SNRPC,0.2964358259656554,0.12108877228304227,0.081,0.091,1
HADH,0.2967784753004459,0.3047971939847467,0.075,0.068,1
POLR2A,0.2970377370436778,0.17669428007488883,0.307,0.311,1
IDH2,0.29721122992880195,0.2614881291068831,0.1,0.093,1
EBP,0.2973608375165762,0.40455692555649136,0.062,0.056,1
MTRES1,0.2973973918629719,0.11832823949538707,0.044,0.05,1
PRMT9,0.2975757678668998,0.35497650921841273,0.133,0.127,1
NCAPD3,0.2976820652563699,0.12659920199517471,0.119,0.132,1
MRFAP1L1,0.2977234096958323,0.08723769263164494,0.051,0.058,1
CEPT1,0.2979919193761977,0.08092512401741192,0.184,0.203,1
SEC61A2,0.29811314172062553,-8.023832671764097e-4,0.076,0.085,1
EXOC8,0.298141667349272,-0.13184789654614448,0.044,0.051,1
CLEC2B,0.2987473816564494,0.06399263671076261,0.298,0.33,1
NUDT2,0.3002844060650279,0.0014451397259112042,0.045,0.051,1
SNX20,0.30043190464800423,0.0747010804581385,0.075,0.085,1
KIAA1109,0.30054296417338516,0.030253365139797594,0.769,0.82,1
TP53,0.30075573706393843,0.07210195565585642,0.108,0.119,1
C2orf68,0.3011557555263106,-0.040299948600756696,0.067,0.075,1
OTUD6B-AS1,0.30118359049159904,0.462363492079664,0.075,0.07,1
SUMO2,0.3012258418562817,0.20356318807660573,0.244,0.244,1
PMS2,0.3014653124902239,0.14662737010315663,0.07,0.08,1
AL512603.2,0.30167373916236495,0.14778580074950698,0.12,0.132,1
BMERB1,0.30173295565007213,0.1913654111598475,0.104,0.097,1
MED23,0.30180079388938186,0.17658452392746926,0.413,0.424,1
DYRK2,0.30311669181047296,0.04279216263869162,0.228,0.249,1
API5,0.3034290059406035,0.05909202340403777,0.278,0.306,1
PELI2,0.3045612526559315,0.030019396116757635,0.44,0.467,1
RAB4B,0.30520828505926983,-3.3882489237990754e-4,0.046,0.052,1
C21orf91,0.30641049248289814,0.3029785280446461,0.171,0.169,1
MAP4K1,0.30652945579809193,0.03705926926729153,0.091,0.101,1
WIPI2,0.3069335979975117,0.23531322241614921,0.23,0.232,1
PARP8,0.3073111831751186,0.12463208525508129,0.893,0.922,1
LRRC47,0.3074388909145629,0.44491942860162315,0.053,0.048,1
TSC2,0.3074517492118072,-0.0015596392517829294,0.061,0.068,1
SNHG12,0.3075830906854299,0.053812693774568654,0.055,0.063,1
SRSF4,0.30833998599053264,0.0036135943025008554,0.539,0.587,1
CCDC28A,0.30858485864319574,0.0732360865103987,0.129,0.143,1
ING5,0.3087145023360499,0.09740714891851376,0.095,0.106,1
MBD4,0.3088846302301369,0.12730121245885595,0.138,0.155,1
SLC4A1AP,0.3090392921031174,0.18109200458542496,0.087,0.098,1
CCDC146,0.3094715377081643,-0.03093853868579599,0.159,0.172,1
BCKDHA,0.3102281979169959,0.5040536667223914,0.05,0.045,1
CHD4,0.31026578218736317,0.23075037203889515,0.313,0.323,1
DHX32,0.3106361777545187,0.03443521319481313,0.066,0.074,1
LINC01089,0.31110242338925903,0.3709525640825908,0.08,0.074,1
CDK16,0.31121633911523655,0.14931987093211552,0.045,0.052,1
RIOK3,0.31151393441211256,0.06516676924752568,0.336,0.375,1
BNIP3L,0.31183754714838974,0.22860085850536782,0.226,0.225,1
MRPL22,0.3120454454362876,0.35046398154772485,0.085,0.079,1
USP14,0.3123694778808393,0.07795183949786971,0.328,0.365,1
IMPG2,0.31364258978858656,0.04336431499440274,0.09,0.099,1
SUGP1,0.31380318575806615,0.3327849991367602,0.095,0.089,1
MRPL13,0.3138402820641689,0.05447785353999013,0.104,0.115,1
GRAMD2B,0.31521213283084354,0.3622275578624341,0.092,0.086,1
AMZ2,0.31579569220714576,0.35649410042077845,0.056,0.051,1
AC004687.1,0.31593976610680496,0.18623463859424272,0.185,0.179,1
RAB35,0.3159740181812554,0.02040393791319861,0.074,0.082,1
THRAP3,0.3160989793621126,0.18086522977109076,0.461,0.491,1
DMAC1,0.3164353375253213,0.03387717190475126,0.067,0.075,1
ZNF335,0.3166342635084002,0.3017416477168754,0.16,0.156,1
GMFB,0.31676093724747584,0.3383451098778836,0.108,0.102,1
ARIH2,0.31691995323525607,0.24989863231598872,0.252,0.257,1
UBE2Z,0.31856489915390457,0.14014363381750883,0.135,0.149,1
TRA2A,0.31936119135061614,0.0012690142500855206,0.57,0.625,1
GTPBP1,0.31996984701841097,0.0768394551805538,0.118,0.131,1
NDUFS8,0.320060510895389,0.40419517090250734,0.063,0.058,1
SEH1L,0.3200710479022088,0.12155745007000807,0.092,0.103,1
PDCD6,0.32030816937235407,0.08966685876812563,0.153,0.168,1
PSTPIP1,0.3203123155119595,-0.04160197498489904,0.08,0.089,1
SEL1L,0.3207925037836944,0.04488908582368362,0.32,0.351,1
SEC22C,0.3209078466544783,0.23627007336022854,0.175,0.171,1
RBM27,0.32148513498625203,0.17792537484139903,0.394,0.408,1
NEPRO,0.3215479890409467,0.3618109847305089,0.132,0.127,1
TRMO,0.3217239815562478,0.2618704503917675,0.156,0.151,1
ZNF395,0.32256315445702327,0.4076538356732109,0.06,0.055,1
ZNF268,0.32263912691841595,0.3626918346053505,0.074,0.069,1
DCAF16,0.3238545681728065,0.07359414832329292,0.163,0.181,1
DHX29,0.32483315053008843,0.12745377830617244,0.164,0.18,1
TRIM26,0.3254084782040284,0.09689544924703852,0.17,0.188,1
TMEM167A,0.3258954177944393,0.09379729678224702,0.178,0.195,1
UBIAD1,0.32637484247779225,0.05686426416486068,0.067,0.075,1
ATP6V1D,0.3267068122953632,0.1008227477015663,0.159,0.173,1
SPRTN,0.3268340214253811,0.3683514400926573,0.078,0.073,1
SHFL,0.3270519258649888,0.35921831300069895,0.09,0.084,1
ARF6,0.3271180386266384,0.2706201229430989,0.131,0.126,1
GGT7,0.32715569064315486,0.15625117382877818,0.061,0.069,1
NUB1,0.32865629659773327,0.293201328297817,0.232,0.236,1
COG1,0.32948250213681696,0.09772816848362353,0.081,0.09,1
WDR61,0.32952208505163083,0.32914252064837646,0.073,0.068,1
TRMT10B,0.3302534744349675,0.11512647692989164,0.1,0.111,1
MASTL,0.3306089305485153,0.0968221209403981,0.129,0.142,1
GTPBP8,0.33114001145700717,0.42023797030149534,0.088,0.083,1
MZT1,0.3314184361010526,0.28006465456791085,0.055,0.05,1
YPEL5,0.33158786112005473,0.20912504763930662,0.313,0.32,1
SLC66A3,0.3327020263346481,0.025159518958147498,0.075,0.083,1
SCAMP1,0.3327962573016772,0.068251258395505,0.266,0.29,1
TMEM259,0.3329706711489526,0.3398280204864794,0.162,0.16,1
RRN3,0.3342926120009482,0.033534211653872825,0.15,0.164,1
ARHGAP9,0.33451930260194823,0.0602963400654275,0.09,0.1,1
POLR3F,0.33550063015454756,0.40622520377787597,0.076,0.07,1
CYP4V2,0.33557828266023326,0.0435760834851302,0.071,0.079,1
ANKRD52,0.3359620422722619,0.04184777310632004,0.047,0.053,1
BST2,0.3359955295031713,0.22521226906706127,0.128,0.123,1
PCF11,0.3362588736900682,0.03613533263030466,0.39,0.425,1
MRPL1,0.3364896870648294,0.0835001232463123,0.209,0.227,1
EXOSC8,0.33660160572708536,0.3392789639552536,0.094,0.088,1
SLC9A1,0.33668547024653067,0.09463187775767601,0.049,0.056,1
TOGARAM1,0.33694658566209634,0.057941041374468066,0.214,0.23,1
HNRNPL,0.33860652364942806,0.2346490613975225,0.235,0.237,1
SRP68,0.33903563617257293,0.09893391927374995,0.099,0.109,1
TJAP1,0.33904719834076463,0.4139095481061186,0.055,0.05,1
VCP,0.339615250318987,0.05746333798685374,0.267,0.294,1
AP1G2,0.3399407689072339,-0.0028292057159040596,0.061,0.068,1
USP20,0.3410833331488447,0.11438077048291106,0.16,0.178,1
TRIM5,0.3411426460468846,0.4615235192295153,0.158,0.157,1
HGD,0.3415810458156305,-0.1774049793824024,0.045,0.051,1
RBBP7,0.3418674448388184,0.09162256445294281,0.171,0.189,1
CCDC66,0.341993658375173,0.06026781946694881,0.34,0.372,1
DPY30,0.34283177480611543,0.1486254757019796,0.048,0.054,1
RPRD1B,0.34288095116876477,0.2864075177786495,0.272,0.28,1
ASCC2,0.3436478798595197,0.11939745116622902,0.12,0.132,1
ICE1,0.344272040712006,0.09236352009267379,0.4,0.441,1
PRPS1,0.344338698975337,0.05074412284436969,0.066,0.074,1
PFKFB3,0.3458538994888158,0.10806958463733012,0.266,0.261,1
DDX54,0.34714460856555246,0.137043141041008,0.078,0.086,1
AL117336.2,0.34767482648364345,0.14313570361002226,0.066,0.074,1
ACTR6,0.3477416414872715,0.3255482698088793,0.161,0.158,1
CCNC,0.34924858475227283,0.1395467523756812,0.246,0.273,1
TAP1,0.34953225091632534,0.33320528243543457,0.146,0.144,1
SECISBP2L,0.35046387273031565,0.06813902439681657,0.343,0.375,1
ATAD5,0.3504819935341382,0.5575177723928828,0.076,0.071,1
ORMDL1,0.35144287514785516,0.027176438477354514,0.322,0.357,1
VTI1B,0.3519339715606659,0.08305435817985085,0.102,0.113,1
AMFR,0.3520989823330626,0.11977059195858641,0.171,0.187,1
NMD3,0.35213797899661436,0.2744764261940611,0.122,0.118,1
CALU,0.35323758553434037,0.18229960463893113,0.134,0.147,1
CKLF,0.35470965644810815,0.12623723501231088,0.094,0.103,1
ALG12,0.35508124475062175,0.3683216310316313,0.054,0.049,1
KMT2B,0.3553287038371286,0.367557216071988,0.086,0.081,1
SLC25A36,0.35555705209254856,0.1690181962137709,0.418,0.437,1
DDX19A,0.3557448828327699,0.35873225611619897,0.091,0.086,1
ZNF367,0.3557480574244103,0.1789444166208618,0.066,0.073,1
SUCO,0.355887507335964,0.06550040509080934,0.428,0.472,1
CENPP,0.3561173344283884,0.036113555755529325,0.135,0.127,1
QSOX2,0.3561725662170737,0.017507421885503582,0.056,0.062,1
POLL,0.35618409085506075,0.04388586851841847,0.048,0.054,1
UBE2L3,0.3564953390250185,0.27764193389638286,0.226,0.228,1
SLC39A6,0.3569716596540342,0.03062115700279122,0.072,0.08,1
SERBP1,0.3584153116542523,0.13823168376655087,0.405,0.427,1
HERPUD2,0.3584867002301157,0.056196434540999984,0.42,0.468,1
AGA,0.35917124485558877,-0.03610001732973833,0.049,0.054,1
METTL9,0.36054650020892903,-0.021076718563698082,0.163,0.176,1
TOPBP1,0.3608147622794999,0.1891711553722555,0.256,0.257,1
PLD1,0.36087748787589197,-0.3623670929553189,0.046,0.052,1
SP140,0.3611798121976377,0.2534307471126156,0.37,0.391,1
ARIH1,0.361353192227941,0.08293303160613785,0.757,0.794,1
PRPS2,0.3613822219125993,0.12367688192323012,0.052,0.059,1
FNBP4,0.3624311226050327,0.09055466401665835,0.625,0.661,1
MAPK13,0.36264046104493014,0.01815455846335423,0.056,0.063,1
CLTA,0.36350946042937526,0.2318558851804836,0.211,0.21,1
MZT2A,0.36362064758544965,0.2293936188761705,0.154,0.15,1
APOL3,0.36363767745672226,0.08187779360934766,0.21,0.23,1
SLC46A3,0.3639135569062576,0.09490739298688111,0.081,0.089,1
DNAJB12,0.36403027003675836,0.39202811735218646,0.072,0.067,1
HBS1L,0.36475047925705884,0.17961877550338884,0.355,0.366,1
ASAH1,0.36505169116499664,0.3280194282256763,0.101,0.096,1
SZRD1,0.3659334575387729,0.0652539723903689,0.142,0.156,1
VBP1,0.36641450510227463,0.0507810228838288,0.059,0.065,1
REEP5,0.3671019816726,0.18226444640747724,0.249,0.253,1
PDP1,0.36748213861730045,0.10922097441417034,0.075,0.083,1
AC009318.1,0.36751077398680165,0.11578239974189419,0.146,0.16,1
DYNC2H1,0.3683903351494008,0.0762775114035088,0.068,0.075,1
METTL5,0.3685541345743286,-0.0196392368372873,0.05,0.056,1
AP002336.2,0.36868154610995246,0.11134150308577251,0.063,0.07,1
XPC,0.3697505599264806,0.2048273501387854,0.298,0.305,1
ASMTL,0.37045985293619266,0.13574527221866717,0.111,0.121,1
CLK1,0.37090646013850415,0.11363113660545043,0.44,0.454,1
NELFA,0.37168607880279897,0.05555969137219674,0.099,0.109,1
SESN1,0.3748698942795474,0.014405315080823211,0.29,0.309,1
FAM117B,0.3756491097805993,0.030099734995525096,0.346,0.372,1
OAS3,0.37660824376661484,0.32320576944011226,0.052,0.058,1
TBRG1,0.3774273202301623,0.25600006967364386,0.311,0.328,1
TRUB1,0.3774456069404218,0.06559771788130853,0.062,0.069,1
FYTTD1,0.37778865498826264,0.12034738790084187,0.149,0.163,1
SH3BP5-AS1,0.37844791219316015,0.1575592505655079,0.075,0.084,1
POC1B-AS1,0.3793010587308953,-0.16758564987089342,0.056,0.062,1
MAPRE1,0.3799245561488273,0.2517721561800119,0.126,0.122,1
ZNF160,0.3799376872277888,0.32334011290638176,0.158,0.157,1
RNF141,0.38067857287845364,0.05440532209555382,0.047,0.053,1
PDIA6,0.38094477420910194,0.037403295489442545,0.152,0.166,1
GTF2IRD2B,0.381897802674869,0.10335176605828456,0.124,0.135,1
SPCS3,0.38225674549477046,0.1680117389877374,0.359,0.374,1
ARFGAP3,0.38246150280750535,0.09151188169190638,0.192,0.208,1
CSNK2A2,0.38443907278002315,0.11423812491742158,0.16,0.174,1
HNRNPR,0.38541828275020756,0.14613665968883044,0.393,0.408,1
WSB2,0.3861213115561582,0.059142478602991044,0.065,0.072,1
MSL1,0.38626150550692684,0.07035082854010777,0.112,0.123,1
ZC3H3,0.38668320432525893,0.03742384916674624,0.074,0.081,1
SREK1IP1,0.38766529598642163,0.2770948130650864,0.235,0.241,1
TSG101,0.3882315393703254,0.1707618677564013,0.231,0.254,1
TSN,0.3883281852410912,0.30089199676804834,0.122,0.118,1
ERGIC3,0.3892735560740566,0.24266307071075532,0.064,0.059,1
CHD6,0.3900338672297485,0.10000698424038257,0.603,0.627,1
RBBP4,0.3901659853039177,0.0408345763892555,0.312,0.344,1
GAK,0.39103629508223037,0.09692069629638178,0.203,0.224,1
BTD,0.39112737285412225,0.15545678436125582,0.273,0.274,1
LIG1,0.3911810408591808,0.040185278500427746,0.059,0.065,1
ZSWIM7,0.3917539981635263,0.1925360103819338,0.088,0.083,1
EED,0.3924522423094964,0.250606679255593,0.178,0.199,1
OTUB1,0.3927818806511648,0.35629832707257414,0.086,0.082,1
AC048341.1,0.3936499986253156,0.18956822263019424,0.132,0.127,1
GNB2,0.39478070777437585,0.3482355776882744,0.083,0.078,1
CLCN7,0.3949169402724448,0.12521641938811445,0.075,0.083,1
LSM12,0.39493270071956776,0.04991076813467599,0.061,0.067,1
ARHGAP8,0.39508714979884957,0.297303894886896,0.063,0.058,1
RECK,0.3955815763805864,0.07407487505664334,0.108,0.117,1
ZNF264,0.39564464512334035,0.052072267480262946,0.098,0.107,1
EI24,0.3957279318985485,-0.003379289738181246,0.051,0.057,1
KIF5C,0.3962541234244809,0.2873664323175823,0.199,0.196,1
RBCK1,0.3963726215927591,0.27792633790327237,0.084,0.079,1
OGFR,0.3967736456895287,0.13363398342958122,0.086,0.095,1
RMC1,0.3973228284419792,0.2464177734305757,0.163,0.161,1
NDUFV3,0.3981604485504212,0.033919566089335884,0.068,0.075,1
AC026347.1,0.398386500322802,0.30352483888064485,0.069,0.064,1
ITGB2-AS1,0.39847765857725126,0.08102955003153545,0.143,0.156,1
COPB1,0.3994764062671687,0.17221178369221157,0.385,0.398,1
ATP6V1E1,0.3995815853164542,0.3142846882584909,0.182,0.183,1
PEX1,0.3998695040872871,0.08441994670052355,0.131,0.143,1
KDM1A,0.40035974006058317,0.05532964966695314,0.231,0.251,1
C1orf131,0.4009508500513806,0.4063293662651861,0.071,0.067,1
PPP2R2D,0.40125990729512334,0.11164950490218747,0.28,0.311,1
ARAP1,0.40209745357780674,0.08374776899192371,0.057,0.063,1
RHBDF2,0.40243176347408866,0.3246742720747742,0.066,0.061,1
ZNF510,0.40247772456009256,0.14943322251850466,0.082,0.09,1
SCART1,0.40257516481441125,0.09969313783011557,0.066,0.072,1
DCUN1D1,0.4025797223669372,0.06142892090996688,0.185,0.2,1
AC003681.1,0.4033445093381643,0.424087498063888,0.07,0.066,1
RFLNB,0.40413486512268193,0.3088873928322089,0.074,0.07,1
FAM210B,0.4042653303195088,-0.04945674387676213,0.045,0.05,1
CEP112,0.4046764783029755,-0.06375982827233184,0.106,0.113,1
WDR43,0.4056175108431708,0.11594058714262612,0.447,0.466,1
CCAR2,0.4057932293390757,0.20869839078022023,0.093,0.103,1
GRK6,0.40582199302007027,0.09120632053343813,0.103,0.113,1
TRIM28,0.40628709905142185,0.30965246292498705,0.075,0.07,1
TMEM41B,0.4067775296466289,0.2963141167247736,0.24,0.248,1
COMT,0.4083915587931976,-0.16500743277808194,0.052,0.057,1
GPN1,0.4085299573020597,0.13412829893682998,0.047,0.053,1
TMX2,0.40914173831858686,0.1581443971807719,0.13,0.141,1
PIK3IP1-AS1,0.40954380332269424,0.12376331699955477,0.231,0.257,1
MESD,0.4101934207699346,0.28886697708383147,0.163,0.163,1
MALT1,0.41024805821755594,0.15820573628922086,0.653,0.692,1
CCNG1,0.41026864931058243,0.258194847163673,0.093,0.088,1
KATNA1,0.4108738108545892,0.16076034452438326,0.098,0.108,1
MT-ND6,0.4114829540078571,0.1161949787443316,0.42,0.435,1
PPP3R1,0.4120591014875691,0.06566650947514252,0.56,0.609,1
ZNF777,0.4121110892369986,0.3400300684848967,0.091,0.087,1
CCT4,0.4125789469039533,0.25854935416081687,0.209,0.209,1
FBXO31,0.41259368167263577,0.08879621942808669,0.081,0.09,1
NDEL1,0.41303491648881147,0.07694804116579329,0.353,0.39,1
ZCCHC8,0.41551660679825037,0.24531125422464917,0.144,0.16,1
SKIL,0.4155734468947583,0.2325563256086558,0.059,0.066,1
UPF3B,0.41623368706802033,0.0886241841844917,0.124,0.134,1
ZNF414,0.41647519275949396,0.2833755428953135,0.056,0.052,1
ELMSAN1,0.4176014837062443,0.244373953593353,0.174,0.173,1
SYPL1,0.41776728888066417,0.033244226192785,0.11,0.119,1
CUTC,0.4178706107010016,0.12895436274568972,0.127,0.139,1
ST7,0.41794801048592894,-0.06447183822608027,0.051,0.056,1
CBWD1,0.41796280820297227,0.07820745853690547,0.087,0.095,1
DCPS,0.41796580727154653,0.15731994669364058,0.061,0.067,1
DERL2,0.4179979742717173,0.35949325301231605,0.096,0.092,1
SNRNP27,0.41874554533501074,0.3485239747563884,0.092,0.088,1
PHC1,0.419815170494701,-0.031118436199471855,0.048,0.053,1
TMEM39A,0.41988344569726205,0.2699731997035183,0.187,0.188,1
RP2,0.42039600964203083,0.03382710376994469,0.061,0.067,1
LZIC,0.42221903990649806,0.26303484787268605,0.072,0.067,1
LTV1,0.42247695302282534,0.37419336377344514,0.097,0.093,1
TBP,0.4225074277662679,0.15734600665417986,0.1,0.11,1
METTL22,0.4237069198465462,0.14210750600658217,0.048,0.053,1
CHCHD7,0.424280081942832,0.3886158593141751,0.053,0.049,1
FAM174A,0.4248366590879313,0.1210888327606825,0.055,0.06,1
LDHA,0.4252823925312271,0.18774048701357027,0.18,0.177,1
STX11,0.4253769507398566,0.12568401829598885,0.067,0.074,1
PI4KB,0.42543567994367276,0.14602207188673977,0.106,0.116,1
REXO4,0.4256336823474025,0.11282561084997655,0.097,0.107,1
MYADM,0.4258432785481058,0.3110215234305569,0.061,0.056,1
MTREX,0.42613222179161175,0.11532646502914057,0.482,0.494,1
CSDE1,0.4270789710043586,0.03301315279283057,0.591,0.648,1
MMGT1,0.4290549327738069,0.4524915881886038,0.05,0.046,1
TFB2M,0.4290959347641275,0.11561069522581313,0.075,0.081,1
UBE2J2,0.4292896934497869,0.3395191152235659,0.08,0.076,1
PHLDB3,0.4298191910664939,0.10712079830244647,0.047,0.052,1
MAIP1,0.42994951532099984,0.023623607399974822,0.154,0.166,1
GOLGA2,0.4307438060548757,0.28286116111835335,0.072,0.068,1
SPIN1,0.4308439637543114,0.16706467384832535,0.148,0.161,1
WASHC2A,0.43151739204629874,0.08452824290257954,0.142,0.155,1
ZNF814,0.43154074563747136,0.32803698676444126,0.103,0.099,1
C5orf22,0.43170568091963796,0.1894845467691879,0.066,0.073,1
SURF4,0.4317967876366591,0.3148447567698417,0.176,0.178,1
FCF1,0.43253173486871554,0.4190659190175585,0.09,0.086,1
MAP7D3,0.43311727527114946,0.11877672346485513,0.052,0.058,1
TXLNG,0.4332140087653218,0.3051749076792881,0.162,0.161,1
SDF2,0.43333065558242456,0.5697431748731097,0.057,0.053,1
METAP2,0.4335763985420523,0.20495986545378472,0.295,0.304,1
COG3,0.43433643678938855,0.1286868328914759,0.238,0.262,1
SP140L,0.43434242957750946,0.057232472884777064,0.395,0.428,1
SERINC1,0.43451863412354935,0.10337619575972545,0.527,0.56,1
NAIP,0.4347432810651571,0.056231970598262127,0.104,0.113,1
HEXIM1,0.4355518674904673,0.34823791000172744,0.056,0.052,1
LMBR1L,0.43674340096764985,0.262133702503623,0.128,0.124,1
EHD4,0.4374485461837125,0.22795187836250985,0.153,0.15,1
GLIPR1,0.43783598424192643,-0.004302270439923761,0.234,0.25,1
INIP,0.43807430130745334,0.1643181828574174,0.07,0.077,1
SLC16A10,0.4389657195351562,0.18554578822638212,0.15,0.145,1
WASHC2C,0.4390201357142025,0.2757769925924388,0.185,0.184,1
BRAF,0.4392980588179291,-5.976176647686238e-4,0.741,0.763,1
EBLN3P,0.43972529232158913,0.10058164467099184,0.182,0.198,1
SUSD3,0.43997940805821967,0.2514310370812336,0.09,0.085,1
NUCB2,0.4404968977315699,0.27720931594601317,0.107,0.102,1
ERCC3,0.4405837094923947,0.15353616553949156,0.097,0.106,1
SETD1A,0.44136498436456995,0.26363818850574683,0.055,0.051,1
INSIG1,0.44140203720224314,0.2776103646853445,0.102,0.098,1
SCRN3,0.4419345827203717,0.40605720993400873,0.082,0.079,1
GCN1,0.4438001504711949,0.13151715020411192,0.155,0.17,1
DBNL,0.4440482685424407,0.15400039070773364,0.157,0.17,1
MAN2B1,0.4453602134087398,0.11441620166142497,0.096,0.105,1
IFNG-AS1,0.4460236334543942,0.07529422316480966,0.086,0.08,1
PARL,0.44628343794484293,0.13445749624517622,0.192,0.207,1
EIF4EBP2,0.4473212618915082,0.19321777925912786,0.125,0.136,1
ZC3H4,0.44735593334425405,0.07908366856000004,0.074,0.082,1
SNED1,0.44764737041031427,0.025336260181551884,0.363,0.359,1
MUTYH,0.44793352688760163,0.31666065131405086,0.063,0.059,1
CWC25,0.4483888948998714,0.33236381686160366,0.095,0.091,1
RILPL2,0.4494799431158068,0.19773319564758096,0.165,0.181,1
PPP1R3E,0.44963522126029853,0.11894188210536294,0.056,0.062,1
BAHD1,0.44972520715195,0.08069586659983141,0.068,0.075,1
MRPL32,0.45023467731521477,0.0945350426447078,0.066,0.073,1
KIN,0.4503150053711398,0.33728178730816105,0.105,0.102,1
RHOQ,0.4503468544461667,0.1955388122308317,0.108,0.118,1
PFDN4,0.4507378730458113,0.31774227020720014,0.06,0.056,1
AL157786.1,0.4511454445915771,0.2880739664839922,0.051,0.047,1
INTS11,0.45209989706250125,0.14374815670457464,0.055,0.06,1
SLC12A9,0.4522476923294406,-0.04638494058829323,0.052,0.057,1
CR1,0.45264048841577703,0.021968840314281035,0.055,0.06,1
CTSO,0.4526678631408954,0.10475772646388237,0.129,0.138,1
TRAF6,0.45274275674321673,0.07843861601946822,0.164,0.178,1
FAM20B,0.45279451704148344,0.18297733753360146,0.147,0.159,1
VWDE,0.4530701613547153,0.05560247890630077,0.046,0.051,1
ZFPM1,0.45362821889871896,0.38678640881145654,0.074,0.07,1
DNAJC7,0.45376774703103046,0.20424904286495332,0.239,0.243,1
AC138150.1,0.45413807372990456,0.285751566493317,0.149,0.147,1
STX18,0.454168528423536,0.09683006034855818,0.238,0.258,1
RRP1B,0.4551369681869954,0.19921632190610983,0.222,0.225,1
NAMPT,0.45548372658641106,0.1575029255508304,0.296,0.302,1
UFL1,0.45598917079801704,0.13573412283781172,0.369,0.376,1
NUP37,0.45602990864335013,0.04684517909004082,0.068,0.074,1
MTERF3,0.4565382293845007,0.12580437740258388,0.057,0.063,1
LINC01871,0.45677530220675955,0.36552672553139143,0.066,0.062,1
EIF2A,0.45760850731175445,0.17513480431597217,0.24,0.243,1
GCA,0.45761159613304847,0.28257129237927536,0.054,0.06,1
SEC13,0.45815676175375625,0.36643362322882567,0.158,0.158,1
DRG1,0.45834454544911846,0.14706858026023495,0.138,0.151,1
SGSM3,0.45890844555735033,0.04557641204991825,0.076,0.083,1
GPN2,0.4594154083712556,0.09430566941002327,0.074,0.081,1
SUN2,0.46019661935711015,0.13070684046004802,0.344,0.353,1
AC106791.1,0.4609328875259344,0.052591178152603835,0.078,0.084,1
NSUN4,0.46264446975512796,0.11340020744593726,0.066,0.072,1
TARS,0.4632705257062933,0.10126911392948124,0.066,0.072,1
GPBP1,0.4633063665345131,0.05398415769031084,0.595,0.646,1
C1orf43,0.4642023538184345,0.3040226394824632,0.145,0.143,1
C1orf52,0.46423222853699747,0.1456680196528024,0.141,0.152,1
ZDHHC6,0.464731864467718,0.10883909107023104,0.165,0.179,1
RAP2C,0.46490153205290297,0.3653346028207065,0.09,0.087,1
PCBP2,0.465305445547882,0.12805183596780123,0.418,0.439,1
ZNF136,0.4661521301165561,0.2693493778395133,0.143,0.141,1
THAP9-AS1,0.46671236097915186,0.3295200650300152,0.064,0.061,1
SYTL1,0.46686813355464696,0.27042931224597355,0.15,0.149,1
FLII,0.467056285568511,0.10212639765702436,0.071,0.077,1
FUS,0.46709287381121806,0.07085912398428795,0.553,0.589,1
TPM4,0.4673982728839634,0.11419876364921827,0.243,0.268,1
PIGB,0.4679636474468827,0.12416221796285243,0.187,0.203,1
TGIF2,0.4680783310543061,0.29539778808117,0.126,0.123,1
KHNYN,0.46844926034219503,0.19880506619430216,0.083,0.091,1
COPS4,0.4687168749064542,0.2009752449979043,0.146,0.143,1
SAP30L,0.4694635578620978,0.24206927266869283,0.05,0.046,1
SCAMP2,0.46984287258811575,0.27630225364443506,0.121,0.118,1
FANCM,0.4712455131042083,0.19283935508478578,0.112,0.121,1
RFT1,0.4727334671413126,0.08202832972529617,0.074,0.08,1
AGBL3,0.47315794144315093,0.3251157213993219,0.062,0.058,1
EIF4H,0.47364060467807073,0.21370827651560878,0.269,0.276,1
TERF2,0.4747312685052952,0.1585106924029458,0.147,0.16,1
POM121C,0.4752401738209509,0.049213364674143056,0.172,0.185,1
TGS1,0.477319443518092,0.23760144372750328,0.252,0.261,1
SLC35C2,0.47871917480993303,0.07573631050799468,0.104,0.112,1
RBM22,0.4788832139204456,0.30871798555766183,0.085,0.082,1
LTO1,0.47923152409242975,0.1701225394963295,0.066,0.073,1
TADA3,0.48026456925456756,0.2220759452758747,0.05,0.046,1
HGS,0.4803556698235293,0.27702408995857164,0.08,0.077,1
PABPC1L,0.48041018436260097,0.15638708795930345,0.06,0.066,1
NELL2,0.4814304734700234,0.09559052656180267,0.583,0.587,1
UTP3,0.4829999815540161,0.1562568941401885,0.046,0.051,1
CPT1A,0.48364659847867564,-0.016962837882210424,0.095,0.102,1
AK3,0.4841099889563242,0.156882665014201,0.178,0.193,1
ABRACL,0.4844918889163136,0.35796307601274857,0.103,0.1,1
PLPP1,0.4850313371752985,0.10560533364881397,0.258,0.257,1
SULT1A1,0.4853975666604008,0.08452687727911501,0.068,0.074,1
TAPBPL,0.48622116830844875,0.07752566384347981,0.045,0.05,1
ALKBH1,0.48700759470716853,0.15597843985926585,0.105,0.114,1
APLP2,0.4884084766177977,0.27177976240931323,0.175,0.176,1
NUP85,0.4884091758090165,0.13260983517496516,0.077,0.084,1
ZNF709,0.4899406815208588,0.09672154378888909,0.073,0.079,1
ZNF720,0.49055726048761894,0.092894387348461,0.151,0.163,1
HADHA,0.49099973390397683,0.1846657529025948,0.155,0.153,1
PLCD1,0.4910577918840576,0.08745684501001305,0.102,0.11,1
LRP10,0.491150040935965,0.0685387687283614,0.136,0.146,1
ACVR1B,0.49130553834036755,0.35282967684744393,0.079,0.075,1
TUBGCP6,0.4916735817485103,0.07649429268880281,0.059,0.065,1
EZR,0.49218179871319623,0.09185838712487038,0.557,0.573,1
NOA1,0.49263104870840446,0.13455663944184915,0.059,0.065,1
ZFAND1,0.4927442473653895,0.28257821572210373,0.067,0.064,1
NOC2L,0.4929601089918062,0.011572406467403873,0.053,0.058,1
PARP6,0.49498724145058914,0.15564632896425468,0.084,0.091,1
RFWD3,0.4953534352949459,0.33575144039288163,0.106,0.103,1
NFE2L2,0.4957408273215565,0.1961448990248399,0.401,0.425,1
RO60,0.49644936780615123,0.17172677772049522,0.274,0.279,1
SLC41A3,0.49648399273500915,0.2603609474003372,0.067,0.063,1
TOMM70,0.4970815280048584,0.1920637035480367,0.181,0.181,1
LMO4,0.49736081456681613,0.20578709309713483,0.163,0.176,1
CALCOCO2,0.49818434393189154,0.30060248453972327,0.146,0.145,1
TTC21B,0.4982150257089412,0.10929546899587252,0.269,0.29,1
ZCCHC17,0.49839157799182054,0.2971842199669955,0.181,0.182,1
SIPA1,0.49842348756543164,0.30782809947413403,0.056,0.052,1
PLEKHM1,0.49857281351967864,0.07088162850911806,0.116,0.125,1
FGD5-AS1,0.49960144367140435,0.04345036068834074,0.102,0.109,1
DCTN2,0.5005623437722144,0.31612020382763073,0.085,0.081,1
CHMP1A,0.5009859524232654,0.08448841110057526,0.058,0.064,1
CHMP5,0.5010260875536956,0.14827561329014172,0.051,0.056,1
LRRC57,0.5014348811768955,0.08337632522843563,0.06,0.065,1
MFSD6,0.5014706204292299,0.12292958610881433,0.328,0.358,1
ATP6AP1,0.5019141745763958,0.3354241783248626,0.052,0.049,1
ABCG1,0.5024767290146435,0.3294146904368823,0.187,0.189,1
INTS12,0.5025597750657667,0.20865453320818883,0.102,0.111,1
SEPTIN2,0.5037603472076884,0.06198095625723066,0.439,0.478,1
GBP2,0.5039873699149617,0.09824053669668897,0.392,0.423,1
FBXO38,0.5049185924736179,0.09244214125039264,0.268,0.293,1
SMIM12,0.5051640192505091,0.3708115885105112,0.074,0.071,1
AC026341.1,0.5066851679429547,0.18567516934061712,0.09,0.086,1
POFUT2,0.5074613913478714,0.07806893514780233,0.05,0.055,1
HBP1,0.5078787384674224,0.11132288694952697,0.47,0.503,1
LBH,0.5079480785731022,0.10388391131674779,0.106,0.114,1
PFDN1,0.5083584831979044,0.23353528534222545,0.146,0.144,1
GPRASP1,0.5084522841756189,0.14814880248644346,0.062,0.068,1
TUT4,0.5084582110336324,0.037456334451068773,0.748,0.798,1
SND1-IT1,0.5085350232780514,0.12528687024246832,0.052,0.056,1
SUCLG1,0.5088963108281532,0.22408753715571827,0.118,0.128,1
GRAMD1A,0.5094136322410717,0.06319476205470287,0.152,0.165,1
APBB1,0.5101520862803668,0.3038787893196644,0.111,0.109,1
OSGIN2,0.5102659295673949,0.1730201823309614,0.106,0.114,1
EXOC1,0.5104855074576025,0.1200160778742716,0.337,0.37,1
SMAD4,0.5110114768384542,0.08781170510643521,0.441,0.485,1
MYO19,0.5112196762340984,0.04921778114973163,0.107,0.114,1
IL16,0.5114644893479687,0.11930384111736636,0.137,0.148,1
SAP30L-AS1,0.511811474381149,0.06436802725272983,0.085,0.091,1
ERP27,0.5124133636922632,0.13381335780990034,0.191,0.207,1
PPM1A,0.5126213632870156,0.13746077333921924,0.383,0.401,1
ISY1,0.5130304806558079,0.3734067398977172,0.107,0.105,1
BCL6,0.5131089416246242,0.4387157622314346,0.065,0.062,1
PAICS,0.5131391817701851,0.18981776415972862,0.158,0.156,1
FAM76A,0.5133245530259696,0.2792891637233095,0.082,0.079,1
RTCB,0.5137479380084109,0.2656203833189289,0.143,0.141,1
RELL1,0.5140760099062387,0.22255294690903377,0.277,0.282,1
ILKAP,0.5144366672569172,0.16819766709955047,0.379,0.399,1
UROS,0.5147282010123705,0.12135539350452484,0.063,0.068,1
ERO1B,0.5147608728792722,0.2271769452591212,0.258,0.264,1
ATAD2,0.5148175179368817,0.21682485751961905,0.262,0.268,1
PARD6B,0.5148494707092535,0.14770192117996261,0.067,0.073,1
NDUFA10,0.5152014542976093,0.1604436602029841,0.304,0.315,1
PRCP,0.5152604751826133,0.2085375416186368,0.071,0.077,1
SPPL2A,0.5157217854249849,0.0922244724032556,0.308,0.331,1
TCOF1,0.5157253977780764,0.1221124513452132,0.121,0.131,1
DENND11,0.5160213986844687,0.20260719899698237,0.303,0.314,1
CTSD,0.5167238980728442,0.2640369261553632,0.109,0.106,1
BRD2,0.5186090733793671,0.21357859376400168,0.195,0.197,1
MAP7D1,0.5186463575334095,0.07967397948302724,0.112,0.12,1
ZNF746,0.5188425698923667,0.06925810795607878,0.069,0.074,1
COMMD7,0.5196549878825029,0.08610496923766497,0.072,0.078,1
SNRPG,0.5199870541221616,0.32161937926774264,0.133,0.132,1
SYTL2,0.5205009941566632,0.2737994498187516,0.252,0.255,1
EIF2S1,0.5205679785981623,0.18259219560004813,0.138,0.149,1
PRDM2,0.5207914891396331,0.07052267417643288,0.718,0.777,1
LPCAT3,0.5213668614437457,0.23343057918061416,0.092,0.099,1
KTN1,0.5215362392275038,0.09225547627409858,0.495,0.548,1
MRPS9,0.5218119701726921,0.1407031429329234,0.158,0.17,1
PRPF39,0.521870402137975,0.09158466639099716,0.196,0.211,1
TRIM4,0.5226510854275082,0.27276072359885073,0.18,0.181,1
RADX,0.5233165436437844,0.32324373076003,0.057,0.054,1
IP6K1,0.5241755791982845,0.1324351781990234,0.327,0.361,1
TSPOAP1,0.5243962129266717,0.23508090137122473,0.053,0.05,1
SLC7A5,0.525521241275846,0.22264587021152726,0.119,0.116,1
CCT2,0.5262567509577885,0.2215712642549731,0.18,0.179,1
CDC40,0.5266072219888566,0.17002629025094818,0.279,0.286,1
OSBPL2,0.5268915884946683,0.17314025448584758,0.126,0.137,1
TOX4,0.5271562706741121,0.2834655878479926,0.164,0.166,1
ZNF529,0.5278976426666634,0.24646308772782177,0.157,0.156,1
TUBA1C,0.5284767026980774,0.38367034409678435,0.063,0.06,1
ARFGAP2,0.5298454378371893,0.11115002663489904,0.106,0.114,1
STARD3,0.5301133226373007,0.12352726992382967,0.081,0.088,1
NBN,0.5304706662049323,0.1953724913418723,0.185,0.2,1
NSUN5,0.5306347735829111,0.2750777080761213,0.073,0.07,1
RAP2A,0.5313235621902224,0.06698576698485748,0.089,0.095,1
PLRG1,0.5320019968082192,0.3309816492873545,0.09,0.087,1
MFSD12,0.5320797152175349,0.370646028808443,0.056,0.052,1
ZNF7,0.5334634993356616,0.39962023404183133,0.061,0.058,1
PPP1R7,0.5349451205480285,0.23885861389756857,0.103,0.101,1
CNDP2,0.5353321633606396,0.18004267542504704,0.091,0.098,1
TIMM44,0.5356999961276094,0.32356571635342934,0.08,0.077,1
ESD,0.536552434100315,0.1608919086966749,0.141,0.138,1
R3HDM4,0.5368234837509457,0.2685961311287701,0.097,0.094,1
ABHD17B,0.5374223201009728,-0.04953556630627376,0.129,0.135,1
PYM1,0.5378959554130338,0.3735020426918534,0.083,0.081,1
DHRS12,0.5384229292075184,0.07837819588462458,0.089,0.095,1
SLC25A38,0.5385166645004686,0.06445664542054663,0.073,0.079,1
H2AFV,0.5386539961236638,0.20458061990983908,0.314,0.331,1
MARCH3,0.5396668224763703,0.22073407962322755,0.067,0.072,1
PTP4A2,0.5400681707341584,0.06951035937138295,0.389,0.426,1
ZNF213-AS1,0.5411464200068123,0.12875448782368304,0.046,0.05,1
GANAB,0.542951387506259,0.07105495537870965,0.126,0.135,1
TRAPPC2,0.5437049338285543,0.13147029607614535,0.092,0.099,1
DYNC1LI2,0.5447180979697406,0.178661230940365,0.184,0.2,1
SHISA5,0.5452782042322861,0.179235470439862,0.102,0.099,1
CYB5R3,0.5463672808926032,0.25187044251097834,0.077,0.084,1
MIDN,0.5466105134212718,0.04736873280688725,0.062,0.067,1
AL731577.2,0.5466940121149622,0.117231828861593,0.192,0.207,1
ANP32B,0.5472157807124092,0.05698837995149662,0.309,0.339,1
AKAP17A,0.5475900360299755,0.3147521301938343,0.133,0.133,1
ELF1,0.5478955334354069,0.021962820165363883,0.829,0.869,1
PMPCB,0.5481360842797909,0.21542016215718052,0.239,0.246,1
AC015813.1,0.5486003534943041,0.33559208600287205,0.08,0.077,1
KRAS,0.5487096630850806,0.11945062613305257,0.396,0.411,1
MEF2D,0.5505028182806175,0.25649592746325256,0.134,0.133,1
AC046134.2,0.5505886952286763,0.125249328197929,0.059,0.055,1
ZDHHC24,0.5509190435923859,0.33717506891252125,0.056,0.054,1
SIMC1,0.5520265457553397,0.15332536693621016,0.203,0.217,1
LINC01215,0.5524342452149213,0.11385878720668763,0.1,0.107,1
RBBP6,0.5527558631753817,0.15466195720721532,0.461,0.503,1
TRAFD1,0.5545274368657357,0.15708872594036438,0.09,0.097,1
TERF2IP,0.5546979165228806,0.11470762643359067,0.388,0.407,1
SGPL1,0.5551511984670408,0.14405524279819404,0.104,0.112,1
MRPS10,0.5557306223918594,0.24630449184320025,0.085,0.083,1
ZBTB5,0.5558837776175778,0.2575805058489913,0.107,0.104,1
NOP58,0.5558875796433065,0.054800447314768075,0.558,0.603,1
KLF13,0.5570873578288669,0.1694603250979539,0.314,0.325,1
SSR3,0.5571429466342896,0.20218902009147866,0.134,0.132,1
PPM1G,0.55769665272971225,0.2386818226069236,0.125,0.135,1
LIG3,0.5580168236071036,0.2932805031202461,0.083,0.081,1
SNRNP40,0.5588763850471581,0.1521009400470711,0.146,0.158,1
AC009505.1,0.5596438968930959,0.36488311348929026,0.108,0.106,1
ATP6V0E2,0.5597262450434418,-0.04405162612412594,0.055,0.059,1
GBP5,0.5600361742790311,0.1409779389124406,0.197,0.194,1
RCN2,0.5611143820516615,0.26429518225213466,0.14,0.14,1
SRPRB,0.5613976483702614,0.13842417405195118,0.101,0.108,1
MNT,0.5619430957037785,0.43571016649770655,0.058,0.056,1
PHLPP1,0.5623480784264544,0.17520207098666646,0.167,0.165,1
EFCAB7,0.5640564652594356,0.12829892087291372,0.08,0.086,1
ZNF791,0.5647784993009439,0.26885139102433,0.136,0.135,1
UBE2E3,0.5649074117414332,0.12760059847305888,0.233,0.232,1
LRRC37B,0.5650331861753317,0.11861189060357641,0.234,0.252,1
CARHSP1,0.5653454845605115,0.1272973460434086,0.062,0.067,1
PEX7,0.5656646942420516,0.14471231393959294,0.089,0.085,1
RNPEP,0.5658830548936055,0.41218326769093716,0.07,0.068,1
RPN2,0.5665754457649793,0.06328640201625288,0.281,0.303,1
ADSL,0.5667579811206513,0.2074739559632932,0.138,0.136,1
PLCB1,0.5672030464315811,0.03130658193068392,0.272,0.267,1
USP6NL,0.5677963453923126,0.06840079184089154,0.062,0.067,1
TGFBR2,0.5680106399783755,0.08260486442540804,0.663,0.712,1
PGP,0.5686351198526615,0.029932005247103266,0.072,0.077,1
STX5,0.5702387799819106,0.1957021879497689,0.129,0.14,1
EIF4ENIF1,0.5720560753607178,0.14595096808121943,0.096,0.103,1
STXBP3,0.5721805565936076,0.13762142498053276,0.246,0.265,1
RINT1,0.5721976346380133,0.3244162250642415,0.142,0.142,1
AL390957.1,0.5731131126881852,0.2651290428341473,0.052,0.049,1
SNRK,0.5736017514985141,0.03272294908826989,0.596,0.637,1
MYBBP1A,0.5742257570205955,0.10530762097105839,0.053,0.058,1
LRRC8A,0.5748661404188844,0.2160974064489749,0.058,0.056,1
U2AF2,0.5750182123203003,0.12286853885223126,0.056,0.06,1
ZNF682,0.575139717926251,0.2687014152464555,0.09,0.087,1
RHOT2,0.5764335892952386,0.13223345214384885,0.074,0.08,1
TCAF1,0.5771341762875584,0.16440096327516107,0.096,0.103,1
SLC25A32,0.5772090337707627,0.16127652472567644,0.122,0.131,1
RMDN1,0.5776742375840942,0.10752436980625779,0.157,0.167,1
CNPY2,0.5780506453947898,0.09444303866955606,0.097,0.103,1
SNRPD1,0.5782092063821539,0.2029371586063864,0.155,0.154,1
UBE3A,0.5783692150383024,0.0547880691557292,0.614,0.662,1
KHDRBS1,0.5783928844977768,0.2012450474185537,0.368,0.389,1
SLC39A8,0.5787162724991359,0.19486028621640242,0.301,0.308,1
GOSR1,0.5809017072585723,0.08506466571660193,0.328,0.352,1
SIRT3,0.5813688005054986,0.061034908820387646,0.051,0.055,1
XAB2,0.581831855828543,0.1145336141552451,0.046,0.05,1
MEAF6,0.5836296042511371,0.05581342047238458,0.083,0.088,1
RYBP,0.5847408935176945,0.13936873682248674,0.422,0.44,1
TNIP2,0.5857429114209749,0.33782796635999546,0.077,0.075,1
PRPF4,0.5860571970413002,0.21783351718982313,0.05,0.054,1
CCNT2,0.5863530838524516,0.07130036429797038,0.386,0.424,1
ADAR,0.5868012293348772,0.1505955575619834,0.458,0.488,1
MDC1,0.5872179029132711,0.22498647480460265,0.05,0.047,1
AC137810.1,0.5872420588737701,0.06443469719866551,0.146,0.153,1
CHMP4B,0.5872453306662841,0.21354795401911675,0.076,0.073,1
CSNK1E,0.5880417902710242,0.15357654464586568,0.087,0.093,1
ELOA,0.5885627596384121,0.370658114798615,0.08,0.078,1
TMEM87A,0.5886491007860427,0.1114225723723078,0.418,0.457,1
PIGC,0.5889718668313246,-0.0098610040190934,0.08,0.085,1
TOM1,0.5892482803266886,0.16035982596849407,0.161,0.174,1
TSR1,0.5899432453906188,0.2123139967657841,0.07,0.067,1
DHX8,0.5903658034929553,0.2336884750946009,0.204,0.209,1
LINC02316,0.590721780308384,0.3459768157729295,0.056,0.054,1
IGBP1,0.5907732943866625,0.4636786988976125,0.161,0.164,1
PAM16,0.592305581539593,0.18220724226597818,0.104,0.111,1
MSMO1,0.5937244956076473,0.30690228126721797,0.049,0.052,1
SUPT16H,0.5946650904901871,0.14003588299073805,0.252,0.275,1
EFCAB2,0.5947608162260187,0.24182636718024808,0.091,0.088,1
NDST2,0.595180014479769,0.04659239096914769,0.056,0.06,1
ASNSD1,0.5962379020373634,0.2729469718769293,0.059,0.057,1
VSIR,0.5966374181483637,0.054601789717453914,0.26,0.278,1
PPP2R5C,0.5968087308007868,0.061949078244073696,0.872,0.912,1
ZNF506,0.5973586170442724,0.13807128549934283,0.314,0.343,1
CTLA4,0.5977830138699314,0.15502099785875334,0.061,0.065,1
CTR9,0.5982286206949993,0.17542384002540246,0.156,0.167,1
MPLKIP,0.5989074177755556,0.35684277745792814,0.053,0.05,1
CCDC12,0.600254009732698,0.19452658115655824,0.236,0.241,1
IFNGR1,0.6014749774843516,0.22072460771633073,0.195,0.197,1
RIOK1,0.601737072707569,0.3848731843749973,0.107,0.106,1
C12orf29,0.6020186616106018,0.041295371911517886,0.051,0.055,1
SLC37A1,0.6021392481018881,0.23168797525910279,0.087,0.085,1
ZNF567,0.6025443479446293,0.4233845580435518,0.069,0.067,1
C1orf50,0.6037208353803929,0.2031283660206964,0.073,0.078,1
MRNIP,0.6043370849834131,0.16013946245181487,0.099,0.096,1
VPS11,0.6046080080284999,0.3597958620943631,0.056,0.054,1
DENND10,0.605010924514094,0.15766467932096817,0.188,0.203,1
SUPV3L1,0.6053128267656762,0.2621739038449682,0.182,0.186,1
MXD4,0.605365165307908,0.27702903890584407,0.113,0.112,1
MTX3,0.605697696424659,0.2583232031297137,0.155,0.156,1
BATF,0.605896189167991,0.3306765999577628,0.112,0.112,1
CS,0.6062960371119623,0.15053924956260367,0.16,0.172,1
CTDSPL2,0.6063686030123254,0.0756074231648769,0.439,0.481,1
CLTB,0.6065085026484818,0.24072425447488444,0.066,0.064,1
SUPT6H,0.6071565345005203,0.30175135418872323,0.24,0.254,1
HELZ2,0.6072885342003304,0.4496985279279042,0.057,0.055,1
RAB9A,0.6076933571946661,0.15470455640051095,0.086,0.084,1
YAF2,0.6085289814900112,0.030729176081086162,0.457,0.492,1
C11orf58,0.609372117093109,0.08946268743715269,0.447,0.495,1
ACOT8,0.6094705130223328,0.1499095528723262,0.055,0.059,1
TANK,0.6096833943204847,0.07622909503063102,0.636,0.687,1
GLYR1,0.6098274553668416,0.18511535802675738,0.262,0.271,1
TENT4B,0.6112058303682382,0.20512036115509844,0.24,0.243,1
ADIPOR1,0.6116653867379256,0.3826613042325051,0.104,0.104,1
TIMM29,0.6120792213251197,0.1268865244607471,0.047,0.051,1
TCTN3,0.6120862524635823,0.28955557275322885,0.143,0.143,1
SF3A3,0.6127764295079827,0.15418990740205607,0.115,0.123,1
BRK1,0.6129225007678143,0.26771671787661777,0.072,0.07,1
PHF11,0.6130110856700688,0.15814650194141328,0.265,0.287,1
REXO1,0.6130251448976668,0.3466952129215639,0.086,0.085,1
PTPN13,0.6137932777739905,-0.017727560213925436,0.153,0.159,1
DCTN1,0.6138414710396921,-0.007972361047451137,0.073,0.078,1
DIS3,0.6138492955821013,0.15036610826881203,0.296,0.307,1
BECN1,0.6144369457772615,0.11265665159973848,0.101,0.108,1
CNIH1,0.6145449310610951,0.2659190891071326,0.078,0.076,1
CFAP97,0.6150426789538226,0.12321285355122069,0.135,0.143,1
BORCS5,0.6154334635034661,0.139812056131158,0.432,0.456,1
CHURC1,0.6155965415790172,0.15693196809700544,0.326,0.338,1
PHF20,0.6171204075149481,0.13611311045267493,0.522,0.557,1
NCBP1,0.6178004930087916,0.15830561100650975,0.269,0.293,1
POLB,0.6179539208427889,0.17283719433075584,0.128,0.138,1
ZCCHC4,0.618092761868994,0.1447764757989951,0.09,0.096,1
ZNF12,0.6186755087028106,0.17545953690633365,0.082,0.079,1
FBXO7,0.6200698474466619,0.18097522036331273,0.246,0.254,1
DNPEP,0.6205000408022247,0.3229005964470528,0.079,0.077,1
PTOV1,0.6205459323513409,0.30745314003020097,0.075,0.074,1
PPP1R2,0.6212232044843043,0.06763008359774547,0.5,0.543,1
HIP1R,0.6223096748030044,0.339817010128562,0.081,0.08,1
SMC1A,0.6224163858362666,0.20525023950906462,0.184,0.201,1
MORF4L1,0.6226395417679373,0.09499453714795147,0.556,0.595,1
RFC1,0.622761580450226,0.0773220805343961,0.353,0.379,1
INTS14,0.6237449493887572,0.13769562067431096,0.059,0.063,1
PPP1R15B,0.6254831549665735,0.2415179225084667,0.138,0.138,1
HEXB,0.6257309067073209,0.34799249330064463,0.089,0.087,1
KLHL36,0.6263273730148211,0.27856715713642166,0.181,0.185,1
GTF2H3,0.6281489737722148,0.2891745104119998,0.059,0.057,1
QDPR,0.628568281962816,0.25983757361105386,0.071,0.069,1
LZTFL1,0.62929882813729,0.11774861152357685,0.097,0.103,1
DMGDH,0.6293273628403495,0.15377916879699782,0.063,0.067,1
CNEP1R1,0.6293909245918945,0.14504534119906465,0.054,0.058,1
GNL1,0.630450516871822,0.16467750228402922,0.095,0.102,1
TBC1D23,0.6307708846921545,0.1920897157058023,0.291,0.305,1
RLIM,0.6309451670022121,0.1879765277664775,0.284,0.3,1
DUSP5,0.631081255606131,0.2795560994824684,0.097,0.095,1
MALSU1,0.6324094497161719,0.10544088223773063,0.086,0.092,1
PWP1,0.6328431369451775,0.13080326686831567,0.146,0.155,1
G2E3,0.6332770307751956,0.05672030510683623,0.407,0.441,1
CSNK1A1,0.6334864691907602,0.029145903445426002,0.65,0.695,1
GOLGA4,0.633739030072406,0.06315716739197219,0.672,0.723,1
ACAD11,0.6343676836280047,0.13619543586226646,0.182,0.195,1
NDUFS2,0.6348493673165363,0.1592056656469114,0.067,0.072,1
UBAP1L,0.6359276487757498,0.20124002829843413,0.053,0.057,1
COX18,0.6363237146420404,0.008969421735970151,0.069,0.073,1
TENT5A,0.6363729449580184,0.4390753691095759,0.067,0.065,1
GGNBP2,0.6364478404732938,0.07963793861665058,0.452,0.503,1
ZNF250,0.6365689381556798,0.1844707101239944,0.079,0.085,1
AC007384.1,0.6368560372391666,0.3553373864785845,0.088,0.086,1
DCTD,0.6376697641453931,0.3154664830252085,0.065,0.063,1
RARS,0.6387709222217256,0.17596748481945912,0.206,0.224,1
NSFL1C,0.6389987024184967,0.2741849495494735,0.088,0.087,1
SLC25A45,0.639910757196038,0.19432219020654107,0.112,0.11,1
NUP35,0.6400490940864696,0.17518525532745577,0.12,0.128,1
MTRF1L,0.6403740068112127,0.35792691669348153,0.071,0.07,1
PNISR,0.640456676249765,0.05653009766991035,0.693,0.741,1
RNPC3,0.6410779070859243,0.07141424184418821,0.386,0.419,1
CBWD5,0.6411009101008598,0.15929830032758296,0.107,0.114,1
MAPK1IP1L,0.6412770309075471,0.08519710267564606,0.349,0.379,1
TMEM267,0.6413263635869181,0.14325407273512858,0.168,0.179,1
CDS2,0.6436882895149239,0.08957533426324094,0.223,0.239,1
RSRC2,0.6437394527271094,0.12932370035409319,0.392,0.412,1
TIMM9,0.643786578529692,0.23909659297596475,0.075,0.072,1
ANAPC10,0.6438027487069578,0.18368758416138395,0.214,0.215,1
AC008549.2,0.6438666285463539,0.21670777154482757,0.066,0.064,1
EPN2,0.6443290896588548,0.4072177854993473,0.064,0.062,1
CYSTM1,0.645130454697958,0.16152661213611097,0.087,0.092,1
HMGA1,0.645302623724413,0.2854887139311213,0.063,0.061,1
UBE4A,0.6469574433920612,0.16906071053657637,0.327,0.346,1
CD46,0.647050260739624,0.12939125683365826,0.435,0.469,1
CBX5,0.647304670792886,0.28382471685048005,0.153,0.155,1
GLO1,0.648266754942336,0.09214348699201014,0.121,0.128,1
ZNF551,0.6483567435057883,0.2520162966436137,0.088,0.086,1
HNRNPA3,0.6485811047839903,0.06202212156096176,0.524,0.581,1
ELMO2,0.6488707588078936,0.20726786845013945,0.141,0.151,1
HMGCR,0.6495004847089183,0.30942857734287976,0.056,0.055,1
ZNF394,0.6495773387822645,0.11074857798569837,0.289,0.314,1
ZNF549,0.650143428691645,0.22278044450991974,0.054,0.052,1
BAG6,0.6503012424083161,0.24073294933311473,0.063,0.061,1
TTC32,0.6503082790750889,0.17264928177970074,0.07,0.068,1
KLHL12,0.6505161967833413,0.22545828393918432,0.069,0.074,1
QTRT2,0.6507406803282174,0.06472868755671546,0.108,0.113,1
ETV3,0.6507749733802637,0.3154583612878592,0.071,0.07,1
PIAS4,0.65141168129046,0.1700931486471675,0.047,0.05,1
CTDSP2,0.6515454764000211,0.24481048417712437,0.089,0.087,1
PHLDB2,0.652158993877793,0.20346056189679462,0.075,0.081,1
FCMR,0.6523000867724069,0.14890980657813352,0.241,0.262,1
METTL17,0.6527445281149334,0.26795733982956094,0.07,0.075,1
PPHLN1,0.6549037605261079,0.04532474440675327,0.582,0.638,1
TM9SF2,0.6549387103983122,0.09622409528014347,0.358,0.388,1
PLEKHF2,0.6550176541127073,0.07142047876381463,0.131,0.139,1
ZC3H8,0.6570249092915937,0.17759346667617537,0.178,0.191,1
UBXN2B,0.6575801777015697,0.11234538339790623,0.132,0.14,1
NPC1,0.6579362573715588,0.1988688816812509,0.344,0.363,1
UBE2D3,0.6579488811681065,-9.82609363932463e-4,0.71,0.741,1
MXI1,0.6585673698105896,0.08336983320041236,0.307,0.322,1
ARMC8,0.6586222159373465,0.10865229922096731,0.426,0.465,1
AC018362.1,0.6590841283268809,0.09780256866305725,0.075,0.072,1
AC074032.1,0.6595088877946911,0.160570328260278,0.2,0.214,1
NAA38,0.6597228187704032,0.1222009927277159,0.098,0.104,1
PDHA1,0.660810655260391,0.193238509874595,0.049,0.052,1
RMND5B,0.6612742820096015,0.17458476725230243,0.059,0.063,1
VAMP3,0.661811688693856,0.19820354786911265,0.064,0.068,1
TRIM59,0.6619201170896913,0.1930630624700993,0.085,0.091,1
DLD,0.6619956121367082,0.17413077008762556,0.21,0.213,1
HAUS2,0.6629694129829808,0.3747361967758045,0.068,0.067,1
MCMBP,0.6633039339588018,0.08194523631413031,0.184,0.196,1
MAP2K4,0.6639416158898399,0.07031257884054387,0.481,0.518,1
NRAS,0.6642970625220098,0.0421699467315082,0.056,0.059,1
ATP6V1B2,0.6649252605154923,0.19120933619738656,0.077,0.082,1
CSNK1G2,0.6675198945921017,0.11388544667742195,0.177,0.188,1
TRIM8,0.6680884481818119,0.25375532895975583,0.107,0.106,1
MED26,0.6686659500417027,0.1045360455120321,0.085,0.09,1
CDH23,0.6692860335252394,0.2895668068909121,0.059,0.057,1
GATA3,0.6695482756142845,0.10683688999597019,0.44,0.459,1
UBA1,0.669717341380441,0.3227633477968985,0.066,0.064,1
STK38L,0.6697434786756664,0.19362477146618384,0.15,0.16,1
MLH1,0.6699654512931017,0.36522702119745576,0.113,0.113,1
KCNC4,0.6702195952582527,0.28418431342286654,0.054,0.052,1
PCID2,0.6723137994311139,0.118286780235062,0.131,0.138,1
USP39,0.6729077043206613,0.13651218824079092,0.087,0.093,1
MAN2B2,0.6732296636775039,0.2548138476164592,0.1,0.099,1
SEC61A1,0.6733150386005208,0.10541356120473755,0.167,0.179,1
PSMD11,0.6734557517518047,0.20074807675935802,0.166,0.178,1
GLIPR2,0.6742759088191999,0.056834559558786246,0.107,0.112,1
BHLHE40,0.6748468212155267,0.3259254606747639,0.097,0.095,1
TMEM183A,0.6748935984466378,0.13544724234616168,0.124,0.131,1
SEM1,0.6756147217699247,0.07354006638359345,0.235,0.252,1
RTF2,0.6764476994588967,0.20733633204406687,0.15,0.15,1
FOXO3,0.6768471471712717,0.24002066716614506,0.264,0.273,1
MAT2A,0.6813233741103444,0.16824758374911508,0.109,0.116,1
NCF2,0.681629470858717,0.2052044931746302,0.06,0.064,1
SDHD,0.6820093810029502,0.1598362348248492,0.121,0.121,1
NAA50,0.6820399582907566,0.22495297846986154,0.316,0.33,1
UHMK1,0.6821163147216684,0.028626126205060713,0.279,0.294,1
AC092821.3,0.6825545256565216,0.1807036046698023,0.302,0.316,1
THUMPD1,0.6842116642153477,0.17672630882060464,0.222,0.229,1
ING4,0.6843989980311922,0.20675653146856687,0.048,0.051,1
DPF2,0.6847866467126176,0.38034639709472584,0.077,0.076,1
CCDC57,0.6851040095763459,0.20799027778922774,0.141,0.15,1
DHX37,0.6861048853382702,0.2835250808631089,0.09,0.089,1
VPS37B,0.6866716209907622,0.1405855267761139,0.213,0.228,1
NOTCH2NLC,0.6868570425284664,0.32478908202215506,0.103,0.103,1
FAM136A,0.6877304470781048,0.38093895032202196,0.061,0.059,1
CCNDBP1,0.6888898031400397,0.13331154357711883,0.121,0.128,1
MTMR6,0.6890646350279741,0.1616070990729978,0.295,0.31,1
CCDC130,0.6897161370425452,0.17156387444074506,0.071,0.075,1
ZGPAT,0.6897312074769992,0.2932890654417295,0.063,0.062,1
LMBR1,0.6914631317832116,0.17195370876990412,0.532,0.566,1
SMIM10L1,0.6935713151572718,0.29426077762692104,0.061,0.059,1
AP3D1,0.6941641045332064,0.21702552811367726,0.113,0.121,1
UBE2B,0.6945312467241003,0.10342446545522,0.457,0.485,1
HNRNPA2B1,0.6949532945850951,0.034472826287155645,0.708,0.756,1
FKBP3,0.6954312193130925,0.07741183957937658,0.136,0.143,1
HSF1,0.6959904842539196,0.2484895785648613,0.104,0.103,1
DNAJC21,0.6960712952613382,0.17116111052252392,0.144,0.145,1
PAK2,0.6963146422019324,0.0924982927269129,0.534,0.574,1
JPT1,0.6968873549843093,0.117832522441915,0.07,0.074,1
PLIN2,0.6974652167533253,0.15352296684276023,0.096,0.094,1
TRIM39,0.6984810650602723,0.25956939320569994,0.051,0.05,1
HAPLN3,0.6990715524669668,0.13747689273131392,0.153,0.163,1
RNF114,0.6994296247390521,0.12926915030700037,0.191,0.202,1
POLR2B,0.7016861670774978,0.0970641977962281,0.278,0.3,1
OTUD6B,0.702019062108507,0.25566138237603964,0.102,0.109,1
ALG14,0.7023180490694088,0.34826107789751903,0.058,0.056,1
ABHD15-AS1,0.7028451563838336,0.237095553110948,0.103,0.11,1
HTATSF1,0.7034638333572694,0.2074500962816337,0.108,0.107,1
CPD,0.7038130403906684,0.14417489655326665,0.175,0.185,1
ZNF480,0.7039392365388621,0.09985808731499657,0.083,0.088,1
GNE,0.7042399621446543,0.2791560504088071,0.095,0.094,1
SEC23B,0.7043470612920495,0.26660537798496964,0.142,0.151,1
IFFO2,0.7052587543627227,0.16119105311128368,0.08,0.084,1
ZNF430,0.7056040310079494,0.1727884610136301,0.312,0.329,1
ZC3H12B,0.7059782343250155,0.1786037785768122,0.068,0.071,1
PSMD13,0.7062664373679955,0.24242388671240356,0.121,0.121,1
MAEA,0.7071767803070186,0.17621173812308744,0.103,0.11,1
PPP1CB,0.7073255081037397,0.07697236959785458,0.555,0.594,1
HUS1,0.7076783680166958,0.3013397151108874,0.088,0.087,1
KIAA1586,0.7079849635172362,0.18628174224888605,0.087,0.092,1
C12orf65,0.7080088959906623,0.24605665417455458,0.145,0.147,1
VEZF1,0.7080557964456513,0.08736072378171622,0.126,0.132,1
GATC,0.708358165459013,0.3385198960494562,0.086,0.086,1
TVP23B,0.708358689484081,0.25603741598171315,0.068,0.072,1
PM20D2,0.7087239246034424,0.12360200166172364,0.076,0.08,1
FAM8A1,0.7088972522339376,0.13024834883528635,0.081,0.085,1
SESN3,0.7090189013605424,0.22373009548948186,0.65,0.706,1
DDX39B,0.7095433787186152,0.13096546227917874,0.325,0.345,1
ALG11,0.7108822838446263,0.2895369246058963,0.054,0.053,1
LRMP,0.7116679790400118,0.13934941236195675,0.126,0.133,1
FEM1B,0.7119645123529803,0.19035474348964354,0.138,0.146,1
B3GLCT,0.7122960124886655,0.14705592312882976,0.146,0.154,1
MMADHC,0.7131192574694356,0.19583925623409315,0.153,0.155,1
TUBB,0.7138741681128793,0.030928326437567044,0.062,0.065,1
YEATS4,0.7139551108284512,0.1870280858031843,0.085,0.084,1
SBF1,0.7149523796847843,0.2954351216077993,0.057,0.056,1
TMEM192,0.7150934440440326,0.014016740923914917,0.085,0.088,1
SH2B3,0.7153786184918997,0.22250585829775893,0.159,0.162,1
RBMXL1,0.7169072863452823,0.19719223055596125,0.068,0.071,1
UBALD2,0.7174359144502687,0.157146776698588,0.211,0.228,1
RNF168,0.7178921438910565,0.15957072976080308,0.268,0.285,1
USP12,0.7183237777173459,0.08932051689559767,0.334,0.359,1
KCTD10,0.7186223393257783,0.23522402822592392,0.056,0.054,1
TNFRSF10B,0.7186792171649956,0.13124220917046192,0.132,0.132,1
VMA21,0.7187886641028152,0.3244509952984389,0.051,0.05,1
ZDHHC5,0.7193329891067308,0.311850124101652,0.105,0.105,1
PDCD5,0.7195163266866584,0.16637171308795118,0.062,0.06,1
HNRNPH1,0.7196369141844825,0.048051430892079416,0.66,0.706,1
TMC8,0.7199753335017602,0.06019412600797247,0.452,0.492,1
TMEM170A,0.7208679706642726,0.15090343886646806,0.09,0.095,1
SCAF8,0.7214729716367287,0.06629963838873909,0.624,0.668,1
NDUFC1,0.721517077794643,0.2781178839530587,0.081,0.08,1
PDCD7,0.7215179368071369,0.27373450906265595,0.104,0.104,1
DNTTIP2,0.7221538896653905,0.2641353395452606,0.141,0.143,1
AL136456.1,0.7226834712066865,-0.14622671552033228,0.252,0.253,1
AK5,0.7240366539572218,-0.14642004520432506,0.103,0.106,1
CRTAP,0.7242852822128247,0.17440889331235399,0.091,0.09,1
ANKDD1A,0.7245987692983383,0.158751448724207,0.09,0.088,1
TMEM209,0.7246727145685592,0.2348117404351402,0.137,0.138,1
PPP2CA,0.7257974537936684,0.0435065283926403,0.358,0.382,1
ANAPC16,0.7260030092839718,0.08819256515781004,0.167,0.175,1
PUM3,0.7261140794205818,0.1119710734006649,0.316,0.338,1
THAP6,0.7270979082702158,0.12714096479189396,0.131,0.138,1
TCEA1,0.7274073268352332,0.1288273777438021,0.323,0.349,1
ZBTB49,0.7274329278232444,0.19802480352294927,0.051,0.049,1
WASHC1,0.727615330023184,0.32225012750429594,0.079,0.079,1
ARNTL,0.7280343564896363,0.09987777049007995,0.485,0.509,1
FPGS,0.7283545494178583,0.19987283032358394,0.097,0.102,1
ACTR10,0.7305236312853742,0.23280303763178412,0.202,0.208,1
TTPAL,0.7307339255867209,0.3124254994126381,0.056,0.054,1
COG2,0.731140885167159,0.2908982727112652,0.136,0.146,1
CAPN1,0.7312003473353132,0.22431063971548282,0.088,0.087,1
PPP1R8,0.7316412711344902,0.2201310027157133,0.073,0.077,1
NSMCE1,0.7328283554304431,0.1763303352389265,0.068,0.067,1
SEC22B,0.7341205933674348,0.20078156881884712,0.194,0.209,1
KHDC4,0.7341622997834194,0.16776932282966966,0.219,0.227,1
AC083798.2,0.7353866132968849,0.27746023070142734,0.072,0.071,1
TRAPPC13,0.7357785918043545,0.2603532842528712,0.148,0.149,1
PTBP1,0.7360199272820199,0.20631027118893996,0.143,0.146,1
B3GAT3,0.7367149975193169,0.17895044666382232,0.083,0.088,1
CAST,0.7381137767293611,0.05368638268220671,0.708,0.762,1
EIF3B,0.7397604483477767,0.17121745456316229,0.211,0.218,1
SF3A2,0.7403097977965718,0.2607424034818471,0.07,0.07,1
MTMR14,0.7416539674740841,0.21331795413962013,0.217,0.225,1
POLR1C,0.7416972387961236,0.1474602721849818,0.088,0.093,1
ORAI2,0.7428533793576948,0.28387718925655747,0.08,0.08,1
ADI1,0.7443266161596285,0.2743858290742338,0.077,0.076,1
DONSON,0.7447951760793323,0.3188323526673309,0.061,0.06,1
POLG,0.7453275527396341,0.20242496953801092,0.124,0.123,1
MYNN,0.7457458908519763,0.2130555735453461,0.062,0.065,1
USPL1,0.7463730003344313,0.12047703278182101,0.282,0.304,1
EIF2AK2,0.7466993995200041,0.2358970980948653,0.319,0.347,1
ARPC4,0.7476780352315867,0.22622157809162968,0.171,0.174,1
ZC3H6,0.747746583645919,0.1371900021664983,0.272,0.293,1
WDR91,0.7482883977659651,0.18689280379286233,0.063,0.066,1
PRR3,0.7497389914860144,0.24322550991958458,0.05,0.053,1
FOXO1,0.7503846047361782,0.09937668269431121,0.79,0.829,1
PSMB2,0.7508289655091481,0.09335495915774072,0.144,0.151,1
TMEM219,0.7513836549185587,0.2615641036046865,0.061,0.06,1
PRCC,0.7515454201709744,0.22417207445243936,0.097,0.102,1
BORCS7,0.7518520159862027,0.19377249984621514,0.061,0.064,1
C12orf73,0.752238618375729,0.3223553160455106,0.05,0.049,1
MRPS34,0.7523837225586865,0.2224690627357062,0.099,0.099,1
SMARCB1,0.7529747278027913,0.10525437517836478,0.095,0.098,1
MCRS1,0.7535688004379254,0.13666201777611642,0.058,0.06,1
TMEM138,0.7537787438685379,0.22211035973257331,0.059,0.058,1
DNAJA2,0.7546629771956339,0.21260155882828635,0.129,0.136,1
UHRF1BP1,0.7550749665579768,0.21491014248211682,0.142,0.149,1
PRRC2A,0.7553195980663228,0.14701713260829208,0.114,0.12,1
NUP42,0.7561434989660117,0.24178792577514963,0.131,0.131,1
LAMTOR5,0.7575295517931575,0.28961236267142665,0.062,0.061,1
ARMH1,0.757794830205572,0.2103446263209563,0.086,0.085,1
ARMCX3,0.7588418840713308,0.18267714346354236,0.063,0.061,1
AC131568.1,0.7589924410892703,0.4095718780795514,0.056,0.055,1
DDX42,0.7592686930373329,0.11608001954050373,0.198,0.207,1
RGPD8,0.760044568509876,0.19377100569653494,0.09,0.095,1
ANP32E,0.7605092695847561,0.22794899617088427,0.144,0.146,1
CHMP3,0.7610136779027576,0.12379264324435246,0.277,0.294,1
RPIA,0.7627094940295699,0.1881315616380086,0.097,0.096,1
SURF6,0.7632705614508545,0.17424484172830246,0.058,0.061,1
NMRAL1,0.7647003808174286,0.30591847571998776,0.084,0.084,1
ZNF426,0.7677809178695217,0.27374006647283267,0.056,0.059,1
SPEF2,0.7689732816494681,0.1563428643055016,0.157,0.164,1
FAM98A,0.7696992341583975,0.25759900013522596,0.05,0.049,1
NRBP1,0.7712221505850511,0.16523010423259898,0.135,0.143,1
ALKBH5,0.7738244249124717,0.10772714267616867,0.154,0.161,1
ANKRD46,0.774375858224196,0.0809049862866218,0.129,0.135,1
MIEF1,0.7744754473603245,0.31387933836934945,0.069,0.068,1
PATL1,0.7750742544339797,0.11319454369674875,0.138,0.144,1
PSIP1,0.7757024712525487,0.03915314605718412,0.534,0.575,1
DEC1,0.7765521731077625,0.07059169702533619,0.116,0.121,1
TTLL3,0.7770622031092191,0.14775626171539114,0.131,0.138,1
EMC8,0.7772041768748164,0.2744123053784686,0.057,0.056,1
PLPBP,0.7779408048443377,0.25634717718337674,0.052,0.051,1
ERV3-1,0.7779526315863265,0.1877653357839555,0.048,0.05,1
DLST,0.7780503711306518,0.18977386006306263,0.182,0.188,1
UBA5,0.7780560411502664,0.11922368532669281,0.107,0.112,1
SIAH1,0.7783827739770679,0.16700282741511296,0.173,0.182,1
GFM1,0.7797672268785814,0.20219056222896775,0.189,0.2,1
TRIM62,0.7797898684708482,0.2854882603353952,0.117,0.118,1
ZNF227,0.7799212233682142,0.09872600996517056,0.066,0.065,1
HSF2,0.7803905369646268,0.18288828907444254,0.117,0.117,1
MAPK8IP3,0.7806324446667058,0.22291791269488181,0.175,0.187,1
ZSWIM8,0.7808365370338126,0.25454590464307136,0.084,0.085,1
ATG3,0.7813713554543847,0.22059108186484888,0.153,0.155,1
MAN1B1,0.7815262136468648,0.17010133898251745,0.069,0.068,1
CATSPERE,0.781846961081458,0.05259352738758283,0.058,0.06,1
PSMG2,0.7823848004833027,0.1488230250351863,0.165,0.174,1
TRIM25,0.7825300274480361,0.4096393893924688,0.134,0.138,1
CTBP1,0.7825651578466781,0.1741201040349034,0.121,0.121,1
ALG2,0.7829363883732318,0.3135644481872646,0.051,0.05,1
OTUD5,0.7832186879586405,0.2516732723291847,0.197,0.205,1
WARS,0.7842073547941467,0.16595624771680528,0.09,0.094,1
AC124014.1,0.7850775638424072,0.21381677472360172,0.065,0.068,1
BID,0.7857903861116777,0.205119237421991,0.087,0.092,1
CALCOCO1,0.7860640369379913,0.3812770850647056,0.08,0.08,1
MRPS18C,0.7864068895509992,0.28066942390200245,0.058,0.057,1
CCT5,0.7869945042712624,0.2291596348261955,0.099,0.104,1
USP11,0.7878567837396995,0.18226311363743952,0.108,0.109,1
SRRT,0.789843843156679,0.18482797196961087,0.108,0.114,1
ZBTB26,0.7900211297045892,0.12243589446448633,0.053,0.055,1
RBM12,0.7902207395048605,0.2078850295146244,0.095,0.099,1
ACTN4,0.7916693943346655,0.1667263384499338,0.187,0.198,1
CDC123,0.7920122008185936,0.1958342151119411,0.252,0.266,1
MAPK8,0.7922192467033173,0.06934477793767524,0.464,0.471,1
SINHCAF,0.7925805766725297,0.18200894336390563,0.297,0.311,1
BTG3,0.7938528702808619,0.13619109042945043,0.195,0.2,1
ARL8A,0.7943139143705623,0.1282050689999692,0.059,0.062,1
PDIA3,0.7943640478032585,0.052780371738803344,0.412,0.436,1
STRIP1,0.7950002456418307,0.2823511916893522,0.07,0.074,1
ORAI1,0.7982493322071937,0.23719990244012434,0.087,0.087,1
PITHD1,0.7990227455530438,0.3087381840723542,0.081,0.081,1
SUMF2,0.7990405581522919,0.18809520101511967,0.193,0.206,1
RHOA,0.7999840283582433,0.12555259524110715,0.345,0.365,1
RABIF,0.8001559280728145,0.15353154083636067,0.059,0.058,1
ZBTB43,0.8006576002985437,0.2927979873796209,0.142,0.151,1
TRMT44,0.8012980447685161,0.24557288673309774,0.069,0.072,1
AAMDC,0.8015034584377085,0.09840241613211176,0.091,0.094,1
SNX3,0.8022820774460585,0.22214934203304426,0.129,0.13,1
PLD3,0.8024471585920008,0.20900460913379515,0.095,0.099,1
USP49,0.8028239182499273,0.21882701379191083,0.093,0.097,1
PATZ1,0.8028455123822773,0.21876129250527532,0.071,0.075,1
IPPK,0.8029243809989945,0.2151332851386054,0.05,0.052,1
ACTA2,0.8042609260103121,-0.015573482080813772,0.077,0.079,1
XBP1,0.8044255707228444,0.12829217438729987,0.251,0.261,1
ZNF490,0.8046067778329964,0.181635320350086,0.054,0.056,1
VPS51,0.8050693137980669,0.1128289076067191,0.228,0.243,1
FANCD2,0.805778913875091,0.20216361004398475,0.073,0.077,1
TSFM,0.8062890206371577,0.31207542306086333,0.055,0.054,1
TOR1AIP2,0.8067243825791066,0.23749316533805898,0.142,0.15,1
LINC01409,0.8073158440826533,0.3147501784664988,0.08,0.08,1
RAB30,0.8088144970296309,0.19082736370886688,0.11,0.115,1
CEP57,0.8099577276680974,0.23399124948383576,0.303,0.321,1
COPS3,0.8103310016262536,0.17882494999517107,0.095,0.099,1
IDNK,0.8113295593494547,0.20582026289128308,0.06,0.059,1
ZHX1,0.812290260376768,0.2798932063948132,0.107,0.108,1
YTHDF3,0.8128494701700555,0.1202313167218736,0.352,0.378,1
PISD,0.8133973269020347,0.12666191188946696,0.179,0.19,1
EMC1-AS1,0.8139354551483209,0.2923527875576952,0.081,0.085,1
UQCRC1,0.8144508156417951,0.189639746443504,0.077,0.076,1
ERCC5,0.8166490328888729,0.13783928523291852,0.32,0.35,1
ZCCHC9,0.8167370259494688,0.23152525839791593,0.072,0.071,1
VCPKMT,0.8169644822071322,0.20818921725839679,0.114,0.12,1
TMEM242,0.8175199631931922,0.16449789542483173,0.096,0.101,1
RPF2,0.8177068875075121,0.10366752325038053,0.068,0.071,1
AC008124.1,0.8187437733386751,0.05570228746131667,0.056,0.058,1
HPS4,0.8188119657280831,0.16480998593883145,0.139,0.146,1
RBM18,0.8189955800334936,0.12564299679167323,0.061,0.063,1
SAFB2,0.8190789699500369,0.1786207751986032,0.229,0.246,1
ZNF281,0.8192095816606224,0.29994207208275414,0.076,0.076,1
ARHGAP45,0.8192379101952174,0.0878973550924135,0.262,0.278,1
PSME3,0.819671692036965,0.38872319290492774,0.05,0.05,1
CCDC47,0.819974200080326,0.26230688608110386,0.15,0.154,1
SSBP2,0.8204576004846462,0.08420520922244967,0.509,0.521,1
ZFAND2B,0.8214383471426325,0.22855501744651496,0.048,0.05,1
PPIG,0.8227217470653176,0.15034315769268902,0.497,0.546,1
GALC,0.8237021549553035,0.13936294158642037,0.167,0.174,1
SNF8,0.8237103130470554,0.29400361227174265,0.085,0.085,1
SAR1A,0.8243737944565628,0.1412198196633419,0.282,0.297,1
GIPC1,0.8258633103098286,0.1308436476974486,0.054,0.053,1
EIF1AY,0.8261593406316645,0.1566911782853031,0.104,0.108,1
TMEM230,0.8264219828489676,0.06116505528772276,0.108,0.111,1
JAK1,0.8283094463777186,0.017057969588006205,0.856,0.889,1
SENP2,0.8285422795835874,0.22549213762596718,0.225,0.236,1
ERMARD,0.8295738237936638,0.1911208199085439,0.088,0.092,1
RRM2B,0.8297867012657106,0.3051421175954401,0.056,0.056,1
AL513550.1,0.830418568038485,0.3475739663045885,0.05,0.049,1
MYC,0.8321955779972144,0.17082248598981176,0.098,0.102,1
ZKSCAN8,0.8336197782638345,0.15584490942050033,0.137,0.144,1
UPF3A,0.8336428438123354,0.159611069047775,0.109,0.109,1
S1PR1,0.8337963362096602,0.12570289023487946,0.185,0.196,1
CYSLTR1,0.834282832922157,0.22345323090482744,0.177,0.179,1
ZNF345,0.835625918075283,0.10964930079918211,0.083,0.085,1
LAMTOR3,0.8364928119200292,0.1728782136167364,0.09,0.09,1
ZFP30,0.8370454100477539,0.3104033776035473,0.097,0.103,1
HAT1,0.8378268173941336,0.21383014189307836,0.118,0.124,1
B4GALT4,0.8386659965413931,0.2802441559806219,0.068,0.067,1
CNPY3,0.8396855515338842,0.24529070564837552,0.096,0.097,1
TGIF1,0.8401063854651964,0.1268688958917834,0.087,0.087,1
DHX30,0.840179486977408,0.21258239700593928,0.128,0.13,1
AL589990.1,0.8402020633231788,0.18880431694116595,0.107,0.106,1
THBS4,0.8408588728299149,0.06953274043016178,0.051,0.052,1
LONRF1,0.84095884044135,0.19432585689911974,0.119,0.124,1
VTA1,0.8410340591671841,0.12452309973430857,0.24,0.251,1
PLEKHA3,0.8416473785932512,0.20576133615996528,0.116,0.117,1
AFTPH,0.8425092111306303,0.12840251889151755,0.352,0.377,1
TRIM23,0.8431676162861512,0.1550309755812681,0.194,0.205,1
ZNF639,0.8434941592854097,0.13547792623896449,0.104,0.108,1
ABCE1,0.8439538026134269,0.13412909497580128,0.227,0.236,1
LINC02666,0.8450474826339519,0.2026999780387051,0.055,0.054,1
GHITM,0.845703270021264,0.15285243903669243,0.171,0.176,1
IREB2,0.8465023612182494,0.10054494078554055,0.424,0.451,1
ACO2,0.8471998316629483,0.13456630560745464,0.175,0.184,1
ARL14EP,0.8476900684351489,0.1351923003105877,0.186,0.196,1
TMEM64,0.8481567853813765,0.24551551716638853,0.064,0.067,1
TRAF1,0.8483808731225672,0.1441112086423765,0.301,0.326,1
TCERG1,0.8484585231040289,0.0918878707698274,0.478,0.523,1
PXYLP1,0.8494535532042171,0.002253713895932652,0.058,0.059,1
LENG8,0.8503499278184996,0.13439795854897985,0.17,0.179,1
RIOK2,0.8504293338803606,0.2666840318033765,0.058,0.06,1
PLEKHM2,0.8508508456956547,0.11554937985336133,0.113,0.118,1
MTR,0.8511534772834314,0.07221000892743734,0.541,0.575,1
WAC-AS1,0.8520713525222463,0.11429890380468932,0.094,0.097,1
GTPBP6,0.8522016575732058,0.23808864569764743,0.088,0.088,1
DCP1A,0.8533468953590715,0.13912184584187204,0.384,0.413,1
CMTR1,0.853999510508405,0.28702217221509985,0.163,0.169,1
RPP30,0.854452417658467,0.140979631823275,0.138,0.143,1
UNC50,0.8546666670819641,0.14458910238197653,0.05,0.052,1
VPS4A,0.8563168521165114,0.2151513289970286,0.094,0.095,1
BRAP,0.8566426580487165,0.23943736483691125,0.13,0.136,1
MRPL20,0.8566504676892737,0.2343499485214804,0.145,0.15,1
STRAP,0.8567137485246095,0.14812673896191048,0.241,0.25,1
NUBP1,0.8574841999042824,0.18382234706089218,0.054,0.053,1
SART1,0.8591970137135292,0.22765489171689035,0.087,0.088,1
SLFN11,0.859479395298765,0.20999370766222647,0.059,0.061,1
ZNF557,0.8611160181080015,0.3135995555989388,0.074,0.074,1
MRPS36,0.8613611255939835,0.2604804313469593,0.068,0.071,1
MTURN,0.8616033588342896,0.24345285143422712,0.067,0.067,1
NEMP2,0.8622837002978191,0.21612865588264607,0.095,0.098,1
WWC3,0.8630470083650221,0.12142636412968555,0.104,0.107,1
STARD7-AS1,0.8630904557971214,0.3394636516717049,0.049,0.051,1
RABL3,0.8649660337379501,0.1865046094460961,0.201,0.208,1
CCDC43,0.866179703672834,0.25963176014231326,0.058,0.058,1
FIP1L1,0.8662633099858235,0.09686338994750654,0.398,0.424,1
ST3GAL5,0.8670415960100772,0.20529211184309015,0.143,0.146,1
EIF4A3,0.8689611368446511,0.3622037561743925,0.062,0.063,1
MRPS14,0.869442345774334,0.3005437303589189,0.051,0.051,1
VHL,0.870285773835197,0.1560504628557764,0.112,0.116,1
ARCN1,0.8704111474481182,0.2171804657626376,0.201,0.215,1
DEAF1,0.8708700313698641,0.20039395054712483,0.083,0.084,1
DCAF4,0.8717458865915659,0.3781664221023888,0.059,0.059,1
DICER1,0.8728771278270276,0.1265273059418588,0.443,0.474,1
RARA,0.8730079825335766,0.23835270402110886,0.065,0.065,1
ZDHHC7,0.8733300798536624,0.17953442643090067,0.075,0.075,1
RPP38,0.8740268325421874,0.1109199064374462,0.095,0.095,1
ATF6B,0.8743108951669731,0.22122710963593595,0.093,0.094,1
SPTBN1,0.8747621195368752,0.14896383807228586,0.408,0.432,1
GLTP,0.8748525478436467,0.1112109684690803,0.055,0.056,1
BIRC3,0.8758426810352067,0.07648310690667581,0.601,0.631,1
CNOT7,0.8760571591132352,0.14485077110792,0.218,0.229,1
GPR132,0.8761724141412027,0.21177276415133367,0.207,0.219,1
DPM1,0.8764405199684386,0.10755625696168303,0.252,0.266,1
MIOS,0.8766614451332284,0.2478606910486778,0.138,0.141,1
ADAM8,0.8766636659800648,0.10690369059031601,0.076,0.078,1
RANBP6,0.8767278808166113,0.3041103703319892,0.077,0.081,1
SLC2A4RG,0.8768863314266694,0.2319990421086846,0.078,0.078,1
HMCES,0.8771209787311974,0.1425808723696289,0.136,0.139,1
DDX3X,0.8786530216156432,0.10576937836395206,0.379,0.412,1
HMGN3,0.8791844546079438,0.08408030231771546,0.186,0.19,1
ZNF273,0.8794346583030537,0.2118496185012959,0.078,0.081,1
CCNH,0.879547210145504,0.0618192408006073,0.65,0.687,1
AC010168.2,0.8803630109874596,0.22129164289244274,0.061,0.06,1
YJU2,0.8804032705096707,0.2174954839985226,0.081,0.081,1
NUP88,0.8812509959218007,0.13422101340852,0.276,0.287,1
ZNF813,0.8816481067396535,0.26402334935407046,0.052,0.052,1
AC008875.3,0.8843576777619947,0.24713787479159288,0.087,0.088,1
JADE1,0.8846510085392837,0.16612465908137947,0.228,0.237,1
RXYLT1,0.88536218741886,0.07195429451149105,0.055,0.056,1
PLAA,0.8857840072736691,0.267951557530578,0.155,0.162,1
RNF166,0.8867365463305488,0.1411868192944239,0.173,0.176,1
KANSL1L,0.8879171262209392,0.07188263047987187,0.129,0.132,1
ADH5,0.8880675306902228,0.13747306899800815,0.159,0.163,1
CCDC93,0.8884744672632798,0.1654802128392548,0.312,0.331,1
KCNQ1OT1,0.8904649495148658,0.32070332532030843,0.096,0.097,1
POLDIP3,0.8917305407580469,0.19573710445802228,0.092,0.096,1
SNRNP70,0.8921629557900796,0.10788418908035066,0.331,0.355,1
COX19,0.8921967405134588,0.15106632455553493,0.185,0.196,1
ERP44,0.8930667863771641,0.1039382361372278,0.362,0.379,1
GOLT1B,0.8934839980406957,0.15987911337014415,0.213,0.223,1
AP1G1,0.8941375898585184,0.14595126675381642,0.369,0.401,1
ZNF362,0.8944578336108064,0.2695241924877261,0.1,0.101,1
TMEM41A,0.895384223771945,0.29022819203592176,0.06,0.06,1
MYH9,0.8953848396457245,0.024163580061357326,0.698,0.749,1
RBM17,0.8955267697208994,0.23029316717793485,0.27,0.289,1
ZBED4,0.8967377012939007,0.20981785479473147,0.178,0.186,1
AL021707.1,0.8979853620977704,0.22621501470862793,0.098,0.099,1
TMEM50A,0.9000028838760143,0.09773629347637491,0.283,0.297,1
ZBTB2,0.900842892758245,0.11266614139801856,0.084,0.084,1
CUL3,0.9013145267189143,0.03622993890206816,0.762,0.804,1
NUFIP1,0.9018360415639398,0.280045675731702,0.064,0.064,1
SH3BP1,0.9020028032130873,0.10516528557716809,0.058,0.059,1
SREK1,0.9041257797117307,0.05502851521088803,0.483,0.514,1
MSH6,0.9042339537570634,0.26560698312414854,0.112,0.114,1
TRAM1,0.9044381505195276,0.04666287889393961,0.429,0.459,1
MED21,0.9045030230455675,0.15337287721077797,0.202,0.21,1
ASB8,0.905286395434898,0.24708009136535947,0.105,0.11,1
CTPS1,0.9054931024372216,0.24224569434746757,0.114,0.118,1
ZBP1,0.9063192769606446,0.24844883563047881,0.118,0.123,1
RCC2,0.9065124954650174,0.1586196117655272,0.107,0.111,1
MAT2B,0.9084558598773096,0.19048932433705223,0.118,0.122,1
EDRF1,0.9088191063331155,0.15294603436698567,0.278,0.296,1
NIPBL-DT,0.9091825986727834,0.26259571592138053,0.06,0.06,1
CYB5D2,0.9095593199126484,0.3003669395766404,0.056,0.058,1
SOS2,0.9099061387407099,0.12880107185259182,0.502,0.54,1
ISG20L2,0.9108088393821214,0.305709003807495,0.078,0.079,1
DCAF8,0.9108245631670872,0.13214922986496735,0.258,0.275,1
OBI1,0.9123001592303204,0.3562646147107018,0.075,0.076,1
SDAD1,0.9124982702979136,0.183068939098044,0.182,0.191,1
TIMMDC1,0.9126035302940981,0.1487092271801802,0.057,0.059,1
MPP7,0.9131359175464892,0.03014492204316621,0.557,0.577,1
RNF8,0.9150100995032081,0.24656699249524117,0.056,0.056,1
PRPF31,0.9154734469586194,0.26232265090496654,0.058,0.058,1
AP5M1,0.916126854599778,0.13809923331263074,0.199,0.208,1
GRSF1,0.9161786728824133,0.16836466107404335,0.195,0.203,1
ATP5PB,0.9162393319875127,0.22107930531066788,0.133,0.137,1
ABCA1,0.9163168904651936,0.2485603386960744,0.067,0.069,1
NUP153,0.9178603169230505,0.12708430460387254,0.466,0.501,1
CASC3,0.9181551851121628,0.1789228879519651,0.137,0.144,1
ZNF821,0.9201971243756911,0.18806866469280048,0.08,0.082,1
UBE2A,0.9218921847675619,0.2332426745942855,0.091,0.092,1
EIF2B1,0.9226754641107936,0.2529693327608642,0.092,0.095,1
CD55,0.9234053096002984,0.02335149426518046,0.657,0.685,1
RRP15,0.92346707178988785,0.23302778427780857,0.139,0.143,1
SUPT7L,0.925287808631128,0.20462108618417885,0.087,0.09,1
POLR2D,0.9259912155998891,0.17905106726233155,0.056,0.057,1
ATG16L1,0.9259935531265505,0.04442672034120415,0.276,0.287,1
SSBP4,0.9260672556258881,0.1373459892969584,0.1,0.101,1
SMARCC2,0.927621862132702,0.16936227940227355,0.128,0.132,1
SPON1,0.9288726245786341,-0.12415929510263313,0.086,0.087,1
DNAAF5,0.9291074961131239,0.20813876416984023,0.05,0.051,1
SGTB,0.9294054906219592,0.10391826652740832,0.398,0.422,1
ZNF302,0.9311931133999547,0.23717708629959278,0.124,0.129,1
CRY2,0.9312138865031347,0.2207110139723163,0.138,0.143,1
TM9SF4,0.9317650755838548,0.18638661550244728,0.185,0.195,1
NECTIN3,0.9320186969946034,0.17295390132710176,0.109,0.11,1
GALNT11,0.9321519973479045,0.12384326000745655,0.221,0.229,1
MITD1,0.933675209136965,0.2273180409098774,0.096,0.099,1
MAP2K3,0.9341697064603338,0.2202530172777184,0.076,0.079,1
ZCRB1,0.9347918353228394,0.3208130184429443,0.075,0.076,1
DOK2,0.9354544280848491,0.22117666196533659,0.07,0.072,1
MMAA,0.9357723078654172,0.2567982589504467,0.052,0.053,1
MOGS,0.9361770882543741,0.14978056439699894,0.107,0.111,1
RNF139,0.9362172444640298,0.15786277891395895,0.184,0.193,1
TSPOAP1-AS1,0.9363744658736567,0.15162330771322563,0.41,0.441,1
STAT4,0.9365564301148767,0.06604927069995625,0.784,0.805,1
AC136475.3,0.9377012553402098,0.21014623732565774,0.062,0.063,1
FASTKD2,0.9379517853696733,0.2561084860410662,0.17,0.178,1
FAM153CP,0.9380104697917727,0.1647410435065677,0.094,0.096,1
MRPL44,0.9382084401537796,0.13384800310388245,0.073,0.075,1
PAIP1,0.9384983667785904,0.2812919052814773,0.161,0.167,1
HNRNPD,0.9391626873208748,0.07489694986520701,0.611,0.655,1
FAM168B,0.9393267645221155,0.17208324458356095,0.257,0.272,1
ZNF75A,0.9393438877923648,0.27144486420195424,0.135,0.14,1
UFSP2,0.9398306308841541,0.19095889299298818,0.092,0.094,1
TMUB2,0.9402644029709815,0.29469299494822465,0.059,0.06,1
SERPINA1,0.9409053497367745,0.13281779224377788,0.072,0.072,1
OSBP,0.941375493199185,0.24040996635649325,0.23,0.243,1
NUP133,0.9421598078468465,0.12888763013668814,0.245,0.258,1
PTS,0.9437844341010608,0.14078041149714104,0.203,0.213,1
LINC02284,0.9452173483258817,0.15438849588878423,0.071,0.072,1
RIT1,0.9456680295517838,0.1034347325061793,0.064,0.064,1
MCEE,0.9474226863639068,0.3825385642952077,0.073,0.074,1
NGDN,0.9491853196575094,0.20184936169141565,0.115,0.119,1
SEPTIN7,0.949260354723659,0.10460883347736893,0.616,0.665,1
HINT3,0.9495447342721137,0.2181724956849731,0.054,0.056,1
PSMA7,0.9499241397135046,0.17746253781088062,0.189,0.198,1
SPG21,0.9507188737412642,0.2431468118415805,0.072,0.073,1
YIPF5,0.9512049919810713,0.2479083366249044,0.107,0.109,1
RIPK2,0.9518232103106636,0.10289459468918682,0.114,0.115,1
NOP2,0.9521630618109619,0.23375711195182713,0.055,0.056,1
BAG1,0.9524869491965458,0.14944454695182463,0.069,0.07,1
PROSER1,0.9529247079146588,0.1850651497175173,0.142,0.146,1
SUMO1,0.953490371880535,0.13350139894939916,0.157,0.163,1
TAF13,0.9542087121719522,0.20648538684905793,0.058,0.06,1
TAX1BP1,0.9566291128170952,0.04580836164424196,0.638,0.689,1
AKAP6,0.9575219082223854,0.18262337537079998,0.065,0.066,1
SH2B1,0.9581770632922403,0.14710398031409033,0.064,0.065,1
COX20,0.9581930718393318,0.19290480750576133,0.107,0.111,1
TOP2B,0.9582622248442102,0.07678094898867593,0.531,0.57,1
SLBP,0.9588627791856544,0.1809306471991985,0.1,0.102,1
PNO1,0.9608091904623738,0.1543685018776657,0.103,0.106,1
AC025171.1,0.9636143721074634,0.19702643839280576,0.091,0.093,1
ZNF699,0.9647875543080437,0.2993651788740146,0.068,0.07,1
MTFR1,0.965603285803387,0.1998713116682076,0.189,0.198,1
DCK,0.9660156463289296,0.1494374754287393,0.064,0.064,1
POMT1,0.9667390657405406,0.25494326046175164,0.081,0.082,1
SP2,0.9669554142839236,0.19339393889301748,0.072,0.073,1
C5orf15,0.9673798476164387,0.22494343046274112,0.066,0.066,1
ZNF770,0.9677338731178484,0.21429249046080256,0.143,0.149,1
ARL4C,0.9681716764116293,0.10257768075695739,0.465,0.498,1
AP001977.1,0.9689054837908889,0.06359101552728008,0.078,0.078,1
C9orf72,0.9691638163101873,0.24760431766564417,0.157,0.163,1
RRM1,0.9693121244218624,0.1827355430192733,0.206,0.217,1
PCNP,0.9701348188792921,0.14802972576626722,0.304,0.326,1
AC011476.3,0.9710459418678762,0.1007539919324536,0.066,0.067,1
PPP2R3C,0.9731748147361471,0.15141784068167735,0.229,0.238,1
TXNL1,0.9735215860720908,0.16127471272181437,0.139,0.143,1
CAPNS1,0.975631431781071,0.21751158807116933,0.123,0.126,1
TXN2,0.976077035313489,0.20583081553644833,0.051,0.052,1
PIGT,0.9764520308718685,0.17931727062288827,0.077,0.079,1
CARD16,0.9767636612356454,0.16117834645332385,0.068,0.07,1
CHEK1,0.9771914632865496,0.20259727052356924,0.061,0.062,1
TMEM128,0.9774074887787136,0.2268630144025856,0.077,0.078,1
MRPL39,0.9778807842732856,0.24369300164453866,0.066,0.067,1
NELFCD,0.9781275609525959,0.21682850243385499,0.093,0.095,1
ATG14,0.9782405145148115,0.14213095997292619,0.248,0.262,1
NUCB1,0.9782890621753865,0.2749145055427069,0.103,0.106,1
LINC00486,0.978438415365391,0.11908155752688784,0.271,0.286,1
CIZ1,0.9787195915198993,0.2412586818463791,0.053,0.054,1
FAM3C,0.9793921076810037,0.16333051680178323,0.169,0.173,1
TMA16,0.9796285908826129,0.16901426860638002,0.089,0.091,1
SARS,0.9799937990364938,0.18003942368192827,0.144,0.15,1
SAR1B,0.9808977105715139,0.2538557211799093,0.134,0.14,1
PRPF6,0.9838964049203053,0.18534182810739197,0.186,0.196,1
PCMTD1,0.9848345704117379,0.11612333337847613,0.425,0.453,1
STARD7,0.9849226072160682,0.10814977657363078,0.139,0.142,1
AC211433.1,0.9859298935801124,0.21426347313996663,0.061,0.063,1
SLC25A30,0.9895010763117408,0.15980814209064897,0.061,0.062,1
AL035587.1,0.9907074142800205,0.294601440423119,0.053,0.054,1
UBTF,0.9907662876011462,0.16491231504478288,0.174,0.182,1
BABAM1,0.9923476245620495,0.13461267629129514,0.083,0.084,1
GMEB2,0.9931132338747605,0.21150889896575364,0.129,0.133,1
ERCC4,0.993902890656001,0.220530093064085,0.065,0.066,1
ZNF383,0.9943030996195252,0.29592709666643535,0.108,0.112,1
CIAO1,0.9952301461218933,0.19176631895104757,0.207,0.219,1
TARS2,0.9958014878182806,0.14734040631553214,0.051,0.051,1
YTHDF2,0.9958212675367535,0.18692918890320187,0.205,0.214,1
ZFY,0.9966618562500169,0.2029954775381979,0.138,0.143,1
ZC3H18,0.9976420458345161,0.171690221473411,0.209,0.223,1
ZNF845,0.9984052679565005,0.3201578011894184,0.058,0.059,1
MACO1,0.9985349592254269,0.10446030877481616,0.31,0.326,1
CYP51A1,0.9987177653131034,0.2256019688220432,0.074,0.076,1
